Scientific_name,Authority,English_name_AviList,English_name_Clements_v2025
Struthio molybdophanes,"Reichenow, A, 1883",Somali Ostrich,Somali Ostrich
Struthio camelus,"Linnaeus, C, 1758",Common Ostrich,Common Ostrich
Dromaius novaehollandiae,"(Latham, J, 1790)",Emu,Emu
Casuarius casuarius,"(Linnaeus, C, 1758)",Southern Cassowary,Southern Cassowary
Casuarius bennetti,"Gould, J, 1857",Dwarf Cassowary,Dwarf Cassowary
Casuarius unappendiculatus,"Blyth, E, 1860",Northern Cassowary,Northern Cassowary
Apteryx owenii,"Gould, J, 1847",Little Spotted Kiwi,Little Spotted Kiwi
Apteryx maxima,"Sclater, PL; von Hochstetter, F, 1861",Great Spotted Kiwi,Great Spotted Kiwi
Apteryx australis,"Shaw, G, 1813",Southern Brown Kiwi,Southern Brown Kiwi
Apteryx rowi,"Tennyson, AJD; Palma, RL; Robertson, HA; Worthy, TH; Gill, BJ, 2003",Okarito Kiwi,Okarito Brown Kiwi
Apteryx mantelli,"Bartlett, AD, 1852",North Island Brown Kiwi,North Island Brown Kiwi
Rhea pennata,"d'Orbigny, ACVMD, 1834",Lesser Rhea,Lesser Rhea
Rhea americana,"(Linnaeus, C, 1758)",Greater Rhea,Greater Rhea
Tinamotis pentlandii,"Vigors, NA, 1837",Puna Tinamou,Puna Tinamou
Tinamotis ingoufi,"Oustalet, J-FÉ, 1890",Patagonian Tinamou,Patagonian Tinamou
Eudromia formosa,"(Lillo, M, 1905)",Quebracho Crested Tinamou,Quebracho Crested-Tinamou
Eudromia elegans,"Geoffroy Saint-Hilaire, I, 1832",Elegant Crested Tinamou,Elegant Crested-Tinamou
Taoniscus nanus,"(Temminck, CJ, 1815)",Dwarf Tinamou,Dwarf Tinamou
Nothura boraquira,"(Spix, JB, 1825)",White-bellied Nothura,White-bellied Nothura
Nothura minor,"(Spix, JB, 1825)",Lesser Nothura,Lesser Nothura
Nothura darwinii,"Gray, GR, 1867",Darwin's Nothura,Darwin's Nothura
Nothura maculosa,"(Temminck, CJ, 1815)",Spotted Nothura,Spotted Nothura
Rhynchotus maculicollis,"Gray, GR, 1867",Huayco Tinamou,Huayco Tinamou
Rhynchotus rufescens,"(Temminck, CJ, 1815)",Red-winged Tinamou,Red-winged Tinamou
Nothoprocta taczanowskii,"Sclater, PL; Salvin, O, 1875",Taczanowski's Tinamou,Taczanowski's Tinamou
Nothoprocta ornata,"(Gray, GR, 1867)",Ornate Tinamou,Ornate Tinamou
Nothoprocta perdicaria,"(Kittlitz, FH, 1830)",Chilean Tinamou,Chilean Tinamou
Nothoprocta cinerascens,"(Burmeister, KHK, 1860)",Brushland Tinamou,Brushland Tinamou
Nothoprocta pentlandii,"(Gray, GR, 1867)",Andean Tinamou,Andean Tinamou
Nothoprocta curvirostris,"Sclater, PL; Salvin, O, 1873",Curve-billed Tinamou,Curve-billed Tinamou
Nothocercus julius,"(Bonaparte, CLJL, 1854)",Tawny-breasted Tinamou,Tawny-breasted Tinamou
Nothocercus bonapartei,"(Gray, GR, 1867)",Highland Tinamou,Highland Tinamou
Nothocercus nigrocapillus,"(Gray, GR, 1867)",Hooded Tinamou,Hooded Tinamou
Tinamus tao,"Temminck, CJ, 1815",Grey Tinamou,Gray Tinamou
Tinamus solitarius,"(Vieillot, LJP, 1819)",Solitary Tinamou,Solitary Tinamou
Tinamus osgoodi,"Conover, HB, 1949",Black Tinamou,Black Tinamou
Tinamus major,"(Gmelin, JF, 1789)",Great Tinamou,Great Tinamou
Tinamus guttatus,"Pelzeln, A, 1863",White-throated Tinamou,White-throated Tinamou
Crypturellus cinereus,"(Gmelin, JF, 1789)",Cinereous Tinamou,Cinereous Tinamou
Crypturellus berlepschi,"(Rothschild, LW, 1897)",Berlepsch's Tinamou,Berlepsch's Tinamou
Crypturellus soui,"(Hermann, J, 1783)",Little Tinamou,Little Tinamou
Crypturellus ptaritepui,"Zimmer, JT; Phelps, WH Sr, 1945",Tepui Tinamou,Tepui Tinamou
Crypturellus obsoletus,"(Temminck, CJ, 1815)",Brown Tinamou,Brown Tinamou
Crypturellus undulatus,"(Temminck, CJ, 1815)",Undulated Tinamou,Undulated Tinamou
Crypturellus transfasciatus,"(Sclater, PL; Salvin, O, 1878)",Pale-browed Tinamou,Pale-browed Tinamou
Crypturellus strigulosus,"(Temminck, CJ, 1815)",Brazilian Tinamou,Brazilian Tinamou
Crypturellus duidae,"Zimmer, JT, 1938",Grey-legged Tinamou,Gray-legged Tinamou
Crypturellus erythropus,"(Pelzeln, A, 1863)",Red-legged Tinamou,Red-legged Tinamou
Crypturellus noctivagus,"(Wied-Neuwied, M, 1820)",Yellow-legged Tinamou,Yellow-legged Tinamou
Crypturellus atrocapillus,"(Tschudi, JJ, 1844)",Black-capped Tinamou,Black-capped Tinamou
Crypturellus boucardi,"(Sclater, PL, 1860)",Slaty-breasted Tinamou,Slaty-breasted Tinamou
Crypturellus kerriae,"(Chapman, FM, 1915)",Choco Tinamou,Choco Tinamou
Crypturellus variegatus,"(Gmelin, JF, 1789)",Variegated Tinamou,Variegated Tinamou
Crypturellus cinnamomeus,"(Lesson, RP, 1842)",Thicket Tinamou,Thicket Tinamou
Crypturellus brevirostris,"(Pelzeln, A, 1863)",Rusty Tinamou,Rusty Tinamou
Crypturellus bartletti,"(Sclater, PL; Salvin, O, 1873)",Bartlett's Tinamou,Bartlett's Tinamou
Crypturellus parvirostris,"(Wagler, JG, 1827)",Small-billed Tinamou,Small-billed Tinamou
Crypturellus casiquiare,"(Chapman, FM, 1929)",Barred Tinamou,Barred Tinamou
Crypturellus tataupa,"(Temminck, CJ, 1815)",Tataupa Tinamou,Tataupa Tinamou
Anhima cornuta,"(Linnaeus, C, 1766)",Horned Screamer,Horned Screamer
Chauna chavaria,"(Linnaeus, C, 1766)",Northern Screamer,Northern Screamer
Chauna torquata,"(Oken, L, 1816)",Southern Screamer,Southern Screamer
Anseranas semipalmata,"(Latham, J, 1798)",Magpie Goose,Magpie Goose
Thalassornis leuconotus,"Eyton, TC, 1838",White-backed Duck,White-backed Duck
Dendrocygna guttata,"Schlegel, H, 1866",Spotted Whistling Duck,Spotted Whistling-Duck
Dendrocygna eytoni,"(Eyton, TC, 1838)",Plumed Whistling Duck,Plumed Whistling-Duck
Dendrocygna viduata,"(Linnaeus, C, 1766)",White-faced Whistling Duck,White-faced Whistling-Duck
Dendrocygna autumnalis,"(Linnaeus, C, 1758)",Black-bellied Whistling Duck,Black-bellied Whistling-Duck
Dendrocygna arborea,"(Linnaeus, C, 1758)",West Indian Whistling Duck,West Indian Whistling-Duck
Dendrocygna bicolor,"(Vieillot, LJP, 1816)",Fulvous Whistling Duck,Fulvous Whistling-Duck
Dendrocygna arcuata,"(Horsfield, T, 1824)",Wandering Whistling Duck,Wandering Whistling-Duck
Dendrocygna javanica,"(Horsfield, T, 1821)",Lesser Whistling Duck,Lesser Whistling-Duck
Biziura lobata,"(Shaw, G, 1796)",Musk Duck,Musk Duck
Nettapus pulchellus,"Gould, J, 1842",Green Pygmy Goose,Green Pygmy-Goose
Nettapus coromandelianus,"(Gmelin, JF, 1789)",Cotton Pygmy Goose,Cotton Pygmy-Goose
Nettapus auritus,"(Boddaert, P, 1783)",African Pygmy Goose,African Pygmy-Goose
Stictonetta naevosa,"(Gould, J, 1841)",Freckled Duck,Freckled Duck
Heteronetta atricapilla,"(Merrem, B, 1841)",Black-headed Duck,Black-headed Duck
Nomonyx dominicus,"(Linnaeus, C, 1766)",Masked Duck,Masked Duck
Oxyura leucocephala,"(Scopoli, GA, 1769)",White-headed Duck,White-headed Duck
Oxyura australis,"Gould, J, 1837",Blue-billed Duck,Blue-billed Duck
Oxyura maccoa,"(Eyton, TC, 1838)",Maccoa Duck,Maccoa Duck
Oxyura vittata,"(Philippi, RA, 1860)",Lake Duck,Lake Duck
Oxyura jamaicensis,"(Gmelin, JF, 1789)",Ruddy Duck,
Plectropterus gambensis,"(Linnaeus, C, 1766)",Spur-winged Goose,Spur-winged Goose
Malacorhynchus membranaceus,"(Latham, J, 1801)",Pink-eared Duck,Pink-eared Duck
Coscoroba coscoroba,"(Molina, GI, 1782)",Coscoroba Swan,Coscoroba Swan
Cereopsis novaehollandiae,"Latham, J, 1801",Cape Barren Goose,Cape Barren Goose
Cygnus melancoryphus,"(Molina, GI, 1782)",Black-necked Swan,Black-necked Swan
Cygnus olor,"(Gmelin, JF, 1789)",Mute Swan,Mute Swan
Cygnus atratus,"(Latham, J, 1790)",Black Swan,Black Swan
Cygnus columbianus,"(Ord, G, 1815)",Tundra Swan,Tundra Swan
Cygnus cygnus,"(Linnaeus, C, 1758)",Whooper Swan,Whooper Swan
Cygnus buccinator,"Richardson, J, 1832",Trumpeter Swan,Trumpeter Swan
Branta bernicla,"(Linnaeus, C, 1758)",Brant Goose,Brant
Branta ruficollis,"(Pallas, PS, 1769)",Red-breasted Goose,Red-breasted Goose
Branta sandvicensis,"(Vigors, NA, 1834)",Nene,Hawaiian Goose
Branta canadensis,"(Linnaeus, C, 1758)",Canada Goose,Canada Goose
Branta leucopsis,"(Bechstein, JM, 1803)",Barnacle Goose,Barnacle Goose
Branta hutchinsii,"(Richardson, J, 1832)",Cackling Goose,Cackling Goose
Anser indicus,"(Latham, J, 1790)",Bar-headed Goose,Bar-headed Goose
Anser canagicus,"(Sevastianov, AF, 1802)",Emperor Goose,Emperor Goose
Anser rossii,"Cassin, J, 1861",Ross's Goose,Ross's Goose
Anser caerulescens,"(Linnaeus, C, 1758)",Snow Goose,Snow Goose
Anser anser,"(Linnaeus, C, 1758)",Greylag Goose,Graylag Goose
Anser cygnoides,"(Linnaeus, C, 1758)",Swan Goose,Swan Goose
Anser erythropus,"(Linnaeus, C, 1758)",Lesser White-fronted Goose,Lesser White-fronted Goose
Anser albifrons,"(Scopoli, GA, 1769)",Greater White-fronted Goose,Greater White-fronted Goose
Anser serrirostris,"Gould, J, 1852",Tundra Bean Goose,Tundra Bean-Goose
Anser brachyrhynchus,"Baillon, LAF, 1834",Pink-footed Goose,Pink-footed Goose
Anser fabalis,"(Latham, J, 1787)",Taiga Bean Goose,Taiga Bean-Goose
Merganetta armata,"Gould, J, 1842",Torrent Duck,Torrent Duck
Callonetta leucophrys,"(Vieillot, LJP, 1816)",Ringed Teal,Ringed Teal
Cairina moschata,"(Linnaeus, C, 1758)",Muscovy Duck,Muscovy Duck
Aix galericulata,"(Linnaeus, C, 1758)",Mandarin Duck,Mandarin Duck
Aix sponsa,"(Linnaeus, C, 1758)",Wood Duck,Wood Duck
Neochen jubata,"(Spix, JB, 1825)",Orinoco Goose,Orinoco Goose
Chloephaga melanoptera,"(Eyton, TC, 1838)",Andean Goose,Andean Goose
Chloephaga picta,"(Gmelin, JF, 1789)",Upland Goose,Upland Goose
Chloephaga hybrida,"(Molina, GI, 1782)",Kelp Goose,Kelp Goose
Chloephaga poliocephala,"Sclater, PL, 1857",Ashy-headed Goose,Ashy-headed Goose
Chloephaga rubidiceps,"Sclater, PL, 1861",Ruddy-headed Goose,Ruddy-headed Goose
Radjah radjah,"(Garnot, P; Lesson, RP, 1828)",Radjah Shelduck,Radjah Shelduck
Alopochen aegyptiaca,"(Linnaeus, C, 1766)",Egyptian Goose,Egyptian Goose
Alopochen mauritiana,"(Newton, E; Gadow, HF, 1893)",Mauritius Sheldgoose,Mauritius Shelduck
Alopochen kervazoi,"(Cowles, GS, 1994)",Reunion Sheldgoose,Reunion Shelduck
Tadorna tadorna,"(Linnaeus, C, 1758)",Common Shelduck,Common Shelduck
Tadorna cristata,"(Kuroda, Nm, 1917)",Crested Shelduck,Crested Shelduck
Tadorna cana,"(Gmelin, JF, 1789)",South African Shelduck,South African Shelduck
Tadorna ferruginea,"(Pallas, PS, 1764)",Ruddy Shelduck,Ruddy Shelduck
Tadorna variegata,"(Gmelin, JF, 1789)",Paradise Shelduck,Paradise Shelduck
Tadorna tadornoides,"(Jardine, W; Selby, PJ, 1828)",Australian Shelduck,Australian Shelduck
Clangula hyemalis,"(Linnaeus, C, 1758)",Long-tailed Duck,Long-tailed Duck
Polysticta stelleri,"(Pallas, PS, 1769)",Steller's Eider,Steller's Eider
Camptorhynchus labradorius,"(Gmelin, JF, 1789)",Labrador Duck,Labrador Duck
Somateria fischeri,"(Brandt, JF, 1847)",Spectacled Eider,Spectacled Eider
Somateria spectabilis,"(Linnaeus, C, 1758)",King Eider,King Eider
Somateria mollissima,"(Linnaeus, C, 1758)",Common Eider,Common Eider
Histrionicus histrionicus,"(Linnaeus, C, 1758)",Harlequin Duck,Harlequin Duck
Melanitta nigra,"(Linnaeus, C, 1758)",Common Scoter,Common Scoter
Melanitta americana,"(Swainson, WJ, 1832)",Black Scoter,Black Scoter
Melanitta perspicillata,"(Linnaeus, C, 1758)",Surf Scoter,Surf Scoter
Melanitta fusca,"(Linnaeus, C, 1758)",Velvet Scoter,Velvet Scoter
Melanitta deglandi,"(Bonaparte, CLJL, 1850)",White-winged Scoter,White-winged Scoter
Melanitta stejnegeri,"(Ridgway, R, 1887)",Stejneger's Scoter,Stejneger's Scoter
Bucephala albeola,"(Linnaeus, C, 1758)",Bufflehead,Bufflehead
Bucephala islandica,"(Gmelin, JF, 1789)",Barrow's Goldeneye,Barrow's Goldeneye
Bucephala clangula,"(Linnaeus, C, 1758)",Common Goldeneye,Common Goldeneye
Mergellus albellus,"(Linnaeus, C, 1758)",Smew,Smew
Lophodytes cucullatus,"(Linnaeus, C, 1758)",Hooded Merganser,Hooded Merganser
Mergus serrator,"Linnaeus, C, 1758",Red-breasted Merganser,Red-breasted Merganser
Mergus squamatus,"Gould, J, 1864",Scaly-sided Merganser,Scaly-sided Merganser
Mergus octosetaceus,"Vieillot, LJP, 1817",Brazilian Merganser,Brazilian Merganser
Mergus australis,"Hombron, JB; Jacquinot, H, 1841",New Zealand Merganser,Auckland Islands Merganser
Mergus merganser,"Linnaeus, C, 1758",Common Merganser,Common Merganser
Sarkidiornis melanotos,"(Pennant, T, 1769)",Knob-billed Duck,Knob-billed Duck
Sarkidiornis sylvicola,"Ihering, HFA; Ihering, R, 1907",Comb Duck,Comb Duck
Hymenolaimus malacorhynchos,"(Gmelin, JF, 1789)",Blue Duck,Blue Duck
Chenonetta jubata,"(Latham, J, 1801)",Maned Duck,Maned Duck
Cyanochen cyanoptera,"(Rüppell, WPES, 1845)",Blue-winged Goose,Blue-winged Goose
Pteronetta hartlaubii,"(Cassin, J, 1860)",Hartlaub's Duck,Hartlaub's Duck
Marmaronetta angustirostris,"(Ménétries, É, 1832)",Marbled Duck,Marbled Duck
Asarcornis scutulata,"(Müller, S, 1842)",White-winged Duck,White-winged Duck
Rhodonessa caryophyllacea,"(Latham, J, 1790)",Pink-headed Duck,Pink-headed Duck
Netta rufina,"(Pallas, PS, 1773)",Red-crested Pochard,Red-crested Pochard
Netta erythrophthalma,"(Wied-Neuwied, M, 1833)",Southern Pochard,Southern Pochard
Netta peposaca,"(Vieillot, LJP, 1816)",Rosy-billed Pochard,Rosy-billed Pochard
Aythya nyroca,"(Güldenstädt, JA, 1770)",Ferruginous Duck,Ferruginous Duck
Aythya innotata,"(Salvadori, AT, 1894)",Madagascar Pochard,Madagascar Pochard
Aythya baeri,"(Radde, GFR, 1863)",Baer's Pochard,Baer's Pochard
Aythya australis,"(Eyton, TC, 1838)",Hardhead,Hardhead
Aythya ferina,"(Linnaeus, C, 1758)",Common Pochard,Common Pochard
Aythya valisineria,"(Wilson, A, 1814)",Canvasback,Canvasback
Aythya collaris,"(Donovan, E, 1809)",Ring-necked Duck,Ring-necked Duck
Aythya americana,"(Eyton, TC, 1838)",Redhead,Redhead
Aythya fuligula,"(Linnaeus, C, 1758)",Tufted Duck,Tufted Duck
Aythya novaeseelandiae,"(Gmelin, JF, 1789)",New Zealand Scaup,New Zealand Scaup
Aythya affinis,"(Eyton, TC, 1838)",Lesser Scaup,Lesser Scaup
Aythya marila,"(Linnaeus, C, 1761)",Greater Scaup,Greater Scaup
Salvadorina waigiuensis,"Rothschild, LW; Hartert, EJO, 1894",Salvadori's Teal,Salvadori's Teal
Lophonetta specularioides,"(King, PP, 1828)",Crested Duck,Crested Duck
Speculanas specularis,"(King, PP, 1828)",Bronze-winged Duck,Spectacled Duck
Amazonetta brasiliensis,"(Gmelin, JF, 1789)",Brazilian Teal,Brazilian Teal
Tachyeres patachonicus,"(King, PP, 1828)",Flying Steamer Duck,Flying Steamer-Duck
Tachyeres pteneres,"(Forster, JR, 1844)",Fuegian Steamer Duck,Flightless Steamer-Duck
Tachyeres brachypterus,"(Latham, J, 1790)",Falkland Steamer Duck,Falkland Steamer-Duck
Tachyeres leucocephalus,"Humphrey, PS; Thompson, MC, 1981",Chubut Steamer Duck,White-headed Steamer-Duck
Sibirionetta formosa,"(Georgi, JG, 1775)",Baikal Teal,Baikal Teal
Spatula querquedula,"(Linnaeus, C, 1758)",Garganey,Garganey
Spatula hottentota,"(Eyton, TC, 1838)",Blue-billed Teal,Blue-billed Teal
Spatula puna,"(Tschudi, JJ, 1844)",Puna Teal,Puna Teal
Spatula versicolor,"(Vieillot, LJP, 1816)",Silver Teal,Silver Teal
Spatula platalea,"(Vieillot, LJP, 1816)",Red Shoveler,Red Shoveler
Spatula discors,"(Linnaeus, C, 1766)",Blue-winged Teal,Blue-winged Teal
Spatula cyanoptera,"(Vieillot, LJP, 1816)",Cinnamon Teal,Cinnamon Teal
Spatula smithii,"Hartert, EJO, 1891",Cape Shoveler,Cape Shoveler
Spatula clypeata,"(Linnaeus, C, 1758)",Northern Shoveler,Northern Shoveler
Spatula rhynchotis,"(Latham, J, 1801)",Australasian Shoveler,Australasian Shoveler
Mareca falcata,"(Georgi, JG, 1775)",Falcated Duck,Falcated Duck
Mareca strepera,"(Linnaeus, C, 1758)",Gadwall,Gadwall
Mareca marecula,"(Olson, SL; Jouventin, P, 1996)",Amsterdam Wigeon,Amsterdam Duck
Mareca penelope,"(Linnaeus, C, 1758)",Eurasian Wigeon,Eurasian Wigeon
Mareca americana,"(Gmelin, JF, 1789)",American Wigeon,American Wigeon
Mareca sibilatrix,"(Poeppig, EF, 1829)",Chiloe Wigeon,Chiloe Wigeon
Anas sparsa,"Eyton, TC, 1838",African Black Duck,African Black Duck
Anas melleri,"Sclater, PL, 1865",Meller's Duck,Meller's Duck
Anas undulata,"Dubois, CF, 1839",Yellow-billed Duck,Yellow-billed Duck
Anas luzonica,"Fraser, L, 1839",Philippine Duck,Philippine Duck
Anas superciliosa,"Gmelin, JF, 1789",Pacific Black Duck,Pacific Black Duck
Anas wyvilliana,"Sclater, PL, 1878",Hawaiian Duck,Hawaiian Duck
Anas laysanensis,"Rothschild, LW, 1892",Laysan Duck,Laysan Duck
Anas zonorhyncha,"Swinhoe, R, 1866",Eastern Spot-billed Duck,Eastern Spot-billed Duck
Anas poecilorhyncha,"Forster, JR, 1781",Indian Spot-billed Duck,Indian Spot-billed Duck
Anas platyrhynchos,"Linnaeus, C, 1758",Mallard,Mallard
Anas diazi,"Ridgway, R, 1886",Mexican Duck,Mexican Duck
Anas rubripes,"Brewster, W, 1902",American Black Duck,American Black Duck
Anas fulvigula,"Ridgway, R, 1874",Mottled Duck,Mottled Duck
Anas capensis,"Gmelin, JF, 1789",Cape Teal,Cape Teal
Anas bahamensis,"Linnaeus, C, 1758",White-cheeked Pintail,White-cheeked Pintail
Anas erythrorhyncha,"Gmelin, JF, 1789",Red-billed Teal,Red-billed Duck
Anas georgica,"Gmelin, JF, 1789",Yellow-billed Pintail,Yellow-billed Pintail
Anas acuta,"Linnaeus, C, 1758",Northern Pintail,Northern Pintail
Anas eatoni,"(Sharpe, RB, 1875)",Eaton's Pintail,Eaton's Pintail
Anas crecca,"Linnaeus, C, 1758",Green-winged Teal,Green-winged Teal
Anas flavirostris,"Vieillot, LJP, 1816",Yellow-billed Teal,Yellow-billed Teal
Anas andium,"(Sclater, PL; Salvin, O, 1873)",Andean Teal,Andean Teal
Anas gibberifrons,"Müller, S, 1842",Sunda Teal,Sunda Teal
Anas albogularis,"(Hume, AO, 1873)",Andaman Teal,Andaman Teal
Anas castanea,"(Eyton, TC, 1838)",Chestnut Teal,Chestnut Teal
Anas gracilis,"Buller, WL, 1869",Grey Teal,Gray Teal
Anas bernieri,"(Hartlaub, KJG, 1860)",Bernier's Teal,Bernier's Teal
Anas theodori,"Newton, E; Gadow, HF, 1893",Mascarene Teal,Mauritius Duck
Anas chlorotis,"Gray, GR, 1845",Brown Teal,Brown Teal
Anas aucklandica,"(Gray, GR, 1844)",Auckland Teal,Auckland Islands Teal
Anas nesiotis,"(Fleming, JH, 1935)",Campbell Teal,Campbell Islands Teal
Leipoa ocellata,"Gould, J, 1840",Malleefowl,Malleefowl
Talegalla cuvieri,"Lesson, RP, 1828",Red-billed Brushturkey,Red-billed Brushturkey
Talegalla fuscirostris,"Salvadori, AT, 1877",Black-billed Brushturkey,Yellow-legged Brushturkey
Talegalla jobiensis,"Meyer, AB, 1874",Collared Brushturkey,Red-legged Brushturkey
Alectura lathami,"Gray, JE, 1831",Australian Brushturkey,Australian Brushturkey
Aepypodius bruijnii,"(Oustalet, J-FÉ, 1880)",Waigeo Brushturkey,Waigeo Brushturkey
Aepypodius arfakianus,"(Salvadori, AT, 1877)",Wattled Brushturkey,Wattled Brushturkey
Macrocephalon maleo,"Müller, S, 1846",Maleo,Maleo
Eulipoa wallacei,"(Gray, GR, 1861)",Moluccan Megapode,Moluccan Megapode
Megapodius pritchardii,"Gray, GR, 1864",Tongan Megapode,Tongan Megapode
Megapodius laperouse,"Gaimard, JP, 1823",Micronesian Megapode,Micronesian Megapode
Megapodius nicobariensis,"Blyth, E, 1846",Nicobar Megapode,Nicobar Megapode
Megapodius cumingii,"Dillwyn, LL, 1853",Philippine Megapode,Philippine Megapode
Megapodius bernsteinii,"Schlegel, H, 1866",Sula Megapode,Sula Megapode
Megapodius tenimberensis,"Sclater, PL, 1883",Tanimbar Megapode,Tanimbar Megapode
Megapodius freycinet,"Gaimard, JP, 1823",Dusky Megapode,Dusky Megapode
Megapodius geelvinkianus,"Meyer, AB, 1874",Biak Scrubfowl,Biak Megapode
Megapodius eremita,"Hartlaub, KJG, 1868",Melanesian Megapode,Melanesian Megapode
Megapodius layardi,"Tristram, HB, 1879",Vanuatu Megapode,Vanuatu Megapode
Megapodius decollatus,"Oustalet, J-FÉ, 1878",New Guinea Scrubfowl,New Guinea Megapode
Megapodius reinwardt,"Dumont, CHF, 1823",Orange-footed Scrubfowl,Orange-footed Megapode
Penelopina nigra,"(Fraser, L, 1852)",Highland Guan,Highland Guan
Chamaepetes unicolor,"Salvin, O, 1867",Black Guan,Black Guan
Chamaepetes goudotii,"(Lesson, RP, 1828)",Sickle-winged Guan,Sickle-winged Guan
Aburria aburri,"(Lesson, RP, 1828)",Wattled Guan,Wattled Guan
Pipile pipile,"(Jacquin, JF, 1784)",Trinidad Piping Guan,Trinidad Piping-Guan
Pipile cumanensis,"(Jacquin, JF, 1784)",Blue-throated Piping Guan,Blue-throated Piping-Guan
Pipile grayi,"(Pelzeln, A, 1870)",White-throated Piping Guan,White-throated Piping-Guan
Pipile cujubi,"(Pelzeln, A, 1858)",Red-throated Piping Guan,Red-throated Piping-Guan
Pipile jacutinga,"(Spix, JB, 1825)",Black-fronted Piping Guan,Black-fronted Piping-Guan
Penelope argyrotis,"(Bonaparte, CLJL, 1856)",Band-tailed Guan,Band-tailed Guan
Penelope barbata,"Chapman, FM, 1921",Bearded Guan,Bearded Guan
Penelope ortoni,"Salvin, O, 1874",Baudo Guan,Baudo Guan
Penelope montagnii,"(Bonaparte, CLJL, 1856)",Andean Guan,Andean Guan
Penelope marail,"(Müller, PLS, 1776)",Marail Guan,Marail Guan
Penelope superciliaris,"Temminck, CJ, 1815",Rusty-margined Guan,Rusty-margined Guan
Penelope dabbenei,"Hellmayr, CE; Conover, HB, 1942",Red-faced Guan,Red-faced Guan
Penelope jacquacu,"Spix, JB, 1825",Spix's Guan,Spix's Guan
Penelope purpurascens,"Wagler, JG, 1830",Crested Guan,Crested Guan
Penelope perspicax,"Bangs, O, 1911",Cauca Guan,Cauca Guan
Penelope albipennis,"Taczanowski, W, 1878",White-winged Guan,White-winged Guan
Penelope obscura,"Temminck, CJ, 1815",Dusky-legged Guan,Dusky-legged Guan
Penelope bridgesi,"Gray, GR, 1860",Yungas Guan,Yungas Guan
Penelope pileata,"Wagler, JG, 1830",White-crested Guan,White-crested Guan
Penelope ochrogaster,"Pelzeln, A, 1870",Chestnut-bellied Guan,Chestnut-bellied Guan
Penelope jacucaca,"Spix, JB, 1825",White-browed Guan,White-browed Guan
Oreophasis derbianus,"Gray, GR, 1844",Horned Guan,Horned Guan
Crax rubra,"Linnaeus, C, 1758",Great Curassow,Great Curassow
Crax alberti,"Fraser, L, 1852",Blue-billed Curassow,Blue-billed Curassow
Crax daubentoni,"Gray, GR, 1867",Yellow-knobbed Curassow,Yellow-knobbed Curassow
Crax alector,"Linnaeus, C, 1766",Black Curassow,Black Curassow
Crax globulosa,"Spix, JB, 1825",Wattled Curassow,Wattled Curassow
Crax fasciolata,"Spix, JB, 1825",Bare-faced Curassow,Bare-faced Curassow
Crax blumenbachii,"Spix, JB, 1825",Red-billed Curassow,Red-billed Curassow
Pauxi pauxi,"(Linnaeus, C, 1766)",Helmeted Curassow,Helmeted Curassow
Pauxi koepckeae,"Weske, JS; Terborgh, JW, 1971",Sira Curassow,Sira Curassow
Pauxi unicornis,"Bond, J; Meyer de Schauensee, R, 1939",Horned Curassow,Horned Curassow
Nothocrax urumutum,"(Spix, JB, 1825)",Nocturnal Curassow,Nocturnal Curassow
Mitu tomentosum,"(Spix, JB, 1825)",Crestless Curassow,Crestless Curassow
Mitu salvini,"Reinhardt, JT, 1879",Salvin's Curassow,Salvin's Curassow
Mitu tuberosum,"(Spix, JB, 1825)",Razor-billed Curassow,Razor-billed Curassow
Mitu mitu,"(Linnaeus, C, 1766)",Alagoas Curassow,Alagoas Curassow
Ortalis vetula,"(Wagler, JG, 1830)",Plain Chachalaca,Plain Chachalaca
Ortalis cinereiceps,"Gray, GR, 1867",Grey-headed Chachalaca,Gray-headed Chachalaca
Ortalis garrula,"(Humboldt, FWHA, 1805)",Chestnut-winged Chachalaca,Chestnut-winged Chachalaca
Ortalis ruficauda,"Jardine, W, 1847",Rufous-vented Chachalaca,Rufous-vented Chachalaca
Ortalis erythroptera,"Sclater, PL; Salvin, O, 1870",Rufous-headed Chachalaca,Rufous-headed Chachalaca
Ortalis wagleri,"Gray, GR, 1867",Rufous-bellied Chachalaca,Rufous-bellied Chachalaca
Ortalis poliocephala,"(Wagler, JG, 1830)",West Mexican Chachalaca,West Mexican Chachalaca
Ortalis canicollis,"(Wagler, JG, 1830)",Chaco Chachalaca,Chaco Chachalaca
Ortalis leucogastra,"(Gould, J, 1843)",White-bellied Chachalaca,White-bellied Chachalaca
Ortalis columbiana,"Hellmayr, CE, 1906",Colombian Chachalaca,Colombian Chachalaca
Ortalis guttata,"(Spix, JB, 1825)",Speckled Chachalaca,Speckled Chachalaca
Ortalis araucuan,"(Spix, JB, 1825)",East Brazilian Chachalaca,East Brazilian Chachalaca
Ortalis squamata,"Lesson, RP, 1829",Scaled Chachalaca,Scaled Chachalaca
Ortalis motmot,"(Linnaeus, C, 1766)",Little Chachalaca,Variable Chachalaca
Ortalis ruficeps,"(Wagler, JG, 1830)",Chestnut-headed Chachalaca,Chestnut-headed Chachalaca
Ortalis superciliaris,"Gray, GR, 1867",Buff-browed Chachalaca,Buff-browed Chachalaca
Numida meleagris,"(Linnaeus, C, 1758)",Helmeted Guineafowl,Helmeted Guineafowl
Agelastes meleagrides,"Bonaparte, CLJL, 1850",White-breasted Guineafowl,White-breasted Guineafowl
Agelastes niger,"(Cassin, J, 1857)",Black Guineafowl,Black Guineafowl
Acryllium vulturinum,"(Hardwicke, T, 1834)",Vulturine Guineafowl,Vulturine Guineafowl
Guttera plumifera,"(Cassin, J, 1857)",Plumed Guineafowl,Plumed Guineafowl
Guttera pucherani,"(Hartlaub, KJG, 1861)",Eastern Crested Guineafowl,Eastern Crested Guineafowl
Guttera verreauxi,"(Elliot, DG, 1870)",Western Crested Guineafowl,Western Crested Guineafowl
Guttera edouardi,"(Hartlaub, KJG, 1867)",Southern Crested Guineafowl,Southern Crested Guineafowl
Ptilopachus nahani,"(Dubois, AJC, 1905)",Nahan's Partridge,Nahan's Partridge
Ptilopachus petrosus,"(Gmelin, JF, 1789)",Stone Partridge,Stone Partridge
Rhynchortyx cinctus,"(Salvin, O, 1876)",Tawny-faced Quail,Tawny-faced Quail
Oreortyx pictus,"Douglas, D, 1829",Mountain Quail,Mountain Quail
Dendrortyx leucophrys,"(Gould, J, 1844)",Buffy-crowned Wood Partridge,Buffy-crowned Wood-Partridge
Dendrortyx macroura,"(Jardine, W; Selby, PJ, 1828)",Long-tailed Wood Partridge,Long-tailed Wood-Partridge
Dendrortyx barbatus,"Gould, J, 1846",Bearded Wood Partridge,Bearded Wood-Partridge
Philortyx fasciatus,"(Gould, J, 1844)",Banded Quail,Banded Quail
Colinus virginianus,"(Linnaeus, C, 1758)",Northern Bobwhite,Northern Bobwhite
Colinus nigrogularis,"(Gould, J, 1843)",Yucatan Bobwhite,Black-throated Bobwhite
Colinus leucopogon,"(Lesson, RP, 1842)",Spot-bellied Bobwhite,Spot-bellied Bobwhite
Colinus cristatus,"(Linnaeus, C, 1766)",Crested Bobwhite,Crested Bobwhite
Callipepla gambelii,"(Gambel, W, 1843)",Gambel's Quail,Gambel's Quail
Callipepla californica,"(Shaw, G, 1798)",California Quail,California Quail
Callipepla squamata,"(Vigors, NA, 1830)",Scaled Quail,Scaled Quail
Callipepla douglasii,"(Vigors, NA, 1829)",Elegant Quail,Elegant Quail
Cyrtonyx ocellatus,"(Gould, J, 1837)",Ocellated Quail,Ocellated Quail
Cyrtonyx montezumae,"(Vigors, NA, 1830)",Montezuma Quail,Montezuma Quail
Dactylortyx thoracicus,"(Gambel, W, 1848)",Singing Quail,Singing Quail
Odontophorus gujanensis,"(Gmelin, JF, 1789)",Marbled Wood Quail,Marbled Wood-Quail
Odontophorus capueira,"(Spix, JB, 1825)",Spot-winged Wood Quail,Spot-winged Wood-Quail
Odontophorus melanotis,"Salvin, O, 1865",Black-eared Wood Quail,Black-eared Wood-Quail
Odontophorus atrifrons,"Allen, JA, 1900",Black-fronted Wood Quail,Black-fronted Wood-Quail
Odontophorus erythrops,"Gould, J, 1859",Rufous-fronted Wood Quail,Rufous-fronted Wood-Quail
Odontophorus hyperythrus,"Gould, J, 1858",Chestnut Wood Quail,Chestnut Wood-Quail
Odontophorus melanonotus,"Gould, J, 1861",Dark-backed Wood Quail,Dark-backed Wood-Quail
Odontophorus speciosus,"Tschudi, JJ, 1843",Rufous-breasted Wood Quail,Rufous-breasted Wood-Quail
Odontophorus dialeucos,"Wetmore, A, 1963",Tacarcuna Wood Quail,Tacarcuna Wood-Quail
Odontophorus strophium,"(Gould, J, 1844)",Gorgeted Wood Quail,Gorgeted Wood-Quail
Odontophorus columbianus,"Gould, J, 1850",Venezuelan Wood Quail,Venezuelan Wood-Quail
Odontophorus leucolaemus,"Salvin, O, 1867",Black-breasted Wood Quail,Black-breasted Wood-Quail
Odontophorus balliviani,"Gould, J, 1846",Stripe-faced Wood Quail,Stripe-faced Wood-Quail
Odontophorus stellatus,"(Gould, J, 1843)",Starred Wood Quail,Starred Wood-Quail
Odontophorus guttatus,"(Gould, J, 1838)",Spotted Wood Quail,Spotted Wood-Quail
Xenoperdix udzungwensis,"Dinesen, L; Hansen, LA; Lehmberg, T; Svendsen, JO; Fjeldså, J, 1994",Udzungwa Forest Partridge,Udzungwa Partridge
Caloperdix oculeus,"(Temminck, CJ, 1815)",Ferruginous Partridge,Ferruginous Partridge
Rollulus rouloul,"(Scopoli, GA, 1786)",Crested Partridge,Crested Partridge
Melanoperdix niger,"(Vigors, NA, 1829)",Black Partridge,Black Partridge
Arborophila torqueola,"(Valenciennes, A, 1825)",Hill Partridge,Hill Partridge
Arborophila rufipectus,"Boulton, WR, 1932",Sichuan Partridge,Sichuan Partridge
Arborophila mandellii,"Hume, AO, 1874",Chestnut-breasted Partridge,Chestnut-breasted Partridge
Arborophila gingica,"(Gmelin, JF, 1789)",White-necklaced Partridge,White-necklaced Partridge
Arborophila rufogularis,"(Blyth, E, 1849)",Rufous-throated Partridge,Rufous-throated Partridge
Arborophila rubrirostris,"(Salvadori, AT, 1879)",Red-billed Partridge,Red-billed Partridge
Arborophila cambodiana,"Delacour, JT; Jabouille, P, 1928",Chestnut-headed Partridge,Chestnut-headed Partridge
Arborophila ardens,"(Styan, FW, 1892)",Hainan Partridge,Hainan Partridge
Arborophila crudigularis,"(Swinhoe, R, 1864)",Taiwan Partridge,Taiwan Partridge
Arborophila atrogularis,"(Blyth, E, 1849)",White-cheeked Partridge,White-cheeked Partridge
Arborophila brunneopectus,"(Blyth, E, 1855)",Bar-backed Partridge,Bar-backed Partridge
Arborophila davidi,"Delacour, JT, 1927",Orange-necked Partridge,Orange-necked Partridge
Arborophila hyperythra,"(Sharpe, RB, 1879)",Red-breasted Partridge,Red-breasted Partridge
Arborophila campbelli,"(Robinson, HC, 1904)",Malayan Partridge,Malayan Partridge
Arborophila rolli,"(Rothschild, LW, 1909)",Roll's Partridge,Roll's Partridge
Arborophila sumatrana,"Ogilvie-Grant, WR, 1891",Sumatran Partridge,Sumatran Partridge
Arborophila javanica,"(Gmelin, JF, 1789)",Chestnut-bellied Partridge,Chestnut-bellied Partridge
Arborophila orientalis,"(Horsfield, T, 1821)",Grey-breasted Partridge,Gray-breasted Partridge
Lerwa lerwa,"(Hodgson, BH, 1833)",Snow Partridge,Snow Partridge
Ithaginis cruentus,"(Hardwicke, T, 1821)",Blood Pheasant,Blood Pheasant
Tragopan melanocephalus,"(Gray, JE, 1829)",Western Tragopan,Western Tragopan
Tragopan satyra,"(Linnaeus, C, 1758)",Satyr Tragopan,Satyr Tragopan
Tragopan blythii,"(Jerdon, TC, 1870)",Blyth's Tragopan,Blyth's Tragopan
Tragopan temminckii,"(Gray, JE, 1831)",Temminck's Tragopan,Temminck's Tragopan
Tragopan caboti,"(Gould, J, 1857)",Cabot's Tragopan,Cabot's Tragopan
Tetraophasis obscurus,"(Verreaux, JP, 1869)",Chestnut-throated Monal-Partridge,Chestnut-throated Monal-Partridge
Tetraophasis szechenyii,"Madarász, G, 1885",Buff-throated Monal-Partridge,Buff-throated Monal-Partridge
Lophophorus impejanus,"(Latham, J, 1790)",Himalayan Monal,Himalayan Monal
Lophophorus sclateri,"Jerdon, TC, 1870",Sclater's Monal,Sclater's Monal
Lophophorus lhuysii,"Geoffroy Saint-Hilaire, AL, 1866",Chinese Monal,Chinese Monal
Rhizothera longirostris,"(Temminck, CJ, 1815)",Long-billed Partridge,Long-billed Partridge
Rhizothera dulitensis,"Ogilvie-Grant, WR, 1895",Dulit Partridge,Dulit Partridge
Pucrasia macrolopha,"(Lesson, RP, 1829)",Koklass Pheasant,Koklass Pheasant
Meleagris ocellata,"Cuvier, GLCFD, 1820",Ocellated Turkey,Ocellated Turkey
Meleagris gallopavo,"Linnaeus, C, 1758",Wild Turkey,Wild Turkey
Bonasa umbellus,"(Linnaeus, C, 1766)",Ruffed Grouse,Ruffed Grouse
Tetrastes sewerzowi,"Przevalski, NM, 1876",Chinese Grouse,Chinese Grouse
Tetrastes bonasia,"(Linnaeus, C, 1758)",Hazel Grouse,Hazel Grouse
Centrocercus urophasianus,"(Bonaparte, CLJL, 1827)",Sage Grouse,Greater Sage-Grouse
Centrocercus minimus,"Young, JR; Braun, CE; Oyler-McCance, SJ; Hupp, JW; Quinn, TW, 2000",Gunnison Grouse,Gunnison Sage-Grouse
Dendragapus fuliginosus,"(Ridgway, R, 1873)",Sooty Grouse,Sooty Grouse
Dendragapus obscurus,"(Say, T, 1822)",Dusky Grouse,Dusky Grouse
Tympanuchus phasianellus,"(Linnaeus, C, 1758)",Sharp-tailed Grouse,Sharp-tailed Grouse
Tympanuchus cupido,"(Linnaeus, C, 1758)",Greater Prairie Chicken,Greater Prairie-Chicken
Tympanuchus pallidicinctus,"(Ridgway, R, 1873)",Lesser Prairie Chicken,Lesser Prairie-Chicken
Lagopus leucura,"(Richardson, J, 1831)",White-tailed Ptarmigan,White-tailed Ptarmigan
Lagopus muta,"(Montin, L, 1781)",Rock Ptarmigan,Rock Ptarmigan
Lagopus scotica,"(Latham, J, 1787)",Red Grouse,Red Grouse
Lagopus lagopus,"(Linnaeus, C, 1758)",Willow Ptarmigan,Willow Ptarmigan
Falcipennis falcipennis,"(Hartlaub, KJG, 1855)",Siberian Grouse,Siberian Grouse
Canachites canadensis,"(Linnaeus, C, 1758)",Spruce Grouse,Spruce Grouse
Tetrao urogalloides,"Middendorff, AT, 1853",Black-billed Capercaillie,Black-billed Capercaillie
Tetrao urogallus,"Linnaeus, C, 1758",Western Capercaillie,Western Capercaillie
Lyrurus mlokosiewiczi,"(Taczanowski, W, 1875)",Caucasian Grouse,Caucasian Grouse
Lyrurus tetrix,"(Linnaeus, C, 1758)",Black Grouse,Black Grouse
Perdix hodgsoniae,"(Hodgson, BH, 1856)",Tibetan Partridge,Tibetan Partridge
Perdix dauurica,"(Pallas, PS, 1811)",Daurian Partridge,Daurian Partridge
Perdix perdix,"(Linnaeus, C, 1758)",Grey Partridge,Gray Partridge
Syrmaticus soemmerringii,"(Temminck, CJ, 1830)",Copper Pheasant,Copper Pheasant
Syrmaticus reevesii,"(Gray, JE, 1829)",Reeves's Pheasant,Reeves's Pheasant
Syrmaticus mikado,"(Ogilvie-Grant, WR, 1906)",Mikado Pheasant,Mikado Pheasant
Syrmaticus ellioti,"(Swinhoe, R, 1872)",Elliot's Pheasant,Elliot's Pheasant
Syrmaticus humiae,"(Hume, AO, 1881)",Mrs. Hume's Pheasant,Mrs. Hume's Pheasant
Chrysolophus pictus,"(Linnaeus, C, 1758)",Golden Pheasant,Golden Pheasant
Chrysolophus amherstiae,"(Leadbeater, B, 1829)",Lady Amherst's Pheasant,Lady Amherst's Pheasant
Phasianus versicolor,"Vieillot, LJP, 1825",Green Pheasant,Green Pheasant
Phasianus colchicus,"Linnaeus, C, 1758",Common Pheasant,Ring-necked Pheasant
Catreus wallichii,"(Hardwicke, T, 1827)",Cheer Pheasant,Cheer Pheasant
Crossoptilon harmani,"Elwes, HJ, 1881",Tibetan Eared Pheasant,Tibetan Eared-Pheasant
Crossoptilon crossoptilon,"(Hodgson, BH, 1838)",White Eared Pheasant,White Eared-Pheasant
Crossoptilon mantchuricum,"Swinhoe, R, 1863",Brown Eared Pheasant,Brown Eared-Pheasant
Crossoptilon auritum,"(Pallas, PS, 1811)",Blue Eared Pheasant,Blue Eared-Pheasant
Lophura edwardsi,"(Oustalet, J-FÉ, 1896)",Edwards's Pheasant,Edwards's Pheasant
Lophura swinhoii,"(Gould, J, 1863)",Swinhoe's Pheasant,Swinhoe's Pheasant
Lophura bulweri,"(Sharpe, RB, 1874)",Bulwer's Pheasant,Bulwer's Pheasant
Lophura leucomelanos,"(Latham, J, 1790)",Kalij Pheasant,Kalij Pheasant
Lophura nycthemera,"(Linnaeus, C, 1758)",Silver Pheasant,Silver Pheasant
Lophura erythrophthalma,"(Raffles, TS, 1822)",Malayan Crestless Fireback,Malayan Crestless Fireback
Lophura pyronota,"(Gray, GR, 1841)",Bornean Crestless Fireback,Bornean Crestless Fireback
Lophura diardi,"(Bonaparte, CLJL, 1856)",Siamese Fireback,Siamese Fireback
Lophura inornata,"(Salvadori, AT, 1879)",Salvadori's Pheasant,Salvadori's Pheasant
Lophura rufa,"(Raffles, TS, 1822)",Malayan Crested Fireback,Malayan Crested Fireback
Lophura ignita,"(Shaw, G, 1798)",Bornean Crested Fireback,Bornean Crested Fireback
Argusianus argus,"(Linnaeus, C, 1766)",Great Argus,Great Argus
Rheinardia ocellata,"(Elliot, DG, 1871)",Vietnamese Crested Argus,Vietnamese Crested Argus
Rheinardia nigrescens,"(Rothschild, LW, 1902)",Malayan Crested Argus,Malayan Crested Argus
Afropavo congensis,"Chapin, JP, 1936",Congo Peafowl,Congo Peacock
Pavo cristatus,"Linnaeus, C, 1758",Indian Peafowl,Indian Peafowl
Pavo muticus,"Linnaeus, C, 1766",Green Peafowl,Green Peafowl
Tropicoperdix chloropus,"Blyth, E, 1859",Green-legged Partridge,Scaly-breasted Partridge
Tropicoperdix charltonii,"(Eyton, TC, 1845)",Chestnut-necklaced Partridge,Chestnut-necklaced Partridge
Tropicoperdix graydoni,"(Sharpe, RB; Chubb, C, 1906)",Sabah Partridge,Sabah Partridge
Haematortyx sanguiniceps,"Sharpe, RB, 1879",Crimson-headed Partridge,Crimson-headed Partridge
Galloperdix spadicea,"(Gmelin, JF, 1789)",Red Spurfowl,Red Spurfowl
Galloperdix lunulata,"(Valenciennes, A, 1825)",Painted Spurfowl,Painted Spurfowl
Galloperdix bicalcarata,"(Forster, JR, 1781)",Sri Lanka Spurfowl,Sri Lanka Spurfowl
Polyplectron napoleonis,"Lesson, RP, 1831",Palawan Peacock-Pheasant,Palawan Peacock-Pheasant
Polyplectron schleiermacheri,"Brüggemann, F, 1877",Bornean Peacock-Pheasant,Bornean Peacock-Pheasant
Polyplectron malacense,"(Scopoli, GA, 1786)",Malayan Peacock-Pheasant,Malayan Peacock-Pheasant
Polyplectron germaini,"Elliot, DG, 1866",Germain's Peacock-Pheasant,Germain's Peacock-Pheasant
Polyplectron katsumatae,"Rothschild, LW, 1906",Hainan Peacock-Pheasant,Hainan Peacock-Pheasant
Polyplectron bicalcaratum,"(Linnaeus, C, 1758)",Grey Peacock-Pheasant,Gray Peacock-Pheasant
Polyplectron inopinatum,"(Rothschild, LW, 1903)",Mountain Peacock-Pheasant,Mountain Peacock-Pheasant
Polyplectron chalcurum,"Lesson, RP, 1831",Sumatran Peacock-Pheasant,Bronze-tailed Peacock-Pheasant
Bambusicola fytchii,"Anderson, J, 1871",Mountain Bamboo Partridge,Mountain Bamboo-Partridge
Bambusicola thoracicus,"(Temminck, CJ, 1815)",Chinese Bamboo Partridge,Chinese Bamboo-Partridge
Bambusicola sonorivox,"Gould, J, 1863",Taiwan Bamboo Partridge,Taiwan Bamboo-Partridge
Gallus varius,"(Shaw, G, 1798)",Green Junglefowl,Green Junglefowl
Gallus gallus,"(Linnaeus, C, 1758)",Red Junglefowl,Red Junglefowl
Gallus sonneratii,"Temminck, CJ, 1813",Grey Junglefowl,Gray Junglefowl
Gallus lafayettii,"Lesson, RP, 1831",Sri Lanka Junglefowl,Sri Lanka Junglefowl
Peliperdix lathami,"(Hartlaub, KJG, 1854)",Latham's Francolin,Latham's Francolin
Campocolinus coqui,"(Smith, A, 1836)",Coqui Francolin,Coqui Francolin
Campocolinus albogularis,"(Hartlaub, KJG, 1854)",White-throated Francolin,White-throated Francolin
Campocolinus schlegelii,"(Heuglin, MT, 1863)",Schlegel's Francolin,Schlegel's Francolin
Scleroptila streptophora,"(Ogilvie-Grant, WR, 1891)",Ring-necked Francolin,Ring-necked Francolin
Scleroptila levaillantii,"(Valenciennes, A, 1825)",Red-winged Francolin,Red-winged Francolin
Scleroptila finschi,"(Bocage, JVB, 1881)",Finsch's Francolin,Finsch's Francolin
Scleroptila psilolaema,"(Gray, GR, 1867)",Moorland Francolin,Moorland Francolin
Scleroptila elgonensis,"(Ogilvie-Grant, WR, 1891)",Elgon Francolin,Elgon Francolin
Scleroptila afra,"(Latham, J, 1790)",Grey-winged Francolin,Gray-winged Francolin
Scleroptila gutturalis,"(Rüppell, WPES, 1835)",Orange River Francolin,Orange River Francolin
Scleroptila shelleyi,"(Ogilvie-Grant, WR, 1890)",Shelley's Francolin,Shelley's Francolin
Scleroptila whytei,"(Neumann, OR, 1908)",Whyte's Francolin,Whyte's Francolin
Ortygornis sephaena,"(Smith, A, 1836)",Crested Francolin,Crested Francolin
Ortygornis gularis,"(Temminck, CJ, 1815)",Swamp Francolin,Swamp Francolin
Ortygornis pondicerianus,"(Gmelin, JF, 1789)",Grey Francolin,Gray Francolin
Francolinus pintadeanus,"(Scopoli, GA, 1786)",Chinese Francolin,Chinese Francolin
Francolinus pictus,"(Jardine, W; Selby, PJ, 1828)",Painted Francolin,Painted Francolin
Francolinus francolinus,"(Linnaeus, C, 1766)",Black Francolin,Black Francolin
Tetraogallus tibetanus,"Gould, J, 1854",Tibetan Snowcock,Tibetan Snowcock
Tetraogallus altaicus,"(Gebler, FA, 1836)",Altai Snowcock,Altai Snowcock
Tetraogallus caucasicus,"(Pallas, PS, 1811)",Caucasian Snowcock,Caucasian Snowcock
Tetraogallus caspius,"(Gmelin, SG, 1784)",Caspian Snowcock,Caspian Snowcock
Tetraogallus himalayensis,"Gray, GR, 1843",Himalayan Snowcock,Himalayan Snowcock
Ammoperdix griseogularis,"(Brandt, JF, 1843)",See-see Partridge,See-see Partridge
Ammoperdix heyi,"(Temminck, CJ, 1825)",Sand Partridge,Sand Partridge
Synoicus ypsilophorus,"(Bosc, LAG, 1792)",Brown Quail,Brown Quail
Synoicus monorthonyx,"(van Oort, ED, 1910)",Snow Mountain Quail,Snow Mountain Quail
Synoicus chinensis,"(Linnaeus, C, 1766)",King Quail,Blue-breasted Quail
Synoicus adansonii,"(Verreaux, JP; Verreaux, JBÉ, 1851)",Blue Quail,Blue Quail
Margaroperdix madagarensis,"(Scopoli, GA, 1786)",Madagascar Partridge,Madagascar Partridge
Coturnix japonica,"Temminck, CJ; Schlegel, H, 1849",Japanese Quail,Japanese Quail
Coturnix coturnix,"(Linnaeus, C, 1758)",Common Quail,Common Quail
Coturnix coromandelica,"(Gmelin, JF, 1789)",Rain Quail,Rain Quail
Coturnix delegorguei,"Delegorgue, LA, 1847",Harlequin Quail,Harlequin Quail
Coturnix novaezelandiae,"Quoy, JRC; Gaimard, JP, 1832",New Zealand Quail,New Zealand Quail
Coturnix pectoralis,"Gould, J, 1837",Stubble Quail,Stubble Quail
Alectoris barbara,"(Bonnaterre, PJ, 1790)",Barbary Partridge,Barbary Partridge
Alectoris melanocephala,"(Rüppell, WPES, 1835)",Arabian Partridge,Arabian Partridge
Alectoris rufa,"(Linnaeus, C, 1758)",Red-legged Partridge,Red-legged Partridge
Alectoris chukar,"(Gray, JE, 1830)",Chukar Partridge,Chukar
Alectoris graeca,"(Meisner, CFA, 1804)",Rock Partridge,Rock Partridge
Alectoris philbyi,"Lowe, PR, 1934",Philby's Partridge,Philby's Partridge
Alectoris magna,"(Przevalski, NM, 1876)",Przevalski's Partridge,Przevalski's Partridge
Ophrysia superciliosa,"(Gray, JE, 1846)",Himalayan Quail,Himalayan Quail
Perdicula asiatica,"(Latham, J, 1790)",Jungle Bush Quail,Jungle Bush-Quail
Perdicula argoondah,"(Sykes, WH, 1832)",Rock Bush Quail,Rock Bush-Quail
Perdicula erythrorhyncha,"(Sykes, WH, 1832)",Painted Bush Quail,Painted Bush-Quail
Perdicula manipurensis,"Hume, AO, 1881",Manipur Bush Quail,Manipur Bush-Quail
Pternistis hartlaubi,"(Bocage, JVB, 1869)",Hartlaub's Spurfowl,Hartlaub's Spurfowl
Pternistis nobilis,"(Reichenow, A, 1908)",Handsome Spurfowl,Handsome Spurfowl
Pternistis camerunensis,"(Alexander, B, 1909)",Mount Cameroon Spurfowl,Mount Cameroon Spurfowl
Pternistis castaneicollis,"(Salvadori, AT, 1888)",Chestnut-naped Spurfowl,Chestnut-naped Spurfowl
Pternistis erckelii,"(Rüppell, WPES, 1835)",Erckel's Spurfowl,Erckel's Spurfowl
Pternistis ochropectus,"(Dorst, J; Jouanin, C, 1952)",Djibouti Spurfowl,Djibouti Spurfowl
Pternistis swierstrai,"(Roberts, A, 1929)",Swierstra's Spurfowl,Swierstra's Spurfowl
Pternistis ahantensis,"(Temminck, CJ, 1854)",Ahanta Spurfowl,Ahanta Spurfowl
Pternistis griseostriatus,"(Ogilvie-Grant, WR, 1890)",Grey-striped Spurfowl,Gray-striped Spurfowl
Pternistis jacksoni,"(Ogilvie-Grant, WR, 1891)",Jackson's Spurfowl,Jackson's Spurfowl
Pternistis capensis,"(Gmelin, JF, 1789)",Cape Spurfowl,Cape Spurfowl
Pternistis adspersus,"(Waterhouse, GR, 1838)",Red-billed Spurfowl,Red-billed Spurfowl
Pternistis natalensis,"(Smith, A, 1833)",Natal Spurfowl,Natal Spurfowl
Pternistis hildebrandti,"(Cabanis, JL, 1878)",Hildebrandt's Spurfowl,Hildebrandt's Spurfowl
Pternistis bicalcaratus,"(Linnaeus, C, 1766)",Double-spurred Spurfowl,Double-spurred Spurfowl
Pternistis icterorhynchus,"(Heuglin, MT, 1863)",Heuglin's Spurfowl,Heuglin's Spurfowl
Pternistis squamatus,"(Cassin, J, 1857)",Scaly Spurfowl,Scaly Spurfowl
Pternistis harwoodi,"(Blundell, HJW; Lovat, 1899)",Harwood's Spurfowl,Harwood's Spurfowl
Pternistis clappertoni,"(Children, JG; Vigors, NA, 1826)",Clapperton's Spurfowl,Clapperton's Spurfowl
Pternistis swainsonii,"(Smith, A, 1836)",Swainson's Spurfowl,Swainson's Spurfowl
Pternistis leucoscepus,"(Gray, GR, 1867)",Yellow-necked Spurfowl,Yellow-necked Spurfowl
Pternistis rufopictus,"Reichenow, A, 1887",Grey-breasted Spurfowl,Gray-breasted Spurfowl
Pternistis afer,"(Müller, PLS, 1776)",Red-necked Spurfowl,Red-necked Spurfowl
Phoeniconaias minor,"(Geoffroy Saint-Hilaire, É, 1798)",Lesser Flamingo,Lesser Flamingo
Phoenicoparrus andinus,"(Philippi, RA, 1854)",Andean Flamingo,Andean Flamingo
Phoenicoparrus jamesi,"(Sclater, PL, 1886)",James's Flamingo,James's Flamingo
Phoenicopterus chilensis,"Molina, GI, 1782",Chilean Flamingo,Chilean Flamingo
Phoenicopterus roseus,"Pallas, PS, 1811",Greater Flamingo,Greater Flamingo
Phoenicopterus ruber,"Linnaeus, C, 1758",American Flamingo,American Flamingo
Rollandia microptera,"(Gould, J, 1868)",Titicaca Grebe,Titicaca Grebe
Rollandia rolland,"(Gaimard, JP, 1823)",White-tufted Grebe,White-tufted Grebe
Tachybaptus rufolavatus,"(Delacour, JT, 1932)",Alaotra Grebe,Alaotra Grebe
Tachybaptus ruficollis,"(Pallas, PS, 1764)",Little Grebe,Little Grebe
Tachybaptus novaehollandiae,"(Stephens, JF, 1826)",Australasian Grebe,Australasian Grebe
Tachybaptus pelzelnii,"(Hartlaub, KJG, 1861)",Madagascar Grebe,Madagascar Grebe
Tachybaptus dominicus,"(Linnaeus, C, 1766)",Least Grebe,Least Grebe
Podilymbus gigas,"Griscom, L, 1929",Atitlan Grebe,Atitlan Grebe
Podilymbus podiceps,"(Linnaeus, C, 1758)",Pied-billed Grebe,Pied-billed Grebe
Poliocephalus poliocephalus,"(Jardine, W; Selby, PJ, 1827)",Hoary-headed Grebe,Hoary-headed Grebe
Poliocephalus rufopectus,"(Gray, GR, 1843)",New Zealand Grebe,New Zealand Grebe
Podiceps major,"(Boddaert, P, 1783)",Great Grebe,Great Grebe
Podiceps auritus,"(Linnaeus, C, 1758)",Horned Grebe,Horned Grebe
Podiceps grisegena,"(Boddaert, P, 1783)",Red-necked Grebe,Red-necked Grebe
Podiceps cristatus,"(Linnaeus, C, 1758)",Great Crested Grebe,Great Crested Grebe
Podiceps nigricollis,"Brehm, CL, 1831",Black-necked Grebe,Eared Grebe
Podiceps andinus,"(Meyer de Schauensee, R, 1959)",Colombian Grebe,Colombian Grebe
Podiceps occipitalis,"Garnot, P, 1826",Silvery Grebe,Silvery Grebe
Podiceps taczanowskii,"Berlepsch, HHCL; Sztolcman, JS, 1894",Junin Grebe,Junin Grebe
Podiceps gallardoi,"Rumboll, MAE, 1974",Hooded Grebe,Hooded Grebe
Aechmophorus occidentalis,"(Lawrence, GN, 1858)",Western Grebe,Western Grebe
Aechmophorus clarkii,"(Lawrence, GN, 1858)",Clark's Grebe,Clark's Grebe
Corythaeola cristata,"(Vieillot, LJP, 1816)",Great Blue Turaco,Great Blue Turaco
Crinifer concolor,"(Smith, A, 1833)",Grey Go-away-bird,Gray Go-away-bird
Crinifer personatus,"(Rüppell, WPES, 1842)",Bare-faced Go-away-bird,Bare-faced Go-away-bird
Crinifer leucogaster,"(Rüppell, WPES, 1842)",White-bellied Go-away-bird,White-bellied Go-away-bird
Crinifer piscator,"(Boddaert, P, 1783)",Western Plantain-eater,Western Plantain-eater
Crinifer zonurus,"(Rüppell, WPES, 1835)",Eastern Plantain-eater,Eastern Plantain-eater
Gallirex porphyreolophus,"(Vigors, NA, 1831)",Purple-crested Turaco,Purple-crested Turaco
Gallirex johnstoni,"Sharpe, RB, 1901",Rwenzori Turaco,Rwenzori Turaco
Menelikornis ruspolii,"(Salvadori, AT, 1896)",Ruspoli's Turaco,Prince Ruspoli's Turaco
Menelikornis leucotis,"(Rüppell, WPES, 1835)",White-cheeked Turaco,White-cheeked Turaco
Tauraco violaceus,"(Isert, PE, 1788)",Violet Turaco,Violet Turaco
Tauraco rossae,"(Gould, J, 1852)",Ross's Turaco,Ross's Turaco
Tauraco macrorhynchus,"(Fraser, L, 1839)",Yellow-billed Turaco,Yellow-billed Turaco
Tauraco bannermani,"(Bates, GL, 1923)",Bannerman's Turaco,Bannerman's Turaco
Tauraco leucolophus,"(Heuglin, MT, 1855)",White-crested Turaco,White-crested Turaco
Tauraco schuettii,"(Cabanis, JL, 1879)",Black-billed Turaco,Black-billed Turaco
Tauraco schalowi,"(Reichenow, A, 1891)",Schalow's Turaco,Schalow's Turaco
Tauraco erythrolophus,"(Vieillot, LJP, 1819)",Red-crested Turaco,Red-crested Turaco
Tauraco persa,"(Linnaeus, C, 1758)",Guinea Turaco,Guinea Turaco
Tauraco hartlaubi,"(Fischer, GA; Reichenow, A, 1884)",Hartlaub's Turaco,Hartlaub's Turaco
Tauraco fischeri,"(Reichenow, A, 1878)",Fischer's Turaco,Fischer's Turaco
Tauraco livingstonii,"Gray, GR, 1864",Livingstone's Turaco,Livingstone's Turaco
Tauraco corythaix,"(Wagler, JG, 1827)",Knysna Turaco,Knysna Turaco
Otis tarda,"Linnaeus, C, 1758",Great Bustard,Great Bustard
Ardeotis arabs,"(Linnaeus, C, 1758)",Arabian Bustard,Arabian Bustard
Ardeotis kori,"(Burchell, WJ, 1822)",Kori Bustard,Kori Bustard
Ardeotis nigriceps,"(Vigors, NA, 1831)",Great Indian Bustard,Great Indian Bustard
Ardeotis australis,"(Gray, JE, 1829)",Australian Bustard,Australian Bustard
Chlamydotis macqueenii,"(Gray, JE, 1832)",Asian Houbara,Asian Houbara
Chlamydotis undulata,"(Jacquin, JF, 1784)",African Houbara,African Houbara
Neotis ludwigii,"(Rüppell, WPES, 1837)",Ludwig's Bustard,Ludwig's Bustard
Neotis denhami,"(Children, JG; Vigors, NA, 1826)",Denham's Bustard,Denham's Bustard
Neotis heuglinii,"(Hartlaub, KJG, 1859)",Heuglin's Bustard,Heuglin's Bustard
Neotis nuba,"(Cretzschmar, PJ, 1826)",Nubian Bustard,Nubian Bustard
Eupodotis caerulescens,"(Vieillot, LJP, 1820)",Blue Korhaan,Blue Bustard
Eupodotis senegalensis,"(Vieillot, LJP, 1820)",White-bellied Bustard,White-bellied Bustard
Heterotetrax vigorsii,"(Smith, A, 1831)",Karoo Korhaan,Karoo Bustard
Heterotetrax rueppelii,"(Wahlberg, JA, 1856)",Rüppell's Korhaan,Rüppell's Bustard
Heterotetrax humilis,"(Blyth, E, 1855)",Little Brown Bustard,Little Brown Bustard
Lophotis savilei,"Lynes, H, 1920",Savile's Bustard,Savile's Bustard
Lophotis gindiana,"(Oustalet, J-FÉ, 1881)",Buff-crested Bustard,Buff-crested Bustard
Lophotis ruficrista,"(Smith, A, 1836)",Red-crested Korhaan,Red-crested Bustard
Afrotis afra,"(Linnaeus, C, 1758)",Southern Black Korhaan,Black Bustard
Afrotis afraoides,"(Smith, A, 1831)",Northern Black Korhaan,White-quilled Bustard
Lissotis hartlaubii,"(Heuglin, MT, 1863)",Hartlaub's Bustard,Hartlaub's Bustard
Lissotis melanogaster,"(Rüppell, WPES, 1835)",Black-bellied Bustard,Black-bellied Bustard
Houbaropsis bengalensis,"(Müller, PLS, 1776)",Bengal Florican,Bengal Florican
Sypheotides indicus,"(Miller, JF, 1782)",Lesser Florican,Lesser Florican
Tetrax tetrax,"(Linnaeus, C, 1758)",Little Bustard,Little Bustard
Guira guira,"(Gmelin, JF, 1788)",Guira Cuckoo,Guira Cuckoo
Crotophaga major,"Gmelin, JF, 1788",Greater Ani,Greater Ani
Crotophaga ani,"Linnaeus, C, 1758",Smooth-billed Ani,Smooth-billed Ani
Crotophaga sulcirostris,"Swainson, WJ, 1827",Groove-billed Ani,Groove-billed Ani
Tapera naevia,"(Linnaeus, C, 1766)",Striped Cuckoo,Striped Cuckoo
Dromococcyx phasianellus,"(Spix, JB, 1824)",Pheasant Cuckoo,Pheasant Cuckoo
Dromococcyx pavoninus,"Pelzeln, A, 1870",Pavonine Cuckoo,Pavonine Cuckoo
Morococcyx erythropygus,"(Lesson, RP, 1842)",Lesser Ground Cuckoo,Lesser Ground-Cuckoo
Geococcyx californianus,"(Lesson, RP, 1829)",Greater Roadrunner,Greater Roadrunner
Geococcyx velox,"(Wagner, A, 1836)",Lesser Roadrunner,Lesser Roadrunner
Neomorphus geoffroyi,"(Temminck, CJ, 1820)",Rufous-vented Ground Cuckoo,Rufous-vented Ground-Cuckoo
Neomorphus squamiger,"Todd, WEC, 1925",Scaled Ground Cuckoo,Scaled Ground-Cuckoo
Neomorphus radiolosus,"Sclater, PL; Salvin, O, 1878",Banded Ground Cuckoo,Banded Ground-Cuckoo
Neomorphus rufipennis,"(Gray, GR, 1849)",Rufous-winged Ground Cuckoo,Rufous-winged Ground-Cuckoo
Neomorphus pucheranii,"(Deville, É, 1851)",Red-billed Ground Cuckoo,Red-billed Ground-Cuckoo
Carpococcyx viridis,"Salvadori, AT, 1879",Sumatran Ground Cuckoo,Sumatran Ground-Cuckoo
Carpococcyx radiceus,"(Temminck, CJ, 1832)",Bornean Ground Cuckoo,Bornean Ground-Cuckoo
Carpococcyx renauldi,"Oustalet, J-FÉ, 1896",Coral-billed Ground Cuckoo,Coral-billed Ground-Cuckoo
Coua cristata,"(Linnaeus, C, 1766)",Crested Coua,Crested Coua
Coua verreauxi,"Grandidier, A, 1867",Verreaux's Coua,Verreaux's Coua
Coua caerulea,"(Linnaeus, C, 1766)",Blue Coua,Blue Coua
Coua ruficeps,"Gray, GR, 1846",Red-capped Coua,Red-capped Coua
Coua olivaceiceps,"(Sharpe, RB, 1873)",Olive-capped Coua,Olive-capped Coua
Coua reynaudii,"Pucheran, J, 1845",Red-fronted Coua,Red-fronted Coua
Coua coquereli,"Grandidier, A, 1867",Coquerel's Coua,Coquerel's Coua
Coua cursor,"Grandidier, A, 1867",Running Coua,Running Coua
Coua gigas,"(Boddaert, P, 1783)",Giant Coua,Giant Coua
Coua delalandei,"(Temminck, CJ, 1827)",Snail-eating Coua,Snail-eating Coua
Coua serriana,"Pucheran, J, 1845",Red-breasted Coua,Red-breasted Coua
Centropus milo,"Gould, J, 1856",Buff-headed Coucal,Buff-headed Coucal
Centropus ateralbus,"Lesson, RP, 1826",White-necked Coucal,Pied Coucal
Centropus chalybeus,"(Salvadori, AT, 1876)",Biak Coucal,Biak Coucal
Centropus menbeki,"Lesson, RP; Garnot, P, 1828",Ivory-billed Coucal,Greater Black Coucal
Centropus unirufus,"(Cabanis, JL; Heine, F, 1863)",Rufous Coucal,Rufous Coucal
Centropus chlororhynchos,"Blyth, E, 1849",Green-billed Coucal,Green-billed Coucal
Centropus melanops,"Lesson, RP, 1830",Black-faced Coucal,Black-faced Coucal
Centropus rectunguis,"Strickland, HE, 1847",Short-toed Coucal,Short-toed Coucal
Centropus steerii,"Bourns, FS; Worcester, DC, 1894",Black-hooded Coucal,Black-hooded Coucal
Centropus celebensis,"Quoy, JRC; Gaimard, JP, 1832",Bay Coucal,Bay Coucal
Centropus anselli,"Sharpe, RB, 1874",Gabon Coucal,Gabon Coucal
Centropus leucogaster,"(Leach, WE, 1814)",Black-throated Coucal,Black-throated Coucal
Centropus senegalensis,"(Linnaeus, C, 1766)",Senegal Coucal,Senegal Coucal
Centropus monachus,"Rüppell, WPES, 1837",Blue-headed Coucal,Blue-headed Coucal
Centropus cupreicaudus,"Reichenow, A, 1896",Coppery-tailed Coucal,Coppery-tailed Coucal
Centropus superciliosus,"Hemprich, WF; Ehrenberg, CG, 1829",White-browed Coucal,White-browed Coucal
Centropus burchellii,"Swainson, WJ, 1838",Burchell's Coucal,Burchell's Coucal
Centropus nigrorufus,"(Cuvier, GLCFD, 1816)",Sunda Coucal,Sunda Coucal
Centropus andamanensis,"Beavan, RC, 1867",Andaman Coucal,Andaman Coucal
Centropus sinensis,"(Stephens, JF, 1815)",Greater Coucal,Greater Coucal
Centropus goliath,"Bonaparte, CLJL, 1850",Goliath Coucal,Goliath Coucal
Centropus toulou,"(Müller, PLS, 1776)",Malagasy Coucal,Malagasy Coucal
Centropus grillii,"Hartlaub, KJG, 1861",Black Coucal,Black Coucal
Centropus viridis,"(Scopoli, GA, 1786)",Philippine Coucal,Philippine Coucal
Centropus bengalensis,"(Gmelin, JF, 1788)",Lesser Coucal,Lesser Coucal
Centropus violaceus,"Quoy, JRC; Gaimard, JP, 1832",Violaceous Coucal,Violaceous Coucal
Centropus bernsteini,"Schlegel, H, 1866",Black-billed Coucal,Lesser Black Coucal
Centropus phasianinus,"(Latham, J, 1801)",Pheasant Coucal,Pheasant Coucal
Rhinortha chlorophaea,"(Raffles, TS, 1822)",Raffles's Malkoha,Raffles's Malkoha
Ceuthmochares australis,"Sharpe, RB, 1873",Green Malkoha,Green Malkoha
Ceuthmochares aereus,"(Vieillot, LJP, 1817)",Blue Malkoha,Blue Malkoha
Taccocua leschenaultii,"Lesson, RP, 1830",Sirkeer Malkoha,Sirkeer Malkoha
Zanclostomus javanicus,"(Horsfield, T, 1821)",Red-billed Malkoha,Red-billed Malkoha
Phaenicophaeus curvirostris,"(Shaw, G, 1810)",Chestnut-breasted Malkoha,Chestnut-breasted Malkoha
Phaenicophaeus oeneicaudus,"Verreaux, JP; Verreaux, JBÉ, 1855",Mentawai Malkoha,Mentawai Malkoha
Phaenicophaeus sumatranus,"(Raffles, TS, 1822)",Chestnut-bellied Malkoha,Chestnut-bellied Malkoha
Phaenicophaeus pyrrhocephalus,"(Pennant, T, 1769)",Red-faced Malkoha,Red-faced Malkoha
Phaenicophaeus viridirostris,"(Jerdon, TC, 1840)",Blue-faced Malkoha,Blue-faced Malkoha
Phaenicophaeus diardi,"(Lesson, RP, 1830)",Black-bellied Malkoha,Black-bellied Malkoha
Phaenicophaeus tristis,"(Lesson, RP, 1830)",Green-billed Malkoha,Green-billed Malkoha
Rhamphococcyx calyorhynchus,"(Temminck, CJ, 1825)",Yellow-billed Malkoha,Yellow-billed Malkoha
Dasylophus cumingi,"(Fraser, L, 1839)",Scale-feathered Malkoha,Scale-feathered Malkoha
Dasylophus superciliosus,"(Dumont, CHF, 1823)",Rough-crested Malkoha,Red-crested Malkoha
Clamator coromandus,"(Linnaeus, C, 1766)",Chestnut-winged Cuckoo,Chestnut-winged Cuckoo
Clamator glandarius,"(Linnaeus, C, 1758)",Great Spotted Cuckoo,Great Spotted Cuckoo
Clamator levaillantii,"(Swainson, WJ, 1829)",Levaillant's Cuckoo,Levaillant's Cuckoo
Clamator jacobinus,"(Boddaert, P, 1783)",Jacobin Cuckoo,Pied Cuckoo
Coccycua minuta,"(Vieillot, LJP, 1817)",Little Cuckoo,Little Cuckoo
Coccycua pumila,"(Strickland, HE, 1852)",Dwarf Cuckoo,Dwarf Cuckoo
Coccycua cinerea,"(Vieillot, LJP, 1817)",Ash-colored Cuckoo,Ash-colored Cuckoo
Piaya cayana,"(Linnaeus, C, 1766)",Common Squirrel Cuckoo,Common Squirrel-Cuckoo
Piaya mexicana,"(Swainson, WJ, 1827)",Mexican Squirrel Cuckoo,Mexican Squirrel-Cuckoo
Piaya melanogaster,"(Vieillot, LJP, 1817)",Black-bellied Cuckoo,Black-bellied Cuckoo
Coccyzus melacoryphus,"Vieillot, LJP, 1817",Dark-billed Cuckoo,Dark-billed Cuckoo
Coccyzus americanus,"(Linnaeus, C, 1758)",Yellow-billed Cuckoo,Yellow-billed Cuckoo
Coccyzus euleri,"Cabanis, JL, 1873",Pearly-breasted Cuckoo,Pearly-breasted Cuckoo
Coccyzus minor,"(Gmelin, JF, 1788)",Mangrove Cuckoo,Mangrove Cuckoo
Coccyzus ferrugineus,"Gould, J, 1843",Cocos Cuckoo,Cocos Cuckoo
Coccyzus erythropthalmus,"(Wilson, A, 1811)",Black-billed Cuckoo,Black-billed Cuckoo
Coccyzus lansbergi,"Bonaparte, CLJL, 1850",Grey-capped Cuckoo,Gray-capped Cuckoo
Coccyzus pluvialis,"(Gmelin, JF, 1788)",Chestnut-bellied Cuckoo,Chestnut-bellied Cuckoo
Coccyzus rufigularis,"Hartlaub, KJG, 1852",Bay-breasted Cuckoo,Bay-breasted Cuckoo
Coccyzus vetula,"(Linnaeus, C, 1758)",Jamaican Lizard Cuckoo,Jamaican Lizard-Cuckoo
Coccyzus vieilloti,"(Bonaparte, CLJL, 1850)",Puerto Rican Lizard Cuckoo,Puerto Rican Lizard-Cuckoo
Coccyzus merlini,"(d'Orbigny, ACVMD, 1839)",Great Lizard Cuckoo,Great Lizard-Cuckoo
Coccyzus longirostris,"(Hermann, J, 1783)",Hispaniolan Lizard Cuckoo,Hispaniolan Lizard-Cuckoo
Nannococcyx psix,"Olson, SL, 1975",St. Helena Cuckoo,St. Helena Cuckoo
Pachycoccyx audeberti,"(Schlegel, H, 1879)",Thick-billed Cuckoo,Thick-billed Cuckoo
Microdynamis parva,"(Salvadori, AT, 1876)",Dwarf Koel,Dwarf Koel
Eudynamys scolopaceus,"(Linnaeus, C, 1758)",Asian Koel,Asian Koel
Eudynamys melanorhynchus,"Müller, S, 1843",Black-billed Koel,Black-billed Koel
Eudynamys orientalis,"(Linnaeus, C, 1766)",Pacific Koel,Pacific Koel
Urodynamis taitensis,"(Sparrman, A, 1787)",Long-tailed Koel,Long-tailed Koel
Scythrops novaehollandiae,"Latham, J, 1790",Channel-billed Cuckoo,Channel-billed Cuckoo
Chrysococcyx maculatus,"(Gmelin, JF, 1788)",Asian Emerald Cuckoo,Asian Emerald Cuckoo
Chrysococcyx xanthorhynchus,"(Horsfield, T, 1821)",Violet Cuckoo,Violet Cuckoo
Chrysococcyx caprius,"(Boddaert, P, 1783)",Diederik Cuckoo,Dideric Cuckoo
Chrysococcyx klaas,"(Stephens, JF, 1815)",Klaas's Cuckoo,Klaas's Cuckoo
Chrysococcyx flavigularis,"Shelley, GE, 1880",Yellow-throated Cuckoo,Yellow-throated Cuckoo
Chrysococcyx cupreus,"(Shaw, G, 1792)",African Emerald Cuckoo,African Emerald Cuckoo
Chalcites megarhynchus,"(Gray, GR, 1858)",Long-billed Cuckoo,Long-billed Cuckoo
Chalcites basalis,"(Horsfield, T, 1821)",Horsfield's Bronze Cuckoo,Horsfield's Bronze-Cuckoo
Chalcites osculans,"Gould, J, 1847",Black-eared Cuckoo,Black-eared Cuckoo
Chalcites ruficollis,"(Salvadori, AT, 1876)",Rufous-throated Bronze Cuckoo,Rufous-throated Bronze-Cuckoo
Chalcites lucidus,"(Gmelin, JF, 1788)",Shining Bronze Cuckoo,Shining Bronze-Cuckoo
Chalcites meyerii,"(Salvadori, AT, 1874)",White-eared Bronze Cuckoo,White-eared Bronze-Cuckoo
Chalcites minutillus,"(Gould, J, 1859)",Little Bronze Cuckoo,Little Bronze-Cuckoo
Chalcites crassirostris,"(Salvadori, AT, 1878)",Pied Bronze Cuckoo,Pied Bronze-Cuckoo
Heteroscenes pallidus,"(Latham, J, 1801)",Pallid Cuckoo,Pallid Cuckoo
Caliechthrus leucolophus,"(Müller, S, 1840)",White-crowned Cuckoo,White-crowned Cuckoo
Cacomantis castaneiventris,"(Gould, J, 1867)",Chestnut-breasted Cuckoo,Chestnut-breasted Cuckoo
Cacomantis flabelliformis,"(Latham, J, 1801)",Fan-tailed Cuckoo,Fan-tailed Cuckoo
Cacomantis sonneratii,"(Latham, J, 1790)",Banded Bay Cuckoo,Banded Bay Cuckoo
Cacomantis merulinus,"(Scopoli, GA, 1786)",Plaintive Cuckoo,Plaintive Cuckoo
Cacomantis passerinus,"(Vahl, MH, 1797)",Grey-bellied Cuckoo,Gray-bellied Cuckoo
Cacomantis sepulcralis,"(Müller, S, 1843)",Sunda Brush Cuckoo,Sunda Brush Cuckoo
Cacomantis virescens,"(Brüggemann, F, 1876)",Sulawesi Brush Cuckoo,Sulawesi Brush Cuckoo
Cacomantis aeruginosus,"Salvadori, AT, 1878",Moluccan Brush Cuckoo,Moluccan Brush Cuckoo
Cacomantis variolosus,"(Vigors, NA; Horsfield, T, 1827)",Sahul Brush Cuckoo,Sahul Brush Cuckoo
Cacomantis addendus,"Rothschild, LW; Hartert, EJO, 1901",Solomons Brush Cuckoo,Solomons Brush Cuckoo
Cacomantis blandus,"Rothschild, LW; Hartert, EJO, 1914",Manus Brush Cuckoo,Manus Brush Cuckoo
Cercococcyx mechowi,"Cabanis, JL, 1882",Dusky Long-tailed Cuckoo,Dusky Long-tailed Cuckoo
Cercococcyx olivinus,"Sassi, M, 1912",Olive Long-tailed Cuckoo,Olive Long-tailed Cuckoo
Cercococcyx montanus,"Chapin, JP, 1928",Barred Long-tailed Cuckoo,Barred Long-tailed Cuckoo
Surniculus dicruroides,"(Hodgson, BH, 1839)",Fork-tailed Drongo-Cuckoo,Fork-tailed Drongo-Cuckoo
Surniculus velutinus,"Sharpe, RB, 1877",Philippine Drongo-Cuckoo,Philippine Drongo-Cuckoo
Surniculus lugubris,"(Horsfield, T, 1821)",Square-tailed Drongo-Cuckoo,Square-tailed Drongo-Cuckoo
Surniculus musschenbroeki,"Meyer, AB, 1878",Moluccan Drongo-Cuckoo,Moluccan Drongo-Cuckoo
Hierococcyx vagans,"(Müller, S, 1845)",Moustached Hawk-Cuckoo,Moustached Hawk-Cuckoo
Hierococcyx sparverioides,"(Vigors, NA, 1832)",Large Hawk-Cuckoo,Large Hawk-Cuckoo
Hierococcyx bocki,"Wardlaw-Ramsay, RG, 1886",Dark Hawk-Cuckoo,Dark Hawk-Cuckoo
Hierococcyx varius,"(Vahl, MH, 1797)",Common Hawk-Cuckoo,Common Hawk-Cuckoo
Hierococcyx hyperythrus,"(Gould, J, 1856)",Northern Hawk-Cuckoo,Northern Hawk-Cuckoo
Hierococcyx pectoralis,"Cabanis, JL; Heine, F, 1863",Philippine Hawk-Cuckoo,Philippine Hawk-Cuckoo
Hierococcyx nisicolor,"(Blyth, E, 1843)",Hodgson's Hawk-Cuckoo,Hodgson's Hawk-Cuckoo
Hierococcyx fugax,"(Horsfield, T, 1821)",Malaysian Hawk-Cuckoo,Malaysian Hawk-Cuckoo
Cuculus clamosus,"Latham, J, 1801",Black Cuckoo,Black Cuckoo
Cuculus solitarius,"Stephens, JF, 1815",Red-chested Cuckoo,Red-chested Cuckoo
Cuculus poliocephalus,"Latham, J, 1790",Lesser Cuckoo,Lesser Cuckoo
Cuculus crassirostris,"(Walden, A, 1872)",Sulawesi Cuckoo,Sulawesi Cuckoo
Cuculus micropterus,"Gould, J, 1838",Indian Cuckoo,Indian Cuckoo
Cuculus gularis,"Stephens, JF, 1815",African Cuckoo,African Cuckoo
Cuculus rochii,"Hartlaub, KJG, 1863",Madagascar Cuckoo,Madagascar Cuckoo
Cuculus saturatus,"Blyth, E, 1843",Himalayan Cuckoo,Himalayan Cuckoo
Cuculus lepidus,"Müller, S, 1845",Sunda Cuckoo,Sunda Cuckoo
Cuculus canorus,"Linnaeus, C, 1758",Common Cuckoo,Common Cuckoo
Cuculus optatus,"Gould, J, 1845",Oriental Cuckoo,Oriental Cuckoo
Monias benschi,"Oustalet, J-FÉ; Grandidier, G, 1903",Subdesert Mesite,Subdesert Mesite
Mesitornis variegatus,"(Geoffroy Saint-Hilaire, I, 1838)",White-breasted Mesite,White-breasted Mesite
Mesitornis unicolor,"(des Murs, MAPO, 1845)",Brown Mesite,Brown Mesite
Syrrhaptes paradoxus,"(Pallas, PS, 1773)",Pallas's Sandgrouse,Pallas's Sandgrouse
Syrrhaptes tibetanus,"Gould, J, 1850",Tibetan Sandgrouse,Tibetan Sandgrouse
Pterocles alchata,"(Linnaeus, C, 1766)",Pin-tailed Sandgrouse,Pin-tailed Sandgrouse
Pterocles namaqua,"(Gmelin, JF, 1789)",Namaqua Sandgrouse,Namaqua Sandgrouse
Pterocles exustus,"Temminck, CJ, 1825",Chestnut-bellied Sandgrouse,Chestnut-bellied Sandgrouse
Pterocles senegallus,"(Linnaeus, C, 1771)",Spotted Sandgrouse,Spotted Sandgrouse
Pterocles orientalis,"(Linnaeus, C, 1758)",Black-bellied Sandgrouse,Black-bellied Sandgrouse
Pterocles gutturalis,"Smith, A, 1836",Yellow-throated Sandgrouse,Yellow-throated Sandgrouse
Pterocles coronatus,"Lichtenstein, MHC, 1823",Crowned Sandgrouse,Crowned Sandgrouse
Pterocles decoratus,"Cabanis, JL, 1868",Black-faced Sandgrouse,Black-faced Sandgrouse
Pterocles personatus,"Gould, J, 1843",Madagascar Sandgrouse,Madagascar Sandgrouse
Pterocles lichtensteinii,"Temminck, CJ, 1825",Lichtenstein's Sandgrouse,Lichtenstein's Sandgrouse
Pterocles bicinctus,"Temminck, CJ, 1815",Double-banded Sandgrouse,Double-banded Sandgrouse
Pterocles quadricinctus,"Temminck, CJ, 1815",Four-banded Sandgrouse,Four-banded Sandgrouse
Pterocles indicus,"(Gmelin, JF, 1789)",Painted Sandgrouse,Painted Sandgrouse
Pterocles burchelli,"Sclater, WL, 1922",Burchell's Sandgrouse,Burchell's Sandgrouse
Claravis pretiosa,"(Ferrari-Pérez, F, 1886)",Blue Ground Dove,Blue Ground Dove
Uropelia campestris,"(Spix, JB, 1825)",Long-tailed Ground Dove,Long-tailed Ground Dove
Paraclaravis geoffroyi,"(Temminck, CJ, 1811)",Purple-winged Ground Dove,Purple-winged Ground Dove
Paraclaravis mondetoura,"(Bonaparte, CLJL, 1856)",Maroon-chested Ground Dove,Maroon-chested Ground Dove
Metriopelia ceciliae,"(Lesson, RP, 1845)",Bare-faced Ground Dove,Bare-faced Ground Dove
Metriopelia morenoi,"(Sharpe, RB, 1902)",Moreno's Ground Dove,Bare-eyed Ground Dove
Metriopelia melanoptera,"(Molina, GI, 1782)",Black-winged Ground Dove,Black-winged Ground Dove
Metriopelia aymara,"(Prévost, F, 1840)",Golden-spotted Ground Dove,Golden-spotted Ground Dove
Columbina inca,"(Lesson, RP, 1847)",Inca Dove,Inca Dove
Columbina passerina,"(Linnaeus, C, 1758)",Common Ground Dove,Common Ground Dove
Columbina minuta,"(Linnaeus, C, 1766)",Plain-breasted Ground Dove,Plain-breasted Ground Dove
Columbina talpacoti,"(Temminck, CJ, 1810)",Ruddy Ground Dove,Ruddy Ground Dove
Columbina buckleyi,"(Sclater, PL; Salvin, O, 1877)",Ecuadorian Ground Dove,Ecuadorian Ground Dove
Columbina squammata,"(Lesson, RP, 1831)",Scaled Dove,Scaled Dove
Columbina picui,"(Temminck, CJ, 1813)",Picui Ground Dove,Picui Ground Dove
Columbina cruziana,"(Prévost, F, 1842)",Croaking Ground Dove,Croaking Ground Dove
Columbina cyanopis,"(Pelzeln, A, 1870)",Blue-eyed Ground Dove,Blue-eyed Ground Dove
Starnoenas cyanocephala,"(Linnaeus, C, 1758)",Blue-headed Quail-Dove,Blue-headed Quail-Dove
Geotrygon purpurata,"(Salvin, O, 1878)",Purple Quail-Dove,Purple Quail-Dove
Geotrygon saphirina,"Bonaparte, CLJL, 1855",Sapphire Quail-Dove,Sapphire Quail-Dove
Geotrygon versicolor,"(de Lafresnaye, NFAA, 1846)",Crested Quail-Dove,Crested Quail-Dove
Geotrygon montana,"(Linnaeus, C, 1758)",Ruddy Quail-Dove,Ruddy Quail-Dove
Geotrygon violacea,"(Temminck, CJ, 1809)",Violaceous Quail-Dove,Violaceous Quail-Dove
Geotrygon caniceps,"(Gundlach, JC, 1852)",Grey-fronted Quail-Dove,Gray-fronted Quail-Dove
Geotrygon leucometopia,"(Chapman, FM, 1917)",White-fronted Quail-Dove,White-fronted Quail-Dove
Geotrygon chrysia,"Bonaparte, CLJL, 1855",Key West Quail-Dove,Key West Quail-Dove
Geotrygon mystacea,"(Temminck, CJ, 1811)",Bridled Quail-Dove,Bridled Quail-Dove
Leptotrygon veraguensis,"(Lawrence, GN, 1866)",Olive-backed Quail-Dove,Olive-backed Quail-Dove
Leptotila verreauxi,"Bonaparte, CLJL, 1855",White-tipped Dove,White-tipped Dove
Leptotila jamaicensis,"(Linnaeus, C, 1766)",Caribbean Dove,Caribbean Dove
Leptotila cassinii,"Lawrence, GN, 1867",Grey-chested Dove,Gray-chested Dove
Leptotila conoveri,"Bond, J; Meyer de Schauensee, R, 1943",Tolima Dove,Tolima Dove
Leptotila ochraceiventris,"Chapman, FM, 1914",Ochre-bellied Dove,Ochre-bellied Dove
Leptotila plumbeiceps,"Sclater, PL; Salvin, O, 1868",Grey-headed Dove,Gray-headed Dove
Leptotila rufaxilla,"(Richard, L-C; Bernard, J-P, 1792)",Grey-fronted Dove,Gray-fronted Dove
Leptotila wellsi,"(Lawrence, GN, 1884)",Grenada Dove,Grenada Dove
Leptotila pallida,"Berlepsch, HHCL; Taczanowski, W, 1884",Pallid Dove,Pallid Dove
Leptotila megalura,"Sclater, PL; Salvin, O, 1879",Yungas Dove,Large-tailed Dove
Zenaida meloda,"(Tschudi, JJ, 1843)",West Peruvian Dove,West Peruvian Dove
Zenaida asiatica,"(Linnaeus, C, 1758)",White-winged Dove,White-winged Dove
Zenaida graysoni,"(Lawrence, GN, 1871)",Socorro Dove,Socorro Dove
Zenaida macroura,"(Linnaeus, C, 1758)",Mourning Dove,Mourning Dove
Zenaida aurita,"(Temminck, CJ, 1809)",Zenaida Dove,Zenaida Dove
Zenaida galapagoensis,"Gould, J, 1841",Galapagos Dove,Galapagos Dove
Zenaida auriculata,"(des Murs, MAPO, 1847)",Eared Dove,Eared Dove
Zentrygon carrikeri,"(Wetmore, A, 1941)",Tuxtla Quail-Dove,Tuxtla Quail-Dove
Zentrygon costaricensis,"(Lawrence, GN, 1868)",Buff-fronted Quail-Dove,Buff-fronted Quail-Dove
Zentrygon lawrencii,"(Salvin, O, 1874)",Purplish-backed Quail-Dove,Purplish-backed Quail-Dove
Zentrygon albifacies,"(Sclater, PL, 1858)",White-faced Quail-Dove,White-faced Quail-Dove
Zentrygon frenata,"(Tschudi, JJ, 1843)",White-throated Quail-Dove,White-throated Quail-Dove
Zentrygon linearis,"(Prévost, F, 1843)",Lined Quail-Dove,Lined Quail-Dove
Zentrygon chiriquensis,"(Sclater, PL, 1856)",Chiriqui Quail-Dove,Chiriqui Quail-Dove
Zentrygon goldmani,"(Nelson, EW, 1912)",Russet-crowned Quail-Dove,Russet-crowned Quail-Dove
Reinwardtoena reinwardti,"(Temminck, CJ, 1824)",Great Cuckoo-Dove,Great Cuckoo-Dove
Reinwardtoena browni,"(Sclater, PL, 1877)",Pied Cuckoo-Dove,Pied Cuckoo-Dove
Reinwardtoena crassirostris,"(Gould, J, 1856)",Crested Cuckoo-Dove,Crested Cuckoo-Dove
Turacoena manadensis,"(Quoy, JRC; Gaimard, JP, 1832)",White-faced Cuckoo-Dove,White-faced Cuckoo-Dove
Turacoena sulaensis,"Forbes, HO; Robinson, HC, 1900",Sula Cuckoo-Dove,Sula Cuckoo-Dove
Turacoena modesta,"(Temminck, CJ, 1835)",Black Cuckoo-Dove,Slaty Cuckoo-Dove
Macropygia unchall,"(Wagler, JG, 1827)",Barred Cuckoo-Dove,Barred Cuckoo-Dove
Macropygia phasianella,"(Temminck, CJ, 1821)",Brown Cuckoo-Dove,Brown Cuckoo-Dove
Macropygia macassariensis,"Wallace, AR, 1865",Flores Sea Cuckoo-Dove,Flores Sea Cuckoo-Dove
Macropygia magna,"Wallace, AR, 1864",Timor Cuckoo-Dove,Timor Cuckoo-Dove
Macropygia timorlaoensis,"Meyer, AB, 1884",Tanimbar Cuckoo-Dove,Tanimbar Cuckoo-Dove
Macropygia amboinensis,"(Linnaeus, C, 1766)",Amboyna Cuckoo-Dove,Amboyna Cuckoo-Dove
Macropygia doreya,"Bonaparte, CLJL, 1854",Sultan's Cuckoo-Dove,Sultan's Cuckoo-Dove
Macropygia rufipennis,"Blyth, E, 1846",Andaman Cuckoo-Dove,Andaman Cuckoo-Dove
Macropygia tenuirostris,"Bonaparte, CLJL, 1854",Philippine Cuckoo-Dove,Philippine Cuckoo-Dove
Macropygia emiliana,"Bonaparte, CLJL, 1854",Ruddy Cuckoo-Dove,Ruddy Cuckoo-Dove
Macropygia cinnamomea,"Salvadori, AT, 1892",Enggano Cuckoo-Dove,Enggano Cuckoo-Dove
Macropygia modiglianii,"Salvadori, AT, 1887",Barusan Cuckoo-Dove,Barusan Cuckoo-Dove
Macropygia nigrirostris,"Salvadori, AT, 1876",Bar-tailed Cuckoo-Dove,Black-billed Cuckoo-Dove
Macropygia mackinlayi,"Ramsay, EP, 1878",Spot-breasted Cuckoo-Dove,Spot-breasted Cuckoo-Dove
Macropygia ruficeps,"(Temminck, CJ, 1835)",Little Cuckoo-Dove,Little Cuckoo-Dove
Ectopistes migratorius,"(Linnaeus, C, 1766)",Passenger Pigeon,Passenger Pigeon
Patagioenas cayennensis,"(Bonnaterre, PJ, 1792)",Pale-vented Pigeon,Pale-vented Pigeon
Patagioenas speciosa,"(Gmelin, JF, 1789)",Scaled Pigeon,Scaled Pigeon
Patagioenas squamosa,"(Bonnaterre, PJ, 1792)",Scaly-naped Pigeon,Scaly-naped Pigeon
Patagioenas picazuro,"(Temminck, CJ, 1813)",Picazuro Pigeon,Picazuro Pigeon
Patagioenas corensis,"(Jacquin, JF, 1784)",Bare-eyed Pigeon,Bare-eyed Pigeon
Patagioenas maculosa,"(Temminck, CJ, 1813)",Spot-winged Pigeon,Spot-winged Pigeon
Patagioenas leucocephala,"(Linnaeus, C, 1758)",White-crowned Pigeon,White-crowned Pigeon
Patagioenas flavirostris,"(Wagler, JG, 1831)",Red-billed Pigeon,Red-billed Pigeon
Patagioenas inornata,"(Vigors, NA, 1827)",Plain Pigeon,Plain Pigeon
Patagioenas fasciata,"(Say, T, 1822)",Band-tailed Pigeon,Band-tailed Pigeon
Patagioenas araucana,"(Lesson, RP; Garnot, P, 1827)",Chilean Pigeon,Chilean Pigeon
Patagioenas caribaea,"(Jacquin, JF, 1784)",Ring-tailed Pigeon,Ring-tailed Pigeon
Patagioenas oenops,"(Salvin, O, 1895)",Maranon Pigeon,Peruvian Pigeon
Patagioenas plumbea,"(Vieillot, LJP, 1818)",Plumbeous Pigeon,Plumbeous Pigeon
Patagioenas subvinacea,"(Lawrence, GN, 1868)",Ruddy Pigeon,Ruddy Pigeon
Patagioenas nigrirostris,"(Sclater, PL, 1860)",Short-billed Pigeon,Short-billed Pigeon
Patagioenas goodsoni,"(Hartert, EJO, 1902)",Dusky Pigeon,Dusky Pigeon
Spilopelia chinensis,"(Scopoli, GA, 1786)",Spotted Dove,Spotted Dove
Spilopelia senegalensis,"(Linnaeus, C, 1766)",Laughing Dove,Laughing Dove
Nesoenas picturatus,"(Temminck, CJ, 1813)",Malagasy Turtle Dove,Malagasy Turtle-Dove
Nesoenas mayeri,"(Prévost, F, 1843)",Pink Pigeon,Pink Pigeon
Nesoenas rodericanus,"(Milne-Edwards, A, 1873)",Rodrigues Pigeon,Rodrigues Turtle-Dove
Aplopelia larvata,"(Temminck, CJ, 1809)",Lemon Dove,Lemon Dove
Streptopelia bitorquata,"(Temminck, CJ, 1809)",Sunda Collared Dove,Sunda Collared-Dove
Streptopelia dusumieri,"(Temminck, CJ, 1823)",Philippine Collared Dove,Philippine Collared-Dove
Streptopelia tranquebarica,"(Hermann, J, 1804)",Red Collared Dove,Red Collared-Dove
Streptopelia orientalis,"(Latham, J, 1790)",Oriental Turtle Dove,Oriental Turtle-Dove
Streptopelia turtur,"(Linnaeus, C, 1758)",European Turtle Dove,European Turtle-Dove
Streptopelia lugens,"(Rüppell, WPES, 1837)",Dusky Turtle Dove,Dusky Turtle-Dove
Streptopelia hypopyrrha,"(Reichenow, A, 1910)",Adamawa Turtle Dove,Adamawa Turtle-Dove
Streptopelia vinacea,"(Gmelin, JF, 1789)",Vinaceous Dove,Vinaceous Dove
Streptopelia capicola,"(Sundevall, CJ, 1857)",Ring-necked Dove,Ring-necked Dove
Streptopelia semitorquata,"(Rüppell, WPES, 1837)",Red-eyed Dove,Red-eyed Dove
Streptopelia decipiens,"(Hartlaub, KJG; Finsch, FHO, 1870)",Mourning Collared Dove,Mourning Collared-Dove
Streptopelia decaocto,"(Frivaldszky, I, 1838)",Eurasian Collared Dove,Eurasian Collared-Dove
Streptopelia xanthocycla,"(Newman, TH, 1906)",Burmese Collared Dove,Burmese Collared-Dove
Streptopelia reichenowi,"(Erlanger, C, 1901)",White-winged Collared Dove,White-winged Collared-Dove
Streptopelia roseogrisea,"(Sundevall, CJ, 1857)",African Collared Dove,African Collared-Dove
Columba delegorguei,"Delegorgue, LA, 1847",Eastern Bronze-naped Pigeon,Eastern Bronze-naped Pigeon
Columba malherbii,"Verreaux, JP; Verreaux, JBÉ, 1851",Island Bronze-naped Pigeon,Sao Tome Pigeon
Columba iriditorques,"Cassin, J, 1857",Western Bronze-naped Pigeon,Western Bronze-naped Pigeon
Columba janthina,"Temminck, CJ, 1830",Black Wood Pigeon,Black Wood-Pigeon
Columba jouyi,"(Stejneger, LH, 1887)",Ryukyu Wood Pigeon,Ryukyu Pigeon
Columba versicolor,"Kittlitz, FH, 1832",Bonin Wood Pigeon,Bonin Pigeon
Columba vitiensis,"Quoy, JRC; Gaimard, JP, 1832",Metallic Pigeon,Metallic Pigeon
Columba leucomela,"Temminck, CJ, 1821",White-headed Pigeon,White-headed Pigeon
Columba pallidiceps,"(Ramsay, EP, 1878)",Yellow-legged Pigeon,Yellow-legged Pigeon
Columba pulchricollis,"Blyth, E, 1846",Ashy Wood Pigeon,Ashy Wood-Pigeon
Columba elphinstonii,"(Sykes, WH, 1832)",Nilgiri Wood Pigeon,Nilgiri Wood-Pigeon
Columba torringtoniae,"(Kelaart, EF, 1853)",Sri Lanka Wood Pigeon,Sri Lanka Wood-Pigeon
Columba punicea,"Blyth, E, 1842",Pale-capped Pigeon,Pale-capped Pigeon
Columba argentina,"Bonaparte, CLJL, 1854",Silvery Pigeon,Silvery Wood-Pigeon
Columba palumboides,"(Hume, AO, 1873)",Andaman Wood Pigeon,Andaman Wood-Pigeon
Columba junoniae,"Hartert, EJO, 1916",Laurel Pigeon,Laurel Pigeon
Columba hodgsonii,"Vigors, NA, 1832",Speckled Wood Pigeon,Speckled Wood-Pigeon
Columba albinucha,"Sassi, M, 1911",White-naped Pigeon,White-naped Pigeon
Columba arquatrix,"Temminck, CJ, 1808",African Olive Pigeon,Rameron Pigeon
Columba pollenii,"Schlegel, H, 1865",Comoro Olive Pigeon,Comoro Pigeon
Columba thomensis,"Bocage, JVB, 1888",Sao Tome Olive Pigeon,Maroon Pigeon
Columba palumbus,"Linnaeus, C, 1758",Common Wood Pigeon,Common Wood-Pigeon
Columba sjostedti,"Reichenow, A, 1901",Cameroon Olive Pigeon,Cameroon Pigeon
Columba trocaz,"Heineken, C, 1829",Trocaz Pigeon,Trocaz Pigeon
Columba bollii,"Godman, FD, 1872",Bolle's Pigeon,Bolle's Pigeon
Columba unicincta,"Cassin, J, 1860",Afep Pigeon,Afep Pigeon
Columba guinea,"Linnaeus, C, 1758",Speckled Pigeon,Speckled Pigeon
Columba albitorques,"Rüppell, WPES, 1837",White-collared Pigeon,White-collared Pigeon
Columba leuconota,"Vigors, NA, 1831",Snow Pigeon,Snow Pigeon
Columba rupestris,"Pallas, PS, 1811",Hill Pigeon,Hill Pigeon
Columba livia,"Gmelin, JF, 1789",Rock Dove,Rock Pigeon
Columba oenas,"Linnaeus, C, 1758",Stock Dove,Stock Dove
Columba eversmanni,"Bonaparte, CLJL, 1856",Yellow-eyed Pigeon,Yellow-eyed Pigeon
Columba oliviae,"Clarke, SR, 1918",Somali Pigeon,Somali Pigeon
Chalcophaps indica,"(Linnaeus, C, 1758)",Common Emerald Dove,Asian Emerald Dove
Chalcophaps longirostris,"Gould, J, 1848",Pacific Emerald Dove,Pacific Emerald Dove
Chalcophaps stephani,"Pucheran, J, 1853",Stephan's Emerald Dove,Stephan's Dove
Oena capensis,"(Linnaeus, C, 1766)",Namaqua Dove,Namaqua Dove
Turtur tympanistria,"(Temminck, CJ, 1809)",Tambourine Dove,Tambourine Dove
Turtur brehmeri,"(Hartlaub, KJG, 1865)",Blue-headed Wood Dove,Blue-headed Wood-Dove
Turtur afer,"(Linnaeus, C, 1766)",Blue-spotted Wood Dove,Blue-spotted Wood-Dove
Turtur chalcospilos,"(Wagler, JG, 1827)",Emerald-spotted Wood Dove,Emerald-spotted Wood-Dove
Turtur abyssinicus,"(Sharpe, RB, 1902)",Black-billed Wood Dove,Black-billed Wood-Dove
Treron olax,"(Temminck, CJ, 1823)",Little Green Pigeon,Little Green-Pigeon
Treron vernans,"(Linnaeus, C, 1771)",Pink-necked Green Pigeon,Pink-necked Green-Pigeon
Treron fulvicollis,"(Wagler, JG, 1827)",Cinnamon-headed Green Pigeon,Cinnamon-headed Green-Pigeon
Treron bicinctus,"(Jerdon, TC, 1840)",Orange-breasted Green Pigeon,Orange-breasted Green-Pigeon
Treron pompadora,"(Gmelin, JF, 1789)",Sri Lanka Green Pigeon,Sri Lanka Green-Pigeon
Treron affinis,"(Jerdon, TC, 1840)",Grey-fronted Green Pigeon,Gray-fronted Green-Pigeon
Treron chloropterus,"Blyth, E, 1846",Andaman Green Pigeon,Andaman Green-Pigeon
Treron phayrei,"(Blyth, E, 1862)",Ashy-headed Green Pigeon,Ashy-headed Green-Pigeon
Treron axillaris,"(Bonaparte, CLJL, 1855)",Philippine Green Pigeon,Philippine Green-Pigeon
Treron aromaticus,"(Gmelin, JF, 1789)",Buru Green Pigeon,Buru Green-Pigeon
Treron curvirostra,"(Gmelin, JF, 1789)",Thick-billed Green Pigeon,Thick-billed Green-Pigeon
Treron griseicauda,"Bonaparte, CLJL, 1857",Grey-cheeked Green Pigeon,Gray-cheeked Green-Pigeon
Treron teysmannii,"Schlegel, H, 1879",Sumba Green Pigeon,Sumba Green-Pigeon
Treron floris,"Wallace, AR, 1864",Flores Green Pigeon,Flores Green-Pigeon
Treron psittaceus,"(Temminck, CJ, 1808)",Timor Green Pigeon,Timor Green-Pigeon
Treron capellei,"(Temminck, CJ, 1822)",Large Green Pigeon,Large Green-Pigeon
Treron phoenicopterus,"(Latham, J, 1790)",Yellow-footed Green Pigeon,Yellow-footed Green-Pigeon
Treron waalia,"(Meyer, FAA, 1793)",Bruce's Green Pigeon,Bruce's Green-Pigeon
Treron griveaudi,"Benson, CW, 1960",Comoro Green Pigeon,Comoro Green-Pigeon
Treron australis,"(Linnaeus, C, 1771)",Madagascar Green Pigeon,Madagascar Green-Pigeon
Treron pembaensis,"Pakenham, RHW, 1940",Pemba Green Pigeon,Pemba Green-Pigeon
Treron sanctithomae,"(Gmelin, JF, 1789)",Sao Tome Green Pigeon,Sao Tome Green-Pigeon
Treron seimundi,"(Robinson, HC, 1910)",Yellow-vented Green Pigeon,Yellow-vented Green-Pigeon
Treron apicauda,"Blyth, E, 1846",Pin-tailed Green Pigeon,Pin-tailed Green-Pigeon
Treron calvus,"(Temminck, CJ, 1811)",African Green Pigeon,African Green-Pigeon
Treron oxyurus,"(Temminck, CJ, 1823)",Sumatran Green Pigeon,Sumatran Green-Pigeon
Treron sphenurus,"(Vigors, NA, 1832)",Wedge-tailed Green Pigeon,Wedge-tailed Green-Pigeon
Treron sieboldii,"(Temminck, CJ, 1835)",White-bellied Green Pigeon,White-bellied Green-Pigeon
Treron formosae,"Swinhoe, R, 1863",Whistling Green Pigeon,Whistling Green-Pigeon
Phapitreron leucotis,"(Temminck, CJ, 1823)",White-eared Brown Dove,White-eared Brown-Dove
Phapitreron amethystinus,"Bonaparte, CLJL, 1854",Amethyst Brown Dove,Amethyst Brown-Dove
Phapitreron brunneiceps,"(Bourns, FS; Worcester, DC, 1894)",Mindanao Brown Dove,Mindanao Brown-Dove
Phapitreron cinereiceps,"(Bourns, FS; Worcester, DC, 1894)",Tawitawi Brown Dove,Tawitawi Brown-Dove
Gallicolumba tristigmata,"(Bonaparte, CLJL, 1855)",Sulawesi Ground Dove,Sulawesi Ground Dove
Gallicolumba rufigula,"(Pucheran, J, 1853)",Cinnamon Ground Dove,Cinnamon Ground Dove
Gallicolumba platenae,"(Salvadori, AT, 1893)",Mindoro Bleeding-heart,Mindoro Bleeding-heart
Gallicolumba keayi,"(Clarke, WE, 1900)",Negros Bleeding-heart,Negros Bleeding-heart
Gallicolumba menagei,"(Bourns, FS; Worcester, DC, 1894)",Sulu Bleeding-heart,Sulu Bleeding-heart
Gallicolumba luzonica,"(Scopoli, GA, 1786)",Luzon Bleeding-heart,Luzon Bleeding-heart
Gallicolumba crinigera,"(Pucheran, J, 1853)",Mindanao Bleeding-heart,Mindanao Bleeding-heart
Henicophaps foersteri,"Rothschild, LW; Hartert, EJO, 1906",New Britain Bronzewing,New Britain Bronzewing
Henicophaps albifrons,"Gray, GR, 1862",New Guinea Bronzewing,New Guinea Bronzewing
Pampusana hoedtii,"(Schlegel, H, 1871)",Wetar Ground Dove,Wetar Ground Dove
Pampusana stairi,"(Gray, GR, 1856)",Shy Ground Dove,Shy Ground Dove
Pampusana sanctaecrucis,"(Mayr, E, 1935)",Santa Cruz Ground Dove,Santa Cruz Ground Dove
Pampusana salamonis,"(Ramsay, EP, 1882)",Thick-billed Ground Dove,Thick-billed Ground Dove
Pampusana ferruginea,"(Forster, JR, 1844)",Tanna Ground Dove,Tanna Ground Dove
Pampusana beccarii,"(Salvadori, AT, 1876)",Bronze Ground Dove,Bronze Ground Dove
Pampusana canifrons,"(Hartlaub, KJG; Finsch, FHO, 1872)",Palau Ground Dove,Palau Ground Dove
Pampusana jobiensis,"(Meyer, AB, 1875)",White-breasted Ground Dove,White-bibbed Ground Dove
Pampusana rubescens,"(Vieillot, LJP, 1818)",Marquesan Ground Dove,Marquesan Ground Dove
Pampusana kubaryi,"(Finsch, FHO, 1880)",White-fronted Ground Dove,Caroline Islands Ground Dove
Pampusana erythroptera,"(Gmelin, JF, 1789)",Polynesian Ground Dove,Polynesian Ground Dove
Pampusana xanthonura,"(Temminck, CJ, 1823)",White-throated Ground Dove,White-throated Ground Dove
Pampusana norfolkensis,"(Forshaw, JM, 2015)",Norfolk Ground Dove,Norfolk Ground Dove
Leucosarcia melanoleuca,"(Latham, J, 1801)",Wonga Pigeon,Wonga Pigeon
Phaps chalcoptera,"(Latham, J, 1790)",Common Bronzewing,Common Bronzewing
Phaps elegans,"(Temminck, CJ, 1809)",Brush Bronzewing,Brush Bronzewing
Phaps histrionica,"(Gould, J, 1841)",Flock Bronzewing,Flock Bronzewing
Geopelia cuneata,"(Latham, J, 1801)",Diamond Dove,Diamond Dove
Geopelia humeralis,"(Temminck, CJ, 1821)",Bar-shouldered Dove,Bar-shouldered Dove
Geopelia striata,"(Linnaeus, C, 1766)",Zebra Dove,Zebra Dove
Geopelia placida,"Gould, J, 1844",Peaceful Dove,Peaceful Dove
Geopelia maugeus,"(Temminck, CJ, 1809)",Barred Dove,Barred Dove
Petrophassa rufipennis,"Collett, R, 1898",Chestnut-quilled Rock Pigeon,Chestnut-quilled Rock-Pigeon
Petrophassa albipennis,"Gould, J, 1841",White-quilled Rock Pigeon,White-quilled Rock-Pigeon
Ocyphaps lophotes,"(Temminck, CJ, 1822)",Crested Pigeon,Crested Pigeon
Geophaps plumifera,"Gould, J, 1842",Spinifex Pigeon,Spinifex Pigeon
Geophaps scripta,"(Temminck, CJ, 1821)",Squatter Pigeon,Squatter Pigeon
Geophaps smithii,"(Jardine, W; Selby, PJ, 1830)",Partridge Pigeon,Partridge Pigeon
Trugon terrestris,"Gray, GR, 1849",Thick-billed Ground Pigeon,Thick-billed Ground-Pigeon
Microgoura meeki,"Rothschild, LW, 1904",Choiseul Pigeon,Choiseul Pigeon
Otidiphaps nobilis,"Gould, J, 1870",Pheasant Pigeon,Pheasant Pigeon
Goura cristata,"(Pallas, PS, 1764)",Western Crowned Pigeon,Western Crowned-Pigeon
Goura sclaterii,"Salvadori, AT, 1876",Sclater's Crowned Pigeon,Sclater's Crowned-Pigeon
Goura scheepmakeri,"Finsch, FHO, 1876",Scheepmaker's Crowned Pigeon,Scheepmaker's Crowned-Pigeon
Goura victoria,"(Fraser, L, 1844)",Victoria Crowned Pigeon,Victoria Crowned-Pigeon
Didunculus strigirostris,"(Jardine, W, 1845)",Tooth-billed Pigeon,Tooth-billed Pigeon
Raphus cucullatus,"(Linnaeus, C, 1758)",Dodo,Dodo
Pezophaps solitaria,"(Gmelin, JF, 1789)",Rodrigues Solitaire,Rodrigues Solitaire
Caloenas maculata,"(Gmelin, JF, 1789)",Spotted Green Pigeon,Spotted Green Pigeon
Caloenas nicobarica,"(Linnaeus, C, 1758)",Nicobar Pigeon,Nicobar Pigeon
Hemiphaga chathamensis,"(Rothschild, LW, 1891)",Chatham Islands Pigeon,Chatham Islands Pigeon
Hemiphaga novaeseelandiae,"(Gmelin, JF, 1789)",New Zealand Pigeon,New Zealand Pigeon
Cryptophaps poecilorrhoa,"(Brüggemann, F, 1876)",Sombre Pigeon,Sombre Pigeon
Lopholaimus antarcticus,"(Shaw, G, 1793)",Topknot Pigeon,Topknot Pigeon
Gymnophaps albertisii,"Salvadori, AT, 1874",Papuan Mountain Pigeon,Papuan Mountain-Pigeon
Gymnophaps mada,"(Hartert, EJO, 1899)",Buru Mountain Pigeon,Buru Mountain-Pigeon
Gymnophaps stalkeri,"(Ogilvie-Grant, WR, 1911)",Seram Mountain Pigeon,Seram Mountain-Pigeon
Gymnophaps solomonensis,"Mayr, E, 1931",Pale Mountain Pigeon,Pale Mountain-Pigeon
Ducula poliocephala,"(Gray, GR, 1844)",Pink-bellied Imperial Pigeon,Pink-bellied Imperial-Pigeon
Ducula forsteni,"(Bonaparte, CLJL, 1854)",White-bellied Imperial Pigeon,White-bellied Imperial-Pigeon
Ducula mindorensis,"(Whitehead, J, 1896)",Mindoro Imperial Pigeon,Mindoro Imperial-Pigeon
Ducula radiata,"(Quoy, JRC; Gaimard, JP, 1832)",Grey-headed Imperial Pigeon,Gray-headed Imperial-Pigeon
Ducula carola,"(Bonaparte, CLJL, 1854)",Spotted Imperial Pigeon,Spotted Imperial-Pigeon
Ducula aenea,"(Linnaeus, C, 1766)",Green Imperial Pigeon,Green Imperial-Pigeon
Ducula oenothorax,"(Salvadori, AT, 1892)",Enggano Imperial Pigeon,Enggano Imperial-Pigeon
Ducula nicobarica,"(Pelzeln, A, 1865)",Nicobar Imperial Pigeon,Nicobar Imperial-Pigeon
Ducula perspicillata,"(Temminck, CJ, 1824)",Spectacled Imperial Pigeon,Spectacled Imperial-Pigeon
Ducula neglecta,"(Schlegel, H, 1866)",Seram Imperial Pigeon,Seram Imperial-Pigeon
Ducula concinna,"(Wallace, AR, 1865)",Elegant Imperial Pigeon,Elegant Imperial-Pigeon
Ducula pacifica,"(Gmelin, JF, 1789)",Pacific Imperial Pigeon,Pacific Imperial-Pigeon
Ducula rubricera,"(Bonaparte, CLJL, 1854)",Red-knobbed Imperial Pigeon,Red-knobbed Imperial-Pigeon
Ducula oceanica,"(Desmarest, A-G, 1826)",Micronesian Imperial Pigeon,Micronesian Imperial-Pigeon
Ducula aurorae,"(Peale, TR, 1849)",Polynesian Imperial Pigeon,Polynesian Imperial-Pigeon
Ducula galeata,"(Bonaparte, CLJL, 1855)",Nuku Hiva Imperial Pigeon,Nuku Hiva Imperial-Pigeon
Ducula myristicivora,"(Scopoli, GA, 1786)",Spice Imperial Pigeon,Spice Imperial-Pigeon
Ducula geelvinkiana,"(Schlegel, H, 1873)",Geelvink Imperial Pigeon,Geelvink Imperial-Pigeon
Ducula rufigaster,"(Quoy, JRC; Gaimard, JP, 1832)",Purple-tailed Imperial Pigeon,Purple-tailed Imperial-Pigeon
Ducula basilica,"Bonaparte, CLJL, 1854",Cinnamon-bellied Imperial Pigeon,Cinnamon-bellied Imperial-Pigeon
Ducula finschii,"(Ramsay, EP, 1882)",Finsch's Imperial Pigeon,Finsch's Imperial-Pigeon
Ducula chalconota,"(Salvadori, AT, 1874)",Rufescent Imperial Pigeon,Rufescent Imperial-Pigeon
Ducula pistrinaria,"Bonaparte, CLJL, 1855",Island Imperial Pigeon,Island Imperial-Pigeon
Ducula rosacea,"(Temminck, CJ, 1836)",Pink-headed Imperial Pigeon,Pink-headed Imperial-Pigeon
Ducula whartoni,"(Sharpe, RB, 1887)",Christmas Imperial Pigeon,Christmas Island Imperial-Pigeon
Ducula pickeringii,"(Cassin, J, 1855)",Grey Imperial Pigeon,Gray Imperial-Pigeon
Ducula latrans,"(Peale, TR, 1849)",Barking Imperial Pigeon,Barking Imperial-Pigeon
Ducula brenchleyi,"(Gray, GR, 1870)",Chestnut-bellied Imperial Pigeon,Chestnut-bellied Imperial-Pigeon
Ducula bakeri,"(Kinnear, NB, 1928)",Vanuatu Imperial Pigeon,Baker's Imperial-Pigeon
Ducula goliath,"(Gray, GR, 1859)",Goliath Imperial Pigeon,New Caledonian Imperial-Pigeon
Ducula pinon,"(Gaimard, JP, 1823)",Pinon's Imperial Pigeon,Pinon's Imperial-Pigeon
Ducula melanochroa,"(Sclater, PL, 1878)",Black Imperial Pigeon,Bismarck Imperial-Pigeon
Ducula mullerii,"(Temminck, CJ, 1835)",Collared Imperial Pigeon,Collared Imperial-Pigeon
Ducula zoeae,"(Desmarest, A-G, 1826)",Zoe's Imperial Pigeon,Zoe's Imperial-Pigeon
Ducula cuprea,"(Jerdon, TC, 1840)",Malabar Imperial Pigeon,Malabar Imperial-Pigeon
Ducula badia,"(Raffles, TS, 1822)",Mountain Imperial Pigeon,Mountain Imperial-Pigeon
Ducula lacernulata,"(Temminck, CJ, 1822)",Dark-backed Imperial Pigeon,Dark-backed Imperial-Pigeon
Ducula cineracea,"(Temminck, CJ, 1835)",Timor Imperial Pigeon,Timor Imperial-Pigeon
Ducula bicolor,"(Scopoli, GA, 1786)",Pied Imperial Pigeon,Pied Imperial-Pigeon
Ducula subflavescens,"(Finsch, FHO, 1886)",Yellowish Imperial Pigeon,Yellowish Imperial-Pigeon
Ducula spilorrhoa,"(Gray, GR, 1858)",Torresian Imperial Pigeon,Torresian Imperial-Pigeon
Ducula luctuosa,"(Temminck, CJ, 1824)",Silver-tipped Imperial Pigeon,Silver-tipped Imperial-Pigeon
Megaloprepia formosa,"(Gray, GR, 1861)",Scarlet-breasted Fruit Dove,Scarlet-breasted Fruit-Dove
Megaloprepia magnifica,"(Temminck, CJ, 1821)",Wompoo Fruit Dove,Wompoo Fruit-Dove
Ramphiculus occipitalis,"(Gray, GR, 1844)",Yellow-breasted Fruit Dove,Yellow-breasted Fruit-Dove
Ramphiculus marchei,"(Oustalet, J-FÉ, 1880)",Flame-breasted Fruit Dove,Flame-breasted Fruit-Dove
Ramphiculus merrilli,"(McGregor, RC, 1916)",Cream-breasted Fruit Dove,Cream-breasted Fruit-Dove
Ramphiculus fischeri,"(Brüggemann, F, 1876)",Red-eared Fruit Dove,Red-eared Fruit-Dove
Ramphiculus jambu,"(Gmelin, JF, 1789)",Jambu Fruit Dove,Jambu Fruit-Dove
Ramphiculus gularis,"(Quoy, JRC; Gaimard, JP, 1832)",Oberholser's Fruit Dove,Maroon-chinned Fruit-Dove
Ramphiculus subgularis,"(Meyer, AB; Wiglesworth, LW, 1896)",Banggai Fruit Dove,Banggai Fruit-Dove
Ramphiculus mangoliensis,"(Rothschild, LW, 1898)",Sula Fruit Dove,Sula Fruit-Dove
Ramphiculus leclancheri,"(Bonaparte, CLJL, 1855)",Black-chinned Fruit Dove,Black-chinned Fruit-Dove
Alectroenas nitidissimus,"(Scopoli, GA, 1786)",Mauritius Blue Pigeon,Mauritius Blue-Pigeon
Alectroenas madagascariensis,"(Linnaeus, C, 1766)",Madagascar Blue Pigeon,Madagascar Blue-Pigeon
Alectroenas sganzini,"(Bonaparte, CLJL, 1854)",Comoro Blue Pigeon,Comoro Blue-Pigeon
Alectroenas pulcherrimus,"(Scopoli, GA, 1786)",Seychelles Blue Pigeon,Seychelles Blue-Pigeon
Ptilinopus cinctus,"(Temminck, CJ, 1809)",Banded Fruit Dove,Black-backed Fruit-Dove
Ptilinopus alligator,"Collett, R, 1898",Black-banded Fruit Dove,Black-banded Fruit-Dove
Ptilinopus dohertyi,"Rothschild, LW, 1896",Red-naped Fruit Dove,Red-naped Fruit-Dove
Ptilinopus porphyreus,"(Temminck, CJ, 1822)",Pink-headed Fruit Dove,Pink-headed Fruit-Dove
Ptilinopus perlatus,"(Temminck, CJ, 1835)",Pink-spotted Fruit Dove,Pink-spotted Fruit-Dove
Ptilinopus ornatus,"Schlegel, H, 1871",Ornate Fruit Dove,Ornate Fruit-Dove
Ptilinopus tannensis,"(Latham, J, 1790)",Tanna Fruit Dove,Tanna Fruit-Dove
Ptilinopus aurantiifrons,"Gray, GR, 1858",Orange-fronted Fruit Dove,Orange-fronted Fruit-Dove
Ptilinopus wallacii,"Gray, GR, 1858",Wallace's Fruit Dove,Wallace's Fruit-Dove
Ptilinopus superbus,"(Temminck, CJ, 1809)",Superb Fruit Dove,Superb Fruit-Dove
Ptilinopus perousii,"Peale, TR, 1849",Many-colored Fruit Dove,Many-colored Fruit-Dove
Ptilinopus ponapensis,"Finsch, FHO, 1878",Purple-capped Fruit Dove,Purple-capped Fruit-Dove
Ptilinopus hernsheimi,"Finsch, FHO, 1880",Kosrae Fruit Dove,Kosrae Fruit-Dove
Ptilinopus porphyraceus,"(Temminck, CJ, 1821)",Crimson-crowned Fruit Dove,Crimson-crowned Fruit-Dove
Ptilinopus pelewensis,"Hartlaub, KJG; Finsch, FHO, 1868",Palau Fruit Dove,Palau Fruit-Dove
Ptilinopus rarotongensis,"Hartlaub, KJG; Finsch, FHO, 1871",Lilac-crowned Fruit Dove,Cook Islands Fruit-Dove
Ptilinopus roseicapilla,"(Lesson, RP, 1831)",Mariana Fruit Dove,Mariana Fruit-Dove
Ptilinopus regina,"Swainson, WJ, 1825",Rose-crowned Fruit Dove,Rose-crowned Fruit-Dove
Ptilinopus richardsii,"Ramsay, EP, 1882",Silver-capped Fruit Dove,Silver-capped Fruit-Dove
Ptilinopus chrysogaster,"Gray, GR, 1854",Raiatea Fruit Dove,Raiatea Fruit-Dove
Ptilinopus purpuratus,"(Gmelin, JF, 1789)",Grey-green Fruit Dove,Gray-green Fruit-Dove
Ptilinopus chalcurus,"Gray, GR, 1860",Makatea Fruit Dove,Makatea Fruit-Dove
Ptilinopus coralensis,"Peale, TR, 1849",Atoll Fruit Dove,Atoll Fruit-Dove
Ptilinopus greyi,"Bonaparte, CLJL, 1857",Red-bellied Fruit Dove,Red-bellied Fruit-Dove
Ptilinopus huttoni,"Finsch, FHO, 1874",Rapa Fruit Dove,Rapa Fruit-Dove
Ptilinopus dupetithouarsii,"(Néboux, A-S, 1840)",White-capped Fruit Dove,White-capped Fruit-Dove
Ptilinopus mercierii,"(des Murs, MAPO; Prévost, F, 1849)",Red-moustached Fruit Dove,Red-moustached Fruit-Dove
Ptilinopus insularis,"North, AJ, 1908",Henderson Fruit Dove,Henderson Island Fruit-Dove
Ptilinopus coronulatus,"Gray, GR, 1858",Coroneted Fruit Dove,Coroneted Fruit-Dove
Ptilinopus pulchellus,"(Temminck, CJ, 1835)",Beautiful Fruit Dove,Beautiful Fruit-Dove
Ptilinopus monacha,"(Temminck, CJ, 1824)",Blue-capped Fruit Dove,Blue-capped Fruit-Dove
Ptilinopus rivoli,"(Prévost, F, 1843)",White-bibbed Fruit Dove,White-breasted Fruit-Dove
Ptilinopus speciosus,"Schlegel, H, 1871",Geelvink Fruit Dove,Geelvink Fruit-Dove
Ptilinopus solomonensis,"Gray, GR, 1870",Yellow-bibbed Fruit Dove,Yellow-bibbed Fruit-Dove
Ptilinopus viridis,"(Linnaeus, C, 1766)",Claret-breasted Fruit Dove,Claret-breasted Fruit-Dove
Ptilinopus eugeniae,"(Gould, J, 1856)",White-headed Fruit Dove,White-headed Fruit-Dove
Ptilinopus iozonus,"Gray, GR, 1858",Orange-bellied Fruit Dove,Orange-bellied Fruit-Dove
Ptilinopus insolitus,"Schlegel, H, 1863",Knob-billed Fruit Dove,Knob-billed Fruit-Dove
Ptilinopus hyogastrus,"(Temminck, CJ, 1824)",Grey-headed Fruit Dove,Gray-headed Fruit-Dove
Ptilinopus granulifrons,"Hartert, EJO, 1898",Carunculated Fruit Dove,Carunculated Fruit-Dove
Ptilinopus melanospilus,"(Salvadori, AT, 1875)",Black-naped Fruit Dove,Black-naped Fruit-Dove
Ptilinopus nainus,"(Temminck, CJ, 1835)",Dwarf Fruit Dove,Dwarf Fruit-Dove
Ptilinopus arcanus,"Ripley, SD; Rabor, DS, 1955",Negros Fruit Dove,Negros Fruit-Dove
Ptilinopus victor,"(Gould, J, 1872)",Orange Dove,Orange Dove
Ptilinopus luteovirens,"(Hombron, JB; Jacquinot, H, 1841)",Golden Dove,Golden Dove
Ptilinopus layardi,"Elliot, DG, 1878",Whistling Dove,Whistling Dove
Ptilinopus holosericea,"(Temminck, CJ, 1809)",Cloven-feathered Dove,Cloven-feathered Dove
Opisthocomus hoazin,"(Müller, PLS, 1776)",Hoatzin,Hoatzin
Psophia crepitans,"Linnaeus, C, 1758",Grey-winged Trumpeter,Gray-winged Trumpeter
Psophia leucoptera,"Spix, JB, 1825",Pale-winged Trumpeter,Pale-winged Trumpeter
Psophia viridis,"Spix, JB, 1825",Dark-winged Trumpeter,Dark-winged Trumpeter
Aramus guarauna,"(Linnaeus, C, 1766)",Limpkin,Limpkin
Balearica regulorum,"(Bennett, ET, 1834)",Grey Crowned Crane,Gray Crowned-Crane
Balearica pavonina,"(Linnaeus, C, 1758)",Black Crowned Crane,Black Crowned-Crane
Leucogeranus leucogeranus,"(Pallas, PS, 1773)",Siberian Crane,Siberian Crane
Antigone canadensis,"(Linnaeus, C, 1758)",Sandhill Crane,Sandhill Crane
Antigone vipio,"(Pallas, PS, 1811)",White-naped Crane,White-naped Crane
Antigone rubicunda,"(Perry, G, 1810)",Brolga,Brolga
Antigone antigone,"(Linnaeus, C, 1758)",Sarus Crane,Sarus Crane
Grus carunculata,"(Gmelin, JF, 1789)",Wattled Crane,Wattled Crane
Grus virgo,"(Linnaeus, C, 1758)",Demoiselle Crane,Demoiselle Crane
Grus paradisea,"(Lichtenstein, AAH, 1793)",Blue Crane,Blue Crane
Grus japonensis,"(Müller, PLS, 1776)",Red-crowned Crane,Red-crowned Crane
Grus americana,"(Linnaeus, C, 1758)",Whooping Crane,Whooping Crane
Grus grus,"(Linnaeus, C, 1758)",Common Crane,Common Crane
Grus monacha,"Temminck, CJ, 1835",Hooded Crane,Hooded Crane
Grus nigricollis,"Przevalski, NM, 1876",Black-necked Crane,Black-necked Crane
Podica senegalensis,"(Vieillot, LJP, 1817)",African Finfoot,African Finfoot
Heliornis fulica,"(Boddaert, P, 1783)",Sungrebe,Sungrebe
Heliopais personatus,"(Gray, GR, 1849)",Masked Finfoot,Masked Finfoot
Mentocrex beankaensis,"Goodman, SM; Raherilalao, MJ; Block, NL, 2011",Tsingy Forest Rail,Tsingy Forest Rail
Mentocrex kioloides,"(Pucheran, J, 1845)",Madagascar Forest Rail,Madagascar Forest Rail
Rallicula rubra,"Schlegel, H, 1871",Chestnut Forest Rail,Chestnut Forest Rail
Rallicula leucospila,"(Salvadori, AT, 1876)",White-striped Forest Rail,White-striped Forest Rail
Rallicula forbesi,"Sharpe, RB, 1887",Forbes's Forest Rail,Forbes's Forest Rail
Rallicula mayri,"Hartert, EJO, 1930",Mayr's Forest Rail,Mayr's Forest Rail
Sarothrura pulchra,"(Gray, JE, 1829)",White-spotted Flufftail,White-spotted Flufftail
Sarothrura elegans,"(Smith, A, 1839)",Buff-spotted Flufftail,Buff-spotted Flufftail
Sarothrura rufa,"(Vieillot, LJP, 1819)",Red-chested Flufftail,Red-chested Flufftail
Sarothrura lugens,"(Böhm, R, 1884)",Chestnut-headed Flufftail,Chestnut-headed Flufftail
Sarothrura boehmi,"Reichenow, A, 1900",Streaky-breasted Flufftail,Streaky-breasted Flufftail
Sarothrura affinis,"(Smith, A, 1828)",Striped Flufftail,Striped Flufftail
Sarothrura insularis,"(Sharpe, RB, 1870)",Madagascar Flufftail,Madagascar Flufftail
Sarothrura ayresi,"(Gurney, JH Sr, 1877)",White-winged Flufftail,White-winged Flufftail
Sarothrura watersi,"(Bartlett, E, 1880)",Slender-billed Flufftail,Slender-billed Flufftail
Anurolimnas castaneiceps,"(Sclater, PL; Salvin, O, 1869)",Chestnut-headed Crake,Chestnut-headed Crake
Pardirallus maculatus,"(Boddaert, P, 1783)",Spotted Rail,Spotted Rail
Pardirallus nigricans,"(Vieillot, LJP, 1819)",Blackish Rail,Blackish Rail
Pardirallus sanguinolentus,"(Swainson, WJ, 1838)",Plumbeous Rail,Plumbeous Rail
Mustelirallus albicollis,"(Vieillot, LJP, 1819)",Ash-throated Crake,Ash-throated Crake
Mustelirallus cerverai,"(Barbour, T; Peters, JL, 1927)",Zapata Rail,Zapata Rail
Mustelirallus colombianus,"(Bangs, O, 1898)",Colombian Crake,Colombian Crake
Mustelirallus erythrops,"(Sclater, PL, 1867)",Paint-billed Crake,Paint-billed Crake
Amaurolimnas concolor,"(Gosse, PH, 1847)",Uniform Crake,Uniform Crake
Aramides ypecaha,"(Vieillot, LJP, 1819)",Giant Wood Rail,Giant Wood-Rail
Aramides wolfi,"Berlepsch, HHCL; Taczanowski, W, 1884",Brown Wood Rail,Brown Wood-Rail
Aramides mangle,"(Spix, JB, 1825)",Little Wood Rail,Little Wood-Rail
Aramides axillaris,"Lawrence, GN, 1863",Rufous-necked Wood Rail,Rufous-necked Wood-Rail
Aramides albiventris,"Lawrence, GN, 1868",Russet-naped Wood Rail,Russet-naped Wood-Rail
Aramides cajaneus,"(Müller, PLS, 1776)",Grey-cowled Wood Rail,Gray-cowled Wood-Rail
Aramides calopterus,"Sclater, PL; Salvin, O, 1878",Red-winged Wood Rail,Red-winged Wood-Rail
Aramides saracura,"(Spix, JB, 1825)",Slaty-breasted Wood Rail,Slaty-breasted Wood-Rail
Canirallus oculeus,"(Hartlaub, KJG, 1855)",Grey-throated Rail,Gray-throated Rail
Rallus obsoletus,"Ridgway, R, 1874",Ridgway's Rail,Ridgway's Rail
Rallus tenuirostris,"Ridgway, R, 1874",Aztec Rail,Aztec Rail
Rallus longirostris,"Boddaert, P, 1783",Mangrove Rail,Mangrove Rail
Rallus elegans,"Audubon, JJ, 1834",King Rail,King Rail
Rallus crepitans,"Gmelin, JF, 1789",Clapper Rail,Clapper Rail
Rallus wetmorei,"Zimmer, JT; Phelps, WH Sr, 1944",Plain-flanked Rail,Plain-flanked Rail
Rallus limicola,"Vieillot, LJP, 1819",Virginia Rail,Virginia Rail
Rallus aequatorialis,"Sharpe, RB, 1894",Ecuadorian Rail,Ecuadorian Rail
Rallus semiplumbeus,"Sclater, PL, 1856",Bogota Rail,Bogota Rail
Rallus antarcticus,"King, PP, 1828",Austral Rail,Austral Rail
Rallus aquaticus,"Linnaeus, C, 1758",Water Rail,Water Rail
Rallus indicus,"Blyth, E, 1849",Brown-cheeked Rail,Brown-cheeked Rail
Rallus caerulescens,"Gmelin, JF, 1789",African Rail,African Rail
Rallus madagascariensis,"Verreaux, JP, 1833",Madagascar Rail,Madagascar Rail
Rougetius rougetii,"(Guérin-Méneville, FÉ, 1843)",Rouget's Rail,Rouget's Rail
Crecopsis egregia,"(Peters, WKH, 1854)",African Crake,African Crake
Dryolimnas augusti,"Mourer-Chauviré, C; Bour, R; Ribes, S; Moutou, F, 1999",Reunion Rail,Reunion Rail
Dryolimnas cuvieri,"(Pucheran, J, 1845)",White-throated Rail,White-throated Rail
Aphanapteryx bonasia,"(de Sélys Longchamps, ME, 1848)",Red Rail,Red Rail
Erythromachus leguati,"Milne-Edwards, A, 1873",Rodrigues Rail,Rodrigues Rail
Diaphorapteryx hawkinsi,"(Forbes, HO, 1892)",Hawkins's Rail,Hawkins's Rail
Aphanocrex podarces,"Wetmore, A, 1963",St. Helena Rail,St. Helena Rail
Mundia elpenor,"(Olson, SL, 1973)",Ascension Crake,Ascension Crake
Crex crex,"(Linnaeus, C, 1758)",Corn Crake,Corn Crake
Aramidopsis plateni,"(Blasius, W, 1886)",Snoring Rail,Snoring Rail
Lewinia striata,"(Linnaeus, C, 1766)",Slaty-breasted Rail,Slaty-breasted Rail
Lewinia mirifica,"(Parkes, KC; Amadon, DA, 1959)",Brown-banded Rail,Luzon Rail
Lewinia pectoralis,"(Temminck, CJ, 1831)",Lewin's Rail,Lewin's Rail
Lewinia muelleri,"(Rothschild, LW, 1893)",Auckland Rail,Auckland Islands Rail
Gallirallus calayanensis,"Allen, DNS; Oliveros, CH; Española, C; Broad, G; Gonzalez, JCT, 2004",Calayan Rail,Calayan Rail
Gallirallus wallacii,"(Gray, GR, 1861)",Invisible Rail,Invisible Rail
Gallirallus castaneoventris,"(Gould, J, 1844)",Chestnut Rail,Chestnut Rail
Gallirallus australis,"(Sparrman, A, 1786)",Weka,Weka
Gallirallus lafresnayanus,"Verreaux, JP; des Murs, MAPO, 1860",New Caledonian Rail,New Caledonian Rail
Gallirallus sylvestris,"(Sclater, PL, 1870)",Lord Howe Woodhen,Lord Howe Rail
Gallirallus okinawae,"(Yamashina, Y; Mano, T, 1981)",Okinawa Rail,Okinawa Rail
Gallirallus pacificus,"(Gmelin, JF, 1789)",Tahiti Rail,Tahiti Rail
Gallirallus philippensis,"(Linnaeus, C, 1766)",Buff-banded Rail,Buff-banded Rail
Gallirallus modestus,"(Hutton, FW, 1872)",Chatham Rail,Chatham Islands Rail
Gallirallus dieffenbachii,"(Gray, GR, 1843)",Dieffenbach's Rail,Dieffenbach's Rail
Gallirallus insignis,"(Sclater, PL, 1880)",Pink-legged Rail,New Britain Rail
Gallirallus woodfordi,"(Ogilvie-Grant, WR, 1889)",Woodford's Rail,Woodford's Rail
Gallirallus poecilopterus,"(Hartlaub, KJG, 1866)",Bar-winged Rail,Bar-winged Rail
Gallirallus owstoni,"(Rothschild, LW, 1895)",Guam Rail,Guam Rail
Gallirallus wakensis,"(Rothschild, LW, 1903)",Wake Island Rail,Wake Island Rail
Gallirallus torquatus,"(Linnaeus, C, 1766)",Barred Rail,Barred Rail
Gallirallus rovianae,"Diamond, JM, 1991",Roviana Rail,Roviana Rail
Himantornis haematopus,"Hartlaub, KJG, 1855",Nkulengu Rail,Nkulengu Rail
Gymnocrex rosenbergii,"(Schlegel, H, 1866)",Blue-faced Rail,Blue-faced Rail
Gymnocrex plumbeiventris,"(Gray, GR, 1862)",Bare-eyed Rail,Bare-eyed Rail
Gymnocrex talaudensis,"Lambert, FR, 1998",Talaud Rail,Talaud Rail
Porphyriops melanops,"(Vieillot, LJP, 1819)",Spot-flanked Gallinule,Spot-flanked Gallinule
Tribonyx ventralis,"(Gould, J, 1837)",Black-tailed Nativehen,Black-tailed Nativehen
Tribonyx mortierii,"Du Bus de Gisignies, B-AL, 1840",Tasmanian Nativehen,Tasmanian Nativehen
Porzana carolina,"(Linnaeus, C, 1758)",Sora,Sora
Porzana porzana,"(Linnaeus, C, 1766)",Spotted Crake,Spotted Crake
Porzana fluminea,"Gould, J, 1843",Australian Crake,Australian Crake
Paragallinula angulata,"(Sundevall, CJ, 1850)",Lesser Moorhen,Lesser Moorhen
Gallinula silvestris,"(Mayr, E, 1933)",Makira Woodhen,Makira Moorhen
Gallinula nesiotis,"Sclater, PL, 1861",Tristan Moorhen,Tristan Moorhen
Gallinula comeri,"(Allen, JA, 1892)",Gough Moorhen,Gough Moorhen
Gallinula chloropus,"(Linnaeus, C, 1758)",Common Moorhen,Eurasian Moorhen
Gallinula galeata,"(Lichtenstein, MHC, 1818)",Common Gallinule,Common Gallinule
Gallinula tenebrosa,"Gould, J, 1846",Dusky Moorhen,Dusky Moorhen
Gallinula pacifica,"(Hartlaub, KJG; Finsch, FHO, 1871)",Samoan Woodhen,Samoan Moorhen
Fulica rufifrons,"Philippi, RA; Landbeck, CL, 1861",Red-fronted Coot,Red-fronted Coot
Fulica cornuta,"Bonaparte, CLJL, 1853",Horned Coot,Horned Coot
Fulica armillata,"Vieillot, LJP, 1817",Red-gartered Coot,Red-gartered Coot
Fulica gigantea,"Eydoux, JFT; Souleyet, LFA, 1841",Giant Coot,Giant Coot
Fulica atra,"Linnaeus, C, 1758",Eurasian Coot,Eurasian Coot
Fulica cristata,"Gmelin, JF, 1789",Red-knobbed Coot,Red-knobbed Coot
Fulica newtonii,"Milne-Edwards, A, 1867",Mascarene Coot,Mascarene Coot
Fulica alai,"Peale, TR, 1849",Hawaiian Coot,Hawaiian Coot
Fulica americana,"Gmelin, JF, 1789",American Coot,American Coot
Fulica leucoptera,"Vieillot, LJP, 1817",White-winged Coot,White-winged Coot
Fulica ardesiaca,"Tschudi, JJ, 1843",Andean Coot,Slate-colored Coot
Porphyrio alleni,"Thomson, TRH, 1842",Allen's Gallinule,Allen's Gallinule
Porphyrio martinica,"(Linnaeus, C, 1766)",Purple Gallinule,Purple Gallinule
Porphyrio flavirostris,"(Gmelin, JF, 1789)",Azure Gallinule,Azure Gallinule
Porphyrio paepae,"Steadman, DW, 1988",Marquesan Swamphen,Marquesan Swamphen
Porphyrio porphyrio,"(Linnaeus, C, 1758)",Purple Swamphen,
Porphyrio hochstetteri,"(Meyer, AB, 1883)",South Island Takahe,South Island Takahe
Porphyrio albus,"(Shaw, G, 1790)",White Swamphen,Lord Howe Swamphen
Porphyrio mantelli,"(Owen, R, 1848)",North Island Takahe,North Island Takahe
Rufirallus schomburgkii,"(Schomburgk, MR, 1848)",Ocellated Crake,Ocellated Crake
Rufirallus viridis,"(Müller, PLS, 1776)",Russet-crowned Crake,Russet-crowned Crake
Rufirallus fasciatus,"(Sclater, PL; Salvin, O, 1868)",Black-banded Crake,Black-banded Crake
Rufirallus leucopyrrhus,"(Vieillot, LJP, 1819)",Red-and-white Crake,Red-and-white Crake
Rufirallus xenopterus,"(Conover, HB, 1934)",Rufous-faced Crake,Rufous-faced Crake
Coturnicops exquisitus,"(Swinhoe, R, 1873)",Swinhoe's Rail,Swinhoe's Rail
Coturnicops noveboracensis,"(Gmelin, JF, 1789)",Yellow Rail,Yellow Rail
Laterallus rogersi,"(Lowe, PR, 1923)",Inaccessible Island Rail,Inaccessible Island Rail
Laterallus notatus,"(Gould, J, 1841)",Speckled Rail,Speckled Rail
Laterallus flaviventer,"(Boddaert, P, 1783)",Yellow-breasted Crake,Yellow-breasted Crake
Laterallus levraudi,"(Sclater, PL; Salvin, O, 1869)",Rusty-flanked Crake,Rusty-flanked Crake
Laterallus melanophaius,"(Vieillot, LJP, 1819)",Rufous-sided Crake,Rufous-sided Crake
Laterallus ruber,"(Sclater, PL; Salvin, O, 1860)",Ruddy Crake,Ruddy Crake
Laterallus albigularis,"(Lawrence, GN, 1861)",White-throated Crake,White-throated Crake
Laterallus exilis,"(Temminck, CJ, 1831)",Grey-breasted Crake,Gray-breasted Crake
Laterallus spilonota,"(Gould, J, 1841)",Galapagos Crake,Galapagos Rail
Laterallus jamaicensis,"(Gmelin, JF, 1789)",Black Rail,Black Rail
Laterallus spiloptera,"(Durnford, H, 1877)",Dot-winged Crake,Dot-winged Crake
Poliolimnas cinereus,"(Vieillot, LJP, 1819)",White-browed Crake,White-browed Crake
Megacrex inepta,"d'Albertis, LM; Salvadori, AT, 1879",New Guinea Flightless Rail,New Guinea Flightless Rail
Aenigmatolimnas marginalis,"(Hartlaub, KJG, 1857)",Striped Crake,Striped Crake
Gallicrex cinerea,"(Gmelin, JF, 1789)",Watercock,Watercock
Amaurornis isabellina,"(Schlegel, H, 1865)",Isabelline Bush-hen,Isabelline Bush-hen
Amaurornis olivacea,"(Meyen, FJF, 1834)",Plain Bush-hen,Plain Bush-hen
Amaurornis phoenicurus,"(Pennant, T, 1769)",White-breasted Waterhen,White-breasted Waterhen
Amaurornis magnirostris,"Lambert, FR, 1998",Talaud Bush-hen,Talaud Bush-hen
Amaurornis moluccana,"(Wallace, AR, 1865)",Pale-vented Bush-hen,Pale-vented Bush-hen
Rallina tricolor,"Gray, GR, 1858",Red-necked Crake,Red-necked Crake
Rallina canningi,"(Blyth, E, 1863)",Andaman Crake,Andaman Crake
Rallina fasciata,"(Raffles, TS, 1822)",Red-legged Crake,Red-legged Crake
Rallina eurizonoides,"(de Lafresnaye, NFAA, 1845)",Slaty-legged Crake,Slaty-legged Crake
Zapornia fusca,"(Linnaeus, C, 1766)",Ruddy-breasted Crake,Ruddy-breasted Crake
Zapornia paykullii,"(Ljungh, SI, 1813)",Band-bellied Crake,Band-bellied Crake
Zapornia akool,"(Sykes, WH, 1832)",Brown Crake,Brown Crake
Zapornia flavirostra,"(Swainson, WJ, 1837)",Black Crake,Black Crake
Zapornia parva,"(Scopoli, GA, 1769)",Little Crake,Little Crake
Zapornia pusilla,"(Pallas, PS, 1776)",Baillon's Crake,Baillon's Crake
Zapornia astrictocarpus,"(Olson, SL, 1975)",St. Helena Crake,St. Helena Crake
Zapornia palmeri,"(Frohawk, FW, 1892)",Laysan Rail,Laysan Rail
Zapornia olivieri,"(Grandidier, G; Berlioz, J, 1929)",Sakalava Rail,Sakalava Rail
Zapornia bicolor,"(Walden, A, 1872)",Black-tailed Crake,Black-tailed Crake
Zapornia sandwichensis,"(Gmelin, JF, 1789)",Hawaiian Rail,Hawaiian Rail
Zapornia nigra,"(Miller, JF, 1784)",Tahiti Crake,Miller's Rail
Zapornia atra,"(North, AJ, 1908)",Henderson Crake,Henderson Island Crake
Zapornia tabuensis,"(Gmelin, JF, 1789)",Spotless Crake,Spotless Crake
Zapornia monasa,"(Kittlitz, FH, 1858)",Kosrae Crake,Kosrae Crake
Pluvianellus socialis,"Gray, GR, 1846",Magellanic Plover,Magellanic Plover
Chionis albus,"(Gmelin, JF, 1789)",Snowy Sheathbill,Snowy Sheathbill
Chionis minor,"Hartlaub, KJG, 1841",Black-faced Sheathbill,Black-faced Sheathbill
Hesperoburhinus superciliaris,"(Tschudi, JJ, 1843)",Peruvian Thick-knee,Peruvian Thick-knee
Hesperoburhinus bistriatus,"(Wagler, JG, 1829)",Double-striped Thick-knee,Double-striped Thick-knee
Esacus magnirostris,"(Vieillot, LJP, 1818)",Beach Stone-curlew,Beach Thick-knee
Esacus recurvirostris,"(Cuvier, GLCFD, 1829)",Great Stone-curlew,Great Thick-knee
Burhinus grallarius,"(Latham, J, 1801)",Bush Stone-curlew,Bush Thick-knee
Burhinus capensis,"(Lichtenstein, MHC, 1823)",Spotted Thick-knee,Spotted Thick-knee
Burhinus vermiculatus,"(Cabanis, JL, 1868)",Water Thick-knee,Water Thick-knee
Burhinus senegalensis,"(Swainson, WJ, 1837)",Senegal Thick-knee,Senegal Thick-knee
Burhinus indicus,"(Salvadori, AT, 1866)",Indian Stone-curlew,Indian Thick-knee
Burhinus oedicnemus,"(Linnaeus, C, 1758)",Eurasian Stone-curlew,Eurasian Thick-knee
Pluvianus aegyptius,"(Linnaeus, C, 1758)",Egyptian Plover,Egyptian Plover
Cladorhynchus leucocephalus,"(Vieillot, LJP, 1816)",Banded Stilt,Banded Stilt
Recurvirostra avosetta,"Linnaeus, C, 1758",Pied Avocet,Pied Avocet
Recurvirostra novaehollandiae,"Vieillot, LJP, 1816",Red-necked Avocet,Red-necked Avocet
Recurvirostra americana,"Gmelin, JF, 1789",American Avocet,American Avocet
Recurvirostra andina,"Philippi, RA; Landbeck, CL, 1861",Andean Avocet,Andean Avocet
Himantopus mexicanus,"(Müller, PLS, 1776)",Black-necked Stilt,Black-necked Stilt
Himantopus himantopus,"(Linnaeus, C, 1758)",Black-winged Stilt,Black-winged Stilt
Himantopus leucocephalus,"Gould, J, 1837",Pied Stilt,Pied Stilt
Himantopus novaezelandiae,"Gould, J, 1841",Black Stilt,Black Stilt
Ibidorhyncha struthersii,"Vigors, NA, 1832",Ibisbill,Ibisbill
Haematopus leucopodus,"Garnot, P, 1826",Magellanic Oystercatcher,Magellanic Oystercatcher
Haematopus ater,"Vieillot, LJP, 1825",Blackish Oystercatcher,Blackish Oystercatcher
Haematopus bachmani,"Audubon, JJ, 1838",Black Oystercatcher,Black Oystercatcher
Haematopus palliatus,"Temminck, CJ, 1820",American Oystercatcher,American Oystercatcher
Haematopus fuliginosus,"Gould, J, 1845",Sooty Oystercatcher,Sooty Oystercatcher
Haematopus moquini,"Bonaparte, CLJL, 1856",African Oystercatcher,African Oystercatcher
Haematopus meadewaldoi,"Bannerman, DA, 1913",Canary Islands Oystercatcher,Canarian Oystercatcher
Haematopus ostralegus,"Linnaeus, C, 1758",Eurasian Oystercatcher,Eurasian Oystercatcher
Haematopus longirostris,"Vieillot, LJP, 1817",Pied Oystercatcher,Pied Oystercatcher
Haematopus chathamensis,"Hartert, EJO, 1927",Chatham Islands Oystercatcher,Chatham Islands Oystercatcher
Haematopus unicolor,"Forster, JR, 1844",Variable Oystercatcher,Variable Oystercatcher
Haematopus finschi,"Martens, GH, 1897",South Island Oystercatcher,South Island Oystercatcher
Pluvialis squatarola,"(Linnaeus, C, 1758)",Grey Plover,Black-bellied Plover
Pluvialis apricaria,"(Linnaeus, C, 1758)",European Golden Plover,European Golden-Plover
Pluvialis dominica,"(Müller, PLS, 1776)",American Golden Plover,American Golden-Plover
Pluvialis fulva,"(Gmelin, JF, 1789)",Pacific Golden Plover,Pacific Golden-Plover
Oreopholus ruficollis,"(Wagler, JG, 1829)",Tawny-throated Dotterel,Tawny-throated Dotterel
Hoploxypterus cayanus,"(Latham, J, 1790)",Pied Plover,Pied Plover
Phegornis mitchellii,"(Fraser, L, 1845)",Diademed Sandpiper-Plover,Diademed Sandpiper-Plover
Zonibyx modestus,"(Lichtenstein, MHC, 1823)",Rufous-chested Dotterel,Rufous-chested Dotterel
Eudromias morinellus,"(Linnaeus, C, 1758)",Eurasian Dotterel,Eurasian Dotterel
Charadrius vociferus,"Linnaeus, C, 1758",Killdeer,Killdeer
Charadrius hiaticula,"Linnaeus, C, 1758",Common Ringed Plover,Common Ringed Plover
Charadrius semipalmatus,"Bonaparte, CLJL, 1825",Semipalmated Plover,Semipalmated Plover
Charadrius melodus,"Ord, G, 1824",Piping Plover,Piping Plover
Thinornis cucullatus,"(Vieillot, LJP, 1818)",Hooded Plover,Hooded Plover
Thinornis novaeseelandiae,"(Gmelin, JF, 1789)",Shore Plover,Shore Plover
Thinornis melanops,"(Vieillot, LJP, 1818)",Black-fronted Dotterel,Black-fronted Dotterel
Thinornis forbesi,"(Shelley, GE, 1883)",Forbes's Plover,Forbes's Plover
Thinornis tricollaris,"(Vieillot, LJP, 1818)",Three-banded Plover,Three-banded Plover
Thinornis placidus,"(Gray, JE; Gray, GR, 1863)",Long-billed Plover,Long-billed Plover
Thinornis dubius,"(Scopoli, GA, 1786)",Little Ringed Plover,Little Ringed Plover
Vanellus vanellus,"(Linnaeus, C, 1758)",Northern Lapwing,Northern Lapwing
Vanellus crassirostris,"(Hartlaub, KJG, 1855)",Long-toed Lapwing,Long-toed Lapwing
Vanellus armatus,"(Burchell, WJ, 1822)",Blacksmith Lapwing,Blacksmith Lapwing
Vanellus spinosus,"(Linnaeus, C, 1758)",Spur-winged Lapwing,Spur-winged Lapwing
Vanellus duvaucelii,"(Lesson, RP, 1826)",River Lapwing,River Lapwing
Vanellus malabaricus,"(Boddaert, P, 1783)",Yellow-wattled Lapwing,Yellow-wattled Lapwing
Vanellus tectus,"(Boddaert, P, 1783)",Black-headed Lapwing,Black-headed Lapwing
Vanellus albiceps,"Gould, J, 1834",White-crowned Lapwing,White-crowned Lapwing
Vanellus lugubris,"(Lesson, RP, 1826)",Senegal Lapwing,Senegal Lapwing
Vanellus melanopterus,"(Cretzschmar, PJ, 1829)",Black-winged Lapwing,Black-winged Lapwing
Vanellus coronatus,"(Boddaert, P, 1783)",Crowned Lapwing,Crowned Lapwing
Vanellus senegallus,"(Linnaeus, C, 1766)",African Wattled Lapwing,Wattled Lapwing
Vanellus melanocephalus,"(Rüppell, WPES, 1845)",Spot-breasted Lapwing,Spot-breasted Lapwing
Vanellus superciliosus,"(Reichenow, A, 1886)",Brown-chested Lapwing,Brown-chested Lapwing
Vanellus cinereus,"(Blyth, E, 1842)",Grey-headed Lapwing,Gray-headed Lapwing
Vanellus indicus,"(Boddaert, P, 1783)",Red-wattled Lapwing,Red-wattled Lapwing
Vanellus macropterus,"(Wagler, JG, 1827)",Javan Lapwing,Javan Lapwing
Vanellus tricolor,"(Vieillot, LJP, 1818)",Banded Lapwing,Banded Lapwing
Vanellus miles,"(Boddaert, P, 1783)",Masked Lapwing,Masked Lapwing
Vanellus gregarius,"(Pallas, PS, 1771)",Sociable Lapwing,Sociable Lapwing
Vanellus leucurus,"(Lichtenstein, MHC, 1823)",White-tailed Lapwing,White-tailed Lapwing
Vanellus chilensis,"(Molina, GI, 1782)",Southern Lapwing,Southern Lapwing
Vanellus resplendens,"(Tschudi, JJ, 1843)",Andean Lapwing,Andean Lapwing
Erythrogonys cinctus,"Gould, J, 1838",Red-kneed Dotterel,Red-kneed Dotterel
Peltohyas australis,"(Gould, J, 1841)",Inland Dotterel,Inland Dotterel
Anarhynchus asiaticus,"(Pallas, PS, 1773)",Caspian Plover,Caspian Plover
Anarhynchus veredus,"(Gould, J, 1848)",Oriental Plover,Oriental Plover
Anarhynchus atrifrons,"(Wagler, JG, 1829)",Tibetan Sand Plover,Tibetan Sand-Plover
Anarhynchus mongolus,"(Pallas, PS, 1776)",Siberian Sand Plover,Siberian Sand-Plover
Anarhynchus leschenaultii,"(Lesson, RP, 1826)",Greater Sand Plover,Greater Sand-Plover
Anarhynchus bicinctus,"(Jardine, W; Selby, PJ, 1827)",Double-banded Plover,Double-banded Plover
Anarhynchus obscurus,"(Gmelin, JF, 1789)",New Zealand Plover,Red-breasted Dotterel
Anarhynchus frontalis,"Quoy, JRC; Gaimard, JP, 1832",Wrybill,Wrybill
Anarhynchus wilsonia,"(Ord, G, 1814)",Wilson's Plover,Wilson's Plover
Anarhynchus collaris,"(Vieillot, LJP, 1818)",Collared Plover,Collared Plover
Anarhynchus montanus,"(Townsend, JK, 1837)",Mountain Plover,Mountain Plover
Anarhynchus falklandicus,"(Latham, J, 1790)",Two-banded Plover,Two-banded Plover
Anarhynchus alticola,"(Berlepsch, HHCL; Sztolcman, JS, 1902)",Puna Plover,Puna Plover
Anarhynchus thoracicus,"(Richmond, CW, 1896)",Madagascar Plover,Madagascar Plover
Anarhynchus pecuarius,"(Temminck, CJ, 1823)",Kittlitz's Plover,Kittlitz's Plover
Anarhynchus sanctaehelenae,"(Harting, JE, 1873)",St. Helena Plover,St. Helena Plover
Anarhynchus ruficapillus,"(Temminck, CJ, 1821)",Red-capped Plover,Red-capped Plover
Anarhynchus nivosus,"(Cassin, J, 1858)",Snowy Plover,Snowy Plover
Anarhynchus pallidus,"(Strickland, HE, 1853)",Chestnut-banded Plover,Chestnut-banded Plover
Anarhynchus peronii,"(Schlegel, H, 1865)",Malaysian Plover,Malaysian Plover
Anarhynchus marginatus,"(Vieillot, LJP, 1818)",White-fronted Plover,White-fronted Plover
Anarhynchus javanicus,"(Chasen, FN, 1938)",Javan Plover,Javan Plover
Anarhynchus dealbatus,"(Swinhoe, R, 1870)",White-faced Plover,White-faced Plover
Anarhynchus alexandrinus,"(Linnaeus, C, 1758)",Kentish Plover,Kentish Plover
Pedionomus torquatus,"Gould, J, 1840",Plains-wanderer,Plains-wanderer
Attagis malouinus,"(Boddaert, P, 1783)",White-bellied Seedsnipe,White-bellied Seedsnipe
Attagis gayi,"Geoffroy Saint-Hilaire, I; Lesson, RP, 1831",Rufous-bellied Seedsnipe,Rufous-bellied Seedsnipe
Thinocorus orbignyianus,"Geoffroy Saint-Hilaire, I; Lesson, RP, 1831",Grey-breasted Seedsnipe,Gray-breasted Seedsnipe
Thinocorus rumicivorus,"Eschscholtz, F, 1829",Least Seedsnipe,Least Seedsnipe
Nycticryphes semicollaris,"(Vieillot, LJP, 1816)",South American Painted-snipe,South American Painted-Snipe
Rostratula benghalensis,"(Linnaeus, C, 1758)",Greater Painted-snipe,Greater Painted-Snipe
Rostratula australis,"(Gould, J, 1838)",Australian Painted-snipe,Australian Painted-Snipe
Hydrophasianus chirurgus,"(Scopoli, GA, 1786)",Pheasant-tailed Jacana,Pheasant-tailed Jacana
Jacana spinosa,"(Linnaeus, C, 1758)",Northern Jacana,Northern Jacana
Jacana jacana,"(Linnaeus, C, 1766)",Wattled Jacana,Wattled Jacana
Microparra capensis,"(Smith, A, 1839)",Lesser Jacana,Lesser Jacana
Irediparra gallinacea,"(Temminck, CJ, 1828)",Comb-crested Jacana,Comb-crested Jacana
Metopidius indicus,"(Latham, J, 1790)",Bronze-winged Jacana,Bronze-winged Jacana
Actophilornis africanus,"(Gmelin, JF, 1789)",African Jacana,African Jacana
Actophilornis albinucha,"(Geoffroy Saint-Hilaire, I, 1832)",Madagascar Jacana,Madagascar Jacana
Bartramia longicauda,"(Bechstein, JM, 1812)",Upland Sandpiper,Upland Sandpiper
Numenius borealis,"(Forster, JR, 1772)",Eskimo Curlew,Eskimo Curlew
Numenius minutus,"Gould, J, 1841",Little Curlew,Little Curlew
Numenius tahitiensis,"(Gmelin, JF, 1789)",Bristle-thighed Curlew,Bristle-thighed Curlew
Numenius hudsonicus,"Latham, J, 1790",Hudsonian Whimbrel,Hudsonian Whimbrel
Numenius phaeopus,"(Linnaeus, C, 1758)",Eurasian Whimbrel,Eurasian Whimbrel
Numenius americanus,"Bechstein, JM, 1812",Long-billed Curlew,Long-billed Curlew
Numenius madagascariensis,"(Linnaeus, C, 1766)",Far Eastern Curlew,Far Eastern Curlew
Numenius tenuirostris,"Vieillot, LJP, 1817",Slender-billed Curlew,Slender-billed Curlew
Numenius arquata,"(Linnaeus, C, 1758)",Eurasian Curlew,Eurasian Curlew
Limosa lapponica,"(Linnaeus, C, 1758)",Bar-tailed Godwit,Bar-tailed Godwit
Limosa limosa,"(Linnaeus, C, 1758)",Black-tailed Godwit,Black-tailed Godwit
Limosa fedoa,"(Linnaeus, C, 1758)",Marbled Godwit,Marbled Godwit
Limosa haemastica,"(Linnaeus, C, 1758)",Hudsonian Godwit,Hudsonian Godwit
Limnodromus semipalmatus,"(Blyth, E, 1848)",Asian Dowitcher,Asian Dowitcher
Limnodromus scolopaceus,"(Say, T, 1822)",Long-billed Dowitcher,Long-billed Dowitcher
Limnodromus griseus,"(Gmelin, JF, 1789)",Short-billed Dowitcher,Short-billed Dowitcher
Lymnocryptes minimus,"(Brünnich, MT, 1764)",Jack Snipe,Jack Snipe
Scolopax minor,"Gmelin, JF, 1789",American Woodcock,American Woodcock
Scolopax rusticola,"Linnaeus, C, 1758",Eurasian Woodcock,Eurasian Woodcock
Scolopax mira,"Hartert, EJO, 1916",Amami Woodcock,Amami Woodcock
Scolopax bukidnonensis,"Kennedy, RS; Fisher, TH; Harrap, SCB; Diesmos, AC; Manamtam, AS, 2001",Bukidnon Woodcock,Bukidnon Woodcock
Scolopax saturata,"Horsfield, T, 1821",Javan Woodcock,Javan Woodcock
Scolopax rosenbergii,"Schlegel, H, 1871",New Guinea Woodcock,New Guinea Woodcock
Scolopax celebensis,"Riley, JH, 1921",Sulawesi Woodcock,Sulawesi Woodcock
Scolopax rochussenii,"Schlegel, H, 1866",Moluccan Woodcock,Moluccan Woodcock
Coenocorypha barrierensis,"Oliver, WRB, 1955",North Island Snipe,North Island Snipe
Coenocorypha iredalei,"Rothschild, LW, 1921",South Island Snipe,South Island Snipe
Coenocorypha pusilla,"(Buller, WL, 1869)",Chatham Islands Snipe,Chatham Islands Snipe
Coenocorypha huegeli,"(Tristram, HB, 1893)",Snares Snipe,Snares Snipe
Coenocorypha aucklandica,"(Gray, GR, 1845)",Subantarctic Snipe,Subantarctic Snipe
Gallinago imperialis,"Sclater, PL; Salvin, O, 1869",Imperial Snipe,Imperial Snipe
Gallinago undulata,"(Boddaert, P, 1783)",Giant Snipe,Giant Snipe
Gallinago stricklandii,"(Gray, GR, 1845)",Fuegian Snipe,Fuegian Snipe
Gallinago jamesoni,"(Jardine, W; Bonaparte, CLJL, 1855)",Jameson's Snipe,Jameson's Snipe
Gallinago nemoricola,"Hodgson, BH, 1836",Wood Snipe,Wood Snipe
Gallinago solitaria,"Hodgson, BH, 1831",Solitary Snipe,Solitary Snipe
Gallinago media,"(Latham, J, 1787)",Great Snipe,Great Snipe
Gallinago megala,"Swinhoe, R, 1861",Swinhoe's Snipe,Swinhoe's Snipe
Gallinago stenura,"(Bonaparte, CLJL, 1831)",Pin-tailed Snipe,Pin-tailed Snipe
Gallinago hardwickii,"(Gray, JE, 1831)",Latham's Snipe,Latham's Snipe
Gallinago macrodactyla,"Bonaparte, CLJL, 1839",Madagascar Snipe,Madagascar Snipe
Gallinago nigripennis,"Bonaparte, CLJL, 1839",African Snipe,African Snipe
Gallinago delicata,"(Ord, G, 1825)",Wilson's Snipe,Wilson's Snipe
Gallinago gallinago,"(Linnaeus, C, 1758)",Common Snipe,Common Snipe
Gallinago nobilis,"Sclater, PL, 1856",Noble Snipe,Noble Snipe
Gallinago andina,"Taczanowski, W, 1875",Puna Snipe,Puna Snipe
Gallinago paraguaiae,"(Vieillot, LJP, 1816)",Pantanal Snipe,Pantanal Snipe
Gallinago magellanica,"(King, PP, 1828)",Magellanic Snipe,Magellanic Snipe
Xenus cinereus,"(Güldenstädt, JA, 1775)",Terek Sandpiper,Terek Sandpiper
Actitis hypoleucos,"(Linnaeus, C, 1758)",Common Sandpiper,Common Sandpiper
Actitis macularius,"(Linnaeus, C, 1766)",Spotted Sandpiper,Spotted Sandpiper
Phalaropus tricolor,"(Vieillot, LJP, 1819)",Wilson's Phalarope,Wilson's Phalarope
Phalaropus fulicarius,"(Linnaeus, C, 1758)",Red Phalarope,Red Phalarope
Phalaropus lobatus,"(Linnaeus, C, 1758)",Red-necked Phalarope,Red-necked Phalarope
Tringa ochropus,"Linnaeus, C, 1758",Green Sandpiper,Green Sandpiper
Tringa solitaria,"Wilson, A, 1813",Solitary Sandpiper,Solitary Sandpiper
Tringa incana,"(Gmelin, JF, 1789)",Wandering Tattler,Wandering Tattler
Tringa brevipes,"(Vieillot, LJP, 1816)",Grey-tailed Tattler,Gray-tailed Tattler
Tringa stagnatilis,"(Bechstein, JM, 1803)",Marsh Sandpiper,Marsh Sandpiper
Tringa glareola,"Linnaeus, C, 1758",Wood Sandpiper,Wood Sandpiper
Tringa totanus,"(Linnaeus, C, 1758)",Common Redshank,Common Redshank
Tringa flavipes,"(Gmelin, JF, 1789)",Lesser Yellowlegs,Lesser Yellowlegs
Tringa guttifer,"(Nordmann, AD, 1835)",Nordmann's Greenshank,Nordmann's Greenshank
Tringa semipalmata,"(Gmelin, JF, 1789)",Willet,Willet
Tringa erythropus,"(Pallas, PS, 1764)",Spotted Redshank,Spotted Redshank
Tringa nebularia,"(Gunnerus, JE, 1767)",Common Greenshank,Common Greenshank
Tringa melanoleuca,"(Gmelin, JF, 1789)",Greater Yellowlegs,Greater Yellowlegs
Prosobonia cancellata,"(Gmelin, JF, 1789)",Kiritimati Sandpiper,Kiritimati Sandpiper
Prosobonia leucoptera,"(Gmelin, JF, 1789)",Tahiti Sandpiper,White-winged Sandpiper
Prosobonia ellisi,"Sharpe, RB, 1906",Moorea Sandpiper,Moorea Sandpiper
Prosobonia parvirostris,"(Peale, TR, 1849)",Tuamotu Sandpiper,Tuamotu Sandpiper
Arenaria melanocephala,"(Vigors, NA, 1829)",Black Turnstone,Black Turnstone
Arenaria interpres,"(Linnaeus, C, 1758)",Ruddy Turnstone,Ruddy Turnstone
Calidris canutus,"(Linnaeus, C, 1758)",Red Knot,Red Knot
Calidris virgata,"(Gmelin, JF, 1789)",Surfbird,Surfbird
Calidris tenuirostris,"(Horsfield, T, 1821)",Great Knot,Great Knot
Calidris pugnax,"(Linnaeus, C, 1758)",Ruff,Ruff
Calidris acuminata,"(Horsfield, T, 1821)",Sharp-tailed Sandpiper,Sharp-tailed Sandpiper
Calidris falcinellus,"(Pontoppidan, E, 1763)",Broad-billed Sandpiper,Broad-billed Sandpiper
Calidris ferruginea,"(Pontoppidan, E, 1763)",Curlew Sandpiper,Curlew Sandpiper
Calidris himantopus,"(Bonaparte, CLJL, 1826)",Stilt Sandpiper,Stilt Sandpiper
Calidris pygmaea,"(Linnaeus, C, 1758)",Spoon-billed Sandpiper,Spoon-billed Sandpiper
Calidris ruficollis,"(Pallas, PS, 1776)",Red-necked Stint,Red-necked Stint
Calidris temminckii,"(Leisler, JPA, 1812)",Temminck's Stint,Temminck's Stint
Calidris subminuta,"(Middendorff, AT, 1853)",Long-toed Stint,Long-toed Stint
Calidris subruficollis,"(Vieillot, LJP, 1819)",Buff-breasted Sandpiper,Buff-breasted Sandpiper
Calidris alba,"(Pallas, PS, 1764)",Sanderling,Sanderling
Calidris alpina,"(Linnaeus, C, 1758)",Dunlin,Dunlin
Calidris maritima,"(Brünnich, MT, 1764)",Purple Sandpiper,Purple Sandpiper
Calidris ptilocnemis,"(Coues, E, 1873)",Rock Sandpiper,Rock Sandpiper
Calidris bairdii,"(Coues, E, 1861)",Baird's Sandpiper,Baird's Sandpiper
Calidris melanotos,"(Vieillot, LJP, 1819)",Pectoral Sandpiper,Pectoral Sandpiper
Calidris pusilla,"(Linnaeus, C, 1766)",Semipalmated Sandpiper,Semipalmated Sandpiper
Calidris mauri,"(Cabanis, JL, 1857)",Western Sandpiper,Western Sandpiper
Calidris minuta,"(Leisler, JPA, 1812)",Little Stint,Little Stint
Calidris minutilla,"(Vieillot, LJP, 1819)",Least Sandpiper,Least Sandpiper
Calidris fuscicollis,"(Vieillot, LJP, 1819)",White-rumped Sandpiper,White-rumped Sandpiper
Ortyxelos meiffrenii,"(Vieillot, LJP, 1819)",Quail-plover,Quail-plover
Turnix tanki,"Blyth, E, 1843",Yellow-legged Buttonquail,Yellow-legged Buttonquail
Turnix maculosus,"(Temminck, CJ, 1815)",Red-backed Buttonquail,Red-backed Buttonquail
Turnix suscitator,"(Gmelin, JF, 1789)",Barred Buttonquail,Barred Buttonquail
Turnix ocellatus,"(Scopoli, GA, 1786)",Spotted Buttonquail,Spotted Buttonquail
Turnix sylvaticus,"(Desfontaines, RL, 1789)",Common Buttonquail,Small Buttonquail
Turnix velox,"(Gould, J, 1841)",Little Buttonquail,Little Buttonquail
Turnix pyrrhothorax,"(Gould, J, 1841)",Red-chested Buttonquail,Red-chested Buttonquail
Turnix worcesteri,"McGregor, RC, 1904",Luzon Buttonquail,Luzon Buttonquail
Turnix everetti,"Hartert, EJO, 1898",Sumba Buttonquail,Sumba Buttonquail
Turnix nanus,"(Sundevall, CJ, 1850)",Black-rumped Buttonquail,Black-rumped Buttonquail
Turnix hottentottus,"Temminck, CJ, 1815",Fynbos Buttonquail,Fynbos Buttonquail
Turnix castanotus,"(Gould, J, 1840)",Chestnut-backed Buttonquail,Chestnut-backed Buttonquail
Turnix olivii,"Robinson, HC, 1900",Buff-breasted Buttonquail,Buff-breasted Buttonquail
Turnix varius,"(Latham, J, 1801)",Painted Buttonquail,Painted Buttonquail
Turnix novaecaledoniae,"Ogilvie-Grant, WR, 1889",New Caledonian Buttonquail,New Caledonian Buttonquail
Turnix melanogaster,"(Gould, J, 1837)",Black-breasted Buttonquail,Black-breasted Buttonquail
Turnix nigricollis,"(Gmelin, JF, 1789)",Madagascar Buttonquail,Madagascar Buttonquail
Dromas ardeola,"Paykull, G, 1805",Crab-plover,Crab-Plover
Smutsornis africanus,"(Temminck, CJ, 1807)",Double-banded Courser,Double-banded Courser
Rhinoptilus chalcopterus,"(Temminck, CJ, 1824)",Bronze-winged Courser,Bronze-winged Courser
Rhinoptilus bitorquatus,"(Blyth, E, 1848)",Jerdon's Courser,Jerdon's Courser
Rhinoptilus cinctus,"(Heuglin, MT, 1863)",Three-banded Courser,Three-banded Courser
Cursorius temminckii,"Swainson, WJ, 1822",Temminck's Courser,Temminck's Courser
Cursorius coromandelicus,"(Gmelin, JF, 1789)",Indian Courser,Indian Courser
Cursorius cursor,"(Latham, J, 1787)",Cream-colored Courser,Cream-colored Courser
Cursorius somalensis,"Shelley, GE, 1885",Somali Courser,Somali Courser
Cursorius rufus,"Gould, J, 1837",Burchell's Courser,Burchell's Courser
Glareola ocularis,"Verreaux, JP, 1833",Madagascar Pratincole,Madagascar Pratincole
Glareola nuchalis,"Gray, GR, 1849",Rock Pratincole,Rock Pratincole
Glareola isabella,"Vieillot, LJP, 1816",Australian Pratincole,Australian Pratincole
Glareola lactea,"Temminck, CJ, 1820",Small Pratincole,Small Pratincole
Glareola cinerea,"Fraser, L, 1843",Grey Pratincole,Gray Pratincole
Glareola maldivarum,"Forster, JR, 1795",Oriental Pratincole,Oriental Pratincole
Glareola nordmanni,"Fischer von Waldheim, G, 1842",Black-winged Pratincole,Black-winged Pratincole
Glareola pratincola,"(Linnaeus, C, 1766)",Collared Pratincole,Collared Pratincole
Stercorarius parasiticus,"(Linnaeus, C, 1758)",Parasitic Jaeger,Parasitic Jaeger
Stercorarius longicaudus,"Vieillot, LJP, 1819",Long-tailed Jaeger,Long-tailed Jaeger
Stercorarius pomarinus,"(Temminck, CJ, 1815)",Pomarine Jaeger,Pomarine Jaeger
Stercorarius skua,"(Brünnich, MT, 1764)",Great Skua,Great Skua
Stercorarius maccormicki,"Saunders, H, 1893",South Polar Skua,South Polar Skua
Stercorarius chilensis,"Bonaparte, CLJL, 1856",Chilean Skua,Chilean Skua
Stercorarius antarcticus,"(Lesson, RP, 1831)",Brown Skua,Brown Skua
Cerorhinca monocerata,"(Pallas, PS, 1811)",Rhinoceros Auklet,Rhinoceros Auklet
Fratercula cirrhata,"(Pallas, PS, 1769)",Tufted Puffin,Tufted Puffin
Fratercula arctica,"(Linnaeus, C, 1758)",Atlantic Puffin,Atlantic Puffin
Fratercula corniculata,"(Naumann, JF, 1821)",Horned Puffin,Horned Puffin
Ptychoramphus aleuticus,"(Pallas, PS, 1811)",Cassin's Auklet,Cassin's Auklet
Aethia pusilla,"(Pallas, PS, 1811)",Least Auklet,Least Auklet
Aethia pygmaea,"(Gmelin, JF, 1789)",Whiskered Auklet,Whiskered Auklet
Aethia cristatella,"(Pallas, PS, 1769)",Crested Auklet,Crested Auklet
Aethia psittacula,"(Pallas, PS, 1769)",Parakeet Auklet,Parakeet Auklet
Synthliboramphus wumizusume,"(Temminck, CJ, 1836)",Japanese Murrelet,Japanese Murrelet
Synthliboramphus antiquus,"(Gmelin, JF, 1789)",Ancient Murrelet,Ancient Murrelet
Synthliboramphus craveri,"(Salvadori, AT, 1866)",Craveri's Murrelet,Craveri's Murrelet
Synthliboramphus hypoleucus,"(Xántus, J, 1860)",Guadalupe Murrelet,Guadalupe Murrelet
Synthliboramphus scrippsi,"(Green, JE; Arnold, LW, 1939)",Scripps's Murrelet,Scripps's Murrelet
Brachyramphus perdix,"(Pallas, PS, 1811)",Long-billed Murrelet,Long-billed Murrelet
Brachyramphus marmoratus,"(Gmelin, JF, 1789)",Marbled Murrelet,Marbled Murrelet
Brachyramphus brevirostris,"(Vigors, NA, 1829)",Kittlitz's Murrelet,Kittlitz's Murrelet
Cepphus grylle,"(Linnaeus, C, 1758)",Black Guillemot,Black Guillemot
Cepphus carbo,"Pallas, PS, 1811",Spectacled Guillemot,Spectacled Guillemot
Cepphus columba,"Pallas, PS, 1811",Pigeon Guillemot,Pigeon Guillemot
Alca torda,"Linnaeus, C, 1758",Razorbill,Razorbill
Pinguinus impennis,"(Linnaeus, C, 1758)",Great Auk,Great Auk
Alle alle,"(Linnaeus, C, 1758)",Little Auk,Dovekie
Uria lomvia,"(Linnaeus, C, 1758)",Thick-billed Murre,Thick-billed Murre
Uria aalge,"(Pontoppidan, E, 1763)",Common Murre,Common Murre
Rynchops flavirostris,"Vieillot, LJP, 1816",African Skimmer,African Skimmer
Rynchops albicollis,"Swainson, WJ, 1838",Indian Skimmer,Indian Skimmer
Rynchops niger,"Linnaeus, C, 1758",Black Skimmer,Black Skimmer
Gygis alba,"(Sparrman, A, 1786)",Atlantic White Tern,Atlantic White-Tern
Gygis candida,"(Gmelin, JF, 1789)",Blue-billed White Tern,Blue-billed White-Tern
Gygis microrhyncha,"Saunders, H, 1876",Little White Tern,Little White-Tern
Anous stolidus,"(Linnaeus, C, 1758)",Brown Noddy,Brown Noddy
Anous tenuirostris,"(Temminck, CJ, 1823)",Lesser Noddy,Lesser Noddy
Anous minutus,"Boie, F, 1844",Black Noddy,Black Noddy
Anous albivitta,"(Bonaparte, CLJL, 1856)",Grey Noddy,Gray Noddy
Anous ceruleus,"(Bennett, FD, 1840)",Blue Noddy,Blue-gray Noddy
Onychoprion aleuticus,"(Baird, SF, 1869)",Aleutian Tern,Aleutian Tern
Onychoprion fuscatus,"(Linnaeus, C, 1766)",Sooty Tern,Sooty Tern
Onychoprion lunatus,"(Peale, TR, 1849)",Spectacled Tern,Gray-backed Tern
Onychoprion anaethetus,"(Scopoli, GA, 1786)",Bridled Tern,Bridled Tern
Sternula balaenarum,"Strickland, HE, 1853",Damara Tern,Damara Tern
Sternula nereis,"Gould, J, 1843",Fairy Tern,Australian Fairy Tern
Sternula albifrons,"(Pallas, PS, 1764)",Little Tern,Little Tern
Sternula superciliaris,"(Vieillot, LJP, 1819)",Yellow-billed Tern,Yellow-billed Tern
Sternula lorata,"(Philippi, RA; Landbeck, CL, 1861)",Peruvian Tern,Peruvian Tern
Sternula saundersi,"(Hume, AO, 1877)",Saunders's Tern,Saunders's Tern
Sternula antillarum,"Lesson, RP, 1847",Least Tern,Least Tern
Phaetusa simplex,"(Gmelin, JF, 1789)",Large-billed Tern,Large-billed Tern
Hydroprogne caspia,"(Pallas, PS, 1770)",Caspian Tern,Caspian Tern
Gelochelidon macrotarsa,"(Gould, J, 1837)",Australian Tern,Australian Tern
Gelochelidon nilotica,"(Gmelin, JF, 1789)",Gull-billed Tern,Gull-billed Tern
Larosterna inca,"(Lesson, RP; Garnot, P, 1827)",Inca Tern,Inca Tern
Chlidonias hybrida,"(Pallas, PS, 1811)",Whiskered Tern,Whiskered Tern
Chlidonias albostriatus,"(Gray, GR, 1845)",Black-fronted Tern,Black-fronted Tern
Chlidonias leucopterus,"(Temminck, CJ, 1815)",White-winged Tern,White-winged Tern
Chlidonias niger,"(Linnaeus, C, 1758)",Black Tern,Black Tern
Thalasseus sandvicensis,"(Latham, J, 1787)",Sandwich Tern,Sandwich Tern
Thalasseus elegans,"(Gambel, W, 1849)",Elegant Tern,Elegant Tern
Thalasseus bernsteini,"(Schlegel, H, 1864)",Chinese Crested Tern,Chinese Crested Tern
Thalasseus bergii,"(Lichtenstein, MHC, 1823)",Greater Crested Tern,Great Crested Tern
Thalasseus maximus,"(Boddaert, P, 1783)",Royal Tern,Royal Tern
Thalasseus albididorsalis,"(Hartert, EJO, 1921)",West African Crested Tern,West African Crested Tern
Thalasseus bengalensis,"(Lesson, RP, 1831)",Lesser Crested Tern,Lesser Crested Tern
Sterna aurantia,"Gray, JE, 1831",River Tern,River Tern
Sterna forsteri,"Nuttall, T, 1834",Forster's Tern,Forster's Tern
Sterna trudeaui,"Audubon, JJ, 1838",Snowy-crowned Tern,Snowy-crowned Tern
Sterna paradisaea,"Pontoppidan, E, 1763",Arctic Tern,Arctic Tern
Sterna hirundinacea,"Lesson, RP, 1831",South American Tern,South American Tern
Sterna vittata,"Gmelin, JF, 1789",Antarctic Tern,Antarctic Tern
Sterna virgata,"Cabanis, JL, 1875",Kerguelen Tern,Kerguelen Tern
Sterna hirundo,"Linnaeus, C, 1758",Common Tern,Common Tern
Sterna repressa,"Hartert, EJO, 1916",White-cheeked Tern,White-cheeked Tern
Sterna sumatrana,"Raffles, TS, 1822",Black-naped Tern,Black-naped Tern
Sterna dougallii,"Montagu, G, 1813",Roseate Tern,Roseate Tern
Sterna striata,"Gmelin, JF, 1789",White-fronted Tern,White-fronted Tern
Sterna acuticauda,"Gray, JE, 1831",Black-bellied Tern,Black-bellied Tern
Creagrus furcatus,"(Néboux, A-S, 1842)",Swallow-tailed Gull,Swallow-tailed Gull
Hydrocoloeus minutus,"(Pallas, PS, 1776)",Little Gull,Little Gull
Rhodostethia rosea,"(MacGillivray, W, 1824)",Ross's Gull,Ross's Gull
Rissa brevirostris,"(Bruch, CF, 1855)",Red-legged Kittiwake,Red-legged Kittiwake
Rissa tridactyla,"(Linnaeus, C, 1758)",Black-legged Kittiwake,Black-legged Kittiwake
Xema sabini,"(Sabine, J, 1819)",Sabine's Gull,Sabine's Gull
Pagophila eburnea,"(Phipps, CJ, 1774)",Ivory Gull,Ivory Gull
Saundersilarus saundersi,"(Swinhoe, R, 1871)",Saunders's Gull,Saunders's Gull
Chroicocephalus genei,"(di Brème, FAG, 1839)",Slender-billed Gull,Slender-billed Gull
Chroicocephalus philadelphia,"(Ord, G, 1815)",Bonaparte's Gull,Bonaparte's Gull
Chroicocephalus ridibundus,"(Linnaeus, C, 1766)",Black-headed Gull,Black-headed Gull
Chroicocephalus brunnicephalus,"(Jerdon, TC, 1840)",Brown-headed Gull,Brown-headed Gull
Chroicocephalus hartlaubii,"(Bruch, CF, 1855)",Hartlaub's Gull,Hartlaub's Gull
Chroicocephalus cirrocephalus,"(Vieillot, LJP, 1818)",Grey-headed Gull,Gray-hooded Gull
Chroicocephalus maculipennis,"(Lichtenstein, MHC, 1823)",Brown-hooded Gull,Brown-hooded Gull
Chroicocephalus serranus,"(Tschudi, JJ, 1844)",Andean Gull,Andean Gull
Chroicocephalus bulleri,"(Hutton, FW, 1871)",Black-billed Gull,Black-billed Gull
Chroicocephalus novaehollandiae,"(Stephens, JF, 1826)",Silver Gull,Silver Gull
Leucophaeus scoresbii,"(Traill, TS, 1823)",Dolphin Gull,Dolphin Gull
Leucophaeus modestus,"(Tschudi, JJ, 1843)",Grey Gull,Gray Gull
Leucophaeus atricilla,"(Linnaeus, C, 1758)",Laughing Gull,Laughing Gull
Leucophaeus pipixcan,"(Wagler, JG, 1831)",Franklin's Gull,Franklin's Gull
Leucophaeus fuliginosus,"(Gould, J, 1841)",Lava Gull,Lava Gull
Ichthyaetus ichthyaetus,"(Pallas, PS, 1773)",Pallas's Gull,Pallas's Gull
Ichthyaetus relictus,"(Lönnberg, E, 1931)",Relict Gull,Relict Gull
Ichthyaetus audouinii,"(Payraudeau, C, 1826)",Audouin's Gull,Audouin's Gull
Ichthyaetus melanocephalus,"(Temminck, CJ, 1820)",Mediterranean Gull,Mediterranean Gull
Ichthyaetus leucophthalmus,"(Temminck, CJ, 1825)",White-eyed Gull,White-eyed Gull
Ichthyaetus hemprichii,"(Bruch, CF, 1855)",Sooty Gull,Sooty Gull
Larus pacificus,"Latham, J, 1801",Pacific Gull,Pacific Gull
Larus belcheri,"Vigors, NA, 1829",Belcher's Gull,Belcher's Gull
Larus crassirostris,"Vieillot, LJP, 1818",Black-tailed Gull,Black-tailed Gull
Larus atlanticus,"Olrog, CC, 1958",Olrog's Gull,Olrog's Gull
Larus heermanni,"Cassin, J, 1852",Heermann's Gull,Heermann's Gull
Larus delawarensis,"Ord, G, 1815",Ring-billed Gull,Ring-billed Gull
Larus brachyrhynchus,"Richardson, J, 1831",Short-billed Gull,Short-billed Gull
Larus canus,"Linnaeus, C, 1758",Common Gull,Common Gull
Larus livens,"Dwight, J, 1919",Yellow-footed Gull,Yellow-footed Gull
Larus occidentalis,"Audubon, JJ, 1839",Western Gull,Western Gull
Larus cachinnans,"Pallas, PS, 1811",Caspian Gull,Caspian Gull
Larus dominicanus,"Lichtenstein, MHC, 1823",Kelp Gull,Kelp Gull
Larus smithsonianus,"Coues, E, 1862",American Herring Gull,American Herring Gull
Larus vegae,"Palmén, JA, 1887",Vega Gull,Vega Gull
Larus mongolicus,"Sushkin, PP, 1925",Mongolian Gull,Mongolian Gull
Larus argentatus,"Pontoppidan, E, 1763",European Herring Gull,European Herring Gull
Larus michahellis,"Naumann, JF, 1840",Yellow-legged Gull,Yellow-legged Gull
Larus armenicus,"Buturlin, SA, 1934",Armenian Gull,Armenian Gull
Larus marinus,"Linnaeus, C, 1758",Great Black-backed Gull,Great Black-backed Gull
Larus hyperboreus,"Gunnerus, JE, 1767",Glaucous Gull,Glaucous Gull
Larus fuscus,"Linnaeus, C, 1758",Lesser Black-backed Gull,Lesser Black-backed Gull
Larus californicus,"Lawrence, GN, 1854",California Gull,California Gull
Larus glaucescens,"Naumann, JF, 1840",Glaucous-winged Gull,Glaucous-winged Gull
Larus schistisagus,"Stejneger, LH, 1884",Slaty-backed Gull,Slaty-backed Gull
Larus glaucoides,"Meyer, B, 1822",Iceland Gull,Iceland Gull
Eurypyga helias,"(Pallas, PS, 1781)",Sunbittern,Sunbittern
Rhynochetos jubatus,"Verreaux, JP; des Murs, MAPO, 1860",Kagu,Kagu
Phaethon aethereus,"Linnaeus, C, 1758",Red-billed Tropicbird,Red-billed Tropicbird
Phaethon rubricauda,"Boddaert, P, 1783",Red-tailed Tropicbird,Red-tailed Tropicbird
Phaethon lepturus,"Daudin, FM, 1802",White-tailed Tropicbird,White-tailed Tropicbird
Gavia stellata,"(Pontoppidan, E, 1763)",Red-throated Loon,Red-throated Loon
Gavia immer,"(Brünnich, MT, 1764)",Common Loon,Common Loon
Gavia adamsii,"(Gray, GR, 1859)",Yellow-billed Loon,Yellow-billed Loon
Gavia pacifica,"(Lawrence, GN, 1858)",Pacific Loon,Pacific Loon
Gavia arctica,"(Linnaeus, C, 1758)",Black-throated Loon,Arctic Loon
Aptenodytes patagonicus,"Miller, JF, 1778",King Penguin,King Penguin
Aptenodytes forsteri,"Gray, GR, 1844",Emperor Penguin,Emperor Penguin
Pygoscelis adeliae,"(Hombron, JB; Jacquinot, H, 1841)",Adelie Penguin,Adelie Penguin
Pygoscelis papua,"(Forster, JR, 1781)",Gentoo Penguin,Gentoo Penguin
Pygoscelis antarcticus,"(Forster, JR, 1781)",Chinstrap Penguin,Chinstrap Penguin
Eudyptula minor,"(Forster, JR, 1781)",Little Penguin,Little Penguin
Spheniscus demersus,"(Linnaeus, C, 1758)",African Penguin,African Penguin
Spheniscus humboldti,"Meyen, FJF, 1834",Humboldt Penguin,Humboldt Penguin
Spheniscus mendiculus,"Sundevall, CJ, 1871",Galapagos Penguin,Galapagos Penguin
Spheniscus magellanicus,"(Forster, JR, 1781)",Magellanic Penguin,Magellanic Penguin
Megadyptes antipodes,"(Hombron, JB; Jacquinot, H, 1841)",Yellow-eyed Penguin,Yellow-eyed Penguin
Eudyptes pachyrhynchus,"Gray, GR, 1845",Fiordland Penguin,Fiordland Penguin
Eudyptes sclateri,"Buller, WL, 1888",Erect-crested Penguin,Erect-crested Penguin
Eudyptes chrysolophus,"(Brandt, JF, 1837)",Macaroni Penguin,Macaroni Penguin
Eudyptes schlegeli,"Finsch, FHO, 1876",Royal Penguin,Royal Penguin
Eudyptes chrysocome,"(Forster, JR, 1781)",Western Rockhopper Penguin,Western Rockhopper Penguin
Eudyptes filholi,"Hutton, FW, 1879",Eastern Rockhopper Penguin,Eastern Rockhopper Penguin
Eudyptes moseleyi,"Mathews, GM; Iredale, T, 1921",Northern Rockhopper Penguin,Moseley's Rockhopper Penguin
Eudyptes robustus,"Oliver, WRB, 1953",Snares Penguin,Snares Penguin
Phoebastria irrorata,"(Salvin, O, 1883)",Waved Albatross,Waved Albatross
Phoebastria immutabilis,"(Rothschild, LW, 1893)",Laysan Albatross,Laysan Albatross
Phoebastria nigripes,"(Audubon, JJ, 1839)",Black-footed Albatross,Black-footed Albatross
Phoebastria albatrus,"(Pallas, PS, 1769)",Short-tailed Albatross,Short-tailed Albatross
Diomedea sanfordi,"Murphy, RC, 1917",Northern Royal Albatross,Northern Royal Albatross
Diomedea epomophora,"Lesson, RP, 1825",Southern Royal Albatross,Southern Royal Albatross
Diomedea exulans,"Linnaeus, C, 1758",Snowy Albatross,Snowy Albatross
Diomedea dabbenena,"Mathews, GM, 1929",Tristan Albatross,Tristan Albatross
Diomedea antipodensis,"Robertson, CJR; Warham, J, 1992",Antipodean Albatross,Antipodean Albatross
Diomedea amsterdamensis,"Roux, J-P; Jouventin, P; Mougin, J-L; Stahl, J-C; Weimerskirch, H, 1983",Amsterdam Albatross,Amsterdam Albatross
Phoebetria palpebrata,"(Forster, JR, 1785)",Light-mantled Albatross,Light-mantled Albatross
Phoebetria fusca,"(Hilsenberg, CT, 1822)",Sooty Albatross,Sooty Albatross
Thalassarche chlororhynchos,"(Gmelin, JF, 1789)",Atlantic Yellow-nosed Albatross,Atlantic Yellow-nosed Albatross
Thalassarche carteri,"(Rothschild, LW, 1903)",Indian Yellow-nosed Albatross,Indian Yellow-nosed Albatross
Thalassarche chrysostoma,"(Forster, JR, 1785)",Grey-headed Albatross,Gray-headed Albatross
Thalassarche melanophris,"(Temminck, CJ, 1828)",Black-browed Albatross,Black-browed Albatross
Thalassarche bulleri,"(Rothschild, LW, 1893)",Buller's Albatross,Buller's Albatross
Thalassarche cauta,"(Gould, J, 1841)",Shy Albatross,White-capped Albatross
Thalassarche salvini,"(Rothschild, LW, 1893)",Salvin's Albatross,Salvin's Albatross
Thalassarche eremita,"Murphy, RC, 1930",Chatham Albatross,Chatham Albatross
Oceanites oceanicus,"(Kuhl, H, 1820)",Wilson's Storm Petrel,Wilson's Storm-Petrel
Oceanites pincoyae,"Harrison, P; Sallaberry, M; Gaskin, CP; Baird, KA; Jaramillo, A; Metz, SM; Pearman, M; O'Keeffe, M; Dowdall, J; Enright, S; Fahy, K; Gilligan, J; Lillie, G, 2013",Pincoya Storm Petrel,Pincoya Storm-Petrel
Oceanites gracilis,"(Elliot, DG, 1859)",Elliot's Storm Petrel,Elliot's Storm-Petrel
Nesofregetta fuliginosa,"(Gmelin, JF, 1789)",Polynesian Storm Petrel,Polynesian Storm-Petrel
Garrodia nereis,"(Gould, J, 1841)",Grey-backed Storm Petrel,Gray-backed Storm-Petrel
Pelagodroma marina,"(Latham, J, 1790)",White-faced Storm Petrel,White-faced Storm-Petrel
Fregetta grallaria,"(Vieillot, LJP, 1818)",White-bellied Storm Petrel,White-bellied Storm-Petrel
Fregetta maoriana,"(Mathews, GM, 1932)",New Zealand Storm Petrel,New Zealand Storm-Petrel
Fregetta lineata,"(Peale, TR, 1849)",New Caledonian Storm Petrel,New Caledonian Storm-Petrel
Fregetta tropica,"(Gould, J, 1844)",Black-bellied Storm Petrel,Black-bellied Storm-Petrel
Hydrobates pelagicus,"(Linnaeus, C, 1758)",European Storm Petrel,European Storm-Petrel
Hydrobates furcatus,"(Gmelin, JF, 1789)",Fork-tailed Storm Petrel,Fork-tailed Storm-Petrel
Hydrobates jabejabe,"(Bocage, JVB, 1875)",Cape Verde Storm Petrel,Cape Verde Storm-Petrel
Hydrobates castro,"(Harcourt, EWV, 1851)",Band-rumped Storm Petrel,Band-rumped Storm-Petrel
Hydrobates monteiroi,"(Bolton, M; Smith, AL; Gómez-Díaz, E; Friesen, VL; Medeiros, R; Bried, J; Roscales, JL; Furness, RW, 2008)",Monteiro's Storm Petrel,Monteiro's Storm-Petrel
Hydrobates melania,"(Bonaparte, CLJL, 1854)",Black Storm Petrel,Black Storm-Petrel
Hydrobates markhami,"(Salvin, O, 1883)",Markham's Storm Petrel,Markham's Storm-Petrel
Hydrobates microsoma,"(Coues, E, 1864)",Least Storm Petrel,Least Storm-Petrel
Hydrobates tethys,"(Bonaparte, CLJL, 1852)",Wedge-rumped Storm Petrel,Wedge-rumped Storm-Petrel
Hydrobates hornbyi,"(Gray, GR, 1854)",Ringed Storm Petrel,Ringed Storm-Petrel
Hydrobates homochroa,"(Coues, E, 1864)",Ashy Storm Petrel,Ashy Storm-Petrel
Hydrobates tristrami,"(Salvin, O, 1896)",Tristram's Storm Petrel,Tristram's Storm-Petrel
Hydrobates monorhis,"(Swinhoe, R, 1867)",Swinhoe's Storm Petrel,Swinhoe's Storm-Petrel
Hydrobates matsudairae,"(Kuroda, Nm, 1922)",Matsudaira's Storm Petrel,Matsudaira's Storm-Petrel
Hydrobates macrodactylus,"(Bryant, WE, 1887)",Guadalupe Storm Petrel,Guadalupe Storm-Petrel
Hydrobates socorroensis,"(Townsend, CH, 1890)",Townsend's Storm Petrel,Townsend's Storm-Petrel
Hydrobates cheimomnestes,"(Ainley, DG, 1980)",Ainley's Storm Petrel,Ainley's Storm-Petrel
Hydrobates leucorhous,"(Vieillot, LJP, 1818)",Leach's Storm Petrel,Leach's Storm-Petrel
Pagodroma nivea,"(Forster, JGA, 1777)",Snow Petrel,Snow Petrel
Thalassoica antarctica,"(Gmelin, JF, 1789)",Antarctic Petrel,Antarctic Petrel
Daption capense,"(Linnaeus, C, 1758)",Pintado Petrel,Pintado Petrel
Macronectes giganteus,"(Gmelin, JF, 1789)",Southern Giant Petrel,Southern Giant-Petrel
Macronectes halli,"Mathews, GM, 1912",Northern Giant Petrel,Northern Giant-Petrel
Fulmarus glacialoides,"(Smith, A, 1840)",Southern Fulmar,Southern Fulmar
Fulmarus glacialis,"(Linnaeus, C, 1761)",Northern Fulmar,Northern Fulmar
Bulweria bifax,"Olson, SL, 1975",Olson's Petrel,Small St. Helena Petrel
Bulweria bulwerii,"(Jardine, W; Selby, PJ, 1828)",Bulwer's Petrel,Bulwer's Petrel
Bulweria fallax,"Jouanin, C, 1955",Jouanin's Petrel,Jouanin's Petrel
Pseudobulweria macgillivrayi,"(Gray, GR, 1860)",Fiji Petrel,Fiji Petrel
Pseudobulweria aterrima,"(Bonaparte, CLJL, 1855)",Mascarene Petrel,Mascarene Petrel
Pseudobulweria rostrata,"(Peale, TR, 1849)",Tahiti Petrel,Tahiti Petrel
Pseudobulweria becki,"(Murphy, RC, 1928)",Beck's Petrel,Beck's Petrel
Procellaria westlandica,"Falla, RA, 1946",Westland Petrel,Westland Petrel
Procellaria cinerea,"Gmelin, JF, 1789",Grey Petrel,Gray Petrel
Procellaria aequinoctialis,"Linnaeus, C, 1758",White-chinned Petrel,White-chinned Petrel
Procellaria conspicillata,"Gould, J, 1844",Spectacled Petrel,Spectacled Petrel
Procellaria parkinsoni,"Gray, GR, 1862",Black Petrel,Parkinson's Petrel
Calonectris leucomelas,"(Temminck, CJ, 1836)",Streaked Shearwater,Streaked Shearwater
Calonectris edwardsii,"(Oustalet, J-FÉ, 1883)",Cape Verde Shearwater,Cape Verde Shearwater
Calonectris diomedea,"(Scopoli, GA, 1769)",Scopoli's Shearwater,Scopoli's Shearwater
Calonectris borealis,"(Cory, CB, 1881)",Cory's Shearwater,Cory's Shearwater
Ardenna pacifica,"(Gmelin, JF, 1789)",Wedge-tailed Shearwater,Wedge-tailed Shearwater
Ardenna bulleri,"(Salvin, O, 1888)",Buller's Shearwater,Buller's Shearwater
Ardenna tenuirostris,"(Temminck, CJ, 1836)",Short-tailed Shearwater,Short-tailed Shearwater
Ardenna grisea,"(Gmelin, JF, 1789)",Sooty Shearwater,Sooty Shearwater
Ardenna gravis,"(O'Reilly, B, 1818)",Great Shearwater,Great Shearwater
Ardenna carneipes,"(Gould, J, 1844)",Flesh-footed Shearwater,Flesh-footed Shearwater
Ardenna creatopus,"(Coues, E, 1864)",Pink-footed Shearwater,Pink-footed Shearwater
Puffinus nativitatis,"Streets, TH, 1877",Christmas Shearwater,Christmas Shearwater
Puffinus subalaris,"Ridgway, R, 1897",Galapagos Shearwater,Galapagos Shearwater
Puffinus gavia,"(Forster, JR, 1844)",Fluttering Shearwater,Fluttering Shearwater
Puffinus huttoni,"Mathews, GM, 1912",Hutton's Shearwater,Hutton's Shearwater
Puffinus puffinus,"(Brünnich, MT, 1764)",Manx Shearwater,Manx Shearwater
Puffinus yelkouan,"(Acerbi, G, 1827)",Mediterranean Shearwater,
Puffinus lherminieri,"Lesson, RP, 1839",Sargasso Shearwater,Sargasso Shearwater
Puffinus baroli,"(Bonaparte, CLJL, 1856)",Barolo Shearwater,Barolo Shearwater
Puffinus boydi,"Mathews, GM, 1912",Boyd's Shearwater,Boyd's Shearwater
Puffinus heinrothi,"Reichenow, A, 1919",Heinroth's Shearwater,Heinroth's Shearwater
Puffinus elegans,"Giglioli, EH; Salvadori, AT, 1869",Subantarctic Shearwater,Subantarctic Shearwater
Puffinus assimilis,"Gould, J, 1838",Little Shearwater,Little Shearwater
Puffinus bryani,"Pyle, P; Welch, AJ; Fleischer, RC, 2011",Bryan's Shearwater,Bryan's Shearwater
Puffinus persicus,"Hume, AO, 1872",Persian Shearwater,Persian Shearwater
Puffinus bailloni,"(Bonaparte, CLJL, 1857)",Tropical Shearwater,Tropical Shearwater
Puffinus opisthomelas,"Coues, E, 1864",Black-vented Shearwater,Black-vented Shearwater
Puffinus bannermani,"Mathews, GM; Iredale, T, 1915",Bannerman's Shearwater,Bannerman's Shearwater
Puffinus myrtae,"Bourne, WRP, 1959",Rapa Shearwater,Rapa Shearwater
Puffinus auricularis,"Townsend, CH, 1890",Townsend's Shearwater,Townsend's Shearwater
Puffinus newelli,"Henshaw, HW, 1900",Newell's Shearwater,Newell's Shearwater
Pelecanoides garnotii,"(Lesson, RP; Garnot, P, 1828)",Peruvian Diving Petrel,Peruvian Diving-Petrel
Pelecanoides urinatrix,"(Gmelin, JF, 1789)",Common Diving Petrel,Common Diving-Petrel
Pelecanoides georgicus,"Murphy, RC; Harper, F, 1916",South Georgia Diving Petrel,South Georgia Diving-Petrel
Pelecanoides magellani,"(Mathews, GM, 1912)",Magellanic Diving Petrel,Magellanic Diving-Petrel
Halobaena caerulea,"(Gmelin, JF, 1789)",Blue Petrel,Blue Petrel
Pachyptila turtur,"(Kuhl, H, 1820)",Fairy Prion,Fairy Prion
Pachyptila vittata,"(Forster, JGA, 1777)",Broad-billed Prion,Broad-billed Prion
Pachyptila salvini,"(Mathews, GM, 1912)",Salvin's Prion,Salvin's Prion
Pachyptila macgillivrayi,"(Mathews, GM, 1912)",MacGillivray's Prion,MacGillivray's Prion
Pachyptila desolata,"(Gmelin, JF, 1789)",Antarctic Prion,Antarctic Prion
Pachyptila belcheri,"(Mathews, GM, 1912)",Slender-billed Prion,Slender-billed Prion
Pachyptila crassirostris,"(Mathews, GM, 1912)",Fulmar Prion,Fulmar Prion
Aphrodroma brevirostris,"(Lesson, RP, 1831)",Kerguelen Petrel,Kerguelen Petrel
Pterodroma mollis,"(Gould, J, 1844)",Soft-plumaged Petrel,Soft-plumaged Petrel
Pterodroma magentae,"(Giglioli, EH; Salvadori, AT, 1869)",Magenta Petrel,Magenta Petrel
Pterodroma incerta,"(Schlegel, H, 1863)",Atlantic Petrel,Atlantic Petrel
Pterodroma gouldi,"(Hutton, FW, 1869)",Grey-faced Petrel,Gray-faced Petrel
Pterodroma lessonii,"(Garnot, P, 1826)",White-headed Petrel,White-headed Petrel
Pterodroma macroptera,"(Smith, A, 1840)",Great-winged Petrel,Great-winged Petrel
Pterodroma hasitata,"(Kuhl, H, 1820)",Black-capped Petrel,Black-capped Petrel
Pterodroma caribbaea,"Carte, A, 1866",Jamaican Petrel,Jamaican Petrel
Pterodroma cahow,"(Nichols, JT; Mowbray, LLA, 1916)",Bermuda Petrel,Bermuda Petrel
Pterodroma madeira,"Mathews, GM, 1934",Zino's Petrel,Zino's Petrel
Pterodroma rupinarum,"Olson, SL, 1975",St. Helena Petrel,Large St. Helena Petrel
Pterodroma feae,"(Salvadori, AT, 1899)",Cape Verde Petrel,Cape Verde Petrel
Pterodroma deserta,"Mathews, GM, 1934",Desertas Petrel,Desertas Petrel
Pterodroma hypoleuca,"(Salvin, O, 1888)",Bonin Petrel,Bonin Petrel
Pterodroma defilippiana,"(Giglioli, EH; Salvadori, AT, 1869)",Masatierra Petrel,Masatierra Petrel
Pterodroma longirostris,"(Stejneger, LH, 1893)",Stejneger's Petrel,Stejneger's Petrel
Pterodroma cookii,"(Gray, GR, 1843)",Cook's Petrel,Cook's Petrel
Pterodroma pycrofti,"Falla, RA, 1933",Pycroft's Petrel,Pycroft's Petrel
Pterodroma leucoptera,"(Gould, J, 1844)",Gould's Petrel,Gould's Petrel
Pterodroma brevipes,"(Peale, TR, 1849)",Collared Petrel,Collared Petrel
Pterodroma axillaris,"(Salvin, O, 1893)",Chatham Islands Petrel,Chatham Islands Petrel
Pterodroma nigripennis,"(Rothschild, LW, 1893)",Black-winged Petrel,Black-winged Petrel
Pterodroma externa,"(Salvin, O, 1875)",Juan Fernandez Petrel,Juan Fernandez Petrel
Pterodroma phaeopygia,"(Salvin, O, 1876)",Galapagos Petrel,Galapagos Petrel
Pterodroma baraui,"(Jouanin, C, 1964)",Barau's Petrel,Barau's Petrel
Pterodroma sandwichensis,"(Ridgway, R, 1884)",Hawaiian Petrel,Hawaiian Petrel
Pterodroma cervicalis,"(Salvin, O, 1891)",White-necked Petrel,
Pterodroma solandri,"(Gould, J, 1844)",Providence Petrel,Providence Petrel
Pterodroma inexpectata,"(Forster, JR, 1844)",Mottled Petrel,Mottled Petrel
Pterodroma ultima,"Murphy, RC, 1949",Murphy's Petrel,Murphy's Petrel
Pterodroma alba,"(Gmelin, JF, 1789)",Phoenix Petrel,Phoenix Petrel
Pterodroma neglecta,"(Schlegel, H, 1863)",Kermadec Petrel,Kermadec Petrel
Pterodroma arminjoniana,"(Giglioli, EH; Salvadori, AT, 1869)",Trindade Petrel,Trindade Petrel
Pterodroma heraldica,"(Salvin, O, 1888)",Herald Petrel,Herald Petrel
Pterodroma atrata,"(Mathews, GM, 1912)",Henderson Petrel,Henderson Petrel
Anastomus oscitans,"(Boddaert, P, 1783)",Asian Openbill,Asian Openbill
Anastomus lamelligerus,"Temminck, CJ, 1823",African Openbill,African Openbill
Leptoptilos crumenifer,"(Lesson, RP, 1831)",Marabou Stork,Marabou Stork
Leptoptilos dubius,"(Gmelin, JF, 1789)",Greater Adjutant,Greater Adjutant
Leptoptilos javanicus,"(Horsfield, T, 1821)",Lesser Adjutant,Lesser Adjutant
Mycteria americana,"Linnaeus, C, 1758",Wood Stork,Wood Stork
Mycteria cinerea,"(Raffles, TS, 1822)",Milky Stork,Milky Stork
Mycteria ibis,"(Linnaeus, C, 1766)",Yellow-billed Stork,Yellow-billed Stork
Mycteria leucocephala,"(Pennant, T, 1769)",Painted Stork,Painted Stork
Jabiru mycteria,"(Lichtenstein, MHC, 1819)",Jabiru,Jabiru
Ephippiorhynchus senegalensis,"(Shaw, G, 1800)",Saddle-billed Stork,Saddle-billed Stork
Ephippiorhynchus asiaticus,"(Latham, J, 1790)",Black-necked Stork,Black-necked Stork
Ciconia nigra,"(Linnaeus, C, 1758)",Black Stork,Black Stork
Ciconia maguari,"(Gmelin, JF, 1789)",Maguari Stork,Maguari Stork
Ciconia boyciana,"Swinhoe, R, 1873",Oriental Stork,Oriental Stork
Ciconia ciconia,"(Linnaeus, C, 1758)",White Stork,White Stork
Ciconia abdimii,"Lichtenstein, MHC, 1823",Abdim's Stork,Abdim's Stork
Ciconia stormi,"(Blasius, W, 1896)",Storm's Stork,Storm's Stork
Ciconia microscelis,"Gray, GR, 1848",African Woolly-necked Stork,African Woolly-necked Stork
Ciconia episcopus,"(Boddaert, P, 1783)",Asian Woolly-necked Stork,Asian Woolly-necked Stork
Fregata ariel,"(Gray, GR, 1845)",Lesser Frigatebird,Lesser Frigatebird
Fregata aquila,"(Linnaeus, C, 1758)",Ascension Frigatebird,Ascension Frigatebird
Fregata magnificens,"Mathews, GM, 1914",Magnificent Frigatebird,Magnificent Frigatebird
Fregata andrewsi,"Mathews, GM, 1914",Christmas Frigatebird,Christmas Island Frigatebird
Fregata minor,"(Gmelin, JF, 1789)",Great Frigatebird,Great Frigatebird
Papasula abbotti,"(Ridgway, R, 1893)",Abbott's Booby,Abbott's Booby
Morus bassanus,"(Linnaeus, C, 1758)",Northern Gannet,Northern Gannet
Morus capensis,"(Lichtenstein, MHC, 1823)",Cape Gannet,Cape Gannet
Morus serrator,"(Gray, GR, 1843)",Australasian Gannet,Australasian Gannet
Sula sula,"(Linnaeus, C, 1766)",Red-footed Booby,Red-footed Booby
Sula leucogaster,"(Boddaert, P, 1783)",Brown Booby,Brown Booby
Sula brewsteri,"Goss, NS, 1888",Cocos Booby,Cocos Booby
Sula granti,"Rothschild, LW, 1902",Nazca Booby,Nazca Booby
Sula dactylatra,"Lesson, RP, 1831",Masked Booby,Masked Booby
Sula variegata,"(Tschudi, JJ, 1843)",Peruvian Booby,Peruvian Booby
Sula nebouxii,"Milne-Edwards, A, 1882",Blue-footed Booby,Blue-footed Booby
Anhinga anhinga,"(Linnaeus, C, 1766)",Anhinga,Anhinga
Anhinga novaehollandiae,"(Gould, J, 1847)",Australasian Darter,Australasian Darter
Anhinga melanogaster,"Pennant, T, 1769",Oriental Darter,Oriental Darter
Anhinga rufa,"(Daudin, FM, 1802)",African Darter,African Darter
Microcarbo coronatus,"(Wahlberg, JA, 1855)",Crowned Cormorant,Crowned Cormorant
Microcarbo africanus,"(Gmelin, JF, 1789)",Reed Cormorant,Reed Cormorant
Microcarbo melanoleucos,"(Vieillot, LJP, 1817)",Little Pied Cormorant,Little Pied Cormorant
Microcarbo pygmaeus,"(Pallas, PS, 1773)",Pygmy Cormorant,Pygmy Cormorant
Microcarbo niger,"(Vieillot, LJP, 1817)",Little Cormorant,Little Cormorant
Poikilocarbo gaimardi,"(Garnot, P, 1828)",Red-legged Cormorant,Red-legged Cormorant
Gulosus aristotelis,"(Linnaeus, C, 1761)",European Shag,European Shag
Nannopterum harrisi,"(Rothschild, LW, 1898)",Flightless Cormorant,Flightless Cormorant
Nannopterum brasilianum,"(Gmelin, JF, 1789)",Neotropic Cormorant,Neotropic Cormorant
Nannopterum auritum,"(Lesson, RP, 1831)",Double-crested Cormorant,Double-crested Cormorant
Leucocarbo magellanicus,"(Gmelin, JF, 1789)",Rock Shag,Magellanic Cormorant
Leucocarbo bougainvilliorum,"(Lesson, RP, 1837)",Guanay Cormorant,Guanay Cormorant
Leucocarbo ranfurlyi,"(Ogilvie-Grant, WR, 1901)",Bounty Shag,Bounty Islands Shag
Leucocarbo carunculatus,"(Gmelin, JF, 1789)",New Zealand King Shag,New Zealand King Shag
Leucocarbo chalconotus,"(Gray, GR, 1845)",Stewart Island Shag,Stewart Island Shag
Leucocarbo onslowi,"(Forbes, HO, 1893)",Chatham Shag,Chatham Islands Shag
Leucocarbo colensoi,"(Buller, WL, 1888)",Auckland Shag,Auckland Islands Shag
Leucocarbo campbelli,"(Filhol, H, 1878)",Campbell Shag,Campbell Islands Shag
Leucocarbo atriceps,"(King, PP, 1828)",Imperial Shag,Imperial Cormorant
Urile penicillatus,"(Brandt, JF, 1837)",Brandt's Cormorant,Brandt's Cormorant
Urile urile,"(Gmelin, JF, 1789)",Red-faced Cormorant,Red-faced Cormorant
Urile pelagicus,"(Pallas, PS, 1811)",Pelagic Cormorant,Pelagic Cormorant
Urile perspicillatus,"(Pallas, PS, 1811)",Spectacled Cormorant,Pallas's Cormorant
Phalacrocorax neglectus,"(Wahlberg, JA, 1855)",Bank Cormorant,Bank Cormorant
Phalacrocorax capensis,"(Sparrman, A, 1788)",Cape Cormorant,Cape Cormorant
Phalacrocorax capillatus,"(Temminck, CJ; Schlegel, H, 1849)",Japanese Cormorant,Japanese Cormorant
Phalacrocorax carbo,"(Linnaeus, C, 1758)",Great Cormorant,Great Cormorant
Phalacrocorax nigrogularis,"Ogilvie-Grant, WR; Forbes, HO, 1899",Socotra Cormorant,Socotra Cormorant
Phalacrocorax featherstoni,"Buller, WL, 1873",Pitt Shag,Pitt Island Shag
Phalacrocorax punctatus,"(Sparrman, A, 1786)",Spotted Shag,Spotted Shag
Phalacrocorax fuscicollis,"Stephens, JF, 1826",Indian Cormorant,Indian Cormorant
Phalacrocorax sulcirostris,"(Brandt, JF, 1837)",Little Black Cormorant,Little Black Cormorant
Phalacrocorax fuscescens,"(Vieillot, LJP, 1817)",Black-faced Cormorant,Black-faced Cormorant
Phalacrocorax varius,"(Gmelin, JF, 1789)",Australian Pied Cormorant,Pied Cormorant
Eudocimus ruber,"(Linnaeus, C, 1758)",Scarlet Ibis,Scarlet Ibis
Eudocimus albus,"(Linnaeus, C, 1758)",American White Ibis,White Ibis
Theristicus caerulescens,"(Vieillot, LJP, 1817)",Plumbeous Ibis,Plumbeous Ibis
Theristicus caudatus,"(Boddaert, P, 1783)",Buff-necked Ibis,Buff-necked Ibis
Theristicus melanopis,"(Gmelin, JF, 1789)",Black-faced Ibis,Black-faced Ibis
Theristicus branickii,"Berlepsch, HHCL; Sztolcman, JS, 1894",Andean Ibis,Andean Ibis
Cercibis oxycerca,"(Spix, JB, 1825)",Sharp-tailed Ibis,Sharp-tailed Ibis
Mesembrinibis cayennensis,"(Gmelin, JF, 1789)",Green Ibis,Green Ibis
Phimosus infuscatus,"(Lichtenstein, MHC, 1823)",Bare-faced Ibis,Bare-faced Ibis
Plegadis falcinellus,"(Linnaeus, C, 1766)",Glossy Ibis,Glossy Ibis
Plegadis chihi,"(Vieillot, LJP, 1817)",White-faced Ibis,White-faced Ibis
Plegadis ridgwayi,"(Allen, JA, 1876)",Puna Ibis,Puna Ibis
Lophotibis cristata,"(Boddaert, P, 1783)",Madagascar Ibis,Madagascar Ibis
Bostrychia olivacea,"(Du Bus de Gisignies, B-AL, 1838)",Olive Ibis,Olive Ibis
Bostrychia bocagei,"(Chapin, JP, 1923)",Sao Tome Ibis,Sao Tome Ibis
Bostrychia rara,"(Rothschild, LW; Hartert, EJO; Kleinschmidt, O, 1897)",Spot-breasted Ibis,Spot-breasted Ibis
Bostrychia hagedash,"(Latham, J, 1790)",Hadada Ibis,Hadada Ibis
Bostrychia carunculata,"(Rüppell, WPES, 1837)",Wattled Ibis,Wattled Ibis
Nipponia nippon,"(Temminck, CJ, 1835)",Crested Ibis,Crested Ibis
Geronticus eremita,"(Linnaeus, C, 1758)",Northern Bald Ibis,Northern Bald Ibis
Geronticus calvus,"(Boddaert, P, 1783)",Southern Bald Ibis,Southern Bald Ibis
Pseudibis papillosa,"(Temminck, CJ, 1824)",Red-naped Ibis,Red-naped Ibis
Pseudibis davisoni,"(Hume, AO, 1875)",White-shouldered Ibis,White-shouldered Ibis
Pseudibis gigantea,"(Oustalet, J-FÉ, 1877)",Giant Ibis,Giant Ibis
Platalea ajaja,"Linnaeus, C, 1758",Roseate Spoonbill,Roseate Spoonbill
Platalea flavipes,"Gould, J, 1838",Yellow-billed Spoonbill,Yellow-billed Spoonbill
Platalea alba,"Scopoli, GA, 1786",African Spoonbill,African Spoonbill
Platalea leucorodia,"Linnaeus, C, 1758",Eurasian Spoonbill,Eurasian Spoonbill
Platalea regia,"Gould, J, 1838",Royal Spoonbill,Royal Spoonbill
Platalea minor,"Temminck, CJ; Schlegel, H, 1849",Black-faced Spoonbill,Black-faced Spoonbill
Threskiornis aethiopicus,"(Latham, J, 1790)",African Sacred Ibis,African Sacred Ibis
Threskiornis bernieri,"(Bonaparte, CLJL, 1855)",Malagasy Sacred Ibis,Malagasy Sacred Ibis
Threskiornis solitarius,"(de Sélys Longchamps, ME, 1848)",Reunion Ibis,Reunion Ibis
Threskiornis melanocephalus,"(Latham, J, 1790)",Black-headed Ibis,Black-headed Ibis
Threskiornis molucca,"(Cuvier, GLCFD, 1829)",Australian White Ibis,Australian Ibis
Threskiornis spinicollis,"(Jameson, R, 1835)",Straw-necked Ibis,Straw-necked Ibis
Balaeniceps rex,"Gould, J, 1850",Shoebill,Shoebill
Scopus umbretta,"Gmelin, JF, 1789",Hamerkop,Hamerkop
Pelecanus erythrorhynchos,"Gmelin, JF, 1789",American White Pelican,American White Pelican
Pelecanus thagus,"Molina, GI, 1782",Peruvian Pelican,Peruvian Pelican
Pelecanus occidentalis,"Linnaeus, C, 1766",Brown Pelican,Brown Pelican
Pelecanus onocrotalus,"Linnaeus, C, 1758",Great White Pelican,Great White Pelican
Pelecanus conspicillatus,"Temminck, CJ, 1824",Australian Pelican,Australian Pelican
Pelecanus rufescens,"Gmelin, JF, 1789",Pink-backed Pelican,Pink-backed Pelican
Pelecanus philippensis,"Gmelin, JF, 1789",Spot-billed Pelican,Spot-billed Pelican
Pelecanus crispus,"Bruch, CF, 1832",Dalmatian Pelican,Dalmatian Pelican
Tigriornis leucolopha,"(Jardine, W, 1846)",White-crested Tiger Heron,White-crested Tiger-Heron
Tigrisoma lineatum,"(Boddaert, P, 1783)",Rufescent Tiger Heron,Rufescent Tiger-Heron
Tigrisoma mexicanum,"Swainson, WJ, 1834",Bare-throated Tiger Heron,Bare-throated Tiger-Heron
Tigrisoma fasciatum,"(Such, G, 1825)",Fasciated Tiger Heron,Fasciated Tiger-Heron
Cochlearius cochlearius,"(Linnaeus, C, 1766)",Boat-billed Heron,Boat-billed Heron
Agamia agami,"(Gmelin, JF, 1789)",Agami Heron,Agami Heron
Zebrilus undulatus,"(Gmelin, JF, 1789)",Zigzag Heron,Zigzag Heron
Botaurus involucris,"(Vieillot, LJP, 1823)",Stripe-backed Bittern,Stripe-backed Bittern
Botaurus exilis,"(Gmelin, JF, 1789)",Least Bittern,Least Bittern
Botaurus poiciloptilus,"(Wagler, JG, 1827)",Australasian Bittern,Australasian Bittern
Botaurus stellaris,"(Linnaeus, C, 1758)",Eurasian Bittern,Eurasian Bittern
Botaurus lentiginosus,"(Rackett, T, 1813)",American Bittern,American Bittern
Botaurus pinnatus,"(Wagler, JG, 1829)",Pinnated Bittern,Pinnated Bittern
Botaurus flavicollis,"(Latham, J, 1790)",Black Bittern,Black Bittern
Botaurus cinnamomeus,"(Gmelin, JF, 1789)",Cinnamon Bittern,Cinnamon Bittern
Botaurus eurhythmus,"(Swinhoe, R, 1873)",Von Schrenck's Bittern,Schrenck's Bittern
Botaurus sturmii,"(Wagler, JG, 1827)",Dwarf Bittern,Dwarf Bittern
Botaurus minutus,"(Linnaeus, C, 1766)",Little Bittern,Little Bittern
Botaurus sinensis,"(Gmelin, JF, 1789)",Yellow Bittern,Yellow Bittern
Botaurus novaezelandiae,"(Purdie, AC, 1871)",New Zealand Bittern,New Zealand Bittern
Botaurus dubius,"(Mathews, GM, 1912)",Black-backed Bittern,Black-backed Bittern
Gorsachius melanolophus,"(Raffles, TS, 1822)",Malayan Night Heron,Malayan Night Heron
Gorsachius goisagi,"(Temminck, CJ, 1836)",Japanese Night Heron,Japanese Night Heron
Calherodius leuconotus,"(Wagler, JG, 1827)",White-backed Night Heron,White-backed Night Heron
Oroanassa magnifica,"(Ogilvie-Grant, WR, 1899)",White-eared Night Heron,White-eared Night Heron
Pilherodius pileatus,"(Boddaert, P, 1783)",Capped Heron,Capped Heron
Syrigma sibilatrix,"(Temminck, CJ, 1824)",Whistling Heron,Whistling Heron
Egretta picata,"(Gould, J, 1845)",Pied Heron,Pied Heron
Egretta caerulea,"(Linnaeus, C, 1758)",Little Blue Heron,Little Blue Heron
Egretta tricolor,"(Müller, PLS, 1776)",Tricolored Heron,Tricolored Heron
Egretta rufescens,"(Gmelin, JF, 1789)",Reddish Egret,Reddish Egret
Egretta novaehollandiae,"(Latham, J, 1790)",White-faced Heron,White-faced Heron
Egretta ardesiaca,"(Wagler, JG, 1827)",Black Heron,Black Heron
Egretta vinaceigula,"(Sharpe, RB, 1895)",Slaty Egret,Slaty Egret
Egretta eulophotes,"(Swinhoe, R, 1860)",Chinese Egret,Chinese Egret
Egretta sacra,"(Gmelin, JF, 1789)",Pacific Reef Heron,Pacific Reef-Heron
Egretta thula,"(Molina, GI, 1782)",Snowy Egret,Snowy Egret
Egretta gularis,"(Bosc, LAG, 1792)",Western Reef Heron,Western Reef-Heron
Egretta garzetta,"(Linnaeus, C, 1766)",Little Egret,Little Egret
Nyctanassa carcinocatactes,"Olson, SL; Wingate, DB, 2006",Bermuda Night Heron,Bermuda Night Heron
Nyctanassa violacea,"(Linnaeus, C, 1758)",Yellow-crowned Night Heron,Yellow-crowned Night Heron
Nycticorax nycticorax,"(Linnaeus, C, 1758)",Black-crowned Night Heron,Black-crowned Night Heron
Nycticorax duboisi,"(Rothschild, LW, 1907)",Reunion Night Heron,Reunion Night Heron
Nycticorax mauritianus,"(Newton, E; Gadow, HF, 1893)",Mauritius Night Heron,Mauritius Night Heron
Nycticorax megacephalus,"(Milne-Edwards, A, 1874)",Rodrigues Night Heron,Rodrigues Night Heron
Nycticorax caledonicus,"(Gmelin, JF, 1789)",Nankeen Night Heron,Nankeen Night Heron
Nycticorax olsoni,"Bourne, WRP; Ashmole, NP; Simmons, KELR, 2003",Ascension Night Heron,Ascension Night Heron
Butorides atricapilla,"(Afzelius, A, 1804)",Little Heron,Little Heron
Butorides striata,"(Linnaeus, C, 1758)",Striated Heron,Striated Heron
Butorides sundevalli,"(Reichenow, A, 1877)",Lava Heron,Lava Heron
Butorides virescens,"(Linnaeus, C, 1758)",Green Heron,Green Heron
Zonerodius heliosylus,"(Lesson, RP; Garnot, P, 1828)",Forest Bittern,Forest Bittern
Ardeola grayii,"(Sykes, WH, 1832)",Indian Pond Heron,Indian Pond-Heron
Ardeola bacchus,"(Bonaparte, CLJL, 1855)",Chinese Pond Heron,Chinese Pond-Heron
Ardeola speciosa,"(Horsfield, T, 1821)",Javan Pond Heron,Javan Pond-Heron
Ardeola rufiventris,"(Sundevall, CJ, 1850)",Rufous-bellied Heron,Rufous-bellied Heron
Ardeola ralloides,"(Scopoli, GA, 1769)",Squacco Heron,Squacco Heron
Ardeola idae,"(Hartlaub, KJG, 1860)",Malagasy Pond Heron,Malagasy Pond-Heron
Ardea pacifica,"Latham, J, 1801",White-necked Heron,Pacific Heron
Ardea alba,"Linnaeus, C, 1758",Great Egret,Great Egret
Ardea brachyrhyncha,"(Brehm, AE, 1854)",Yellow-billed Egret,Yellow-billed Egret
Ardea intermedia,"Wagler, JG, 1829",Medium Egret,Medium Egret
Ardea plumifera,"(Gould, J, 1848)",Plumed Egret,Plumed Egret
Ardea ibis,"Linnaeus, C, 1758",Western Cattle Egret,Western Cattle-Egret
Ardea coromanda,"(Boddaert, P, 1783)",Eastern Cattle Egret,Eastern Cattle-Egret
Ardea humbloti,"Milne-Edwards, A; Grandidier, A, 1885",Humblot's Heron,Humblot's Heron
Ardea sumatrana,"Raffles, TS, 1822",Great-billed Heron,Great-billed Heron
Ardea insignis,"Hume, AO, 1878",White-bellied Heron,White-bellied Heron
Ardea purpurea,"Linnaeus, C, 1766",Purple Heron,Purple Heron
Ardea melanocephala,"Children, JG; Vigors, NA, 1826",Black-headed Heron,Black-headed Heron
Ardea goliath,"Cretzschmar, PJ, 1829",Goliath Heron,Goliath Heron
Ardea cinerea,"Linnaeus, C, 1758",Grey Heron,Gray Heron
Ardea cocoi,"Linnaeus, C, 1766",Cocoi Heron,Cocoi Heron
Ardea herodias,"Linnaeus, C, 1758",Great Blue Heron,Great Blue Heron
Eurostopodus argus,"Hartert, EJO, 1892",Spotted Nightjar,Spotted Nightjar
Eurostopodus nigripennis,"Ramsay, EP, 1882",Solomons Nightjar,Solomons Nightjar
Eurostopodus exul,"Mayr, E, 1941",New Caledonian Nightjar,New Caledonian Nightjar
Eurostopodus mystacalis,"(Temminck, CJ, 1826)",White-throated Nightjar,White-throated Nightjar
Eurostopodus diabolicus,"Stresemann, EFT, 1931",Satanic Nightjar,Diabolical Nightjar
Eurostopodus papuensis,"(Schlegel, H, 1866)",Papuan Nightjar,Papuan Nightjar
Eurostopodus archboldi,"(Mayr, E; Rand, AL, 1935)",Archbold's Nightjar,Archbold's Nightjar
Lyncornis temminckii,"Gould, J, 1838",Malaysian Eared Nightjar,Malaysian Eared-Nightjar
Lyncornis macrotis,"(Vigors, NA, 1831)",Great Eared Nightjar,Great Eared-Nightjar
Gactornis enarratus,"(Gray, GR, 1871)",Collared Nightjar,Collared Nightjar
Lurocalis rufiventris,"Taczanowski, W, 1884",Rufous-bellied Nighthawk,Rufous-bellied Nighthawk
Lurocalis semitorquatus,"(Gmelin, JF, 1789)",Short-tailed Nighthawk,Short-tailed Nighthawk
Nyctiprogne vielliardi,"(Lencioni-Neto, F, 1994)",Plain-tailed Nighthawk,Bahian Nighthawk
Nyctiprogne leucopyga,"(Spix, JB, 1825)",Band-tailed Nighthawk,Band-tailed Nighthawk
Nyctipolus nigrescens,"(Cabanis, JL, 1849)",Blackish Nightjar,Blackish Nightjar
Nyctipolus hirundinaceus,"(Spix, JB, 1825)",Pygmy Nightjar,Pygmy Nightjar
Nyctidromus anthonyi,"(Chapman, FM, 1923)",Anthony's Nightjar,Scrub Nightjar
Nyctidromus albicollis,"(Gmelin, JF, 1789)",Pauraque,Common Pauraque
Tepuiornis whitelyi,"(Salvin, O, 1885)",Roraiman Nightjar,Roraiman Nightjar
Uropsalis segmentata,"(Cassin, J, 1849)",Swallow-tailed Nightjar,Swallow-tailed Nightjar
Uropsalis lyra,"(Bonaparte, CLJL, 1850)",Lyre-tailed Nightjar,Lyre-tailed Nightjar
Quechuavis decussata,"(Tschudi, JJ, 1844)",Tschudi's Nightjar,Tschudi's Nightjar
Setopagis heterura,"Todd, WEC, 1915",Todd's Nightjar,Todd's Nightjar
Setopagis parvula,"(Gould, J, 1837)",Little Nightjar,Little Nightjar
Setopagis maculosa,"(Todd, WEC, 1920)",Cayenne Nightjar,Cayenne Nightjar
Systellura longirostris,"(Bonaparte, CLJL, 1825)",Band-winged Nightjar,Band-winged Nightjar
Eleothreptus anomalus,"(Gould, J, 1838)",Sickle-winged Nightjar,Sickle-winged Nightjar
Eleothreptus candicans,"(Pelzeln, A, 1867)",White-winged Nightjar,White-winged Nightjar
Antiurus maculicaudus,"(Lawrence, GN, 1862)",Spot-tailed Nightjar,Spot-tailed Nightjar
Hydropsalis cayennensis,"(Gmelin, JF, 1789)",White-tailed Nightjar,White-tailed Nightjar
Hydropsalis climacocerca,"(Tschudi, JJ, 1844)",Ladder-tailed Nightjar,Ladder-tailed Nightjar
Hydropsalis torquata,"(Gmelin, JF, 1789)",Scissor-tailed Nightjar,Scissor-tailed Nightjar
Hydropsalis forcipata,"(Nitzsch, CL, 1840)",Long-trained Nightjar,Long-trained Nightjar
Siphonorhis americana,"(Linnaeus, C, 1758)",Jamaican Poorwill,Jamaican Pauraque
Siphonorhis brewsteri,"(Chapman, FM, 1917)",Least Poorwill,Least Pauraque
Nyctiphrynus mcleodii,"(Brewster, W, 1888)",Eared Poorwill,Eared Poorwill
Nyctiphrynus yucatanicus,"(Hartert, EJO, 1892)",Yucatan Poorwill,Yucatan Poorwill
Nyctiphrynus ocellatus,"(Tschudi, JJ, 1844)",Ocellated Poorwill,Ocellated Poorwill
Nyctiphrynus rosenbergi,"(Hartert, EJO, 1895)",Choco Poorwill,Choco Poorwill
Phalaenoptilus nuttallii,"(Audubon, JJ, 1844)",Common Poorwill,Common Poorwill
Antrostomus carolinensis,"(Gmelin, JF, 1789)",Chuck-will's-widow,Chuck-will's-widow
Antrostomus rufus,"(Boddaert, P, 1783)",Rufous Nightjar,Rufous Nightjar
Antrostomus cubanensis,"Lawrence, GN, 1861",Cuban Nightjar,Cuban Nightjar
Antrostomus ekmani,"Lönnberg, E, 1929",Hispaniolan Nightjar,Hispaniolan Nightjar
Antrostomus salvini,"(Hartert, EJO, 1892)",Tawny-collared Nightjar,Tawny-collared Nightjar
Antrostomus badius,"Bangs, O; Peck, ME, 1908",Yucatan Nightjar,Yucatan Nightjar
Antrostomus sericocaudatus,"Cassin, J, 1849",Silky-tailed Nightjar,Silky-tailed Nightjar
Antrostomus ridgwayi,"Nelson, EW, 1897",Buff-collared Nightjar,Buff-collared Nightjar
Antrostomus vociferus,"(Wilson, A, 1812)",Eastern Whip-poor-will,Eastern Whip-poor-will
Antrostomus saturatus,"Salvin, O, 1870",Dusky Nightjar,Dusky Nightjar
Antrostomus arizonae,"Brewster, W, 1881",Mexican Whip-poor-will,Mexican Whip-poor-will
Antrostomus noctitherus,"(Wetmore, A, 1919)",Puerto Rican Nightjar,Puerto Rican Nightjar
Chordeiles nacunda,"(Vieillot, LJP, 1817)",Nacunda Nighthawk,Nacunda Nighthawk
Chordeiles pusillus,"Gould, J, 1861",Least Nighthawk,Least Nighthawk
Chordeiles rupestris,"(Spix, JB, 1825)",Sand-colored Nighthawk,Sand-colored Nighthawk
Chordeiles acutipennis,"(Hermann, J, 1783)",Lesser Nighthawk,Lesser Nighthawk
Chordeiles minor,"(Forster, JR, 1771)",Common Nighthawk,Common Nighthawk
Chordeiles gundlachii,"Lawrence, GN, 1856",Antillean Nighthawk,Antillean Nighthawk
Veles binotatus,"(Bonaparte, CLJL, 1850)",Brown Nightjar,Brown Nightjar
Caprimulgus vexillarius,"(Gould, J, 1838)",Pennant-winged Nightjar,Pennant-winged Nightjar
Caprimulgus longipennis,"Shaw, G, 1796",Standard-winged Nightjar,Standard-winged Nightjar
Caprimulgus ruficollis,"Temminck, CJ, 1820",Red-necked Nightjar,Red-necked Nightjar
Caprimulgus indicus,"Latham, J, 1790",Jungle Nightjar,Jungle Nightjar
Caprimulgus jotaka,"Temminck, CJ; Schlegel, H, 1844",Grey Nightjar,Gray Nightjar
Caprimulgus phalaena,"Hartlaub, KJG; Finsch, FHO, 1872",Palau Nightjar,Palau Nightjar
Caprimulgus europaeus,"Linnaeus, C, 1758",European Nightjar,Eurasian Nightjar
Caprimulgus fraenatus,"Salvadori, AT, 1884",Sombre Nightjar,Sombre Nightjar
Caprimulgus rufigena,"Smith, A, 1845",Rufous-cheeked Nightjar,Rufous-cheeked Nightjar
Caprimulgus aegyptius,"Lichtenstein, MHC, 1823",Egyptian Nightjar,Egyptian Nightjar
Caprimulgus nubicus,"Lichtenstein, MHC, 1823",Nubian Nightjar,Nubian Nightjar
Caprimulgus mahrattensis,"Sykes, WH, 1832",Sykes's Nightjar,Sykes's Nightjar
Caprimulgus eximius,"Temminck, CJ, 1826",Golden Nightjar,Golden Nightjar
Caprimulgus macrurus,"Horsfield, T, 1821",Large-tailed Nightjar,Large-tailed Nightjar
Caprimulgus ritae,"King, BF; Sangster, G; Trainor, CR; Irestedt, M; Prawiradilaga, DM; Ericson, PGP, 2024",Timor Nightjar,Timor Nightjar
Caprimulgus andamanicus,"Hume, AO, 1873",Andaman Nightjar,Andaman Nightjar
Caprimulgus meesi,"Sangster, G; Rozendaal, FG, 2004",Mees's Nightjar,Mees's Nightjar
Caprimulgus atripennis,"Jerdon, TC, 1845",Jerdon's Nightjar,Jerdon's Nightjar
Caprimulgus manillensis,"Walden, A, 1875",Philippine Nightjar,Philippine Nightjar
Caprimulgus celebensis,"Ogilvie-Grant, WR, 1894",Sulawesi Nightjar,Sulawesi Nightjar
Caprimulgus donaldsoni,"Sharpe, RB, 1895",Donaldson Smith's Nightjar,Donaldson Smith's Nightjar
Caprimulgus pectoralis,"Cuvier, GLCFD, 1816",Fiery-necked Nightjar,Fiery-necked Nightjar
Caprimulgus poliocephalus,"Rüppell, WPES, 1840",Montane Nightjar,Montane Nightjar
Caprimulgus asiaticus,"Latham, J, 1790",Indian Nightjar,Indian Nightjar
Caprimulgus madagascariensis,"Sganzin, V, 1840",Madagascar Nightjar,Madagascar Nightjar
Caprimulgus natalensis,"Smith, A, 1845",Swamp Nightjar,Swamp Nightjar
Caprimulgus inornatus,"Heuglin, MT, 1869",Plain Nightjar,Plain Nightjar
Caprimulgus stellatus,"Blundell, HJW; Lovat, 1899",Star-spotted Nightjar,Star-spotted Nightjar
Caprimulgus solala,"Safford, RJ; Ash, JS; Duckworth, JW; Telfer, MG; Zewdie, C, 1995",Nechisar Nightjar,Nechisar Nightjar
Caprimulgus affinis,"Horsfield, T, 1821",Savanna Nightjar,Savanna Nightjar
Caprimulgus griseatus,"Walden, A, 1875",Chirruping Nightjar,Chirruping Nightjar
Caprimulgus tristigma,"Rüppell, WPES, 1840",Freckled Nightjar,Freckled Nightjar
Caprimulgus concretus,"Bonaparte, CLJL, 1850",Bonaparte's Nightjar,Bonaparte's Nightjar
Caprimulgus pulchellus,"Salvadori, AT, 1879",Salvadori's Nightjar,Salvadori's Nightjar
Caprimulgus prigoginei,"Louette, M, 1990",Prigogine's Nightjar,Itombwe Nightjar
Caprimulgus batesi,"Sharpe, RB, 1906",Bates's Nightjar,Bates's Nightjar
Caprimulgus climacurus,"Vieillot, LJP, 1824",Long-tailed Nightjar,Long-tailed Nightjar
Caprimulgus clarus,"Reichenow, A, 1892",Slender-tailed Nightjar,Slender-tailed Nightjar
Caprimulgus fossii,"Hartlaub, KJG, 1857",Square-tailed Nightjar,Square-tailed Nightjar
Steatornis caripensis,"Humboldt, FWHA, 1817",Oilbird,Oilbird
Phyllaemulor bracteatus,"(Gould, J, 1846)",Rufous Potoo,Rufous Potoo
Nyctibius grandis,"(Gmelin, JF, 1789)",Great Potoo,Great Potoo
Nyctibius aethereus,"(Wied-Neuwied, M, 1820)",Long-tailed Potoo,Long-tailed Potoo
Nyctibius griseus,"(Gmelin, JF, 1789)",Common Potoo,Common Potoo
Nyctibius jamaicensis,"(Gmelin, JF, 1789)",Northern Potoo,Northern Potoo
Nyctibius maculosus,"Ridgway, R, 1912",Andean Potoo,Andean Potoo
Nyctibius leucopterus,"(Wied-Neuwied, M, 1821)",White-winged Potoo,White-winged Potoo
Rigidipenna inexpectata,"(Hartert, EJO, 1901)",Solomons Frogmouth,Solomons Frogmouth
Podargus strigoides,"(Latham, J, 1801)",Tawny Frogmouth,Tawny Frogmouth
Podargus ocellatus,"Quoy, JRC; Gaimard, JP, 1832",Marbled Frogmouth,Marbled Frogmouth
Podargus papuensis,"Quoy, JRC; Gaimard, JP, 1832",Papuan Frogmouth,Papuan Frogmouth
Batrachostomus auritus,"(Gray, JE, 1829)",Large Frogmouth,Large Frogmouth
Batrachostomus harterti,"Sharpe, RB, 1892",Dulit Frogmouth,Dulit Frogmouth
Batrachostomus septimus,"Tweeddale, A, 1877",Philippine Frogmouth,Philippine Frogmouth
Batrachostomus stellatus,"(Gould, J, 1837)",Gould's Frogmouth,Gould's Frogmouth
Batrachostomus moniliger,"Blyth, E, 1849",Sri Lanka Frogmouth,Sri Lanka Frogmouth
Batrachostomus hodgsoni,"(Gray, GR, 1859)",Hodgson's Frogmouth,Hodgson's Frogmouth
Batrachostomus poliolophus,"Hartert, EJO, 1892",Sumatran Frogmouth,Sumatran Frogmouth
Batrachostomus mixtus,"Sharpe, RB, 1892",Bornean Frogmouth,Bornean Frogmouth
Batrachostomus javensis,"(Horsfield, T, 1821)",Javan Frogmouth,Javan Frogmouth
Batrachostomus affinis,"Blyth, E, 1847",Blyth's Frogmouth,Blyth's Frogmouth
Batrachostomus chaseni,"Stresemann, EFT, 1937",Palawan Frogmouth,Palawan Frogmouth
Batrachostomus cornutus,"(Temminck, CJ, 1822)",Sunda Frogmouth,Sunda Frogmouth
Aegotheles savesi,"Layard, EL; Layard, ELC, 1881",New Caledonian Owlet-nightjar,New Caledonian Owlet-nightjar
Aegotheles insignis,"Salvadori, AT, 1876",Feline Owlet-nightjar,Feline Owlet-nightjar
Aegotheles tatei,"Rand, AL, 1941",Starry Owlet-nightjar,Starry Owlet-nightjar
Aegotheles wallacii,"Gray, GR, 1859",Wallace's Owlet-nightjar,Wallace's Owlet-nightjar
Aegotheles albertisi,"Sclater, PL, 1874",Mountain Owlet-nightjar,Mountain Owlet-nightjar
Aegotheles crinifrons,"(Bonaparte, CLJL, 1850)",Moluccan Owlet-nightjar,Moluccan Owlet-nightjar
Aegotheles cristatus,"(Shaw, G, 1790)",Australian Owlet-nightjar,Australian Owlet-nightjar
Aegotheles affinis,"Salvadori, AT, 1876",Vogelkop Owlet-nightjar,Vogelkop Owlet-nightjar
Aegotheles bennettii,"Salvadori, AT; d'Albertis, LM, 1875",Barred Owlet-nightjar,Barred Owlet-nightjar
Aegotheles terborghi,"Diamond, JM, 1967",Karimui Owlet-nightjar,Karimui Owlet-nightjar
Hemiprocne coronata,"(Tickell, SR, 1833)",Crested Treeswift,Crested Treeswift
Hemiprocne longipennis,"(Rafinesque, CS, 1802)",Grey-rumped Treeswift,Gray-rumped Treeswift
Hemiprocne comata,"(Temminck, CJ, 1824)",Whiskered Treeswift,Whiskered Treeswift
Hemiprocne mystacea,"(Lesson, RP; Garnot, P, 1827)",Moustached Treeswift,Moustached Treeswift
Streptoprocne rutila,"(Vieillot, LJP, 1817)",Chestnut-collared Swift,Chestnut-collared Swift
Streptoprocne phelpsi,"(Collins, CT, 1972)",Tepui Swift,Tepui Swift
Streptoprocne zonaris,"(Shaw, G, 1796)",White-collared Swift,White-collared Swift
Streptoprocne semicollaris,"(de Saussure, HLF, 1859)",White-naped Swift,White-naped Swift
Streptoprocne biscutata,"(Sclater, PL, 1866)",Biscutate Swift,Biscutate Swift
Cypseloides niger,"(Gmelin, JF, 1789)",American Black Swift,Black Swift
Cypseloides lemosi,"Eisenmann, E; Lehmann V, FC, 1962",White-chested Swift,White-chested Swift
Cypseloides rothschildi,"Zimmer, JT, 1945",Rothschild's Swift,Rothschild's Swift
Cypseloides fumigatus,"(Streubel, AV, 1848)",Sooty Swift,Sooty Swift
Cypseloides storeri,"Navarro-Sigüenza, AG; Peterson, AT; Escalante P, BP; Benítez-Diaz, H, 1992",White-fronted Swift,White-fronted Swift
Cypseloides cryptus,"Zimmer, JT, 1945",White-chinned Swift,White-chinned Swift
Cypseloides cherriei,"Ridgway, R, 1893",Spot-fronted Swift,Spot-fronted Swift
Cypseloides senex,"(Temminck, CJ, 1826)",Great Dusky Swift,Great Dusky Swift
Hirundapus caudacutus,"(Latham, J, 1801)",White-throated Needletail,White-throated Needletail
Hirundapus cochinchinensis,"(Oustalet, J-FÉ, 1878)",Silver-backed Needletail,Silver-backed Needletail
Hirundapus giganteus,"(Temminck, CJ, 1825)",Brown-backed Needletail,Brown-backed Needletail
Hirundapus celebensis,"(Sclater, PL, 1866)",Purple Needletail,Purple Needletail
Mearnsia picina,"(Tweeddale, A, 1879)",Philippine Spinetail,Philippine Spinetail
Mearnsia novaeguineae,"(d'Albertis, LM; Salvadori, AT, 1879)",Papuan Spinetail,Papuan Spinetail
Rhaphidura sabini,"(Gray, JE, 1829)",Sabine's Spinetail,Sabine's Spinetail
Rhaphidura leucopygialis,"(Blyth, E, 1849)",Silver-rumped Spinetail,Silver-rumped Spinetail
Neafrapus cassini,"(Sclater, PL, 1863)",Cassin's Spinetail,Cassin's Spinetail
Neafrapus boehmi,"(Schalow, H, 1882)",Böhm's Spinetail,Bat-like Spinetail
Telacanthura melanopygia,"(Chapin, JP, 1915)",Black Spinetail,Black Spinetail
Telacanthura ussheri,"(Sharpe, RB, 1870)",Mottled Spinetail,Mottled Spinetail
Zoonavena grandidieri,"(Verreaux, JP, 1867)",Madagascar Spinetail,Madagascar Spinetail
Zoonavena thomensis,"(Hartert, EJO, 1900)",Sao Tome Spinetail,Sao Tome Spinetail
Zoonavena sylvatica,"(Tickell, SR, 1846)",White-rumped Spinetail,White-rumped Spinetail
Chaetura cinereiventris,"Sclater, PL, 1862",Grey-rumped Swift,Gray-rumped Swift
Chaetura spinicaudus,"(Temminck, CJ, 1839)",Band-rumped Swift,Band-rumped Swift
Chaetura fumosa,"Salvin, O, 1870",Costa Rican Swift,Costa Rican Swift
Chaetura martinica,"(Hermann, J, 1783)",Lesser Antillean Swift,Lesser Antillean Swift
Chaetura egregia,"Todd, WEC, 1916",Pale-rumped Swift,Pale-rumped Swift
Chaetura pelagica,"(Linnaeus, C, 1758)",Chimney Swift,Chimney Swift
Chaetura vauxi,"(Townsend, JK, 1839)",Vaux's Swift,Vaux's Swift
Chaetura chapmani,"Hellmayr, CE, 1907",Chapman's Swift,Chapman's Swift
Chaetura andrei,"Berlepsch, HHCL; Hartert, EJO, 1902",Ashy-tailed Swift,Ashy-tailed Swift
Chaetura meridionalis,"Hellmayr, CE, 1907",Sick's Swift,Sick's Swift
Chaetura brachyura,"(Jardine, W, 1846)",Short-tailed Swift,Short-tailed Swift
Aeronautes saxatalis,"(Woodhouse, SW, 1853)",White-throated Swift,White-throated Swift
Aeronautes montivagus,"(d'Orbigny, ACVMD; de Lafresnaye, NFAA, 1837)",White-tipped Swift,White-tipped Swift
Aeronautes andecolus,"(d'Orbigny, ACVMD; de Lafresnaye, NFAA, 1837)",Andean Swift,Andean Swift
Tachornis phoenicobia,"Gosse, PH, 1847",Antillean Palm Swift,Antillean Palm Swift
Tachornis furcata,"(Sutton, GM, 1928)",Pygmy Palm Swift,Pygmy Palm Swift
Tachornis squamata,"(Cassin, J, 1853)",Fork-tailed Palm Swift,Fork-tailed Palm Swift
Panyptila cayennensis,"(Gmelin, JF, 1789)",Lesser Swallow-tailed Swift,Lesser Swallow-tailed Swift
Panyptila sanctihieronymi,"Salvin, O, 1863",Great Swallow-tailed Swift,Great Swallow-tailed Swift
Cypsiurus balasiensis,"(Gray, JE, 1829)",Asian Palm Swift,Asian Palm Swift
Cypsiurus parvus,"(Lichtenstein, MHC, 1823)",African Palm Swift,African Palm Swift
Cypsiurus gracilis,"(Sharpe, RB, 1871)",Malagasy Palm Swift,Malagasy Palm Swift
Tachymarptis aequatorialis,"(Müller, JW, 1851)",Mottled Swift,Mottled Swift
Tachymarptis melba,"(Linnaeus, C, 1758)",Alpine Swift,Alpine Swift
Schoutedenapus myoptilus,"(Salvadori, AT, 1888)",Scarce Swift,Scarce Swift
Apus acuticauda,"(Jerdon, TC, 1864)",Dark-rumped Swift,Dark-rumped Swift
Apus pacificus,"(Latham, J, 1801)",Fork-tailed Swift,
Apus caffer,"(Lichtenstein, MHC, 1823)",White-rumped Swift,White-rumped Swift
Apus batesi,"(Sharpe, RB, 1904)",Bates's Swift,Bates's Swift
Apus horus,"(Heuglin, MT, 1869)",Horus Swift,Horus Swift
Apus nipalensis,"(Hodgson, BH, 1837)",House Swift,House Swift
Apus affinis,"(Gray, JE, 1830)",Little Swift,Little Swift
Apus niansae,"(Reichenow, A, 1887)",Nyanza Swift,Nyanza Swift
Apus balstoni,"(Bartlett, E, 1880)",Malagasy Black Swift,Malagasy Swift
Apus bradfieldi,"(Roberts, A, 1926)",Bradfield's Swift,Bradfield's Swift
Apus barbatus,"(Sclater, PL, 1866)",African Black Swift,African Swift
Apus alexandri,"Hartert, EJO, 1901",Cape Verde Swift,Cape Verde Swift
Apus berliozi,"Ripley, SD, 1966",Forbes-Watson's Swift,Forbes-Watson's Swift
Apus unicolor,"(Jardine, W, 1830)",Plain Swift,Plain Swift
Apus apus,"(Linnaeus, C, 1758)",Common Swift,Common Swift
Apus pallidus,"(Shelley, GE, 1870)",Pallid Swift,Pallid Swift
Collocalia troglodytes,"Gray, GR, 1845",Pygmy Swiftlet,Pygmy Swiftlet
Collocalia dodgei,"Richmond, CW, 1905",Bornean Swiftlet,Bornean Swiftlet
Collocalia natalis,"Lister, JJ, 1889",Christmas Swiftlet,Christmas Island Swiftlet
Collocalia linchi,"Horsfield, T; Moore, F, 1854",Linchi Swiftlet,Cave Swiftlet
Collocalia affinis,"Beavan, RC, 1867",Plume-toed Swiftlet,Plume-toed Swiftlet
Collocalia marginata,"Salvadori, AT, 1882",Grey-rumped Swiftlet,Gray-rumped Swiftlet
Collocalia isonota,"Oberholser, HC, 1906",Ridgetop Swiftlet,Ridgetop Swiftlet
Collocalia sumbawae,"Stresemann, EFT, 1925",Tenggara Swiftlet,Tenggara Swiftlet
Collocalia neglecta,"Gray, GR, 1866",Drab Swiftlet,Drab Swiftlet
Collocalia esculenta,"(Linnaeus, C, 1758)",Glossy Swiftlet,Glossy Swiftlet
Collocalia uropygialis,"Gray, GR, 1866",Satin Swiftlet,Satin Swiftlet
Hydrochous gigas,"(Hartert, EJO; Butler, AL, 1901)",Giant Swiftlet,Waterfall Swift
Aerodramus elaphrus,"(Oberholser, HC, 1906)",Seychelles Swiftlet,Seychelles Swiftlet
Aerodramus francicus,"(Gmelin, JF, 1789)",Mascarene Swiftlet,Mascarene Swiftlet
Aerodramus unicolor,"(Jerdon, TC, 1840)",Indian Swiftlet,Indian Swiftlet
Aerodramus infuscatus,"(Salvadori, AT, 1880)",Moluccan Swiftlet,Moluccan Swiftlet
Aerodramus mearnsi,"(Oberholser, HC, 1912)",Philippine Swiftlet,Philippine Swiftlet
Aerodramus hirundinaceus,"(Stresemann, EFT, 1914)",Mountain Swiftlet,Mountain Swiftlet
Aerodramus spodiopygius,"(Peale, TR, 1849)",White-rumped Swiftlet,White-rumped Swiftlet
Aerodramus terraereginae,"(Ramsay, EP, 1875)",Australian Swiftlet,Australian Swiftlet
Aerodramus brevirostris,"(Horsfield, T, 1840)",Himalayan Swiftlet,Himalayan Swiftlet
Aerodramus vulcanorum,"(Stresemann, EFT, 1926)",Volcano Swiftlet,Volcano Swiftlet
Aerodramus whiteheadi,"(Ogilvie-Grant, WR, 1895)",Whitehead's Swiftlet,Whitehead's Swiftlet
Aerodramus nuditarsus,"(Salomonsen, F, 1962)",Bare-legged Swiftlet,Bare-legged Swiftlet
Aerodramus orientalis,"(Mayr, E, 1935)",Mayr's Swiftlet,Mayr's Swiftlet
Aerodramus amelis,"(Oberholser, HC, 1906)",Ameline Swiftlet,Ameline Swiftlet
Aerodramus vanikorensis,"(Quoy, JRC; Gaimard, JP, 1832)",Uniform Swiftlet,Uniform Swiftlet
Aerodramus salangana,"(Streubel, AV, 1848)",Mossy-nest Swiftlet,Mossy-nest Swiftlet
Aerodramus pelewensis,"(Mayr, E, 1935)",Palau Swiftlet,Palau Swiftlet
Aerodramus bartschi,"(Mearns, EA, 1909)",Mariana Swiftlet,Mariana Swiftlet
Aerodramus inquietus,"(Kittlitz, FH, 1858)",Caroline Swiftlet,Caroline Islands Swiftlet
Aerodramus sawtelli,"(Holyoak, DT, 1974)",Atiu Swiftlet,Atiu Swiftlet
Aerodramus leucophaeus,"(Peale, TR, 1849)",Polynesian Swiftlet,
Aerodramus maximus,"(Hume, AO, 1878)",Black-nest Swiftlet,Black-nest Swiftlet
Aerodramus fuciphagus,"(Thunberg, CP, 1812)",Edible-nest Swiftlet,White-nest Swiftlet
Aerodramus papuensis,"(Rand, AL, 1941)",Three-toed Swiftlet,Three-toed Swiftlet
Florisuga fusca,"(Vieillot, LJP, 1817)",Black Jacobin,Black Jacobin
Florisuga mellivora,"(Linnaeus, C, 1758)",White-necked Jacobin,White-necked Jacobin
Topaza pyra,"(Gould, J, 1846)",Fiery Topaz,Fiery Topaz
Topaza pella,"(Linnaeus, C, 1758)",Crimson Topaz,Crimson Topaz
Eutoxeres condamini,"(Bourcier, J, 1851)",Buff-tailed Sicklebill,Buff-tailed Sicklebill
Eutoxeres aquila,"(Bourcier, J, 1847)",White-tipped Sicklebill,White-tipped Sicklebill
Ramphodon naevius,"(Dumont, CHF, 1818)",Saw-billed Hermit,Saw-billed Hermit
Glaucis dohrnii,"(Bourcier, J; Mulsant, MÉ, 1852)",Hook-billed Hermit,Hook-billed Hermit
Glaucis aeneus,"Lawrence, GN, 1868",Bronzy Hermit,Bronzy Hermit
Glaucis hirsutus,"(Gmelin, JF, 1788)",Rufous-breasted Hermit,Rufous-breasted Hermit
Threnetes ruckeri,"(Bourcier, J, 1847)",Band-tailed Barbthroat,Band-tailed Barbthroat
Threnetes leucurus,"(Linnaeus, C, 1766)",Pale-tailed Barbthroat,Pale-tailed Barbthroat
Threnetes niger,"(Linnaeus, C, 1758)",Sooty Barbthroat,Sooty Barbthroat
Anopetia gounellei,"(Boucard, A, 1891)",Broad-tipped Hermit,Broad-tipped Hermit
Phaethornis hispidus,"(Gould, J, 1846)",White-bearded Hermit,White-bearded Hermit
Phaethornis yaruqui,"(Bourcier, J, 1851)",White-whiskered Hermit,White-whiskered Hermit
Phaethornis guy,"(Lesson, RP, 1833)",Green Hermit,Green Hermit
Phaethornis syrmatophorus,"Gould, J, 1852",Tawny-bellied Hermit,Tawny-bellied Hermit
Phaethornis koepckeae,"Weske, JS; Terborgh, JW, 1977",Koepcke's Hermit,Koepcke's Hermit
Phaethornis philippii,"(Bourcier, J, 1847)",Needle-billed Hermit,Needle-billed Hermit
Phaethornis bourcieri,"(Lesson, RP, 1832)",Straight-billed Hermit,Straight-billed Hermit
Phaethornis longirostris,"(Delattre, PA, 1843)",Long-billed Hermit,Long-billed Hermit
Phaethornis mexicanus,"Hartert, EJO, 1897",Mexican Hermit,Mexican Hermit
Phaethornis superciliosus,"(Linnaeus, C, 1766)",Long-tailed Hermit,Long-tailed Hermit
Phaethornis malaris,"(Nordmann, AD, 1835)",Great-billed Hermit,Great-billed Hermit
Phaethornis anthophilus,"(Bourcier, J, 1843)",Pale-bellied Hermit,Pale-bellied Hermit
Phaethornis squalidus,"(Temminck, CJ, 1822)",Dusky-throated Hermit,Dusky-throated Hermit
Phaethornis rupurumii,"Boucard, A, 1892",Streak-throated Hermit,Streak-throated Hermit
Phaethornis longuemareus,"(Lesson, RP, 1832)",Little Hermit,Little Hermit
Phaethornis aethopygus,"Zimmer, JT, 1950",Tapajos Hermit,Tapajos Hermit
Phaethornis idaliae,"(Bourcier, J; Mulsant, MÉ, 1856)",Minute Hermit,Minute Hermit
Phaethornis nattereri,"Berlepsch, HHCL, 1887",Cinnamon-throated Hermit,Cinnamon-throated Hermit
Phaethornis atrimentalis,"Lawrence, GN, 1858",Black-throated Hermit,Black-throated Hermit
Phaethornis striigularis,"Gould, J, 1854",Stripe-throated Hermit,Stripe-throated Hermit
Phaethornis griseogularis,"Gould, J, 1851",Grey-chinned Hermit,Gray-chinned Hermit
Phaethornis ruber,"(Linnaeus, C, 1758)",Reddish Hermit,Reddish Hermit
Phaethornis stuarti,"Hartert, EJO, 1897",White-browed Hermit,White-browed Hermit
Phaethornis subochraceus,"Todd, WEC, 1915",Buff-bellied Hermit,Buff-bellied Hermit
Phaethornis augusti,"(Bourcier, J, 1847)",Sooty-capped Hermit,Sooty-capped Hermit
Phaethornis pretrei,"(Lesson, RP; Delattre, PA, 1839)",Planalto Hermit,Planalto Hermit
Phaethornis eurynome,"(Lesson, RP, 1832)",Scale-throated Hermit,Scale-throated Hermit
Doryfera ludovicae,"(Bourcier, J; Mulsant, MÉ, 1847)",Green-fronted Lancebill,Green-fronted Lancebill
Doryfera johannae,"(Bourcier, J, 1847)",Blue-fronted Lancebill,Blue-fronted Lancebill
Schistes albogularis,"Gould, J, 1852",White-throated Daggerbill,White-throated Daggerbill
Schistes geoffroyi,"(Bourcier, J, 1843)",Geoffroy's Daggerbill,Geoffroy's Daggerbill
Augastes lumachella,"(Lesson, RP, 1839)",Hooded Visorbearer,Hooded Visorbearer
Augastes scutatus,"(Temminck, CJ, 1824)",Hyacinth Visorbearer,Hyacinth Visorbearer
Colibri serrirostris,"(Vieillot, LJP, 1816)",White-vented Violetear,White-vented Violetear
Colibri coruscans,"(Gould, J, 1846)",Sparkling Violetear,Sparkling Violetear
Colibri delphinae,"(Lesson, RP, 1839)",Brown Violetear,Brown Violetear
Colibri thalassinus,"(Swainson, WJ, 1827)",Mexican Violetear,Mexican Violetear
Colibri cyanotus,"(Bourcier, J, 1843)",Lesser Violetear,Lesser Violetear
Heliactin bilophus,"(Temminck, CJ, 1820)",Horned Sungem,Horned Sungem
Androdon aequatorialis,"Gould, J, 1863",Tooth-billed Hummingbird,Tooth-billed Hummingbird
Heliothryx barroti,"(Bourcier, J, 1843)",Purple-crowned Fairy,Purple-crowned Fairy
Heliothryx auritus,"(Gmelin, JF, 1788)",Black-eared Fairy,Black-eared Fairy
Polytmus guainumbi,"(Pallas, PS, 1764)",White-tailed Goldenthroat,White-tailed Goldenthroat
Polytmus milleri,"(Chapman, FM, 1929)",Tepui Goldenthroat,Tepui Goldenthroat
Polytmus theresiae,"(Maia, EJS, 1843)",Green-tailed Goldenthroat,Green-tailed Goldenthroat
Avocettula recurvirostris,"(Swainson, WJ, 1822)",Fiery-tailed Awlbill,Fiery-tailed Awlbill
Chrysolampis mosquitus,"(Linnaeus, C, 1758)",Ruby-topaz Hummingbird,Ruby-topaz Hummingbird
Eulampis jugularis,"(Linnaeus, C, 1766)",Purple-throated Carib,Purple-throated Carib
Eulampis holosericeus,"(Linnaeus, C, 1758)",Green-throated Carib,Green-throated Carib
Anthracothorax mango,"(Linnaeus, C, 1758)",Jamaican Mango,Jamaican Mango
Anthracothorax nigricollis,"(Vieillot, LJP, 1817)",Black-throated Mango,Black-throated Mango
Anthracothorax viridigula,"(Boddaert, P, 1783)",Green-throated Mango,Green-throated Mango
Anthracothorax prevostii,"(Lesson, RP, 1832)",Green-breasted Mango,Green-breasted Mango
Anthracothorax veraguensis,"Reichenbach, HGL, 1855",Veraguan Mango,Veraguan Mango
Anthracothorax dominicus,"(Linnaeus, C, 1766)",Hispaniolan Mango,Hispaniolan Mango
Anthracothorax aurulentus,"(Audebert, JB; Vieillot, LJP, 1801)",Puerto Rican Mango,Puerto Rican Mango
Anthracothorax viridis,"(Audebert, JB; Vieillot, LJP, 1801)",Green Mango,Green Mango
Haplophaedia aureliae,"(Bourcier, J; Mulsant, MÉ, 1846)",Greenish Puffleg,Greenish Puffleg
Haplophaedia assimilis,"(Elliot, DG, 1876)",Buff-thighed Puffleg,Buff-thighed Puffleg
Haplophaedia lugens,"(Gould, J, 1852)",Hoary Puffleg,Hoary Puffleg
Loddigesia mirabilis,"(Bourcier, J, 1847)",Marvelous Spatuletail,Marvelous Spatuletail
Eriocnemis nigrivestis,"(Bourcier, J; Mulsant, MÉ, 1852)",Black-breasted Puffleg,Black-breasted Puffleg
Eriocnemis isabellae,"Cortés D, A; Ortega, LA; Mazariegos H, L; Weller, A-A, 2007",Gorgeted Puffleg,Gorgeted Puffleg
Eriocnemis vestita,"(Lesson, RP, 1839)",Glowing Puffleg,Glowing Puffleg
Eriocnemis derbyi,"(Delattre, PA; Bourcier, J, 1846)",Black-thighed Puffleg,Black-thighed Puffleg
Eriocnemis godini,"(Bourcier, J, 1851)",Turquoise-throated Puffleg,Turquoise-throated Puffleg
Eriocnemis cupreoventris,"(Fraser, L, 1840)",Coppery-bellied Puffleg,Coppery-bellied Puffleg
Eriocnemis luciani,"(Bourcier, J, 1847)",Sapphire-vented Puffleg,Sapphire-vented Puffleg
Eriocnemis mosquera,"(Delattre, PA; Bourcier, J, 1846)",Golden-breasted Puffleg,Golden-breasted Puffleg
Eriocnemis glaucopoides,"(d'Orbigny, ACVMD; de Lafresnaye, NFAA, 1838)",Blue-capped Puffleg,Blue-capped Puffleg
Eriocnemis mirabilis,"Meyer de Schauensee, R, 1967",Colorful Puffleg,Colorful Puffleg
Eriocnemis aline,"(Bourcier, J, 1843)",Emerald-bellied Puffleg,Emerald-bellied Puffleg
Lafresnaya lafresnayi,"(Boissonneau, A, 1840)",Mountain Velvetbreast,Mountain Velvetbreast
Aglaeactis cupripennis,"(Bourcier, J, 1843)",Shining Sunbeam,Shining Sunbeam
Aglaeactis castelnaudii,"(Bourcier, J; Mulsant, MÉ, 1848)",White-tufted Sunbeam,White-tufted Sunbeam
Aglaeactis aliciae,"Salvin, O, 1896",Purple-backed Sunbeam,Purple-backed Sunbeam
Aglaeactis pamela,"(d'Orbigny, ACVMD, 1838)",Black-hooded Sunbeam,Black-hooded Sunbeam
Coeligena coeligena,"(Lesson, RP, 1833)",Bronzy Inca,Bronzy Inca
Coeligena wilsoni,"(Delattre, PA; Bourcier, J, 1846)",Brown Inca,Brown Inca
Coeligena prunellei,"(Bourcier, J, 1843)",Black Inca,Black Inca
Coeligena torquata,"(Boissonneau, A, 1840)",Collared Inca,Collared Inca
Coeligena conradii,"(Bourcier, J, 1847)",Green Inca,Green Inca
Coeligena inca,"(Gould, J, 1852)",Gould's Inca,Gould's Inca
Coeligena violifer,"(Gould, J, 1846)",Violet-throated Starfrontlet,Violet-throated Starfrontlet
Coeligena iris,"(Gould, J, 1853)",Rainbow Starfrontlet,Rainbow Starfrontlet
Coeligena phalerata,"(Bangs, O, 1898)",White-tailed Starfrontlet,White-tailed Starfrontlet
Coeligena orina,"Wetmore, A, 1953",Dusky Starfrontlet,Dusky Starfrontlet
Coeligena lutetiae,"(Delattre, PA; Bourcier, J, 1846)",Buff-winged Starfrontlet,Buff-winged Starfrontlet
Coeligena consita,"Wetmore, A; Phelps, WH Jr, 1952",Perija Starfrontlet,Perija Starfrontlet
Coeligena bonapartei,"(Boissonneau, A, 1840)",Golden-bellied Starfrontlet,Golden-bellied Starfrontlet
Coeligena eos,"(Gould, J, 1848)",Golden-tailed Starfrontlet,Merida Starfrontlet
Coeligena helianthea,"(Lesson, RP, 1839)",Blue-throated Starfrontlet,Blue-throated Starfrontlet
Ensifera ensifera,"(Boissonneau, A, 1840)",Sword-billed Hummingbird,Sword-billed Hummingbird
Pterophanes cyanopterus,"(Fraser, L, 1840)",Great Sapphirewing,Great Sapphirewing
Boissonneaua flavescens,"(Loddiges, G, 1832)",Buff-tailed Coronet,Buff-tailed Coronet
Boissonneaua matthewsii,"(Bourcier, J, 1847)",Chestnut-breasted Coronet,Chestnut-breasted Coronet
Boissonneaua jardini,"(Bourcier, J, 1851)",Velvet-purple Coronet,Velvet-purple Coronet
Urosticte benjamini,"(Bourcier, J, 1851)",Purple-bibbed Whitetip,Purple-bibbed Whitetip
Urosticte ruficrissa,"Lawrence, GN, 1864",Rufous-vented Whitetip,Rufous-vented Whitetip
Ocreatus underwoodii,"(Lesson, RP, 1832)",White-booted Racket-tail,White-booted Racket-tail
Ocreatus peruanus,"(Gould, J, 1849)",Peruvian Racket-tail,Peruvian Racket-tail
Ocreatus addae,"(Bourcier, J, 1846)",Rufous-booted Racket-tail,Rufous-booted Racket-tail
Urochroa bougueri,"(Bourcier, J, 1851)",Rufous-gaped Hillstar,Rufous-gaped Hillstar
Urochroa leucura,"Lawrence, GN, 1864",Green-backed Hillstar,Green-backed Hillstar
Hylonympha macrocerca,"Gould, J, 1873",Scissor-tailed Hummingbird,Scissor-tailed Hummingbird
Sternoclyta cyanopectus,"(Gould, J, 1846)",Violet-chested Hummingbird,Violet-chested Hummingbird
Heliodoxa xanthogonys,"Salvin, O; Godman, FD, 1882",Velvet-browed Brilliant,Velvet-browed Brilliant
Heliodoxa gularis,"(Gould, J, 1860)",Pink-throated Brilliant,Pink-throated Brilliant
Heliodoxa branickii,"(Taczanowski, W, 1874)",Rufous-webbed Brilliant,Rufous-webbed Brilliant
Heliodoxa schreibersii,"(Bourcier, J, 1847)",Black-throated Brilliant,Black-throated Brilliant
Heliodoxa aurescens,"(Gould, J, 1846)",Gould's Jewelfront,Gould's Jewelfront
Heliodoxa rubinoides,"(Bourcier, J; Mulsant, MÉ, 1846)",Fawn-breasted Brilliant,Fawn-breasted Brilliant
Heliodoxa jacula,"Gould, J, 1850",Green-crowned Brilliant,Green-crowned Brilliant
Heliodoxa imperatrix,"(Gould, J, 1856)",Empress Brilliant,Empress Brilliant
Heliodoxa leadbeateri,"(Bourcier, J, 1843)",Violet-fronted Brilliant,Violet-fronted Brilliant
Heliodoxa rubricauda,"(Boddaert, P, 1783)",Brazilian Ruby,Brazilian Ruby
Sephanoides sephaniodes,"(Lesson, RP; Garnot, P, 1827)",Green-backed Firecrown,Green-backed Firecrown
Sephanoides fernandensis,"(King, PP, 1831)",Juan Fernandez Firecrown,Juan Fernandez Firecrown
Discosura popelairii,"(Du Bus de Gisignies, B-AL, 1846)",Wire-crested Thorntail,Wire-crested Thorntail
Discosura langsdorffi,"(Temminck, CJ, 1821)",Black-bellied Thorntail,Black-bellied Thorntail
Discosura letitiae,"(Bourcier, J; Mulsant, MÉ, 1852)",Letitia's Thorntail,Coppery Thorntail
Discosura conversii,"(Bourcier, J; Mulsant, MÉ, 1846)",Green Thorntail,Green Thorntail
Discosura longicaudus,"(Gmelin, JF, 1788)",Racket-tipped Thorntail,Racket-tipped Thorntail
Lophornis ornatus,"(Boddaert, P, 1783)",Tufted Coquette,Tufted Coquette
Lophornis gouldii,"(Lesson, RP, 1832)",Dot-eared Coquette,Dot-eared Coquette
Lophornis magnificus,"(Vieillot, LJP, 1817)",Frilled Coquette,Frilled Coquette
Lophornis brachylophus,"Moore, RT, 1949",Short-crested Coquette,Short-crested Coquette
Lophornis delattrei,"(Lesson, RP, 1839)",Rufous-crested Coquette,Rufous-crested Coquette
Lophornis stictolophus,"Salvin, O; Elliot, DG, 1873",Spangled Coquette,Spangled Coquette
Lophornis verreauxii,"Bourcier, J, 1853",Butterfly Coquette,Butterfly Coquette
Lophornis chalybeus,"(Temminck, CJ, 1821)",Festive Coquette,Festive Coquette
Lophornis pavoninus,"Salvin, O; Godman, FD, 1882",Peacock Coquette,Peacock Coquette
Lophornis helenae,"(Delattre, PA, 1843)",Black-crested Coquette,Black-crested Coquette
Lophornis adorabilis,"Salvin, O, 1870",White-crested Coquette,White-crested Coquette
Phlogophilus hemileucurus,"Gould, J, 1860",Ecuadorian Piedtail,Ecuadorian Piedtail
Phlogophilus harterti,"Berlepsch, HHCL; Sztolcman, JS, 1901",Peruvian Piedtail,Peruvian Piedtail
Heliangelus mavors,"Gould, J, 1848",Orange-throated Sunangel,Orange-throated Sunangel
Heliangelus clarisse,"(de Longuemare, G, 1841)",Longuemare's Sunangel,Longuemare's Sunangel
Heliangelus spencei,"(Bourcier, J, 1847)",Merida Sunangel,Merida Sunangel
Heliangelus amethysticollis,"(d'Orbigny, ACVMD; de Lafresnaye, NFAA, 1838)",Amethyst-throated Sunangel,Amethyst-throated Sunangel
Heliangelus strophianus,"(Gould, J, 1846)",Gorgeted Sunangel,Gorgeted Sunangel
Heliangelus exortis,"(Fraser, L, 1840)",Tourmaline Sunangel,Tourmaline Sunangel
Heliangelus micraster,"Gould, J, 1872",Flame-throated Sunangel,Little Sunangel
Heliangelus viola,"(Gould, J, 1853)",Purple-throated Sunangel,Purple-throated Sunangel
Heliangelus regalis,"Fitzpatrick, JW; Willard, DE; Terborgh, JW, 1979",Royal Sunangel,Royal Sunangel
Adelomyia melanogenys,"(Fraser, L, 1840)",Speckled Hummingbird,Speckled Hummingbird
Taphrolesbia griseiventris,"(Taczanowski, W, 1883)",Grey-bellied Comet,Gray-bellied Comet
Aglaiocercus kingii,"(Lesson, RP, 1832)",Long-tailed Sylph,Long-tailed Sylph
Aglaiocercus coelestis,"(Gould, J, 1861)",Violet-tailed Sylph,Violet-tailed Sylph
Aglaiocercus berlepschi,"(Hartert, EJO, 1898)",Venezuelan Sylph,Venezuelan Sylph
Sappho sparganurus,"(Shaw, G, 1812)",Red-tailed Comet,Red-tailed Comet
Ramphomicron dorsale,"Salvin, O; Godman, FD, 1880",Black-backed Thornbill,Black-backed Thornbill
Ramphomicron microrhynchum,"(Boissonneau, A, 1840)",Purple-backed Thornbill,Purple-backed Thornbill
Lesbia victoriae,"(Bourcier, J; Mulsant, MÉ, 1846)",Black-tailed Trainbearer,Black-tailed Trainbearer
Lesbia nuna,"(Lesson, RP, 1832)",Green-tailed Trainbearer,Green-tailed Trainbearer
Oreotrochilus chimborazo,"(Delattre, PA; Bourcier, J, 1846)",Ecuadorian Hillstar,Ecuadorian Hillstar
Oreotrochilus cyanolaemus,"Sornoza-Molina, F; Freile, JF; Nilsson, J; Krabbe, NK; Bonaccorso, E, 2018",Blue-throated Hillstar,Blue-throated Hillstar
Oreotrochilus stolzmanni,"Salvin, O, 1895",Green-headed Hillstar,Green-headed Hillstar
Oreotrochilus melanogaster,"Gould, J, 1847",Black-breasted Hillstar,Black-breasted Hillstar
Oreotrochilus estella,"(d'Orbigny, ACVMD, 1838)",Andean Hillstar,Andean Hillstar
Oreotrochilus leucopleurus,"Gould, J, 1847",White-sided Hillstar,White-sided Hillstar
Oreotrochilus adela,"(d'Orbigny, ACVMD, 1839)",Wedge-tailed Hillstar,Wedge-tailed Hillstar
Polyonymus caroli,"(Bourcier, J, 1847)",Bronze-tailed Comet,Bronze-tailed Comet
Opisthoprora euryptera,"(Loddiges, G, 1832)",Mountain Avocetbill,Mountain Avocetbill
Metallura iracunda,"Wetmore, A, 1946",Perija Metaltail,Perija Metaltail
Metallura tyrianthina,"(Loddiges, G, 1832)",Tyrian Metaltail,Tyrian Metaltail
Metallura williami,"(Delattre, PA; Bourcier, J, 1846)",Viridian Metaltail,Viridian Metaltail
Metallura baroni,"Salvin, O, 1893",Violet-throated Metaltail,Violet-throated Metaltail
Metallura odomae,"Graves, GR, 1980",Neblina Metaltail,Neblina Metaltail
Metallura theresiae,"Simon, E, 1902",Coppery Metaltail,Coppery Metaltail
Metallura eupogon,"(Cabanis, JL, 1874)",Fiery-throated Metaltail,Fire-throated Metaltail
Metallura aeneocauda,"(Gould, J, 1846)",Scaled Metaltail,Scaled Metaltail
Metallura phoebe,"(Lesson, RP; Delattre, PA, 1839)",Black Metaltail,Black Metaltail
Oreonympha nobilis,"Gould, J, 1869",Bearded Mountaineer,Bearded Mountaineer
Oxypogon cyanolaemus,"Salvin, O; Godman, FD, 1880",Blue-bearded Helmetcrest,Blue-bearded Helmetcrest
Oxypogon lindenii,"(Parzudaki, C, 1845)",White-bearded Helmetcrest,White-bearded Helmetcrest
Oxypogon guerinii,"(Boissonneau, A, 1840)",Green-bearded Helmetcrest,Green-bearded Helmetcrest
Oxypogon stuebelii,"Meyer, AB, 1884",Buffy Helmetcrest,Buffy Helmetcrest
Chalcostigma ruficeps,"(Gould, J, 1846)",Rufous-capped Thornbill,Rufous-capped Thornbill
Chalcostigma olivaceum,"(Lawrence, GN, 1864)",Olivaceous Thornbill,Olivaceous Thornbill
Chalcostigma stanleyi,"(Bourcier, J, 1851)",Blue-mantled Thornbill,Blue-mantled Thornbill
Chalcostigma heteropogon,"(Boissonneau, A, 1840)",Bronze-tailed Thornbill,Bronze-tailed Thornbill
Chalcostigma herrani,"(Delattre, PA; Bourcier, J, 1846)",Rainbow-bearded Thornbill,Rainbow-bearded Thornbill
Patagona gigas,"(Vieillot, LJP, 1824)",Giant Hummingbird,Giant Hummingbird
Lampornis viridipallens,"(Bourcier, J; Mulsant, MÉ, 1846)",Green-throated Mountaingem,Green-throated Mountain-gem
Lampornis sybillae,"(Salvin, O; Godman, FD, 1892)",Green-breasted Mountaingem,Green-breasted Mountain-gem
Lampornis amethystinus,"Swainson, WJ, 1827",Amethyst-throated Mountaingem,Amethyst-throated Mountain-gem
Lampornis clemenciae,"(Lesson, RP, 1830)",Blue-throated Mountaingem,Blue-throated Mountain-gem
Lampornis hemileucus,"(Salvin, O, 1865)",White-bellied Mountaingem,White-bellied Mountain-gem
Lampornis calolaemus,"(Salvin, O, 1865)",Purple-throated Mountaingem,Purple-throated Mountain-gem
Lampornis castaneoventris,"(Gould, J, 1851)",White-throated Mountaingem,White-throated Mountain-gem
Lamprolaima rhami,"(Lesson, RP, 1839)",Garnet-throated Hummingbird,Garnet-throated Hummingbird
Eugenes fulgens,"(Swainson, WJ, 1827)",Rivoli's Hummingbird,Rivoli's Hummingbird
Eugenes spectabilis,"(Lawrence, GN, 1867)",Talamanca Hummingbird,Talamanca Hummingbird
Panterpe insignis,"Cabanis, JL; Heine, F, 1860",Fiery-throated Hummingbird,Fiery-throated Hummingbird
Heliomaster longirostris,"(Audebert, JB; Vieillot, LJP, 1801)",Long-billed Starthroat,Long-billed Starthroat
Heliomaster constantii,"(Delattre, PA, 1843)",Plain-capped Starthroat,Plain-capped Starthroat
Heliomaster squamosus,"(Temminck, CJ, 1823)",Stripe-breasted Starthroat,Stripe-breasted Starthroat
Heliomaster furcifer,"(Shaw, G, 1812)",Blue-tufted Starthroat,Blue-tufted Starthroat
Tilmatura dupontii,"(Lesson, RP, 1832)",Sparkling-tailed Woodstar,Sparkling-tailed Hummingbird
Calliphlox amethystina,"(Boddaert, P, 1783)",Amethyst Woodstar,Amethyst Woodstar
Thaumastura cora,"(Lesson, RP; Garnot, P, 1827)",Peruvian Sheartail,Peruvian Sheartail
Myrmia micrura,"(Gould, J, 1854)",Short-tailed Woodstar,Short-tailed Woodstar
Myrtis fanny,"(Lesson, RP, 1838)",Purple-collared Woodstar,Purple-collared Woodstar
Rhodopis vesper,"(Lesson, RP, 1829)",Oasis Hummingbird,Oasis Hummingbird
Eulidia yarrellii,"(Bourcier, J, 1847)",Chilean Woodstar,Chilean Woodstar
Philodice mitchellii,"(Bourcier, J, 1847)",Purple-throated Woodstar,Purple-throated Woodstar
Philodice bryantae,"(Lawrence, GN, 1867)",Magenta-throated Woodstar,Magenta-throated Woodstar
Microstilbon burmeisteri,"(Sclater, PL, 1888)",Slender-tailed Woodstar,Slender-tailed Woodstar
Chaetocercus mulsant,"(Bourcier, J, 1843)",White-bellied Woodstar,White-bellied Woodstar
Chaetocercus bombus,"Gould, J, 1871",Little Woodstar,Little Woodstar
Chaetocercus heliodor,"(Bourcier, J, 1840)",Gorgeted Woodstar,Gorgeted Woodstar
Chaetocercus astreans,"(Bangs, O, 1899)",Santa Marta Woodstar,Santa Marta Woodstar
Chaetocercus berlepschi,"Simon, E, 1889",Esmeraldas Woodstar,Esmeraldas Woodstar
Chaetocercus jourdanii,"(Bourcier, J, 1839)",Rufous-shafted Woodstar,Rufous-shafted Woodstar
Calothorax lucifer,"(Swainson, WJ, 1827)",Lucifer Sheartail,Lucifer Hummingbird
Calothorax pulcher,"Gould, J, 1859",Beautiful Sheartail,Beautiful Hummingbird
Doricha enicura,"(Vieillot, LJP, 1818)",Slender Sheartail,Slender Sheartail
Doricha eliza,"(Lesson, RP; Delattre, PA, 1839)",Mexican Sheartail,Mexican Sheartail
Archilochus colubris,"(Linnaeus, C, 1758)",Ruby-throated Hummingbird,Ruby-throated Hummingbird
Archilochus alexandri,"(Bourcier, J; Mulsant, MÉ, 1846)",Black-chinned Hummingbird,Black-chinned Hummingbird
Nesophlox evelynae,"(Bourcier, J, 1847)",Bahama Woodstar,Bahama Woodstar
Nesophlox lyrura,"(Gould, J, 1869)",Inagua Woodstar,Inagua Woodstar
Mellisuga helenae,"(Lembeye, J, 1850)",Bee Hummingbird,Bee Hummingbird
Mellisuga minima,"(Linnaeus, C, 1758)",Vervain Hummingbird,Vervain Hummingbird
Calypte anna,"(Lesson, RP, 1829)",Anna's Hummingbird,Anna's Hummingbird
Calypte costae,"(Bourcier, J, 1839)",Costa's Hummingbird,Costa's Hummingbird
Selasphorus calliope,"(Gould, J, 1847)",Calliope Hummingbird,Calliope Hummingbird
Selasphorus rufus,"(Gmelin, JF, 1788)",Rufous Hummingbird,Rufous Hummingbird
Selasphorus sasin,"(Lesson, RP, 1829)",Allen's Hummingbird,Allen's Hummingbird
Selasphorus platycercus,"(Swainson, WJ, 1827)",Broad-tailed Hummingbird,Broad-tailed Hummingbird
Selasphorus heloisa,"(Lesson, RP; Delattre, PA, 1839)",Bumblebee Hummingbird,Bumblebee Hummingbird
Selasphorus ellioti,"(Ridgway, R, 1878)",Wine-throated Hummingbird,Wine-throated Hummingbird
Selasphorus flammula,"Salvin, O, 1865",Volcano Hummingbird,Volcano Hummingbird
Selasphorus scintilla,"(Gould, J, 1851)",Scintillant Hummingbird,Scintillant Hummingbird
Selasphorus ardens,"Salvin, O, 1870",Glow-throated Hummingbird,Glow-throated Hummingbird
Phaeoptila sordida,"(Gould, J, 1859)",Dusky Hummingbird,Dusky Hummingbird
Riccordia ricordii,"(Gervais, FLP, 1835)",Cuban Emerald,Cuban Emerald
Riccordia bracei,"(Lawrence, GN, 1877)",Brace's Emerald,Brace's Emerald
Riccordia swainsonii,"(Lesson, RP, 1829)",Hispaniolan Emerald,Hispaniolan Emerald
Riccordia maugaeus,"(Audebert, JB; Vieillot, LJP, 1801)",Puerto Rican Emerald,Puerto Rican Emerald
Riccordia bicolor,"(Gmelin, JF, 1788)",Blue-headed Hummingbird,Blue-headed Hummingbird
Cynanthus latirostris,"Swainson, WJ, 1827",Broad-billed Hummingbird,Broad-billed Hummingbird
Cynanthus lawrencei,"(Berlepsch, HHCL, 1887)",Tres Marias Hummingbird,Tres Marias Hummingbird
Cynanthus doubledayi,"(Bourcier, J, 1847)",Turquoise-crowned Hummingbird,Turquoise-crowned Hummingbird
Cynanthus auriceps,"(Gould, J, 1852)",Golden-crowned Emerald,Golden-crowned Emerald
Cynanthus forficatus,"(Ridgway, R, 1885)",Cozumel Emerald,Cozumel Emerald
Cynanthus canivetii,"(Lesson, RP, 1832)",Canivet's Emerald,Canivet's Emerald
Chlorostilbon mellisugus,"(Linnaeus, C, 1758)",Blue-tailed Emerald,Blue-tailed Emerald
Chlorostilbon olivaresi,"Stiles, FG, 1996",Chiribiquete Emerald,Chiribiquete Emerald
Chlorostilbon gibsoni,"(Fraser, L, 1840)",Red-billed Emerald,Red-billed Emerald
Chlorostilbon lucidus,"(Shaw, G, 1812)",Glittering-bellied Emerald,Glittering-bellied Emerald
Chlorostilbon poortmani,"(Bourcier, J, 1843)",Short-tailed Emerald,Short-tailed Emerald
Chlorostilbon stenurus,"(Cabanis, JL; Heine, F, 1860)",Narrow-tailed Emerald,Narrow-tailed Emerald
Chlorostilbon alice,"(Bourcier, J; Mulsant, MÉ, 1848)",Green-tailed Emerald,Green-tailed Emerald
Chlorostilbon russatus,"(Salvin, O; Godman, FD, 1881)",Coppery Emerald,Coppery Emerald
Chlorostilbon assimilis,"Lawrence, GN, 1861",Garden Emerald,Garden Emerald
Chlorostilbon melanorhynchus,"Gould, J, 1860",Western Emerald,Western Emerald
Basilinna xantusii,"(Lawrence, GN, 1861)",Xantus's Hummingbird,Xantus's Hummingbird
Basilinna leucotis,"(Vieillot, LJP, 1818)",White-eared Hummingbird,White-eared Hummingbird
Pampa rufa,"(Lesson, RP, 1840)",Rufous Sabrewing,Rufous Sabrewing
Pampa curvipennis,"(Deppe, W, 1830)",Wedge-tailed Sabrewing,Wedge-tailed Sabrewing
Abeillia abeillei,"(Lesson, RP; Delattre, PA, 1839)",Emerald-chinned Hummingbird,Emerald-chinned Hummingbird
Klais guimeti,"(Bourcier, J, 1843)",Violet-headed Hummingbird,Violet-headed Hummingbird
Orthorhyncus cristatus,"(Linnaeus, C, 1758)",Antillean Crested Hummingbird,Antillean Crested Hummingbird
Anthocephala floriceps,"(Gould, J, 1853)",Santa Marta Blossomcrown,Santa Marta Blossomcrown
Anthocephala berlepschi,"Salvin, O, 1893",Tolima Blossomcrown,Tolima Blossomcrown
Stephanoxis lalandi,"(Vieillot, LJP, 1818)",Green-crowned Plovercrest,Green-crowned Plovercrest
Stephanoxis loddigesii,"(Gould, J, 1831)",Purple-crowned Plovercrest,Purple-crowned Plovercrest
Campylopterus largipennis,"(Boddaert, P, 1783)",Grey-breasted Sabrewing,Gray-breasted Sabrewing
Campylopterus calcirupicola,"Lopes, LE; Vasconcelos, MF; Gonzaga, LP, 2017",Outcrop Sabrewing,Outcrop Sabrewing
Campylopterus diamantinensis,"Ruschi, A, 1963",Diamantina Sabrewing,Diamantina Sabrewing
Campylopterus hemileucurus,"(Deppe, W, 1830)",Violet Sabrewing,Violet Sabrewing
Campylopterus hyperythrus,"Cabanis, JL, 1849",Rufous-breasted Sabrewing,Rufous-breasted Sabrewing
Campylopterus duidae,"Chapman, FM, 1929",Buff-breasted Sabrewing,Buff-breasted Sabrewing
Campylopterus villaviscensio,"(Bourcier, J, 1851)",Napo Sabrewing,Napo Sabrewing
Campylopterus falcatus,"(Swainson, WJ, 1821)",Lazuline Sabrewing,Lazuline Sabrewing
Campylopterus phainopeplus,"Salvin, O; Godman, FD, 1879",Santa Marta Sabrewing,Santa Marta Sabrewing
Campylopterus ensipennis,"(Swainson, WJ, 1822)",White-tailed Sabrewing,White-tailed Sabrewing
Chalybura urochrysia,"(Gould, J, 1861)",Bronze-tailed Plumeleteer,Bronze-tailed Plumeleteer
Chalybura buffonii,"(Lesson, RP, 1832)",White-vented Plumeleteer,White-vented Plumeleteer
Thalurania glaucopis,"(Gmelin, JF, 1788)",Violet-capped Woodnymph,Violet-capped Woodnymph
Thalurania watertonii,"(Bourcier, J, 1847)",Long-tailed Woodnymph,Long-tailed Woodnymph
Thalurania colombica,"(Bourcier, J, 1843)",Crowned Woodnymph,Crowned Woodnymph
Thalurania furcata,"(Gmelin, JF, 1788)",Fork-tailed Woodnymph,Fork-tailed Woodnymph
Microchera albocoronata,"(Lawrence, GN, 1855)",Snowcap,Snowcap
Microchera cupreiceps,"(Lawrence, GN, 1866)",Coppery-headed Emerald,Coppery-headed Emerald
Microchera chionura,"(Gould, J, 1851)",White-tailed Emerald,White-tailed Emerald
Goldmania violiceps,"Nelson, EW, 1911",Violet-capped Hummingbird,Violet-capped Hummingbird
Goldmania bella,"(Nelson, EW, 1912)",Pirre Hummingbird,Pirre Hummingbird
Eupherusa ridgwayi,"(Nelson, EW, 1900)",Mexican Woodnymph,Mexican Woodnymph
Eupherusa poliocerca,"Elliot, DG, 1871",White-tailed Hummingbird,White-tailed Hummingbird
Eupherusa cyanophrys,"Rowley, JS; Orr, RT, 1964",Oaxaca Hummingbird,Blue-capped Hummingbird
Eupherusa eximia,"(Delattre, PA, 1843)",Stripe-tailed Hummingbird,Stripe-tailed Hummingbird
Eupherusa nigriventris,"Lawrence, GN, 1868",Black-bellied Hummingbird,Black-bellied Hummingbird
Leucippus fallax,"(Bourcier, J, 1843)",Buffy Hummingbird,Buffy Hummingbird
Phaeochroa cuvierii,"(Delattre, PA; Bourcier, J, 1846)",Scaly-breasted Hummingbird,Scaly-breasted Hummingbird
Thaumasius taczanowskii,"Sclater, PL, 1879",Spot-throated Hummingbird,Spot-throated Hummingbird
Thaumasius baeri,"(Simon, E, 1901)",Tumbes Hummingbird,Tumbes Hummingbird
Taphrospilus hypostictus,"(Gould, J, 1862)",Many-spotted Hummingbird,Many-spotted Hummingbird
Eupetomena cirrochloris,"(Vieillot, LJP, 1818)",Sombre Hummingbird,Sombre Hummingbird
Eupetomena macroura,"(Gmelin, JF, 1788)",Swallow-tailed Hummingbird,Swallow-tailed Hummingbird
Talaphorus chlorocercus,"(Gould, J, 1866)",Olive-spotted Hummingbird,Olive-spotted Hummingbird
Trochilus polytmus,"Linnaeus, C, 1758",Red-billed Streamertail,Red-billed Streamertail
Trochilus scitulus,"(Brewster, W; Bangs, O, 1901)",Black-billed Streamertail,Black-billed Streamertail
Ramosomyia violiceps,"(Gould, J, 1859)",Violet-crowned Hummingbird,Violet-crowned Hummingbird
Ramosomyia viridifrons,"(Elliot, DG, 1871)",Green-fronted Hummingbird,Green-fronted Hummingbird
Saucerottia cyanocephala,"(Lesson, RP, 1830)",Azure-crowned Hummingbird,Azure-crowned Hummingbird
Saucerottia hoffmanni,"(Cabanis, JL; Heine, F, 1860)",Blue-vented Hummingbird,Blue-vented Hummingbird
Saucerottia beryllina,"(Deppe, W, 1830)",Berylline Hummingbird,Berylline Hummingbird
Saucerottia cyanura,"(Gould, J, 1859)",Blue-tailed Hummingbird,Blue-tailed Hummingbird
Saucerottia edward,"(Delattre, PA; Bourcier, J, 1846)",Snowy-bellied Hummingbird,Snowy-bellied Hummingbird
Saucerottia saucerottei,"(Delattre, PA; Bourcier, J, 1846)",Steely-vented Hummingbird,Steely-vented Hummingbird
Saucerottia cyanifrons,"(Bourcier, J, 1843)",Indigo-capped Hummingbird,Indigo-capped Hummingbird
Saucerottia castaneiventris,"(Gould, J, 1856)",Chestnut-bellied Hummingbird,Chestnut-bellied Hummingbird
Saucerottia viridigaster,"(Bourcier, J, 1843)",Green-bellied Hummingbird,Green-bellied Hummingbird
Saucerottia cupreicauda,"(Salvin, O; Godman, FD, 1884)",Copper-tailed Hummingbird,Copper-tailed Hummingbird
Saucerottia tobaci,"(Gmelin, JF, 1788)",Copper-rumped Hummingbird,Copper-rumped Hummingbird
Amazilia rutila,"(Delattre, PA, 1843)",Cinnamon Hummingbird,Cinnamon Hummingbird
Amazilia yucatanensis,"(Cabot, S Jr, 1845)",Buff-bellied Hummingbird,Buff-bellied Hummingbird
Amazilia tzacatl,"(de la Llave, P, 1833)",Rufous-tailed Hummingbird,Rufous-tailed Hummingbird
Amazilia luciae,"(Lawrence, GN, 1868)",Honduran Emerald,Honduran Emerald
Amazilis amazilia,"(Lesson, RP; Garnot, P, 1827)",Amazilia Hummingbird,Amazilia Hummingbird
Uranomitra franciae,"(Bourcier, J; Mulsant, MÉ, 1846)",Andean Emerald,Andean Emerald
Chrysuronia versicolor,"(Vieillot, LJP, 1818)",Versicolored Emerald,Versicolored Emerald
Chrysuronia goudoti,"(Bourcier, J, 1843)",Shining-green Hummingbird,Shining-green Hummingbird
Chrysuronia oenone,"(Lesson, RP, 1832)",Golden-tailed Sapphire,Golden-tailed Sapphire
Chrysuronia boucardi,"(Mulsant, MÉ, 1877)",Mangrove Hummingbird,Mangrove Hummingbird
Chrysuronia coeruleogularis,"(Gould, J, 1851)",Sapphire-throated Hummingbird,Sapphire-throated Hummingbird
Chrysuronia lilliae,"(Stone, W, 1917)",Sapphire-bellied Hummingbird,Sapphire-bellied Hummingbird
Chrysuronia humboldtii,"(Bourcier, J; Mulsant, MÉ, 1852)",Humboldt's Sapphire,Humboldt's Sapphire
Chrysuronia grayi,"(Delattre, PA; Bourcier, J, 1846)",Blue-headed Sapphire,Blue-headed Sapphire
Chrysuronia brevirostris,"(Lesson, RP, 1830)",White-chested Emerald,White-chested Emerald
Chrysuronia leucogaster,"(Gmelin, JF, 1788)",Plain-bellied Emerald,Plain-bellied Emerald
Leucochloris albicollis,"(Vieillot, LJP, 1818)",White-throated Hummingbird,White-throated Hummingbird
Chionomesa lactea,"(Lesson, RP, 1832)",Sapphire-spangled Emerald,Sapphire-spangled Emerald
Chionomesa fimbriata,"(Gmelin, JF, 1788)",Glittering-throated Emerald,Glittering-throated Emerald
Hylocharis sapphirina,"(Gmelin, JF, 1788)",Rufous-throated Sapphire,Rufous-throated Sapphire
Hylocharis chrysura,"(Shaw, G, 1812)",Gilded Sapphire,Gilded Hummingbird
Elliotomyia viridicauda,"(Berlepsch, HHCL, 1883)",Green-and-white Hummingbird,Green-and-white Hummingbird
Elliotomyia chionogaster,"(Tschudi, JJ, 1846)",White-bellied Hummingbird,White-bellied Hummingbird
Polyerata rosenbergi,"Boucard, A, 1895",Purple-chested Hummingbird,Purple-chested Hummingbird
Polyerata amabilis,"(Gould, J, 1853)",Blue-chested Hummingbird,Blue-chested Hummingbird
Polyerata decora,"Salvin, O, 1891",Charming Hummingbird,Charming Hummingbird
Chlorestes candida,"(Bourcier, J; Mulsant, MÉ, 1846)",White-bellied Emerald,White-bellied Emerald
Chlorestes eliciae,"(Bourcier, J; Mulsant, MÉ, 1846)",Blue-throated Sapphire,Blue-throated Goldentail
Chlorestes cyanus,"(Vieillot, LJP, 1818)",White-chinned Sapphire,White-chinned Sapphire
Chlorestes julie,"(Bourcier, J, 1842)",Violet-bellied Hummingbird,Violet-bellied Hummingbird
Chlorestes notata,"(Reich, GC, 1793)",Blue-chinned Sapphire,Blue-chinned Sapphire
Phodilus assimilis,"Hume, AO, 1877",Sri Lanka Bay Owl,Sri Lanka Bay-Owl
Phodilus badius,"(Horsfield, T, 1821)",Oriental Bay Owl,Oriental Bay-Owl
Tyto tenebricosa,"(Gould, J, 1845)",Sooty Owl,Sooty Owl
Tyto novaehollandiae,"(Stephens, JF, 1826)",Australasian Masked Owl,
Tyto aurantia,"(Salvadori, AT, 1881)",Golden Masked Owl,Golden Masked-Owl
Tyto nigrobrunnea,"Neumann, OR, 1939",Taliabu Masked Owl,Taliabu Masked-Owl
Tyto inexspectata,"(Schlegel, H, 1879)",Minahasa Masked Owl,Minahasa Masked-Owl
Tyto rosenbergii,"(Schlegel, H, 1866)",Sulawesi Masked Owl,Sulawesi Masked-Owl
Tyto prigoginei,"(Schouteden, H, 1952)",Itombwe Owl,Itombwe Owl
Tyto longimembris,"(Jerdon, TC, 1839)",Eastern Grass Owl,Australasian Grass-Owl
Tyto capensis,"(Smith, A, 1834)",African Grass Owl,African Grass-Owl
Tyto alba,"(Scopoli, GA, 1769)",Western Barn Owl,Western Barn Owl
Tyto javanica,"(Gmelin, JF, 1788)",Eastern Barn Owl,Eastern Barn Owl
Tyto furcata,"(Temminck, CJ, 1827)",American Barn Owl,
Tyto deroepstorffi,"(Hume, AO, 1875)",Andaman Masked Owl,Andaman Masked-Owl
Tyto glaucops,"(Kaup, JJ, 1853)",Ashy-faced Owl,
Tyto soumagnei,"(Grandidier, A, 1878)",Red Owl,Red Owl
Uroglaux dimorpha,"(Salvadori, AT, 1874)",Papuan Hawk-Owl,Papuan Owl
Margarobyas lawrencii,"(Sclater, PL; Salvin, O, 1868)",Bare-legged Owl,Bare-legged Owl
Ninox rufa,"(Gould, J, 1846)",Rufous Owl,Rufous Owl
Ninox strenua,"(Gould, J, 1838)",Powerful Owl,Powerful Owl
Ninox connivens,"(Latham, J, 1801)",Barking Owl,Barking Owl
Ninox rudolfi,"Meyer, AB, 1882",Great Sumba Boobook,Sumba Boobook
Ninox affinis,"Beavan, RC, 1867",Andaman Boobook,Andaman Boobook
Ninox boobook,"(Latham, J, 1801)",Australian Boobook,Australian Boobook
Ninox rotiensis,"Johnstone, RE; Darnell, JC, 1997",Rote Boobook,Rote Boobook
Ninox fusca,"(Vieillot, LJP, 1817)",Timor Boobook,Timor Boobook
Ninox plesseni,"Stresemann, EFT, 1929",Alor Boobook,Alor Boobook
Ninox leucopsis,"(Gould, J, 1838)",Tasmanian Boobook,Tasmanian Boobook
Ninox novaeseelandiae,"(Gmelin, JF, 1788)",Morepork,Morepork
Ninox albifacies,"(Gray, GR, 1844)",Laughing Owl,Laughing Owl
Ninox sumbaensis,"Olsen, J; Wink, M; Sauer-Gürth, H; Trost, S, 2002",Little Sumba Boobook,Least Boobook
Ninox scutulata,"(Raffles, TS, 1822)",Brown Boobook,Brown Boobook
Ninox obscura,"Hume, AO, 1872",Hume's Boobook,Hume's Boobook
Ninox japonica,"(Temminck, CJ; Schlegel, H, 1845)",Northern Boobook,Northern Boobook
Ninox randi,"Deignan, HG, 1951",Chocolate Boobook,Chocolate Boobook
Ninox philippensis,"Bonaparte, CLJL, 1855",Luzon Boobook,Luzon Boobook
Ninox spilocephala,"Tweeddale, A, 1879",Mindanao Boobook,Mindanao Boobook
Ninox mindorensis,"Ogilvie-Grant, WR, 1896",Mindoro Boobook,Mindoro Boobook
Ninox spilonotus,"Bourns, FS; Worcester, DC, 1894",Romblon Boobook,Romblon Boobook
Ninox rumseyi,"Rasmussen, PC; Allen, DNS; Collar, NJ; Demeulemeester, B; Hutchinson, RO; Jakosalem, PGC; Kennedy, RS; Lambert, FR; Paguntalan, LM, 2012",Cebu Boobook,Cebu Boobook
Ninox leventisi,"Rasmussen, PC; Allen, DNS; Collar, NJ; Demeulemeester, B; Hutchinson, RO; Jakosalem, PGC; Kennedy, RS; Lambert, FR; Paguntalan, LM, 2012",Camiguin Boobook,Camiguin Boobook
Ninox reyi,"Oustalet, J-FÉ, 1880",Sulu Boobook,Sulu Boobook
Ninox ochracea,"(Schlegel, H, 1866)",Ochre-bellied Boobook,Ochre-bellied Boobook
Ninox burhani,"Indrawan, M; Somadikarta, S, 2004",Togian Boobook,Togian Boobook
Ninox ios,"Rasmussen, PC, 1999",Cinnabar Boobook,Cinnabar Boobook
Ninox hypogramma,"(Gray, GR, 1861)",Halmahera Boobook,Halmahera Boobook
Ninox forbesi,"Sclater, PL, 1883",Tanimbar Boobook,Tanimbar Boobook
Ninox squamipila,"(Bonaparte, CLJL, 1850)",Seram Boobook,Seram Boobook
Ninox hantu,"(Wallace, AR, 1863)",Buru Boobook,Buru Boobook
Ninox natalis,"Lister, JJ, 1889",Christmas Boobook,Christmas Island Boobook
Ninox theomacha,"(Bonaparte, CLJL, 1855)",Papuan Boobook,Papuan Boobook
Ninox meeki,"Rothschild, LW; Hartert, EJO, 1914",Manus Boobook,Manus Boobook
Ninox punctulata,"(Quoy, JRC; Gaimard, JP, 1832)",Speckled Boobook,Speckled Boobook
Ninox variegata,"(Quoy, JRC; Gaimard, JP, 1832)",New Ireland Boobook,Bismarck Boobook
Ninox odiosa,"Sclater, PL, 1877",New Britain Boobook,New Britain Boobook
Taenioptynx brodiei,"(Burton, E, 1836)",Collared Owlet,Collared Owlet
Taenioptynx sylvaticus,"(Bonaparte, CLJL, 1850)",Sunda Owlet,Sunda Owlet
Xenoglaux loweryi,"O'Neill, JP; Graves, GR, 1977",Long-whiskered Owlet,Long-whiskered Owlet
Micrathene whitneyi,"(Cooper, JG, 1861)",Elf Owl,Elf Owl
Aegolius funereus,"(Linnaeus, C, 1758)",Boreal Owl,Boreal Owl
Aegolius acadicus,"(Gmelin, JF, 1788)",Northern Saw-whet Owl,Northern Saw-whet Owl
Aegolius gradyi,"Olson, SL, 2012",Bermuda Saw-whet Owl,Bermuda Saw-whet Owl
Aegolius ridgwayi,"(Alfaro, A, 1905)",Unspotted Saw-whet Owl,Unspotted Saw-whet Owl
Aegolius harrisii,"(Cassin, J, 1849)",Buff-fronted Owl,Buff-fronted Owl
Athene blewitti,"(Hume, AO, 1873)",Forest Owlet,Forest Owlet
Athene superciliaris,"(Vieillot, LJP, 1817)",White-browed Owl,White-browed Owl
Athene cunicularia,"(Molina, GI, 1782)",Burrowing Owl,Burrowing Owl
Athene noctua,"(Scopoli, GA, 1769)",Little Owl,Little Owl
Athene brama,"(Temminck, CJ, 1821)",Spotted Owlet,Spotted Owlet
Athene jacquinoti,"Bonaparte, CLJL, 1850",West Solomons Owl,West Solomons Owl
Athene granti,"(Sharpe, RB, 1888)",Guadalcanal Owl,Guadalcanal Owl
Athene malaitae,"(Mayr, E, 1931)",Malaita Owl,Malaita Owl
Athene roseoaxillaris,"(Hartert, EJO, 1929)",Makira Owl,Makira Owl
Surnia ulula,"(Linnaeus, C, 1758)",Northern Hawk-Owl,Northern Hawk Owl
Glaucidium passerinum,"(Linnaeus, C, 1758)",Eurasian Pygmy Owl,Eurasian Pygmy-Owl
Glaucidium perlatum,"(Vieillot, LJP, 1817)",Pearl-spotted Owlet,Pearl-spotted Owlet
Glaucidium gnoma,"Wagler, JG, 1832",Northern Pygmy Owl,Northern Pygmy-Owl
Glaucidium costaricanum,"Kelso, L, 1937",Costa Rican Pygmy Owl,Costa Rican Pygmy-Owl
Glaucidium nubicola,"Robbins, MB; Stiles, FG, 1999",Cloud-forest Pygmy Owl,Cloud-forest Pygmy-Owl
Glaucidium jardinii,"(Bonaparte, CLJL, 1855)",Andean Pygmy Owl,Andean Pygmy-Owl
Glaucidium bolivianum,"König, C, 1991",Yungas Pygmy Owl,Yungas Pygmy-Owl
Glaucidium parkeri,"Robbins, MB; Howell, SNG, 1995",Subtropical Pygmy Owl,Subtropical Pygmy-Owl
Glaucidium griseiceps,"Sharpe, RB, 1875",Central American Pygmy Owl,Central American Pygmy-Owl
Glaucidium sanchezi,"Lowery, GH; Newman, RJ, 1949",Tamaulipas Pygmy Owl,Tamaulipas Pygmy-Owl
Glaucidium palmarum,"Nelson, EW, 1901",Colima Pygmy Owl,Colima Pygmy-Owl
Glaucidium hardyi,"Vielliard, JME, 1989",Amazonian Pygmy Owl,Amazonian Pygmy-Owl
Glaucidium mooreorum,"Silva, JMC; Coelho, G; Gonzaga, LP, 2003",Pernambuco Pygmy Owl,Pernambuco Pygmy-Owl
Glaucidium minutissimum,"(Wied-Neuwied, M, 1830)",East Brazilian Pygmy Owl,Least Pygmy-Owl
Glaucidium brasilianum,"(Gmelin, JF, 1788)",Ferruginous Pygmy Owl,Ferruginous Pygmy-Owl
Glaucidium nana,"(King, PP, 1827)",Austral Pygmy Owl,Austral Pygmy-Owl
Glaucidium peruanum,"König, C, 1991",Pacific Pygmy Owl,Peruvian Pygmy-Owl
Glaucidium siju,"(d'Orbigny, ACVMD, 1839)",Cuban Pygmy Owl,Cuban Pygmy-Owl
Glaucidium tephronotum,"Sharpe, RB, 1875",Red-chested Owlet,Red-chested Owlet
Glaucidium sjostedti,"Reichenow, A, 1893",Sjöstedt's Barred Owlet,Sjöstedt's Owlet
Glaucidium cuculoides,"(Vigors, NA, 1831)",Asian Barred Owlet,Asian Barred Owlet
Glaucidium castanopterum,"(Horsfield, T, 1821)",Javan Owlet,Javan Owlet
Glaucidium radiatum,"(Tickell, SR, 1833)",Jungle Owlet,Jungle Owlet
Glaucidium castanotum,"(Blyth, E, 1851)",Chestnut-backed Owlet,Chestnut-backed Owlet
Glaucidium capense,"(Smith, A, 1834)",African Barred Owlet,African Barred Owlet
Glaucidium albertinum,"Prigogine, AR, 1983",Albertine Owlet,Albertine Owlet
Otus sagittatus,"(Cassin, J, 1849)",White-fronted Scops Owl,White-fronted Scops-Owl
Otus balli,"(Hume, AO, 1873)",Andaman Scops Owl,Andaman Scops-Owl
Otus rufescens,"(Horsfield, T, 1821)",Reddish Scops Owl,Reddish Scops-Owl
Otus thilohoffmanni,"Warakagoda, DH; Rasmussen, PC, 2004",Serendib Scops Owl,Serendib Scops-Owl
Otus icterorhynchus,"(Shelley, GE, 1873)",Sandy Scops Owl,Sandy Scops-Owl
Otus ireneae,"Ripley, SD, 1966",Sokoke Scops Owl,Sokoke Scops-Owl
Otus alfredi,"(Hartert, EJO, 1897)",Flores Scops Owl,Flores Scops-Owl
Otus spilocephalus,"(Blyth, E, 1846)",Mountain Scops Owl,Mountain Scops-Owl
Otus brookii,"(Sharpe, RB, 1892)",Rajah Scops Owl,Rajah Scops-Owl
Otus angelinae,"(Finsch, FHO, 1912)",Javan Scops Owl,Javan Scops-Owl
Otus mentawi,"Chasen, FN; Kloss, CB, 1926",Mentawai Scops Owl,Mentawai Scops-Owl
Otus bakkamoena,"Pennant, T, 1769",Indian Scops Owl,Indian Scops-Owl
Otus lettia,"(Hodgson, BH, 1836)",Collared Scops Owl,Collared Scops-Owl
Otus gurneyi,"(Tweeddale, A, 1879)",Giant Scops Owl,Giant Scops-Owl
Otus lempiji,"(Horsfield, T, 1821)",Sunda Scops Owl,Sunda Scops-Owl
Otus semitorques,"Temminck, CJ; Schlegel, H, 1844",Japanese Scops Owl,Japanese Scops-Owl
Otus silvicola,"(Wallace, AR, 1864)",Wallace's Scops Owl,Wallace's Scops-Owl
Otus fuliginosus,"(Sharpe, RB, 1888)",Palawan Scops Owl,Palawan Scops-Owl
Otus megalotis,"(Walden, A, 1875)",Philippine Scops Owl,Philippine Scops-Owl
Otus everetti,"(Tweeddale, A, 1879)",Everett's Scops Owl,Everett's Scops-Owl
Otus nigrorum,"Rand, AL, 1950",Negros Scops Owl,Negros Scops-Owl
Otus mindorensis,"(Whitehead, J, 1899)",Mindoro Scops Owl,Mindoro Scops-Owl
Otus magicus,"(Müller, S, 1841)",Moluccan Scops Owl,Moluccan Scops-Owl
Otus tempestatis,"(Hartert, EJO, 1904)",Wetar Scops Owl,Wetar Scops-Owl
Otus jolandae,"Sangster, G; King, BF; Verbelen, P; Trainor, CR, 2013",Rinjani Scops Owl,Rinjani Scops-Owl
Otus podarginus,"(Hartlaub, KJG; Finsch, FHO, 1872)",Palau Scops Owl,Palau Scops-Owl
Otus mantananensis,"(Sharpe, RB, 1892)",Mantanani Scops Owl,Mantanani Scops-Owl
Otus elegans,"(Cassin, J, 1852)",Ryukyu Scops Owl,Ryukyu Scops-Owl
Otus manadensis,"(Quoy, JRC; Gaimard, JP, 1832)",Sulawesi Scops Owl,Sulawesi Scops-Owl
Otus mendeni,"Neumann, OR, 1939",Banggai Scops Owl,Banggai Scops-Owl
Otus collari,"Lambert, FR; Rasmussen, PC, 1998",Sangihe Scops Owl,Sangihe Scops-Owl
Otus siaoensis,"(Schlegel, H, 1873)",Siau Scops Owl,Siau Scops-Owl
Otus sulaensis,"(Hartert, EJO, 1898)",Sula Scops Owl,Sula Scops-Owl
Otus beccarii,"(Salvadori, AT, 1876)",Biak Scops Owl,Biak Scops-Owl
Otus umbra,"(Richmond, CW, 1903)",Simeulue Scops Owl,Simeulue Scops-Owl
Otus enganensis,"Riley, JH, 1927",Enggano Scops Owl,Enggano Scops-Owl
Otus alius,"Rasmussen, PC, 1998",Nicobar Scops Owl,Nicobar Scops-Owl
Otus pamelae,"Bates, GL, 1937",Arabian Scops Owl,Arabian Scops-Owl
Otus scops,"(Linnaeus, C, 1758)",Eurasian Scops Owl,Eurasian Scops-Owl
Otus cyprius,"(Madarász, G, 1901)",Cyprus Scops Owl,Cyprus Scops-Owl
Otus bikegila,"Melo, M; Freitas, B; Verbelen, P; da Costa, SR; Pereira, H; Fuchs, J; Sangster, G; Correia, MN; de Lima, RF; Crottini, A, 2022",Principe Scops Owl,Principe Scops-Owl
Otus pembaensis,"Pakenham, RHW, 1937",Pemba Scops Owl,Pemba Scops-Owl
Otus hartlaubi,"(Giebel, CGA, 1872)",Sao Tome Scops Owl,Sao Tome Scops-Owl
Otus senegalensis,"(Swainson, WJ, 1837)",African Scops Owl,African Scops-Owl
Otus brucei,"(Hume, AO, 1872)",Pallid Scops Owl,Pallid Scops-Owl
Otus mirus,"Ripley, SD; Rabor, DS, 1968",Mindanao Scops Owl,Mindanao Scops-Owl
Otus longicornis,"(Ogilvie-Grant, WR, 1894)",Luzon Scops Owl,Luzon Scops-Owl
Otus moheliensis,"Lafontaine, R-M; Moulaert, N, 1998",Moheli Scops Owl,Moheli Scops-Owl
Otus pauliani,"Benson, CW, 1960",Karthala Scops Owl,Comoro Scops-Owl
Otus insularis,"(Tristram, HB, 1880)",Seychelles Scops Owl,Seychelles Scops-Owl
Otus sunia,"(Hodgson, BH, 1836)",Oriental Scops Owl,Oriental Scops-Owl
Otus socotranus,"(Ogilvie-Grant, WR; Forbes, HO, 1899)",Socotra Scops Owl,Socotra Scops-Owl
Otus capnodes,"(Gurney, JH Sr, 1889)",Anjouan Scops Owl,Anjouan Scops-Owl
Otus mayottensis,"Benson, CW, 1960",Mayotte Scops Owl,Mayotte Scops-Owl
Otus grucheti,"(Mourer-Chauviré, C; Bour, R; Moutou, F; Ribes, S, 1994)",Reunion Scops Owl,Reunion Scops-Owl
Otus murivorus,"(Milne-Edwards, A, 1873)",Rodrigues Scops Owl,Rodrigues Scops-Owl
Otus sauzieri,"(Newton, E; Gadow, HF, 1893)",Mauritius Scops Owl,Mauritius Scops-Owl
Otus rutilus,"(Pucheran, J, 1849)",Madagascar Scops Owl,Madagascar Scops-Owl
Ptilopsis leucotis,"(Temminck, CJ, 1820)",Northern White-faced Owl,Northern White-faced Owl
Ptilopsis granti,"(Kollibay, PR, 1910)",Southern White-faced Owl,Southern White-faced Owl
Asio solomonensis,"(Hartert, EJO, 1901)",Fearful Owl,Fearful Owl
Asio capensis,"(Smith, A, 1834)",Marsh Owl,Marsh Owl
Asio flammeus,"(Pontoppidan, E, 1763)",Short-eared Owl,Short-eared Owl
Asio stygius,"(Wagler, JG, 1832)",Stygian Owl,Stygian Owl
Asio clamator,"(Vieillot, LJP, 1808)",Striped Owl,Striped Owl
Asio grammicus,"(Gosse, PH, 1847)",Jamaican Owl,Jamaican Owl
Asio madagascariensis,"(Smith, A, 1834)",Madagascar Owl,Madagascar Owl
Asio abyssinicus,"(Guérin-Méneville, FÉ, 1843)",Abyssinian Owl,Abyssinian Owl
Asio otus,"(Linnaeus, C, 1758)",Long-eared Owl,Long-eared Owl
Jubula lettii,"(Büttikofer, J, 1889)",Maned Owl,Maned Owl
Bubo scandiacus,"(Linnaeus, C, 1758)",Snowy Owl,Snowy Owl
Bubo magellanicus,"(Lesson, RP, 1828)",Lesser Horned Owl,Lesser Horned Owl
Bubo virginianus,"(Gmelin, JF, 1788)",Great Horned Owl,Great Horned Owl
Bubo capensis,"Smith, A, 1834",Cape Eagle-Owl,Cape Eagle-Owl
Bubo ascalaphus,"de Savigny, MJCL, 1809",Pharaoh Eagle-Owl,Pharaoh Eagle-Owl
Bubo bubo,"(Linnaeus, C, 1758)",Eurasian Eagle-Owl,Eurasian Eagle-Owl
Bubo bengalensis,"(Franklin, J, 1831)",Indian Eagle-Owl,Rock Eagle-Owl
Bubo cinerascens,"Guérin-Méneville, FÉ, 1843",Greyish Eagle-Owl,Grayish Eagle-Owl
Bubo africanus,"(Temminck, CJ, 1821)",Spotted Eagle-Owl,Spotted Eagle-Owl
Bubo milesi,"Sharpe, RB, 1886",Arabian Eagle-Owl,Arabian Eagle-Owl
Scotopelia peli,"(Bonaparte, CLJL, 1850)",Pel's Fishing Owl,Pel's Fishing-Owl
Scotopelia ussheri,"Sharpe, RB, 1871",Rufous Fishing Owl,Rufous Fishing-Owl
Scotopelia bouvieri,"Sharpe, RB, 1875",Vermiculated Fishing Owl,Vermiculated Fishing-Owl
Ketupa poensis,"(Fraser, L, 1854)",Fraser's Eagle-Owl,Fraser's Eagle-Owl
Ketupa leucosticta,"(Hartlaub, KJG, 1855)",Akun Eagle-Owl,Akun Eagle-Owl
Ketupa lactea,"(Temminck, CJ, 1820)",Verreaux's Eagle-Owl,Verreaux's Eagle-Owl
Ketupa shelleyi,"(Sharpe, RB; Ussher, HT, 1872)",Shelley's Eagle-Owl,Shelley's Eagle-Owl
Ketupa blakistoni,"(Seebohm, H, 1884)",Blakiston's Fish Owl,Blakiston's Fish-Owl
Ketupa ketupu,"(Horsfield, T, 1821)",Buffy Fish Owl,Buffy Fish-Owl
Ketupa zeylonensis,"(Gmelin, JF, 1788)",Brown Fish Owl,Brown Fish-Owl
Ketupa flavipes,"(Hodgson, BH, 1836)",Tawny Fish Owl,Tawny Fish-Owl
Ketupa coromanda,"(Latham, J, 1790)",Dusky Eagle-Owl,Dusky Eagle-Owl
Ketupa nipalensis,"(Hodgson, BH, 1836)",Spot-bellied Eagle-Owl,Spot-bellied Eagle-Owl
Ketupa sumatrana,"(Raffles, TS, 1822)",Barred Eagle-Owl,Barred Eagle-Owl
Ketupa philippensis,"(Kaup, JJ, 1851)",Philippine Eagle-Owl,Philippine Eagle-Owl
Psiloscops flammeolus,"(Kaup, JJ, 1852)",Flammulated Owl,Flammulated Owl
Gymnasio nudipes,"(Daudin, FM, 1800)",Puerto Rican Owl,Puerto Rican Owl
Megascops clarkii,"(Kelso, L; Kelso, EH, 1935)",Bare-shanked Screech Owl,Bare-shanked Screech-Owl
Megascops trichopsis,"(Wagler, JG, 1832)",Whiskered Screech Owl,Whiskered Screech-Owl
Megascops albogularis,"(Cassin, J, 1849)",White-throated Screech Owl,White-throated Screech-Owl
Megascops choliba,"(Vieillot, LJP, 1817)",Tropical Screech Owl,Tropical Screech-Owl
Megascops koepckeae,"(Hekstra, GP, 1982)",Koepcke's Screech Owl,Koepcke's Screech-Owl
Megascops ingens,"(Salvin, O, 1897)",Rufescent Screech Owl,Rufescent Screech-Owl
Megascops petersoni,"(Fitzpatrick, JW; O'Neill, JP, 1986)",Cinnamon Screech Owl,Cinnamon Screech-Owl
Megascops marshalli,"(Weske, JS; Terborgh, JW, 1981)",Cloud-forest Screech Owl,Cloud-forest Screech-Owl
Megascops hoyi,"(König, C; Straneck, RJ, 1989)",Yungas Screech Owl,Montane Forest Screech-Owl
Megascops guatemalae,"(Sharpe, RB, 1875)",Middle American Screech Owl,Middle American Screech-Owl
Megascops centralis,"(Hekstra, GP, 1982)",Choco Screech Owl,Choco Screech-Owl
Megascops roraimae,"(Salvin, O, 1897)",Foothill Screech Owl,Foothill Screech-Owl
Megascops sanctaecatarinae,"(Salvin, O, 1897)",Long-tufted Screech Owl,Long-tufted Screech-Owl
Megascops barbarus,"(Sclater, PL; Salvin, O, 1868)",Bearded Screech Owl,Bearded Screech-Owl
Megascops seductus,"(Moore, RT, 1941)",Balsas Screech Owl,Balsas Screech-Owl
Megascops cooperi,"(Ridgway, R, 1878)",Pacific Screech Owl,Pacific Screech-Owl
Megascops kennicottii,"(Elliot, DG, 1867)",Western Screech Owl,Western Screech-Owl
Megascops asio,"(Linnaeus, C, 1758)",Eastern Screech Owl,Eastern Screech-Owl
Megascops gilesi,"Krabbe, NK, 2017",Santa Marta Screech Owl,Santa Marta Screech-Owl
Megascops roboratus,"(Bangs, O; Noble, GK, 1918)",West Peruvian Screech Owl,Peruvian Screech-Owl
Megascops watsonii,"(Cassin, J, 1849)",Tawny-bellied Screech Owl,Tawny-bellied Screech-Owl
Megascops atricapilla,"(Temminck, CJ, 1822)",Black-capped Screech Owl,Black-capped Screech-Owl
Lophostrix cristata,"(Daudin, FM, 1800)",Crested Owl,Crested Owl
Pulsatrix perspicillata,"(Latham, J, 1790)",Spectacled Owl,Spectacled Owl
Pulsatrix koeniswaldiana,"(Bertoni, M; Bertoni, AW, 1901)",Tawny-browed Owl,Tawny-browed Owl
Pulsatrix melanota,"(Tschudi, JJ, 1844)",Band-bellied Owl,Band-bellied Owl
Strix virgata,"(Cassin, J, 1849)",Mottled Owl,Mottled Owl
Strix nigrolineata,"(Sclater, PL, 1859)",Black-and-white Owl,Black-and-white Owl
Strix huhula,"Daudin, FM, 1800",Black-banded Owl,Black-banded Owl
Strix albitarsis,"(Bonaparte, CLJL, 1850)",Rufous-banded Owl,Rufous-banded Owl
Strix seloputo,"Horsfield, T, 1821",Spotted Wood Owl,Spotted Wood-Owl
Strix ocellata,"(Lesson, RP, 1839)",Mottled Wood Owl,Mottled Wood-Owl
Strix leptogrammica,"Temminck, CJ, 1832",Brown Wood Owl,Brown Wood-Owl
Strix aluco,"Linnaeus, C, 1758",Tawny Owl,Tawny Owl
Strix nivicolum,"(Blyth, E, 1845)",Himalayan Owl,Himalayan Owl
Strix hadorami,"Kirwan, GM; Schweizer, M; Copete, JL, 2015",Desert Owl,Desert Owl
Strix butleri,"(Hume, AO, 1878)",Omani Owl,Omani Owl
Strix occidentalis,"(Xántus, J, 1860)",Spotted Owl,Spotted Owl
Strix varia,"Barton, BS, 1799",Barred Owl,Barred Owl
Strix sartorii,"(Ridgway, R, 1874)",Cinereous Owl,Cinereous Owl
Strix fulvescens,"(Sclater, PL; Salvin, O, 1868)",Fulvous Owl,Fulvous Owl
Strix hylophila,"Temminck, CJ, 1825",Rusty-barred Owl,Rusty-barred Owl
Strix rufipes,"King, PP, 1827",Rufous-legged Owl,Rufous-legged Owl
Strix chacoensis,"Cherrie, GK; Reichenberger, EMB, 1921",Chaco Owl,Chaco Owl
Strix uralensis,"Pallas, PS, 1771",Ural Owl,Ural Owl
Strix nebulosa,"Forster, JR, 1772",Great Grey Owl,Great Gray Owl
Strix woodfordii,"(Smith, A, 1834)",African Wood Owl,African Wood-Owl
Gymnogyps californianus,"(Shaw, G, 1797)",California Condor,California Condor
Sarcoramphus papa,"(Linnaeus, C, 1758)",King Vulture,King Vulture
Vultur gryphus,"Linnaeus, C, 1758",Andean Condor,Andean Condor
Coragyps atratus,"(Bechstein, JM, 1793)",Black Vulture,Black Vulture
Cathartes aura,"(Linnaeus, C, 1758)",Turkey Vulture,Turkey Vulture
Cathartes burrovianus,"Cassin, J, 1845",Lesser Yellow-headed Vulture,Lesser Yellow-headed Vulture
Cathartes melambrotus,"Wetmore, A, 1964",Greater Yellow-headed Vulture,Greater Yellow-headed Vulture
Sagittarius serpentarius,"(Miller, JF, 1779)",Secretarybird,Secretarybird
Pandion haliaetus,"(Linnaeus, C, 1758)",Osprey,Osprey
Gampsonyx swainsonii,"Vigors, NA, 1825",Pearl Kite,Pearl Kite
Chelictinia riocourii,"(Temminck, CJ, 1821)",Scissor-tailed Kite,Scissor-tailed Kite
Elanus leucurus,"(Vieillot, LJP, 1818)",White-tailed Kite,White-tailed Kite
Elanus caeruleus,"(Desfontaines, RL, 1789)",Black-winged Kite,Black-winged Kite
Elanus axillaris,"(Latham, J, 1801)",Black-shouldered Kite,Black-shouldered Kite
Elanus scriptus,"Gould, J, 1842",Letter-winged Kite,Letter-winged Kite
Polyboroides radiatus,"(Scopoli, GA, 1786)",Madagascar Harrier-Hawk,Madagascar Harrier-Hawk
Polyboroides typus,"Smith, A, 1829",African Harrier-Hawk,African Harrier-Hawk
Gypohierax angolensis,"(Gmelin, JF, 1788)",Palm-nut Vulture,Palm-nut Vulture
Gypaetus barbatus,"(Linnaeus, C, 1758)",Bearded Vulture,Bearded Vulture
Neophron percnopterus,"(Linnaeus, C, 1758)",Egyptian Vulture,Egyptian Vulture
Eutriorchis astur,"Sharpe, RB, 1875",Madagascar Serpent Eagle,Madagascar Serpent-Eagle
Leptodon forbesi,"(Swann, HK, 1922)",White-collared Kite,White-collared Kite
Leptodon cayanensis,"(Latham, J, 1790)",Grey-headed Kite,Gray-headed Kite
Chondrohierax wilsonii,"(Cassin, J, 1847)",Cuban Kite,Cuban Kite
Chondrohierax uncinatus,"(Temminck, CJ, 1822)",Hook-billed Kite,Hook-billed Kite
Aviceda cuculoides,"Swainson, WJ, 1837",African Cuckoo-Hawk,African Cuckoo-Hawk
Aviceda madagascariensis,"(Smith, A, 1834)",Madagascar Cuckoo-Hawk,Madagascar Cuckoo-Hawk
Aviceda jerdoni,"(Blyth, E, 1842)",Jerdon's Baza,Jerdon's Baza
Aviceda subcristata,"(Gould, J, 1838)",Pacific Baza,Pacific Baza
Aviceda leuphotes,"(Dumont, CHF, 1820)",Black Baza,Black Baza
Pernis apivorus,"(Linnaeus, C, 1758)",European Honey Buzzard,European Honey-buzzard
Pernis ptilorhynchus,"(Temminck, CJ, 1821)",Crested Honey Buzzard,Oriental Honey-buzzard
Pernis celebensis,"Wallace, AR, 1868",Barred Honey Buzzard,Sulawesi Honey-buzzard
Pernis steerei,"Sclater, WL, 1919",Philippine Honey Buzzard,Philippine Honey-buzzard
Elanoides forficatus,"(Linnaeus, C, 1758)",Swallow-tailed Kite,Swallow-tailed Kite
Hamirostra melanosternon,"(Gould, J, 1841)",Black-breasted Buzzard,Black-breasted Kite
Lophoictinia isura,"(Gould, J, 1838)",Square-tailed Kite,Square-tailed Kite
Henicopernis longicauda,"(Lesson, RP; Garnot, P, 1828)",Long-tailed Honey Buzzard,Long-tailed Honey-buzzard
Henicopernis infuscatus,"Gurney, JH Sr, 1882",Black Honey Buzzard,Black Honey-buzzard
Sarcogyps calvus,"(Scopoli, GA, 1786)",Red-headed Vulture,Red-headed Vulture
Trigonoceps occipitalis,"(Burchell, WJ, 1824)",White-headed Vulture,White-headed Vulture
Aegypius monachus,"(Linnaeus, C, 1766)",Cinereous Vulture,Cinereous Vulture
Torgos tracheliotos,"(Forster, JR, 1796)",Lappet-faced Vulture,Lappet-faced Vulture
Necrosyrtes monachus,"(Temminck, CJ, 1823)",Hooded Vulture,Hooded Vulture
Gyps bengalensis,"(Gmelin, JF, 1788)",White-rumped Vulture,White-rumped Vulture
Gyps himalayensis,"Hume, AO, 1869",Himalayan Vulture,Himalayan Griffon
Gyps africanus,"Salvadori, AT, 1865",White-backed Vulture,White-backed Vulture
Gyps indicus,"(Scopoli, GA, 1786)",Indian Vulture,Indian Vulture
Gyps tenuirostris,"Gray, GR, 1844",Slender-billed Vulture,Slender-billed Vulture
Gyps coprotheres,"(Forster, JR, 1798)",Cape Vulture,Cape Griffon
Gyps fulvus,"(Hablizl, CL, 1783)",Griffon Vulture,Eurasian Griffon
Gyps rueppelli,"(Brehm, AE, 1852)",Rüppell's Vulture,Rüppell's Griffon
Spilornis klossi,"Richmond, CW, 1902",Great Nicobar Serpent Eagle,Nicobar Serpent-Eagle
Spilornis rufipectus,"Gould, J, 1858",Sulawesi Serpent Eagle,Sulawesi Serpent-Eagle
Spilornis kinabaluensis,"Sclater, WL, 1919",Mountain Serpent Eagle,Mountain Serpent-Eagle
Spilornis cheela,"(Latham, J, 1790)",Crested Serpent Eagle,Crested Serpent-Eagle
Spilornis holospilus,"(Vigors, NA, 1831)",Philippine Serpent Eagle,Philippine Serpent-Eagle
Spilornis elgini,"(Blyth, E, 1863)",Andaman Serpent Eagle,Andaman Serpent-Eagle
Pithecophaga jefferyi,"Ogilvie-Grant, WR, 1896",Philippine Eagle,Philippine Eagle
Terathopius ecaudatus,"(Daudin, FM, 1800)",Bateleur,Bateleur
Circaetus fasciolatus,"Kaup, JJ, 1847",Southern Banded Snake Eagle,Southern Banded Snake-Eagle
Circaetus cinerascens,"Müller, JW, 1851",Western Banded Snake Eagle,Western Banded Snake-Eagle
Circaetus spectabilis,"(Schlegel, H, 1863)",Congo Serpent Eagle,Congo Snake-Eagle
Circaetus beaudouini,"Verreaux, JP; des Murs, MAPO, 1862",Beaudouin's Snake Eagle,Beaudouin's Snake-Eagle
Circaetus pectoralis,"Smith, A, 1829",Black-chested Snake Eagle,Black-chested Snake-Eagle
Circaetus cinereus,"Vieillot, LJP, 1818",Brown Snake Eagle,Brown Snake-Eagle
Circaetus gallicus,"(Gmelin, JF, 1788)",Short-toed Snake Eagle,Short-toed Snake-Eagle
Stephanoaetus coronatus,"(Linnaeus, C, 1766)",Crowned Eagle,Crowned Eagle
Nisaetus nanus,"(Wallace, AR, 1868)",Wallace's Hawk-Eagle,Wallace's Hawk-Eagle
Nisaetus kelaarti,"(Legge, WV, 1878)",Legge's Hawk-Eagle,Legge's Hawk-Eagle
Nisaetus nipalensis,"Hodgson, BH, 1836",Mountain Hawk-Eagle,Mountain Hawk-Eagle
Nisaetus alboniger,"Blyth, E, 1845",Blyth's Hawk-Eagle,Blyth's Hawk-Eagle
Nisaetus bartelsi,"(Stresemann, EFT, 1924)",Javan Hawk-Eagle,Javan Hawk-Eagle
Nisaetus lanceolatus,"(Temminck, CJ; Schlegel, H, 1844)",Sulawesi Hawk-Eagle,Sulawesi Hawk-Eagle
Nisaetus pinskeri,"(Preleuthner, M; Gamauf, A, 1998)",Pinsker's Hawk-Eagle,Pinsker's Hawk-Eagle
Nisaetus philippensis,"(Gould, J, 1863)",Philippine Hawk-Eagle,Philippine Hawk-Eagle
Nisaetus cirrhatus,"(Gmelin, JF, 1788)",Changeable Hawk-Eagle,Changeable Hawk-Eagle
Nisaetus floris,"(Hartert, EJO, 1898)",Flores Hawk-Eagle,Flores Hawk-Eagle
Spizaetus tyrannus,"(Wied-Neuwied, M, 1820)",Black Hawk-Eagle,Black Hawk-Eagle
Spizaetus melanoleucus,"(Vieillot, LJP, 1816)",Black-and-white Hawk-Eagle,Black-and-white Hawk-Eagle
Spizaetus ornatus,"(Daudin, FM, 1800)",Ornate Hawk-Eagle,Ornate Hawk-Eagle
Spizaetus isidori,"(des Murs, MAPO, 1845)",Black-and-chestnut Eagle,Black-and-chestnut Eagle
Lophotriorchis kienerii,"(de Sparre, LEG, 1835)",Rufous-bellied Eagle,Rufous-bellied Eagle
Polemaetus bellicosus,"(Daudin, FM, 1800)",Martial Eagle,Martial Eagle
Lophaetus occipitalis,"(Daudin, FM, 1800)",Long-crested Eagle,Long-crested Eagle
Ictinaetus malaiensis,"(Temminck, CJ, 1822)",Black Eagle,Black Eagle
Clanga hastata,"(Lesson, RP, 1831)",Indian Spotted Eagle,Indian Spotted Eagle
Clanga clanga,"(Pallas, PS, 1811)",Greater Spotted Eagle,Greater Spotted Eagle
Clanga pomarina,"(Brehm, CL, 1831)",Lesser Spotted Eagle,Lesser Spotted Eagle
Hieraaetus wahlbergi,"(Sundevall, CJ, 1850)",Wahlberg's Eagle,Wahlberg's Eagle
Hieraaetus ayresii,"(Gurney, JH Sr, 1862)",Ayres's Hawk-Eagle,Ayres's Hawk-Eagle
Hieraaetus weiskei,"(Reichenow, A, 1900)",Pygmy Eagle,Pygmy Eagle
Hieraaetus pennatus,"(Gmelin, JF, 1788)",Booted Eagle,Booted Eagle
Hieraaetus morphnoides,"(Gould, J, 1841)",Little Eagle,Little Eagle
Aquila nipalensis,"Hodgson, BH, 1833",Steppe Eagle,Steppe Eagle
Aquila rapax,"(Temminck, CJ, 1828)",Tawny Eagle,Tawny Eagle
Aquila heliaca,"de Savigny, MJCL, 1809",Eastern Imperial Eagle,Imperial Eagle
Aquila adalberti,"Brehm, CL, 1861",Spanish Imperial Eagle,Spanish Eagle
Aquila africana,"(Cassin, J, 1865)",Cassin's Hawk-Eagle,Cassin's Hawk-Eagle
Aquila gurneyi,"Gray, GR, 1861",Gurney's Eagle,Gurney's Eagle
Aquila audax,"(Latham, J, 1801)",Wedge-tailed Eagle,Wedge-tailed Eagle
Aquila chrysaetos,"(Linnaeus, C, 1758)",Golden Eagle,Golden Eagle
Aquila verreauxii,"Lesson, RP, 1831",Verreaux's Eagle,Verreaux's Eagle
Aquila spilogaster,"(Bonaparte, CLJL, 1850)",African Hawk-Eagle,African Hawk-Eagle
Aquila fasciata,"Vieillot, LJP, 1822",Bonelli's Eagle,Bonelli's Eagle
Harpyopsis novaeguineae,"Salvadori, AT, 1875",Papuan Eagle,New Guinea Eagle
Macheiramphus alcinus,"Bonaparte, CLJL, 1850",Bat Hawk,Bat Hawk
Harpia harpyja,"(Linnaeus, C, 1758)",Harpy Eagle,Harpy Eagle
Morphnus guianensis,"(Daudin, FM, 1800)",Crested Eagle,Crested Eagle
Lophospiza griseiceps,"(Kaup, JJ, 1848)",Sulawesi Goshawk,Sulawesi Goshawk
Lophospiza trivirgata,"(Temminck, CJ, 1824)",Crested Goshawk,Crested Goshawk
Micronisus gabar,"(Daudin, FM, 1800)",Gabar Goshawk,Gabar Goshawk
Urotriorchis macrourus,"(Hartlaub, KJG, 1855)",Long-tailed Hawk,Long-tailed Hawk
Melierax metabates,"Heuglin, MT, 1861",Dark Chanting Goshawk,Dark Chanting-Goshawk
Melierax poliopterus,"Cabanis, JL, 1868",Eastern Chanting Goshawk,Eastern Chanting-Goshawk
Melierax canorus,"(Thunberg, CP, 1799)",Pale Chanting Goshawk,Pale Chanting-Goshawk
Kaupifalco monogrammicus,"(Temminck, CJ, 1824)",Lizard Buzzard,Lizard Buzzard
Aerospiza castanilius,"(Bonaparte, CLJL, 1853)",Chestnut-flanked Sparrowhawk,Chestnut-flanked Sparrowhawk
Aerospiza tachiro,"(Daudin, FM, 1800)",African Goshawk,African Goshawk
Tachyspiza erythropus,"(Hartlaub, KJG, 1855)",Red-thighed Sparrowhawk,Red-thighed Sparrowhawk
Tachyspiza minulla,"(Daudin, FM, 1800)",Little Sparrowhawk,Little Sparrowhawk
Tachyspiza virgata,"(Temminck, CJ, 1822)",Besra,Besra
Tachyspiza nanus,"(Blasius, W, 1897)",Dwarf Sparrowhawk,Small Sparrowhawk
Tachyspiza erythrauchen,"(Gray, GR, 1861)",Rufous-necked Sparrowhawk,Rufous-necked Sparrowhawk
Tachyspiza cirrocephala,"(Vieillot, LJP, 1817)",Collared Sparrowhawk,Collared Sparrowhawk
Tachyspiza brachyura,"(Ramsay, EP, 1880)",New Britain Sparrowhawk,New Britain Sparrowhawk
Tachyspiza rhodogaster,"(Schlegel, H, 1862)",Vinous-breasted Sparrowhawk,Vinous-breasted Sparrowhawk
Tachyspiza gularis,"(Temminck, CJ; Schlegel, H, 1845)",Japanese Sparrowhawk,Japanese Sparrowhawk
Tachyspiza badia,"(Gmelin, JF, 1788)",Shikra,Shikra
Tachyspiza butleri,"(Gurney, JH Jr, 1898)",Nicobar Sparrowhawk,Nicobar Sparrowhawk
Tachyspiza brevipes,"(Severtsov, NA, 1850)",Levant Sparrowhawk,Levant Sparrowhawk
Tachyspiza soloensis,"(Horsfield, T, 1821)",Chinese Sparrowhawk,Chinese Sparrowhawk
Tachyspiza imitator,"(Hartert, EJO, 1926)",Imitator Goshawk,Imitator Sparrowhawk
Tachyspiza francesiae,"(Smith, A, 1834)",Frances's Sparrowhawk,Frances's Sparrowhawk
Tachyspiza trinotata,"(Bonaparte, CLJL, 1850)",Spot-tailed Sparrowhawk,Spot-tailed Goshawk
Tachyspiza poliocephala,"(Gray, GR, 1858)",Grey-headed Goshawk,Gray-headed Goshawk
Tachyspiza princeps,"(Mayr, E, 1934)",New Britain Goshawk,New Britain Goshawk
Tachyspiza novaehollandiae,"(Gmelin, JF, 1788)",Grey Goshawk,Gray Goshawk
Tachyspiza hiogaster,"(Müller, S, 1841)",Variable Goshawk,Variable Goshawk
Tachyspiza melanochlamys,"(Salvadori, AT, 1876)",Black-mantled Goshawk,Black-mantled Goshawk
Tachyspiza albogularis,"(Gray, GR, 1870)",Pied Goshawk,Pied Goshawk
Tachyspiza rufitorques,"(Peale, TR, 1849)",Fiji Goshawk,Fiji Goshawk
Tachyspiza henicogramma,"(Gray, GR, 1861)",Moluccan Goshawk,Moluccan Goshawk
Tachyspiza luteoschistacea,"(Rothschild, LW; Hartert, EJO, 1926)",Slaty-mantled Goshawk,Slaty-mantled Goshawk
Tachyspiza haplochrous,"(Sclater, PL, 1859)",White-bellied Goshawk,New Caledonian Goshawk
Tachyspiza fasciata,"(Vigors, NA; Horsfield, T, 1827)",Brown Goshawk,Brown Goshawk
Erythrotriorchis radiatus,"(Latham, J, 1801)",Red Goshawk,Red Goshawk
Erythrotriorchis buergersi,"(Reichenow, A, 1914)",Chestnut-shouldered Goshawk,Chestnut-shouldered Goshawk
Accipiter poliogaster,"(Temminck, CJ, 1824)",Grey-bellied Hawk,Gray-bellied Hawk
Accipiter madagascariensis,"Verreaux, JP, 1833",Madagascar Sparrowhawk,Madagascar Sparrowhawk
Accipiter ovampensis,"Gurney, JH Sr, 1875",Ovambo Sparrowhawk,Ovambo Sparrowhawk
Accipiter striatus,"Vieillot, LJP, 1808",Sharp-shinned Hawk,Sharp-shinned Hawk
Accipiter rufiventris,"Smith, A, 1830",Rufous-breasted Sparrowhawk,Rufous-breasted Sparrowhawk
Accipiter nisus,"(Linnaeus, C, 1758)",Eurasian Sparrowhawk,Eurasian Sparrowhawk
Astur cooperii,"(Bonaparte, CLJL, 1828)",Cooper's Hawk,Cooper's Hawk
Astur gundlachi,"(Lawrence, GN, 1861)",Gundlach's Hawk,Gundlach's Hawk
Astur chilensis,"(Philippi, RA; Landbeck, CL, 1864)",Chilean Hawk,Chilean Hawk
Astur bicolor,"(Vieillot, LJP, 1817)",Bicolored Hawk,Bicolored Hawk
Astur atricapillus,"(Wilson, A, 1812)",American Goshawk,American Goshawk
Astur meyerianus,"Sharpe, RB, 1878",Meyer's Goshawk,Meyer's Goshawk
Astur gentilis,"(Linnaeus, C, 1758)",Eurasian Goshawk,Eurasian Goshawk
Astur henstii,"Schlegel, H, 1873",Henst's Goshawk,Henst's Goshawk
Astur melanoleucus,"(Smith, A, 1830)",Black Sparrowhawk,Black Goshawk
Megatriorchis doriae,"Salvadori, AT; d'Albertis, LM, 1876",Doria's Hawk,Doria's Hawk
Circus assimilis,"Jardine, W; Selby, PJ, 1828",Spotted Harrier,Spotted Harrier
Circus macrourus,"(Gmelin, SG, 1770)",Pallid Harrier,Pallid Harrier
Circus maurus,"(Temminck, CJ, 1828)",Black Harrier,Black Harrier
Circus cyaneus,"(Linnaeus, C, 1766)",Hen Harrier,Hen Harrier
Circus hudsonius,"(Linnaeus, C, 1766)",Northern Harrier,Northern Harrier
Circus cinereus,"Vieillot, LJP, 1816",Cinereous Harrier,Cinereous Harrier
Circus buffoni,"(Gmelin, JF, 1788)",Long-winged Harrier,Long-winged Harrier
Circus pygargus,"(Linnaeus, C, 1758)",Montagu's Harrier,Montagu's Harrier
Circus melanoleucos,"(Pennant, T, 1769)",Pied Harrier,Pied Harrier
Circus ranivorus,"(Daudin, FM, 1800)",African Marsh Harrier,African Marsh Harrier
Circus aeruginosus,"(Linnaeus, C, 1758)",Western Marsh Harrier,Western Marsh Harrier
Circus maillardi,"Verreaux, JP, 1862",Reunion Harrier,Reunion Harrier
Circus macrosceles,"Newton, A, 1863",Malagasy Harrier,Malagasy Harrier
Circus approximans,"Peale, TR, 1849",Swamp Harrier,Swamp Harrier
Circus spilonotus,"Kaup, JJ, 1847",Eastern Marsh Harrier,Eastern Marsh Harrier
Circus spilothorax,"Salvadori, AT; d'Albertis, LM, 1876",Papuan Harrier,Papuan Harrier
Harpagus diodon,"(Temminck, CJ, 1823)",Rufous-thighed Kite,Rufous-thighed Kite
Harpagus bidentatus,"(Latham, J, 1790)",Double-toothed Kite,Double-toothed Kite
Microspizias collaris,"(Sclater, PL, 1860)",Semicollared Hawk,Semicollared Hawk
Microspizias superciliosus,"(Linnaeus, C, 1766)",Tiny Hawk,Tiny Hawk
Haliastur sphenurus,"(Vieillot, LJP, 1818)",Whistling Kite,Whistling Kite
Haliastur indus,"(Boddaert, P, 1783)",Brahminy Kite,Brahminy Kite
Milvus milvus,"(Linnaeus, C, 1758)",Red Kite,Red Kite
Milvus migrans,"(Boddaert, P, 1783)",Black Kite,Black Kite
Haliaeetus leucoryphus,"(Pallas, PS, 1771)",Pallas's Fish Eagle,Pallas's Fish-Eagle
Haliaeetus pelagicus,"(Pallas, PS, 1811)",Steller's Sea Eagle,Steller's Sea-Eagle
Haliaeetus albicilla,"(Linnaeus, C, 1758)",White-tailed Eagle,White-tailed Eagle
Haliaeetus leucocephalus,"(Linnaeus, C, 1766)",Bald Eagle,Bald Eagle
Icthyophaga vocifer,"(Daudin, FM, 1800)",African Fish Eagle,African Fish-Eagle
Icthyophaga vociferoides,"(des Murs, MAPO, 1845)",Madagascar Fish Eagle,Madagascar Fish-Eagle
Icthyophaga leucogaster,"(Gmelin, JF, 1788)",White-bellied Sea Eagle,White-bellied Sea-Eagle
Icthyophaga sanfordi,"(Mayr, E, 1935)",Sanford's Sea Eagle,Sanford's Sea-Eagle
Icthyophaga humilis,"(Müller, S; Schlegel, H, 1841)",Lesser Fish Eagle,Lesser Fish-Eagle
Icthyophaga ichthyaetus,"(Horsfield, T, 1821)",Grey-headed Fish Eagle,Gray-headed Fish-Eagle
Butastur liventer,"(Temminck, CJ, 1827)",Rufous-winged Buzzard,Rufous-winged Buzzard
Butastur rufipennis,"(Sundevall, CJ, 1850)",Grasshopper Buzzard,Grasshopper Buzzard
Butastur indicus,"(Gmelin, JF, 1788)",Grey-faced Buzzard,Gray-faced Buzzard
Butastur teesa,"(Franklin, J, 1831)",White-eyed Buzzard,White-eyed Buzzard
Ictinia plumbea,"(Gmelin, JF, 1788)",Plumbeous Kite,Plumbeous Kite
Ictinia mississippiensis,"(Wilson, A, 1811)",Mississippi Kite,Mississippi Kite
Geranospiza caerulescens,"(Vieillot, LJP, 1817)",Crane Hawk,Crane Hawk
Busarellus nigricollis,"(Latham, J, 1790)",Black-collared Hawk,Black-collared Hawk
Helicolestes hamatus,"(Temminck, CJ, 1821)",Slender-billed Kite,Slender-billed Kite
Rostrhamus sociabilis,"(Vieillot, LJP, 1817)",Snail Kite,Snail Kite
Morphnarchus princeps,"(Sclater, PL, 1865)",Barred Hawk,Barred Hawk
Cryptoleucopteryx plumbea,"(Salvin, O, 1872)",Plumbeous Hawk,Plumbeous Hawk
Buteogallus schistaceus,"(Sundevall, CJ, 1850)",Slate-colored Hawk,Slate-colored Hawk
Buteogallus anthracinus,"(Deppe, W, 1830)",Common Black Hawk,Common Black Hawk
Buteogallus gundlachii,"(Cabanis, JL, 1855)",Cuban Black Hawk,Cuban Black Hawk
Buteogallus aequinoctialis,"(Gmelin, JF, 1788)",Rufous Crab Hawk,Rufous Crab Hawk
Buteogallus meridionalis,"(Latham, J, 1790)",Savanna Hawk,Savanna Hawk
Buteogallus lacernulatus,"(Temminck, CJ, 1827)",White-necked Hawk,White-necked Hawk
Buteogallus urubitinga,"(Gmelin, JF, 1788)",Great Black Hawk,Great Black Hawk
Buteogallus solitarius,"(Tschudi, JJ, 1844)",Solitary Eagle,Solitary Eagle
Buteogallus coronatus,"(Vieillot, LJP, 1817)",Chaco Eagle,Chaco Eagle
Rupornis magnirostris,"(Gmelin, JF, 1788)",Roadside Hawk,Roadside Hawk
Parabuteo leucorrhous,"(Quoy, JRC; Gaimard, JP, 1824)",White-rumped Hawk,White-rumped Hawk
Parabuteo unicinctus,"(Temminck, CJ, 1824)",Harris's Hawk,Harris's Hawk
Pseudastur occidentalis,"(Salvin, O, 1876)",Grey-backed Hawk,Gray-backed Hawk
Pseudastur albicollis,"(Latham, J, 1790)",White Hawk,White Hawk
Pseudastur polionotus,"(Kaup, JJ, 1847)",Mantled Hawk,Mantled Hawk
Geranoaetus albicaudatus,"(Vieillot, LJP, 1816)",White-tailed Hawk,White-tailed Hawk
Geranoaetus polyosoma,"(Quoy, JRC; Gaimard, JP, 1824)",Variable Hawk,Variable Hawk
Geranoaetus melanoleucus,"(Vieillot, LJP, 1819)",Black-chested Buzzard-Eagle,Black-chested Buzzard-Eagle
Leucopternis semiplumbeus,"Lawrence, GN, 1861",Semiplumbeous Hawk,Semiplumbeous Hawk
Leucopternis melanops,"(Latham, J, 1790)",Black-faced Hawk,Black-faced Hawk
Leucopternis kuhli,"Bonaparte, CLJL, 1850",White-browed Hawk,White-browed Hawk
Bermuteo avivorus,"Olson, SL, 2008",Bermuda Hawk,Bermuda Hawk
Buteo plagiatus,"(Schlegel, H, 1862)",Grey Hawk,Gray Hawk
Buteo nitidus,"(Latham, J, 1790)",Grey-lined Hawk,Gray-lined Hawk
Buteo platypterus,"(Vieillot, LJP, 1823)",Broad-winged Hawk,Broad-winged Hawk
Buteo ridgwayi,"(Cory, CB, 1883)",Ridgway's Hawk,Ridgway's Hawk
Buteo lineatus,"(Gmelin, JF, 1788)",Red-shouldered Hawk,Red-shouldered Hawk
Buteo albonotatus,"Kaup, JJ, 1847",Zone-tailed Hawk,Zone-tailed Hawk
Buteo solitarius,"Peale, TR, 1849",Hawaiian Hawk,Hawaiian Hawk
Buteo albigula,"Philippi, RA, 1899",White-throated Hawk,White-throated Hawk
Buteo brachyurus,"Vieillot, LJP, 1816",Short-tailed Hawk,Short-tailed Hawk
Buteo galapagoensis,"(Gould, J, 1837)",Galapagos Hawk,Galapagos Hawk
Buteo swainsoni,"Bonaparte, CLJL, 1838",Swainson's Hawk,Swainson's Hawk
Buteo ventralis,"Gould, J, 1837",Rufous-tailed Hawk,Rufous-tailed Hawk
Buteo jamaicensis,"(Gmelin, JF, 1788)",Red-tailed Hawk,Red-tailed Hawk
Buteo regalis,"(Gray, GR, 1844)",Ferruginous Hawk,Ferruginous Hawk
Buteo lagopus,"(Pontoppidan, E, 1763)",Rough-legged Buzzard,Rough-legged Hawk
Buteo auguralis,"Salvadori, AT, 1866",Red-necked Buzzard,Red-necked Buzzard
Buteo rufofuscus,"(Forster, JR, 1798)",Jackal Buzzard,Jackal Buzzard
Buteo augur,"(Rüppell, WPES, 1836)",Augur Buzzard,Augur Buzzard
Buteo oreophilus,"Hartert, EJO; Neumann, OR, 1914",Mountain Buzzard,Mountain Buzzard
Buteo trizonatus,"Rudebeck, G, 1957",Forest Buzzard,Forest Buzzard
Buteo buteo,"(Linnaeus, C, 1758)",Common Buzzard,Common Buzzard
Buteo brachypterus,"Hartlaub, KJG, 1860",Madagascar Buzzard,Madagascar Buzzard
Buteo socotraensis,"Porter, RF; Kirwan, GM, 2010",Socotra Buzzard,Socotra Buzzard
Buteo hemilasius,"Temminck, CJ; Schlegel, H, 1844",Upland Buzzard,Upland Buzzard
Buteo rufinus,"(Cretzschmar, PJ, 1829)",Long-legged Buzzard,Long-legged Buzzard
Buteo refectus,"Portenko, LA, 1935",Himalayan Buzzard,Himalayan Buzzard
Buteo japonicus,"(Temminck, CJ; Schlegel, H, 1844)",Eastern Buzzard,Eastern Buzzard
Urocolius indicus,"(Latham, J, 1790)",Red-faced Mousebird,Red-faced Mousebird
Urocolius macrourus,"(Linnaeus, C, 1766)",Blue-naped Mousebird,Blue-naped Mousebird
Colius striatus,"Gmelin, JF, 1789",Speckled Mousebird,Speckled Mousebird
Colius leucocephalus,"Reichenow, A, 1879",White-headed Mousebird,White-headed Mousebird
Colius castanotus,"Verreaux, JP; Verreaux, JBÉ, 1855",Red-backed Mousebird,Red-backed Mousebird
Colius colius,"(Linnaeus, C, 1766)",White-backed Mousebird,White-backed Mousebird
Leptosomus discolor,"(Hermann, J, 1783)",Cuckoo-roller,Cuckoo-roller
Apaloderma narina,"(Stephens, JF, 1815)",Narina Trogon,Narina Trogon
Apaloderma aequatoriale,"Sharpe, RB, 1901",Bare-cheeked Trogon,Bare-cheeked Trogon
Apaloderma vittatum,"Shelley, GE, 1882",Bar-tailed Trogon,Bar-tailed Trogon
Apalharpactes reinwardtii,"(Temminck, CJ, 1822)",Javan Trogon,Javan Trogon
Apalharpactes mackloti,"(Müller, S, 1836)",Sumatran Trogon,Sumatran Trogon
Harpactes oreskios,"(Temminck, CJ, 1823)",Orange-breasted Trogon,Orange-breasted Trogon
Harpactes fasciatus,"(Pennant, T, 1769)",Malabar Trogon,Malabar Trogon
Harpactes kasumba,"(Raffles, TS, 1822)",Red-naped Trogon,Red-naped Trogon
Harpactes diardii,"(Temminck, CJ, 1832)",Diard's Trogon,Diard's Trogon
Harpactes ardens,"(Temminck, CJ, 1826)",Philippine Trogon,Philippine Trogon
Harpactes whiteheadi,"Sharpe, RB, 1888",Whitehead's Trogon,Whitehead's Trogon
Harpactes orrhophaeus,"(Cabanis, JL; Heine, F, 1863)",Cinnamon-rumped Trogon,Cinnamon-rumped Trogon
Harpactes duvaucelii,"(Temminck, CJ, 1824)",Scarlet-rumped Trogon,Scarlet-rumped Trogon
Harpactes erythrocephalus,"(Gould, J, 1834)",Red-headed Trogon,Red-headed Trogon
Harpactes wardi,"(Kinnear, NB, 1927)",Ward's Trogon,Ward's Trogon
Euptilotis neoxenus,"(Gould, J, 1838)",Eared Quetzal,Eared Quetzal
Pharomachrus pavoninus,"(Spix, JB, 1824)",Pavonine Quetzal,Pavonine Quetzal
Pharomachrus auriceps,"(Gould, J, 1842)",Golden-headed Quetzal,Golden-headed Quetzal
Pharomachrus mocinno,"de la Llave, P, 1832",Resplendent Quetzal,Resplendent Quetzal
Pharomachrus fulgidus,"(Gould, J, 1838)",White-tipped Quetzal,White-tipped Quetzal
Pharomachrus antisianus,"(d'Orbigny, ACVMD, 1837)",Crested Quetzal,Crested Quetzal
Priotelus roseigaster,"(Vieillot, LJP, 1817)",Hispaniolan Trogon,Hispaniolan Trogon
Priotelus temnurus,"(Temminck, CJ, 1825)",Cuban Trogon,Cuban Trogon
Trogon clathratus,"Salvin, O, 1866",Lattice-tailed Trogon,Lattice-tailed Trogon
Trogon massena,"Gould, J, 1838",Slaty-tailed Trogon,Slaty-tailed Trogon
Trogon comptus,"Zimmer, JT, 1948",Choco Trogon,Blue-tailed Trogon
Trogon mesurus,"(Cabanis, JL; Heine, F, 1863)",Ecuadorian Trogon,Ecuadorian Trogon
Trogon melanurus,"Swainson, WJ, 1838",Black-tailed Trogon,Black-tailed Trogon
Trogon melanocephalus,"Gould, J, 1836",Black-headed Trogon,Black-headed Trogon
Trogon citreolus,"Gould, J, 1835",Citreoline Trogon,Citreoline Trogon
Trogon chionurus,"Sclater, PL; Salvin, O, 1871",White-tailed Trogon,White-tailed Trogon
Trogon viridis,"Linnaeus, C, 1766",Green-backed Trogon,Green-backed Trogon
Trogon bairdii,"Lawrence, GN, 1868",Baird's Trogon,Baird's Trogon
Trogon caligatus,"Gould, J, 1838",Gartered Trogon,Gartered Violaceous Trogon
Trogon violaceus,"Gmelin, JF, 1788",Guianan Trogon,Guianan Violaceous Trogon
Trogon ramonianus,"Deville, É; des Murs, MAPO, 1849",Amazonian Trogon,Amazonian Violaceous Trogon
Trogon curucui,"Linnaeus, C, 1766",Blue-crowned Trogon,Blue-crowned Trogon
Trogon surrucura,"Vieillot, LJP, 1817",Surucua Trogon,Surucua Trogon
Trogon tenellus,"Cabanis, JL, 1862",Graceful Black-throated Trogon,Graceful Black-throated Trogon
Trogon cupreicauda,"(Chapman, FM, 1914)",Choco Black-throated Trogon,Choco Black-throated Trogon
Trogon rufus,"Gmelin, JF, 1788",Amazonian Black-throated Trogon,Amazonian Black-throated Trogon
Trogon chrysochloros,"Pelzeln, A, 1856",Atlantic Black-throated Trogon,Atlantic Black-throated Trogon
Trogon elegans,"Gould, J, 1834",Elegant Trogon,Elegant Trogon
Trogon ambiguus,"Gould, J, 1835",Coppery-tailed Trogon,Coppery-tailed Trogon
Trogon mexicanus,"Swainson, WJ, 1827",Mountain Trogon,Mountain Trogon
Trogon collaris,"Vieillot, LJP, 1817",Collared Trogon,Collared Trogon
Trogon personatus,"Gould, J, 1842",Masked Trogon,Masked Trogon
Upupa epops,"Linnaeus, C, 1758",Common Hoopoe,Common Hoopoe
Upupa marginata,"Cabanis, JL; Heine, F, 1860",Madagascar Hoopoe,Madagascar Hoopoe
Upupa antaios,"Olson, SL, 1975",St. Helena Hoopoe,St. Helena Hoopoe
Rhinopomastus castaneiceps,"(Sharpe, RB, 1871)",Forest Wood Hoopoe,Forest Scimitarbill
Rhinopomastus aterrimus,"(Stephens, JF, 1826)",Black Scimitarbill,Black Scimitarbill
Rhinopomastus cyanomelas,"(Vieillot, LJP, 1819)",Common Scimitarbill,Common Scimitarbill
Rhinopomastus minor,"(Rüppell, WPES, 1845)",Abyssinian Scimitarbill,Abyssinian Scimitarbill
Phoeniculus purpureus,"(Miller, JF, 1784)",Green Wood Hoopoe,Green Woodhoopoe
Phoeniculus damarensis,"(Ogilvie-Grant, WR, 1901)",Violet Wood Hoopoe,Violet Woodhoopoe
Phoeniculus somaliensis,"(Ogilvie-Grant, WR, 1901)",Black-billed Wood Hoopoe,Black-billed Woodhoopoe
Phoeniculus bollei,"(Hartlaub, KJG, 1858)",White-headed Wood Hoopoe,White-headed Woodhoopoe
Bucorvus abyssinicus,"(Boddaert, P, 1783)",Abyssinian Ground Hornbill,Abyssinian Ground-Hornbill
Bucorvus leadbeateri,"(Vigors, NA, 1825)",Southern Ground Hornbill,Southern Ground-Hornbill
Lophoceros camurus,"(Cassin, J, 1857)",Red-billed Dwarf Hornbill,Red-billed Dwarf Hornbill
Lophoceros alboterminatus,"Büttikofer, J, 1889",Crowned Hornbill,Crowned Hornbill
Lophoceros bradfieldi,"(Roberts, A, 1930)",Bradfield's Hornbill,Bradfield's Hornbill
Lophoceros semifasciatus,"(Hartlaub, KJG, 1855)",West African Pied Hornbill,West African Pied Hornbill
Lophoceros fasciatus,"(Shaw, G, 1812)",Congo Pied Hornbill,Congo Pied Hornbill
Lophoceros hemprichii,"(Ehrenberg, CG, 1833)",Hemprich's Hornbill,Hemprich's Hornbill
Lophoceros nasutus,"(Linnaeus, C, 1766)",African Grey Hornbill,African Gray Hornbill
Lophoceros pallidirostris,"(Hartlaub, KJG; Finsch, FHO, 1870)",Pale-billed Hornbill,Pale-billed Hornbill
Tockus flavirostris,"(Rüppell, WPES, 1835)",Eastern Yellow-billed Hornbill,Eastern Yellow-billed Hornbill
Tockus leucomelas,"(Lichtenstein, MHC, 1842)",Southern Yellow-billed Hornbill,Southern Yellow-billed Hornbill
Tockus jacksoni,"(Ogilvie-Grant, WR, 1891)",Jackson's Hornbill,Jackson's Hornbill
Tockus deckeni,"(Cabanis, JL, 1868)",Von der Decken's Hornbill,Von der Decken's Hornbill
Tockus monteiri,"Hartlaub, KJG, 1865",Monteiro's Hornbill,Monteiro's Hornbill
Tockus rufirostris,"(Sundevall, CJ, 1850)",Southern Red-billed Hornbill,Southern Red-billed Hornbill
Tockus damarensis,"(Shelley, GE, 1888)",Damara Red-billed Hornbill,Damara Red-billed Hornbill
Tockus ruahae,"Kemp, AC; Delport, W, 2002",Tanzanian Red-billed Hornbill,Tanzanian Red-billed Hornbill
Tockus kempi,"Tréca, B; Érard, C, 2000",Western Red-billed Hornbill,Western Red-billed Hornbill
Tockus erythrorhynchus,"(Temminck, CJ, 1823)",Northern Red-billed Hornbill,Northern Red-billed Hornbill
Berenicornis comatus,"(Raffles, TS, 1822)",White-crowned Hornbill,White-crowned Hornbill
Horizocerus albocristatus,"(Cassin, J, 1848)",Western Long-tailed Hornbill,Western Long-tailed Hornbill
Horizocerus cassini,"(Finsch, FHO, 1903)",Eastern Long-tailed Hornbill,Eastern Long-tailed Hornbill
Horizocerus hartlaubi,"(Gould, J, 1861)",Western Dwarf Hornbill,Western Dwarf Hornbill
Horizocerus granti,"(Hartert, EJO, 1895)",Eastern Dwarf Hornbill,Eastern Dwarf Hornbill
Ceratogymna elata,"(Temminck, CJ, 1831)",Yellow-casqued Hornbill,Yellow-casqued Hornbill
Ceratogymna atrata,"(Temminck, CJ, 1835)",Black-casqued Hornbill,Black-casqued Hornbill
Bycanistes brevis,"Friedmann, H, 1929",Silvery-cheeked Hornbill,Silvery-cheeked Hornbill
Bycanistes subcylindricus,"(Sclater, PL, 1871)",Black-and-white-casqued Hornbill,Black-and-white-casqued Hornbill
Bycanistes cylindricus,"(Temminck, CJ, 1831)",Brown-cheeked Hornbill,Brown-cheeked Hornbill
Bycanistes albotibialis,"(Cabanis, JL; Reichenow, A, 1877)",White-thighed Hornbill,White-thighed Hornbill
Bycanistes bucinator,"(Temminck, CJ, 1824)",Trumpeter Hornbill,Trumpeter Hornbill
Bycanistes fistulator,"(Cassin, J, 1850)",Piping Hornbill,Piping Hornbill
Rhinoplax vigil,"(Pennant, T, 1781)",Helmeted Hornbill,Helmeted Hornbill
Buceros hydrocorax,"Linnaeus, C, 1766",Rufous Hornbill,Rufous Hornbill
Buceros rhinoceros,"Linnaeus, C, 1758",Rhinoceros Hornbill,Rhinoceros Hornbill
Buceros bicornis,"Linnaeus, C, 1758",Great Hornbill,Great Hornbill
Anorrhinus galeritus,"(Temminck, CJ, 1831)",Bushy-crested Hornbill,Bushy-crested Hornbill
Anorrhinus austeni,"Jerdon, TC, 1872",Austen's Brown Hornbill,Brown Hornbill
Anorrhinus tickelli,"(Blyth, E, 1855)",Tickell's Brown Hornbill,Rusty-cheeked Hornbill
Ocyceros birostris,"(Scopoli, GA, 1786)",Indian Grey Hornbill,Indian Gray Hornbill
Ocyceros griseus,"(Latham, J, 1790)",Malabar Grey Hornbill,Malabar Gray Hornbill
Ocyceros gingalensis,"(Shaw, G, 1811)",Sri Lanka Grey Hornbill,Sri Lanka Gray Hornbill
Anthracoceros malayanus,"(Raffles, TS, 1822)",Black Hornbill,Black Hornbill
Anthracoceros montani,"(Oustalet, J-FÉ, 1880)",Sulu Hornbill,Sulu Hornbill
Anthracoceros coronatus,"(Boddaert, P, 1783)",Malabar Pied Hornbill,Malabar Pied-Hornbill
Anthracoceros albirostris,"(Shaw, G, 1808)",Oriental Pied Hornbill,Oriental Pied-Hornbill
Anthracoceros marchei,"Oustalet, J-FÉ, 1885",Palawan Hornbill,Palawan Hornbill
Aceros nipalensis,"(Hodgson, BH, 1829)",Rufous-necked Hornbill,Rufous-necked Hornbill
Rhyticeros cassidix,"(Temminck, CJ, 1823)",Knobbed Hornbill,Knobbed Hornbill
Rhyticeros everetti,"Rothschild, LW, 1898",Sumba Hornbill,Sumba Hornbill
Rhyticeros undulatus,"(Shaw, G, 1811)",Wreathed Hornbill,Wreathed Hornbill
Rhyticeros subruficollis,"(Blyth, E, 1843)",Plain-pouched Hornbill,Plain-pouched Hornbill
Rhyticeros narcondami,"Hume, AO, 1873",Narcondam Hornbill,Narcondam Hornbill
Rhyticeros plicatus,"(Pennant, T, 1781)",Blyth's Hornbill,Blyth's Hornbill
Rhabdotorrhinus exarhatus,"(Temminck, CJ, 1823)",Sulawesi Hornbill,Sulawesi Hornbill
Rhabdotorrhinus corrugatus,"(Temminck, CJ, 1832)",Wrinkled Hornbill,Wrinkled Hornbill
Rhabdotorrhinus waldeni,"(Sharpe, RB, 1877)",Walden's Hornbill,Writhe-billed Hornbill
Rhabdotorrhinus leucocephalus,"(Vieillot, LJP, 1816)",Writhed Hornbill,Writhed Hornbill
Penelopides panini,"(Boddaert, P, 1783)",Visayan Hornbill,Visayan Hornbill
Penelopides manillae,"(Boddaert, P, 1783)",Luzon Hornbill,Luzon Hornbill
Penelopides mindorensis,"Steere, JB, 1890",Mindoro Hornbill,Mindoro Hornbill
Penelopides samarensis,"Steere, JB, 1890",Samar Hornbill,Samar Hornbill
Penelopides affinis,"Tweeddale, A, 1877",Mindanao Hornbill,Mindanao Hornbill
Geobiastes squamiger,"(de Lafresnaye, NFAA, 1838)",Scaly Ground Roller,Scaly Ground-Roller
Brachypteracias leptosomus,"(Lesson, RP, 1833)",Short-legged Ground Roller,Short-legged Ground-Roller
Uratelornis chimaera,"Rothschild, LW, 1895",Long-tailed Ground Roller,Long-tailed Ground-Roller
Atelornis pittoides,"(de Lafresnaye, NFAA, 1834)",Pitta-like Ground Roller,Pitta-like Ground-Roller
Atelornis crossleyi,"Sharpe, RB, 1875",Rufous-headed Ground Roller,Rufous-headed Ground-Roller
Eurystomus gularis,"Vieillot, LJP, 1819",Blue-throated Roller,Blue-throated Roller
Eurystomus glaucurus,"(Müller, PLS, 1776)",Broad-billed Roller,Broad-billed Roller
Eurystomus azureus,"Gray, GR, 1861",Azure Dollarbird,Azure Roller
Eurystomus orientalis,"(Linnaeus, C, 1766)",Oriental Dollarbird,Dollarbird
Coracias cyanogaster,"Cuvier, GLCFD, 1816",Blue-bellied Roller,Blue-bellied Roller
Coracias spatulatus,"Trimen, R, 1880",Racket-tailed Roller,Racket-tailed Roller
Coracias naevius,"Daudin, FM, 1800",Purple Roller,Purple Roller
Coracias benghalensis,"(Linnaeus, C, 1758)",Indian Roller,Indian Roller
Coracias temminckii,"(Vieillot, LJP, 1819)",Purple-winged Roller,Purple-winged Roller
Coracias affinis,"Horsfield, T, 1840",Indochinese Roller,Indochinese Roller
Coracias caudatus,"Linnaeus, C, 1766",Lilac-breasted Roller,Lilac-breasted Roller
Coracias abyssinicus,"Hermann, J, 1783",Abyssinian Roller,Abyssinian Roller
Coracias garrulus,"Linnaeus, C, 1758",European Roller,European Roller
Nyctyornis amictus,"(Temminck, CJ, 1824)",Red-bearded Bee-eater,Red-bearded Bee-eater
Nyctyornis athertoni,"(Jardine, W; Selby, PJ, 1828)",Blue-bearded Bee-eater,Blue-bearded Bee-eater
Meropogon forsteni,"Bonaparte, CLJL, 1850",Purple-bearded Bee-eater,Purple-bearded Bee-eater
Merops breweri,"(Cassin, J, 1859)",Black-headed Bee-eater,Black-headed Bee-eater
Merops bullockoides,"Smith, A, 1834",White-fronted Bee-eater,White-fronted Bee-eater
Merops bulocki,"Vieillot, LJP, 1817",Red-throated Bee-eater,Red-throated Bee-eater
Merops revoilii,"Oustalet, J-FÉ, 1882",Somali Bee-eater,Somali Bee-eater
Merops boehmi,"Reichenow, A, 1882",Böhm's Bee-eater,Böhm's Bee-eater
Merops gularis,"Shaw, G, 1798",Black Bee-eater,Black Bee-eater
Merops muelleri,"(Cassin, J, 1857)",Blue-headed Bee-eater,Blue-headed Bee-eater
Merops mentalis,"Cabanis, JL, 1889",Blue-moustached Bee-eater,Blue-moustached Bee-eater
Merops variegatus,"Vieillot, LJP, 1817",Blue-breasted Bee-eater,Blue-breasted Bee-eater
Merops pusillus,"Müller, PLS, 1776",Little Bee-eater,Little Bee-eater
Merops hirundineus,"Lichtenstein, AAH, 1793",Swallow-tailed Bee-eater,Swallow-tailed Bee-eater
Merops lafresnayii,"Guérin-Méneville, FÉ, 1843",Ethiopian Bee-eater,Ethiopian Bee-eater
Merops oreobates,"(Sharpe, RB, 1892)",Cinnamon-chested Bee-eater,Cinnamon-chested Bee-eater
Merops albicollis,"Vieillot, LJP, 1817",White-throated Bee-eater,White-throated Bee-eater
Merops malimbicus,"Shaw, G, 1806",Rosy Bee-eater,Rosy Bee-eater
Merops nubicus,"Gmelin, JF, 1788",Northern Carmine Bee-eater,Northern Carmine Bee-eater
Merops nubicoides,"des Murs, MAPO; Pucheran, J, 1846",Southern Carmine Bee-eater,Southern Carmine Bee-eater
Merops leschenaulti,"Vieillot, LJP, 1817",Chestnut-headed Bee-eater,Chestnut-headed Bee-eater
Merops viridis,"Linnaeus, C, 1758",Blue-throated Bee-eater,Blue-throated Bee-eater
Merops americanus,"Müller, PLS, 1776",Rufous-crowned Bee-eater,Rufous-crowned Bee-eater
Merops viridissimus,"Swainson, WJ, 1837",African Green Bee-eater,African Green Bee-eater
Merops cyanophrys,"(Cabanis, JL; Heine, F, 1860)",Arabian Green Bee-eater,Arabian Green Bee-eater
Merops orientalis,"Latham, J, 1801",Asian Green Bee-eater,Asian Green Bee-eater
Merops apiaster,"Linnaeus, C, 1758",European Bee-eater,European Bee-eater
Merops ornatus,"Latham, J, 1801",Rainbow Bee-eater,Rainbow Bee-eater
Merops philippinus,"Linnaeus, C, 1766",Blue-tailed Bee-eater,Blue-tailed Bee-eater
Merops superciliosus,"Linnaeus, C, 1766",Olive Bee-eater,Olive Bee-eater
Merops persicus,"Pallas, PS, 1773",Blue-cheeked Bee-eater,Blue-cheeked Bee-eater
Todus multicolor,"Gould, J, 1837",Cuban Tody,Cuban Tody
Todus subulatus,"Gray, GR, 1847",Broad-billed Tody,Broad-billed Tody
Todus angustirostris,"de Lafresnaye, NFAA, 1851",Narrow-billed Tody,Narrow-billed Tody
Todus todus,"(Linnaeus, C, 1758)",Jamaican Tody,Jamaican Tody
Todus mexicanus,"Lesson, RP, 1838",Puerto Rican Tody,Puerto Rican Tody
Hylomanes momotula,"Lichtenstein, MHC, 1839",Tody Motmot,Tody Motmot
Eumomota superciliosa,"(Sandbach, HR, 1837)",Turquoise-browed Motmot,Turquoise-browed Motmot
Electron carinatum,"(Du Bus de Gisignies, B-AL, 1847)",Keel-billed Motmot,Keel-billed Motmot
Electron platyrhynchum,"(Leadbeater, B, 1829)",Broad-billed Motmot,Broad-billed Motmot
Aspatha gularis,"(de Lafresnaye, NFAA, 1840)",Blue-throated Motmot,Blue-throated Motmot
Baryphthengus ruficapillus,"(Vieillot, LJP, 1818)",Rufous-capped Motmot,Rufous-capped Motmot
Baryphthengus martii,"(Spix, JB, 1824)",Rufous Motmot,Rufous Motmot
Momotus mexicanus,"Swainson, WJ, 1827",Russet-crowned Motmot,Russet-crowned Motmot
Momotus coeruliceps,"(Gould, J, 1836)",Blue-capped Motmot,Blue-capped Motmot
Momotus lessonii,"Lesson, RP, 1842",Lesson's Motmot,Lesson's Motmot
Momotus subrufescens,"Sclater, PL, 1853",Whooping Motmot,Whooping Motmot
Momotus bahamensis,"(Swainson, WJ, 1838)",Trinidad Motmot,Trinidad Motmot
Momotus momota,"(Linnaeus, C, 1766)",Amazonian Motmot,Amazonian Motmot
Momotus aequatorialis,"Gould, J, 1858",Andean Motmot,Andean Motmot
Ispidina lecontei,"Cassin, J, 1856",African Dwarf Kingfisher,African Dwarf Kingfisher
Ispidina picta,"(Boddaert, P, 1783)",African Pygmy Kingfisher,African Pygmy Kingfisher
Corythornis madagascariensis,"(Linnaeus, C, 1766)",Madagascar Pygmy Kingfisher,Madagascar Pygmy Kingfisher
Corythornis leucogaster,"(Fraser, L, 1843)",White-bellied Kingfisher,White-bellied Kingfisher
Corythornis vintsioides,"(Eydoux, JFT; Gervais, FLP, 1836)",Malagasy Kingfisher,Malagasy Kingfisher
Corythornis cristatus,"(Pallas, PS, 1764)",Malachite Kingfisher,Malachite Kingfisher
Alcedo euryzona,"Temminck, CJ, 1830",Javan Blue-banded Kingfisher,Javan Blue-banded Kingfisher
Alcedo peninsulae,"Laubmann, AL, 1941",Malaysian Blue-banded Kingfisher,Malaysian Blue-banded Kingfisher
Alcedo hercules,"Laubmann, AL, 1917",Blyth's Kingfisher,Blyth's Kingfisher
Alcedo meninting,"Horsfield, T, 1821",Blue-eared Kingfisher,Blue-eared Kingfisher
Alcedo semitorquata,"Swainson, WJ, 1823",Half-collared Kingfisher,Half-collared Kingfisher
Alcedo quadribrachys,"Bonaparte, CLJL, 1850",Shining-blue Kingfisher,Shining-blue Kingfisher
Alcedo coerulescens,"Vieillot, LJP, 1818",Cerulean Kingfisher,Small Blue Kingfisher
Alcedo atthis,"(Linnaeus, C, 1758)",Common Kingfisher,Common Kingfisher
Ceyx azureus,"(Latham, J, 1801)",Azure Kingfisher,Azure Kingfisher
Ceyx websteri,"(Hartert, EJO, 1898)",Bismarck Kingfisher,Bismarck Kingfisher
Ceyx cyanopectus,"de Lafresnaye, NFAA, 1840",Indigo-banded Kingfisher,Indigo-banded Kingfisher
Ceyx flumenicola,"Steere, JB, 1890",Northern Silvery Kingfisher,Northern Silvery-Kingfisher
Ceyx argentatus,"Tweeddale, A, 1877",Southern Silvery Kingfisher,Southern Silvery-Kingfisher
Ceyx pusillus,"Temminck, CJ, 1836",Little Kingfisher,Little Kingfisher
Ceyx erithaca,"(Linnaeus, C, 1758)",Black-backed Dwarf Kingfisher,Black-backed Dwarf-Kingfisher
Ceyx rufidorsa,"Strickland, HE, 1847",Rufous-backed Dwarf Kingfisher,Rufous-backed Dwarf-Kingfisher
Ceyx melanurus,"(Kaup, JJ, 1848)",Philippine Dwarf Kingfisher,Philippine Dwarf-Kingfisher
Ceyx sangirensis,"(Meyer, AB; Wiglesworth, LW, 1898)",Sangihe Dwarf Kingfisher,Sangihe Dwarf-Kingfisher
Ceyx fallax,"(Schlegel, H, 1866)",Sulawesi Dwarf Kingfisher,Sulawesi Dwarf-Kingfisher
Ceyx margarethae,"Blasius, W, 1890",Dimorphic Dwarf Kingfisher,Dimorphic Dwarf-Kingfisher
Ceyx wallacii,"Sharpe, RB, 1868",Sula Dwarf Kingfisher,Sula Dwarf-Kingfisher
Ceyx lepidus,"Temminck, CJ, 1836",Moluccan Dwarf Kingfisher,Moluccan Dwarf-Kingfisher
Ceyx cajeli,"Wallace, AR, 1863",Buru Dwarf Kingfisher,Buru Dwarf-Kingfisher
Ceyx solitarius,"Temminck, CJ, 1836",Papuan Dwarf Kingfisher,Papuan Dwarf-Kingfisher
Ceyx dispar,"Rothschild, LW; Hartert, EJO, 1914",Manus Dwarf Kingfisher,Manus Dwarf-Kingfisher
Ceyx mulcatus,"Rothschild, LW; Hartert, EJO, 1914",New Ireland Dwarf Kingfisher,New Ireland Dwarf-Kingfisher
Ceyx sacerdotis,"Ramsay, EP, 1882",New Britain Dwarf Kingfisher,New Britain Dwarf-Kingfisher
Ceyx collectoris,"Rothschild, LW; Hartert, EJO, 1901",New Georgia Dwarf Kingfisher,New Georgia Dwarf-Kingfisher
Ceyx meeki,"Rothschild, LW, 1901",North Solomons Dwarf Kingfisher,North Solomons Dwarf-Kingfisher
Ceyx nigromaxilla,"Rothschild, LW; Hartert, EJO, 1905",Guadalcanal Dwarf Kingfisher,Guadalcanal Dwarf-Kingfisher
Ceyx gentianus,"Tristram, HB, 1879",Makira Dwarf Kingfisher,Makira Dwarf-Kingfisher
Megaceryle alcyon,"(Linnaeus, C, 1758)",Belted Kingfisher,Belted Kingfisher
Megaceryle torquata,"(Linnaeus, C, 1766)",Ringed Kingfisher,Ringed Kingfisher
Megaceryle maxima,"(Pallas, PS, 1769)",Giant Kingfisher,Giant Kingfisher
Megaceryle lugubris,"(Temminck, CJ, 1834)",Crested Kingfisher,Crested Kingfisher
Ceryle rudis,"(Linnaeus, C, 1758)",Pied Kingfisher,Pied Kingfisher
Chloroceryle amazona,"(Latham, J, 1790)",Amazon Kingfisher,Amazon Kingfisher
Chloroceryle aenea,"(Pallas, PS, 1764)",American Pygmy Kingfisher,American Pygmy Kingfisher
Chloroceryle americana,"(Gmelin, JF, 1788)",Green Kingfisher,Green Kingfisher
Chloroceryle inda,"(Linnaeus, C, 1766)",Green-and-rufous Kingfisher,Green-and-rufous Kingfisher
Lacedo pulchella,"(Horsfield, T, 1821)",Banded Kingfisher,Banded Kingfisher
Pelargopsis amauroptera,"(Pearson, JT, 1841)",Brown-winged Kingfisher,Brown-winged Kingfisher
Pelargopsis capensis,"(Linnaeus, C, 1766)",Stork-billed Kingfisher,Stork-billed Kingfisher
Pelargopsis melanorhyncha,"(Temminck, CJ, 1826)",Great-billed Kingfisher,Great-billed Kingfisher
Halcyon coromanda,"(Latham, J, 1790)",Ruddy Kingfisher,Ruddy Kingfisher
Halcyon badia,"Verreaux, JP; Verreaux, JBÉ, 1851",Chocolate-backed Kingfisher,Chocolate-backed Kingfisher
Halcyon malimbica,"(Shaw, G, 1812)",Blue-breasted Kingfisher,Blue-breasted Kingfisher
Halcyon senegaloides,"Smith, A, 1834",Mangrove Kingfisher,Mangrove Kingfisher
Halcyon senegalensis,"(Linnaeus, C, 1766)",Woodland Kingfisher,Woodland Kingfisher
Halcyon chelicuti,"(Stanley, ES, 1814)",Striped Kingfisher,Striped Kingfisher
Halcyon albiventris,"(Scopoli, GA, 1786)",Brown-hooded Kingfisher,Brown-hooded Kingfisher
Halcyon leucocephala,"(Müller, PLS, 1776)",Grey-headed Kingfisher,Gray-headed Kingfisher
Halcyon pileata,"(Boddaert, P, 1783)",Black-capped Kingfisher,Black-capped Kingfisher
Halcyon cyanoventris,"Vieillot, LJP, 1818",Javan Kingfisher,Javan Kingfisher
Halcyon gularis,"(Kuhl, H, 1820)",Brown-breasted Kingfisher,Brown-breasted Kingfisher
Halcyon smyrnensis,"(Linnaeus, C, 1758)",White-throated Kingfisher,White-throated Kingfisher
Cittura cyanotis,"(Temminck, CJ, 1824)",Sulawesi Lilac Kingfisher,Sulawesi Lilac Kingfisher
Cittura sanghirensis,"Sharpe, RB, 1868",Sangihe Lilac Kingfisher,Sangihe Lilac Kingfisher
Tanysiptera hydrocharis,"Gray, GR, 1858",Little Paradise Kingfisher,Little Paradise-Kingfisher
Tanysiptera galatea,"Gray, GR, 1859",Common Paradise Kingfisher,Common Paradise-Kingfisher
Tanysiptera ellioti,"Sharpe, RB, 1870",Kofiau Paradise Kingfisher,Kofiau Paradise-Kingfisher
Tanysiptera riedelii,"Verreaux, JP, 1866",Biak Paradise Kingfisher,Biak Paradise-Kingfisher
Tanysiptera carolinae,"Schlegel, H, 1871",Numfor Paradise Kingfisher,Numfor Paradise-Kingfisher
Tanysiptera nympha,"Gray, GR, 1840",Red-breasted Paradise Kingfisher,Red-breasted Paradise-Kingfisher
Tanysiptera danae,"Sharpe, RB, 1880",Brown-headed Paradise Kingfisher,Brown-headed Paradise-Kingfisher
Tanysiptera sylvia,"Gould, J, 1850",Buff-breasted Paradise Kingfisher,Buff-breasted Paradise-Kingfisher
Tanysiptera nigriceps,"Sclater, PL, 1877",Black-capped Paradise Kingfisher,Black-capped Paradise-Kingfisher
Melidora macrorrhina,"(Lesson, RP, 1827)",Hook-billed Kingfisher,Hook-billed Kingfisher
Dacelo novaeguineae,"(Hermann, J, 1783)",Laughing Kookaburra,Laughing Kookaburra
Dacelo leachii,"Vigors, NA; Horsfield, T, 1827",Blue-winged Kookaburra,Blue-winged Kookaburra
Dacelo tyro,"Gray, GR, 1858",Spangled Kookaburra,Spangled Kookaburra
Dacelo gaudichaud,"Gaimard, JP, 1823",Rufous-bellied Kookaburra,Rufous-bellied Kookaburra
Dacelo rex,"(Sharpe, RB, 1880)",Shovel-billed Kookaburra,Shovel-billed Kookaburra
Caridonax fulgidus,"(Gould, J, 1857)",White-rumped Kingfisher,White-rumped Kingfisher
Actenoides bougainvillei,"(Rothschild, LW, 1904)",Moustached Kingfisher,Moustached Kingfisher
Actenoides concretus,"(Temminck, CJ, 1825)",Rufous-collared Kingfisher,Rufous-collared Kingfisher
Actenoides lindsayi,"(Vigors, NA, 1831)",Spotted Wood Kingfisher,Spotted Kingfisher
Actenoides hombroni,"Bonaparte, CLJL, 1850",Blue-capped Kingfisher,Blue-capped Kingfisher
Actenoides monachus,"(Bonaparte, CLJL, 1850)",Green-backed Kingfisher,Green-backed Kingfisher
Actenoides princeps,"(Reichenbach, HGL, 1851)",Scaly-breasted Kingfisher,Scaly-breasted Kingfisher
Syma megarhyncha,"Salvadori, AT, 1896",Mountain Kingfisher,Mountain Kingfisher
Syma torotoro,"Lesson, RP, 1827",Yellow-billed Kingfisher,Yellow-billed Kingfisher
Todiramphus nigrocyaneus,"(Wallace, AR, 1862)",Blue-black Kingfisher,Blue-black Kingfisher
Todiramphus winchelli,"(Sharpe, RB, 1877)",Rufous-lored Kingfisher,Rufous-lored Kingfisher
Todiramphus diops,"(Temminck, CJ, 1824)",Blue-and-white Kingfisher,Blue-and-white Kingfisher
Todiramphus lazuli,"(Temminck, CJ, 1830)",Lazuli Kingfisher,Lazuli Kingfisher
Todiramphus pyrrhopygius,"(Gould, J, 1841)",Red-backed Kingfisher,Red-backed Kingfisher
Todiramphus macleayii,"(Jardine, W; Selby, PJ, 1830)",Forest Kingfisher,Forest Kingfisher
Todiramphus albonotatus,"(Ramsay, EP, 1884)",White-mantled Kingfisher,New Britain Kingfisher
Todiramphus leucopygius,"(Verreaux, JP, 1858)",Ultramarine Kingfisher,Ultramarine Kingfisher
Todiramphus farquhari,"(Sharpe, RB, 1899)",Vanuatu Kingfisher,Vanuatu Kingfisher
Todiramphus godeffroyi,"(Finsch, FHO, 1877)",Marquesan Kingfisher,Marquesan Kingfisher
Todiramphus ruficollaris,"(Holyoak, DT, 1974)",Mewing Kingfisher,Mewing Kingfisher
Todiramphus veneratus,"(Gmelin, JF, 1788)",Society Kingfisher,Society Kingfisher
Todiramphus gambieri,"(Oustalet, J-FÉ, 1895)",Tuamotu Kingfisher,Tuamotu Kingfisher
Todiramphus tutus,"(Gmelin, JF, 1788)",Chattering Kingfisher,Chattering Kingfisher
Todiramphus sacer,"(Gmelin, JF, 1788)",Pacific Kingfisher,Pacific Kingfisher
Todiramphus pelewensis,"(Wiglesworth, LW, 1891)",Rusty-capped Kingfisher,Palau Kingfisher
Todiramphus cinnamominus,"(Swainson, WJ, 1821)",Guam Kingfisher,Guam Kingfisher
Todiramphus reichenbachii,"Hartlaub, KJG, 1852",Pohnpei Kingfisher,Pohnpei Kingfisher
Todiramphus recurvirostris,"de Lafresnaye, NFAA, 1842",Flat-billed Kingfisher,Flat-billed Kingfisher
Todiramphus colonus,"(Hartert, EJO, 1896)",Islet Kingfisher,Colonist Kingfisher
Todiramphus sordidus,"(Gould, J, 1842)",Torresian Kingfisher,Torresian Kingfisher
Todiramphus sanctus,"(Vigors, NA; Horsfield, T, 1827)",Sacred Kingfisher,Sacred Kingfisher
Todiramphus chloris,"(Boddaert, P, 1783)",Collared Kingfisher,Collared Kingfisher
Todiramphus saurophagus,"(Gould, J, 1843)",Beach Kingfisher,Beach Kingfisher
Todiramphus albicilla,"(Dumont, CHF, 1823)",Mariana Kingfisher,Mariana Kingfisher
Todiramphus tristrami,"(Layard, EL, 1880)",Melanesian Kingfisher,Melanesian Kingfisher
Todiramphus funebris,"Bonaparte, CLJL, 1850",Sombre Kingfisher,Sombre Kingfisher
Todiramphus enigma,"(Hartert, EJO, 1904)",Talaud Kingfisher,Talaud Kingfisher
Todiramphus australasia,"(Vieillot, LJP, 1818)",Cinnamon-banded Kingfisher,Cinnamon-banded Kingfisher
Jacamaralcyon tridactyla,"(Vieillot, LJP, 1817)",Three-toed Jacamar,Three-toed Jacamar
Brachygalba albogularis,"(Spix, JB, 1824)",White-throated Jacamar,White-throated Jacamar
Brachygalba lugubris,"(Swainson, WJ, 1838)",Brown Jacamar,Brown Jacamar
Brachygalba goeringi,"Sclater, PL; Salvin, O, 1869",Pale-headed Jacamar,Pale-headed Jacamar
Brachygalba salmoni,"Sclater, PL; Salvin, O, 1879",Dusky-backed Jacamar,Dusky-backed Jacamar
Jacamerops aureus,"(Müller, PLS, 1776)",Great Jacamar,Great Jacamar
Galbalcyrhynchus leucotis,"des Murs, MAPO, 1845",White-eared Jacamar,White-eared Jacamar
Galbalcyrhynchus purusianus,"Goeldi, EA, 1904",Purus Jacamar,Purus Jacamar
Galbula albirostris,"Latham, J, 1790",Yellow-billed Jacamar,Yellow-billed Jacamar
Galbula cyanicollis,"Cassin, J, 1851",Blue-necked Jacamar,Blue-cheeked Jacamar
Galbula ruficauda,"Cuvier, GLCFD, 1816",Rufous-tailed Jacamar,Rufous-tailed Jacamar
Galbula galbula,"(Linnaeus, C, 1766)",Green-tailed Jacamar,Green-tailed Jacamar
Galbula tombacea,"Spix, JB, 1824",White-chinned Jacamar,White-chinned Jacamar
Galbula cyanescens,"Deville, É, 1849",Bluish-fronted Jacamar,Bluish-fronted Jacamar
Galbula pastazae,"Taczanowski, W; Berlepsch, HHCL, 1885",Coppery-chested Jacamar,Coppery-chested Jacamar
Galbula chalcothorax,"Sclater, PL, 1855",Purplish Jacamar,Purplish Jacamar
Galbula leucogastra,"Vieillot, LJP, 1817",Bronzy Jacamar,Bronzy Jacamar
Galbula dea,"(Linnaeus, C, 1758)",Paradise Jacamar,Paradise Jacamar
Bucco macrodactylus,"(Spix, JB, 1824)",Chestnut-capped Puffbird,Chestnut-capped Puffbird
Bucco tamatia,"Gmelin, JF, 1788",Spotted Puffbird,Spotted Puffbird
Bucco noanamae,"Hellmayr, CE, 1909",Sooty-capped Puffbird,Sooty-capped Puffbird
Bucco capensis,"Linnaeus, C, 1766",Collared Puffbird,Collared Puffbird
Nystalus radiatus,"(Sclater, PL, 1854)",Barred Puffbird,Barred Puffbird
Nystalus obamai,"Whitney, BM; Piacentini, VQ; Schunck, F; Aleixo, ALP; Sousa, BRS; Silveira, LF; Rêgo, MA, 2013",Western Striolated Puffbird,Western Striolated-Puffbird
Nystalus striolatus,"(Pelzeln, A, 1856)",Eastern Striolated Puffbird,Eastern Striolated-Puffbird
Nystalus chacuru,"(Vieillot, LJP, 1816)",White-eared Puffbird,White-eared Puffbird
Nystalus maculatus,"(Gmelin, JF, 1788)",Spot-backed Puffbird,Spot-backed Puffbird
Chelidoptera tenebrosa,"(Pallas, PS, 1782)",Swallow-winged Puffbird,Swallow-winged Puffbird
Monasa atra,"(Boddaert, P, 1783)",Black Nunbird,Black Nunbird
Monasa nigrifrons,"(Spix, JB, 1824)",Black-fronted Nunbird,Black-fronted Nunbird
Monasa morphoeus,"(Hahn, CW; Küster, HC, 1823)",White-fronted Nunbird,White-fronted Nunbird
Monasa flavirostris,"Strickland, HE, 1850",Yellow-billed Nunbird,Yellow-billed Nunbird
Nonnula rubecula,"(Spix, JB, 1824)",Rusty-breasted Nunlet,Rusty-breasted Nunlet
Nonnula sclateri,"Hellmayr, CE, 1907",Fulvous-chinned Nunlet,Fulvous-chinned Nunlet
Nonnula brunnea,"Sclater, PL, 1881",Brown Nunlet,Brown Nunlet
Nonnula frontalis,"(Sclater, PL, 1854)",Grey-cheeked Nunlet,Gray-cheeked Nunlet
Nonnula ruficapilla,"(Tschudi, JJ, 1844)",Rufous-capped Nunlet,Rufous-capped Nunlet
Nonnula amaurocephala,"Chapman, FM, 1921",Chestnut-headed Nunlet,Chestnut-headed Nunlet
Malacoptila fusca,"(Gmelin, JF, 1788)",White-chested Puffbird,White-chested Puffbird
Malacoptila semicincta,"Todd, WEC, 1925",Semicollared Puffbird,Semicollared Puffbird
Malacoptila striata,"(Spix, JB, 1824)",Crescent-chested Puffbird,Crescent-chested Puffbird
Malacoptila rufa,"(Spix, JB, 1824)",Rufous-necked Puffbird,Rufous-necked Puffbird
Malacoptila panamensis,"de Lafresnaye, NFAA, 1847",White-whiskered Puffbird,White-whiskered Puffbird
Malacoptila fulvogularis,"Sclater, PL, 1854",Black-streaked Puffbird,Black-streaked Puffbird
Malacoptila mystacalis,"(de Lafresnaye, NFAA, 1850)",Moustached Puffbird,Moustached Puffbird
Hapaloptila castanea,"(Verreaux, JP, 1866)",White-faced Nunbird,White-faced Nunbird
Micromonacha lanceolata,"(Deville, É, 1849)",Lanceolated Monklet,Lanceolated Monklet
Hypnelus bicinctus,"(Gould, J, 1837)",Two-banded Puffbird,Two-banded Puffbird
Hypnelus ruficollis,"(Wagler, JG, 1829)",Russet-throated Puffbird,Russet-throated Puffbird
Notharchus hyperrhynchus,"(Sclater, PL, 1856)",White-necked Puffbird,White-necked Puffbird
Notharchus macrorhynchos,"(Gmelin, JF, 1788)",Guianan Puffbird,Guianan Puffbird
Notharchus swainsoni,"(Gray, GR, 1846)",Buff-bellied Puffbird,Buff-bellied Puffbird
Notharchus pectoralis,"(Gray, GR, 1846)",Black-breasted Puffbird,Black-breasted Puffbird
Notharchus ordii,"(Cassin, J, 1851)",Brown-banded Puffbird,Brown-banded Puffbird
Notharchus tectus,"(Boddaert, P, 1783)",Pied Puffbird,Pied Puffbird
Caloramphus hayii,"(Gray, JE, 1831)",Sooty Barbet,Sooty Barbet
Caloramphus fuliginosus,"(Temminck, CJ, 1830)",Brown Barbet,Brown Barbet
Psilopogon malabaricus,"(Blyth, E, 1847)",Malabar Barbet,Malabar Barbet
Psilopogon rubricapillus,"(Gmelin, JF, 1788)",Crimson-fronted Barbet,Crimson-fronted Barbet
Psilopogon haemacephalus,"(Müller, PLS, 1776)",Coppersmith Barbet,Coppersmith Barbet
Psilopogon cyanotis,"(Blyth, E, 1847)",Blue-eared Barbet,Blue-eared Barbet
Psilopogon duvaucelii,"(Lesson, RP, 1830)",Black-eared Barbet,Black-eared Barbet
Psilopogon australis,"(Horsfield, T, 1821)",Yellow-eared Barbet,Yellow-eared Barbet
Psilopogon eximius,"(Sharpe, RB, 1892)",Bornean Barbet,Bornean Barbet
Psilopogon pyrolophus,"Müller, S, 1836",Fire-tufted Barbet,Fire-tufted Barbet
Psilopogon virens,"(Boddaert, P, 1783)",Great Barbet,Great Barbet
Psilopogon lagrandieri,"(Verreaux, JP, 1868)",Red-vented Barbet,Red-vented Barbet
Psilopogon rafflesii,"(Lesson, RP, 1839)",Red-crowned Barbet,Red-crowned Barbet
Psilopogon mystacophanos,"(Temminck, CJ, 1824)",Red-throated Barbet,Red-throated Barbet
Psilopogon javensis,"(Horsfield, T, 1821)",Black-banded Barbet,Black-banded Barbet
Psilopogon pulcherrimus,"(Sharpe, RB, 1888)",Golden-naped Barbet,Golden-naped Barbet
Psilopogon henricii,"(Temminck, CJ, 1831)",Yellow-crowned Barbet,Yellow-crowned Barbet
Psilopogon armillaris,"(Temminck, CJ, 1821)",Flame-fronted Barbet,Flame-fronted Barbet
Psilopogon faiostrictus,"(Temminck, CJ, 1832)",Green-eared Barbet,Green-eared Barbet
Psilopogon lineatus,"(Vieillot, LJP, 1816)",Lineated Barbet,Lineated Barbet
Psilopogon zeylanicus,"(Gmelin, JF, 1788)",Brown-headed Barbet,Brown-headed Barbet
Psilopogon viridis,"(Boddaert, P, 1783)",White-cheeked Barbet,White-cheeked Barbet
Psilopogon flavifrons,"(Cuvier, GLCFD, 1816)",Yellow-fronted Barbet,Yellow-fronted Barbet
Psilopogon franklinii,"(Blyth, E, 1842)",Golden-throated Barbet,Golden-throated Barbet
Psilopogon auricularis,"(Robinson, HC; Kloss, CB, 1919)",Necklaced Barbet,Necklaced Barbet
Psilopogon monticola,"(Sharpe, RB, 1889)",Mountain Barbet,Mountain Barbet
Psilopogon corvinus,"(Temminck, CJ, 1831)",Brown-throated Barbet,Brown-throated Barbet
Psilopogon chrysopogon,"(Temminck, CJ, 1824)",Golden-whiskered Barbet,Gold-whiskered Barbet
Psilopogon incognitus,"(Hume, AO, 1874)",Moustached Barbet,Moustached Barbet
Psilopogon nuchalis,"(Gould, J, 1863)",Taiwan Barbet,Taiwan Barbet
Psilopogon faber,"(Swinhoe, R, 1870)",Chinese Barbet,Chinese Barbet
Psilopogon asiaticus,"(Latham, J, 1790)",Blue-throated Barbet,Blue-throated Barbet
Psilopogon annamensis,"(Robinson, HC; Kloss, CB, 1919)",Indochinese Barbet,Indochinese Barbet
Psilopogon oorti,"(Müller, S, 1836)",Black-browed Barbet,Black-browed Barbet
Psilopogon chersonesus,"(Chasen, FN; Kloss, CB, 1927)",Turquoise-throated Barbet,Turquoise-throated Barbet
Trachylaemus purpuratus,"(Verreaux, JP; Verreaux, JBÉ, 1851)",Eastern Yellow-billed Barbet,Eastern Yellow-billed Barbet
Trachylaemus goffinii,"(Goffin, ALA, 1863)",Western Yellow-billed Barbet,Western Yellow-billed Barbet
Trachyphonus vaillantii,"Ranzani, C, 1821",Crested Barbet,Crested Barbet
Trachyphonus erythrocephalus,"Cabanis, JL, 1878",Red-and-yellow Barbet,Red-and-yellow Barbet
Trachyphonus margaritatus,"(Cretzschmar, PJ, 1828)",Yellow-breasted Barbet,Yellow-breasted Barbet
Trachyphonus darnaudii,"(Prévost, F; des Murs, MAPO, 1847)",D'Arnaud's Barbet,D'Arnaud's Barbet
Cryptolybia olivacea,"(Shelley, GE, 1880)",Green Barbet,Green Barbet
Buccanodon duchaillui,"(Cassin, J, 1855)",Yellow-spotted Barbet,Yellow-spotted Barbet
Stactolaema leucotis,"(Sundevall, CJ, 1850)",White-eared Barbet,White-eared Barbet
Stactolaema whytii,"(Shelley, GE, 1893)",Whyte's Barbet,Whyte's Barbet
Stactolaema anchietae,"(Bocage, JVB, 1869)",Anchieta's Barbet,Anchieta's Barbet
Gymnobucco bonapartei,"Hartlaub, KJG, 1854",Grey-throated Barbet,Gray-throated Barbet
Gymnobucco sladeni,"Ogilvie-Grant, WR, 1907",Sladen's Barbet,Sladen's Barbet
Gymnobucco peli,"Hartlaub, KJG, 1857",Bristle-nosed Barbet,Bristle-nosed Barbet
Gymnobucco calvus,"(de Lafresnaye, NFAA, 1841)",Naked-faced Barbet,Naked-faced Barbet
Pogoniulus scolopaceus,"(Bonaparte, CLJL, 1850)",Speckled Tinkerbird,Speckled Tinkerbird
Pogoniulus simplex,"(Fischer, GA; Reichenow, A, 1884)",Green Tinkerbird,Green Tinkerbird
Pogoniulus leucomystax,"(Sharpe, RB, 1892)",Moustached Tinkerbird,Moustached Tinkerbird
Pogoniulus coryphaea,"(Reichenow, A, 1892)",Western Tinkerbird,Western Tinkerbird
Pogoniulus atroflavus,"(Sparrman, A, 1798)",Red-rumped Tinkerbird,Red-rumped Tinkerbird
Pogoniulus subsulphureus,"(Fraser, L, 1843)",Yellow-throated Tinkerbird,Yellow-throated Tinkerbird
Pogoniulus bilineatus,"(Sundevall, CJ, 1850)",Yellow-rumped Tinkerbird,Yellow-rumped Tinkerbird
Pogoniulus uropygialis,"(Heuglin, MT, 1862)",Northern Red-fronted Tinkerbird,Northern Red-fronted Tinkerbird
Pogoniulus pusillus,"(Dumont, CHF, 1816)",Southern Red-fronted Tinkerbird,Southern Red-fronted Tinkerbird
Pogoniulus chrysoconus,"(Temminck, CJ, 1832)",Yellow-fronted Tinkerbird,Yellow-fronted Tinkerbird
Tricholaema hirsuta,"(Swainson, WJ, 1821)",Hairy-breasted Barbet,Hairy-breasted Barbet
Tricholaema diademata,"(Heuglin, MT, 1861)",Red-fronted Barbet,Red-fronted Barbet
Tricholaema frontata,"(Cabanis, JL, 1881)",Miombo Pied Barbet,Miombo Barbet
Tricholaema leucomelas,"(Boddaert, P, 1783)",Acacia Pied Barbet,Pied Barbet
Tricholaema lacrymosa,"Cabanis, JL, 1878",Spot-flanked Barbet,Spot-flanked Barbet
Tricholaema melanocephala,"(Cretzschmar, PJ, 1829)",Black-throated Barbet,Black-throated Barbet
Pogonornis melanopterus,"(Peters, WKH, 1854)",Brown-breasted Barbet,Brown-breasted Barbet
Pogonornis minor,"(Cuvier, GLCFD, 1816)",Black-backed Barbet,Black-backed Barbet
Pogonornis bidentatus,"(Shaw, G, 1799)",Double-toothed Barbet,Double-toothed Barbet
Pogonornis dubius,"(Gmelin, JF, 1788)",Bearded Barbet,Bearded Barbet
Pogonornis rolleti,"(de Filippi, F, 1853)",Black-breasted Barbet,Black-breasted Barbet
Lybius undatus,"(Rüppell, WPES, 1837)",Banded Barbet,Banded Barbet
Lybius vieilloti,"(Leach, WE, 1815)",Vieillot's Barbet,Vieillot's Barbet
Lybius leucocephalus,"(de Filippi, F, 1853)",White-headed Barbet,White-headed Barbet
Lybius chaplini,"Clarke, SR, 1920",Chaplin's Barbet,Chaplin's Barbet
Lybius rubrifacies,"(Reichenow, A, 1892)",Red-faced Barbet,Red-faced Barbet
Lybius guifsobalito,"Hermann, J, 1783",Black-billed Barbet,Black-billed Barbet
Lybius torquatus,"(Dumont, CHF, 1805)",Black-collared Barbet,Black-collared Barbet
Eubucco richardsoni,"(Gray, GR, 1846)",Lemon-throated Barbet,Lemon-throated Barbet
Eubucco tucinkae,"(Seilern-Aspang, J, 1913)",Scarlet-hooded Barbet,Scarlet-hooded Barbet
Eubucco bourcierii,"(de Lafresnaye, NFAA, 1845)",Red-headed Barbet,Red-headed Barbet
Eubucco versicolor,"(Müller, PLS, 1776)",Versicolored Barbet,Versicolored Barbet
Capito aurovirens,"(Cuvier, GLCFD, 1829)",Scarlet-crowned Barbet,Scarlet-crowned Barbet
Capito dayi,"Cherrie, GK, 1916",Black-girdled Barbet,Black-girdled Barbet
Capito maculicoronatus,"Lawrence, GN, 1861",Spot-crowned Barbet,Spot-crowned Barbet
Capito squamatus,"Salvin, O, 1876",Orange-fronted Barbet,Orange-fronted Barbet
Capito hypoleucus,"Salvin, O, 1897",White-mantled Barbet,White-mantled Barbet
Capito wallacei,"O'Neill, JP; Lane, DF; Kratter, AW; Capparella, AP; Fox Joo, C, 2000",Scarlet-banded Barbet,Scarlet-banded Barbet
Capito fitzpatricki,"Seeholzer, GF; Winger, BM; Harvey, MG; Cáceres A, D; Weckstein, JD, 2012",Sira Barbet,Sira Barbet
Capito quinticolor,"Elliot, DG, 1865",Five-colored Barbet,Five-colored Barbet
Capito brunneipectus,"Chapman, FM, 1921",Brown-chested Barbet,Brown-chested Barbet
Capito niger,"(Müller, PLS, 1776)",Black-spotted Barbet,Black-spotted Barbet
Capito auratus,"(Dumont, CHF, 1805)",Gilded Barbet,Gilded Barbet
Semnornis frantzii,"(Sclater, PL, 1864)",Prong-billed Barbet,Prong-billed Barbet
Semnornis ramphastinus,"(Jardine, W, 1855)",Toucan Barbet,Toucan Barbet
Ramphastos toco,"Müller, PLS, 1776",Toco Toucan,Toco Toucan
Ramphastos ambiguus,"Swainson, WJ, 1823",Yellow-throated Toucan,Yellow-throated Toucan
Ramphastos tucanus,"Linnaeus, C, 1758",White-throated Toucan,White-throated Toucan
Ramphastos sulfuratus,"Lesson, RP, 1830",Keel-billed Toucan,Keel-billed Toucan
Ramphastos brevis,"Meyer de Schauensee, R, 1945",Choco Toucan,Choco Toucan
Ramphastos vitellinus,"Lichtenstein, MHC, 1823",Channel-billed Toucan,Channel-billed Toucan
Ramphastos dicolorus,"Linnaeus, C, 1766",Red-breasted Toucan,Red-breasted Toucan
Pteroglossus bailloni,"(Vieillot, LJP, 1819)",Saffron Toucanet,Saffron Toucanet
Pteroglossus viridis,"(Linnaeus, C, 1766)",Green Aracari,Green Aracari
Pteroglossus inscriptus,"Swainson, WJ, 1822",Lettered Aracari,Lettered Aracari
Pteroglossus torquatus,"(Gmelin, JF, 1788)",Collared Aracari,Collared Aracari
Pteroglossus erythropygius,"Gould, J, 1843",Pale-mandibled Aracari,Pale-mandibled Aracari
Pteroglossus frantzii,"Cabanis, JL, 1861",Fiery-billed Aracari,Fiery-billed Aracari
Pteroglossus aracari,"(Linnaeus, C, 1758)",Black-necked Aracari,Black-necked Aracari
Pteroglossus castanotis,"Gould, J, 1834",Chestnut-eared Aracari,Chestnut-eared Aracari
Pteroglossus pluricinctus,"Gould, J, 1835",Many-banded Aracari,Many-banded Aracari
Pteroglossus azara,"(Vieillot, LJP, 1819)",Ivory-billed Aracari,Ivory-billed Aracari
Pteroglossus beauharnaisii,"Wagler, JG, 1832",Curl-crested Aracari,Curl-crested Aracari
Pteroglossus bitorquatus,"Vigors, NA, 1826",Red-necked Aracari,Red-necked Aracari
Aulacorhynchus prasinus,"(Gould, J, 1833)",Northern Emerald Toucanet,Northern Emerald-Toucanet
Aulacorhynchus albivitta,"(Boissonneau, A, 1840)",Southern Emerald Toucanet,Southern Emerald-Toucanet
Aulacorhynchus sulcatus,"(Swainson, WJ, 1820)",Groove-billed Toucanet,Groove-billed Toucanet
Aulacorhynchus derbianus,"Gould, J, 1835",Chestnut-tipped Toucanet,Chestnut-tipped Toucanet
Aulacorhynchus whitelianus,"Salvin, O; Godman, FD, 1882",Tepui Toucanet,Tepui Toucanet
Aulacorhynchus haematopygus,"(Gould, J, 1835)",Crimson-rumped Toucanet,Crimson-rumped Toucanet
Aulacorhynchus huallagae,"Carriker, MA, 1933",Yellow-browed Toucanet,Yellow-browed Toucanet
Aulacorhynchus coeruleicinctis,"d'Orbigny, ACVMD, 1840",Blue-banded Toucanet,Blue-banded Toucanet
Andigena hypoglauca,"(Gould, J, 1833)",Grey-breasted Mountain Toucan,Gray-breasted Mountain-Toucan
Andigena laminirostris,"Gould, J, 1851",Plate-billed Mountain Toucan,Plate-billed Mountain-Toucan
Andigena cucullata,"(Gould, J, 1846)",Hooded Mountain Toucan,Hooded Mountain-Toucan
Andigena nigrirostris,"(Waterhouse, GR, 1839)",Black-billed Mountain Toucan,Black-billed Mountain-Toucan
Selenidera spectabilis,"Cassin, J, 1858",Yellow-eared Toucanet,Yellow-eared Toucanet
Selenidera piperivora,"(Linnaeus, C, 1758)",Guianan Toucanet,Guianan Toucanet
Selenidera reinwardtii,"(Wagler, JG, 1827)",Golden-collared Toucanet,Golden-collared Toucanet
Selenidera nattereri,"(Gould, J, 1835)",Tawny-tufted Toucanet,Tawny-tufted Toucanet
Selenidera gouldii,"(Natterer, J, 1837)",Gould's Toucanet,Gould's Toucanet
Selenidera maculirostris,"(Lichtenstein, MHC, 1823)",Spot-billed Toucanet,Spot-billed Toucanet
Prodotiscus insignis,"(Cassin, J, 1856)",Cassin's Honeybird,Cassin's Honeybird
Prodotiscus zambesiae,"Shelley, GE, 1894",Green-backed Honeybird,Green-backed Honeybird
Prodotiscus regulus,"Sundevall, CJ, 1850",Brown-backed Honeybird,Brown-backed Honeybird
Melichneutes robustus,"(Bates, GL, 1909)",Lyre-tailed Honeyguide,Lyre-tailed Honeyguide
Melignomon zenkeri,"Reichenow, A, 1898",Zenker's Honeyguide,Zenker's Honeyguide
Melignomon eisentrauti,"Louette, M, 1981",Yellow-footed Honeyguide,Yellow-footed Honeyguide
Indicator pumilio,"Chapin, JP, 1958",Dwarf Honeyguide,Dwarf Honeyguide
Indicator willcocksi,"Alexander, B, 1901",Willcocks's Honeyguide,Willcocks's Honeyguide
Indicator meliphilus,"(Oberholser, HC, 1905)",Pallid Honeyguide,Pallid Honeyguide
Indicator exilis,"(Cassin, J, 1856)",Least Honeyguide,Least Honeyguide
Indicator minor,"Stephens, JF, 1815",Lesser Honeyguide,Lesser Honeyguide
Indicator maculatus,"Gray, GR, 1847",Spotted Honeyguide,Spotted Honeyguide
Indicator variegatus,"Lesson, RP, 1830",Scaly-throated Honeyguide,Scaly-throated Honeyguide
Indicator xanthonotus,"Blyth, E, 1841",Yellow-rumped Honeyguide,Yellow-rumped Honeyguide
Indicator archipelagicus,"Temminck, CJ, 1832",Malaysian Honeyguide,Malaysian Honeyguide
Indicator indicator,"(Sparrman, A, 1777)",Greater Honeyguide,Greater Honeyguide
Jynx ruficollis,"Wagler, JG, 1830",Red-throated Wryneck,Red-throated Wryneck
Jynx torquilla,"Linnaeus, C, 1758",Eurasian Wryneck,Eurasian Wryneck
Picumnus innominatus,"Burton, E, 1836",Speckled Piculet,Speckled Piculet
Picumnus aurifrons,"Pelzeln, A, 1870",Bar-breasted Piculet,Bar-breasted Piculet
Picumnus pumilus,"Cabanis, JL; Heine, F, 1863",Orinoco Piculet,Orinoco Piculet
Picumnus lafresnayi,"Malherbe, A, 1862",Lafresnaye's Piculet,Lafresnaye's Piculet
Picumnus exilis,"(Lichtenstein, MHC, 1823)",Golden-spangled Piculet,Golden-spangled Piculet
Picumnus sclateri,"Taczanowski, W, 1877",Ecuadorian Piculet,Ecuadorian Piculet
Picumnus squamulatus,"de Lafresnaye, NFAA, 1854",Scaled Piculet,Scaled Piculet
Picumnus spilogaster,"Sundevall, CJ, 1866",White-bellied Piculet,White-bellied Piculet
Picumnus minutissimus,"(Pallas, PS, 1782)",Arrowhead Piculet,Arrowhead Piculet
Picumnus pygmaeus,"(Lichtenstein, MHC, 1823)",Spotted Piculet,Spotted Piculet
Picumnus steindachneri,"Taczanowski, W, 1882",Speckle-chested Piculet,Speckle-chested Piculet
Picumnus varzeae,"Snethlage, HMMEE, 1912",Varzea Piculet,Varzea Piculet
Picumnus cirratus,"Temminck, CJ, 1825",White-barred Piculet,White-barred Piculet
Picumnus dorbignyanus,"de Lafresnaye, NFAA, 1845",Ocellated Piculet,Ocellated Piculet
Picumnus temminckii,"de Lafresnaye, NFAA, 1845",Ochre-collared Piculet,Ochre-collared Piculet
Picumnus albosquamatus,"d'Orbigny, ACVMD, 1840",White-wedged Piculet,White-wedged Piculet
Picumnus fuscus,"Pelzeln, A, 1870",Rusty-necked Piculet,Rusty-necked Piculet
Picumnus rufiventris,"(Bonaparte, CLJL, 1838)",Rufous-breasted Piculet,Rufous-breasted Piculet
Picumnus limae,"Snethlage, HMMEE, 1924",Ochraceous Piculet,Ochraceous Piculet
Picumnus nebulosus,"Sundevall, CJ, 1866",Mottled Piculet,Mottled Piculet
Picumnus castelnau,"Malherbe, A, 1862",Plain-breasted Piculet,Plain-breasted Piculet
Picumnus subtilis,"Stager, KE, 1968",Fine-barred Piculet,Fine-barred Piculet
Picumnus olivaceus,"de Lafresnaye, NFAA, 1845",Olivaceous Piculet,Olivaceous Piculet
Picumnus granadensis,"de Lafresnaye, NFAA, 1847",Greyish Piculet,Grayish Piculet
Picumnus cinnamomeus,"Wagler, JG, 1829",Chestnut Piculet,Chestnut Piculet
Verreauxia africana,"(Verreaux, JP; Verreaux, JBÉ, 1855)",African Piculet,African Piculet
Sasia abnormis,"(Temminck, CJ, 1825)",Rufous Piculet,Rufous Piculet
Sasia ochracea,"Hodgson, BH, 1837",White-browed Piculet,White-browed Piculet
Nesoctites micromegas,"(Sundevall, CJ, 1866)",Antillean Piculet,Antillean Piculet
Hemicircus canente,"(Lesson, RP, 1832)",Heart-spotted Woodpecker,Heart-spotted Woodpecker
Hemicircus concretus,"(Temminck, CJ, 1821)",Grey-and-buff Woodpecker,Gray-and-buff Woodpecker
Micropternus brachyurus,"(Vieillot, LJP, 1818)",Rufous Woodpecker,Rufous Woodpecker
Meiglyptes tukki,"(Lesson, RP, 1839)",Buff-necked Woodpecker,Buff-necked Woodpecker
Meiglyptes grammithorax,"(Malherbe, A, 1862)",Buff-rumped Woodpecker,Buff-rumped Woodpecker
Meiglyptes tristis,"(Horsfield, T, 1821)",Zebra Woodpecker,Zebra Woodpecker
Meiglyptes jugularis,"(Blyth, E, 1845)",Black-and-buff Woodpecker,Black-and-buff Woodpecker
Gecinulus grantia,"(Horsfield, T, 1840)",Pale-headed Woodpecker,Pale-headed Woodpecker
Gecinulus viridis,"Blyth, E, 1862",Bamboo Woodpecker,Bamboo Woodpecker
Gecinulus rafflesii,"(Vigors, NA, 1830)",Olive-backed Woodpecker,Olive-backed Woodpecker
Dinopium shorii,"(Vigors, NA, 1831)",Himalayan Flameback,Himalayan Flameback
Dinopium javanense,"(Ljungh, SI, 1797)",Common Flameback,Common Flameback
Dinopium everetti,"(Tweeddale, A, 1878)",Spot-throated Flameback,Spot-throated Flameback
Dinopium benghalense,"(Linnaeus, C, 1758)",Black-rumped Flameback,Black-rumped Flameback
Dinopium psarodes,"(Lichtenstein, AAH, 1793)",Red-backed Flameback,Red-backed Flameback
Picus puniceus,"Horsfield, T, 1821",Crimson-winged Woodpecker,Crimson-winged Woodpecker
Picus chlorolophus,"Vieillot, LJP, 1818",Lesser Yellownape,Lesser Yellownape
Picus squamatus,"Vigors, NA, 1831",Scaly-bellied Woodpecker,Scaly-bellied Woodpecker
Picus xanthopygaeus,"(Gray, JE; Gray, GR, 1846)",Streak-throated Woodpecker,Streak-throated Woodpecker
Picus rabieri,"(Oustalet, J-FÉ, 1898)",Red-collared Woodpecker,Red-collared Woodpecker
Picus vittatus,"Vieillot, LJP, 1818",Laced Woodpecker,Laced Woodpecker
Picus viridanus,"Blyth, E, 1843",Streak-breasted Woodpecker,Streak-breasted Woodpecker
Picus awokera,"Temminck, CJ, 1836",Japanese Green Woodpecker,Japanese Woodpecker
Picus canus,"Gmelin, JF, 1788",Grey-headed Woodpecker,Gray-headed Woodpecker
Picus erythropygius,"(Elliot, DG, 1865)",Black-headed Woodpecker,Black-headed Woodpecker
Picus vaillantii,"(Malherbe, A, 1847)",Levaillant's Woodpecker,Levaillant's Woodpecker
Picus sharpei,"(Saunders, H, 1872)",Iberian Green Woodpecker,Iberian Green Woodpecker
Picus viridis,"Linnaeus, C, 1758",European Green Woodpecker,Eurasian Green Woodpecker
Chrysophlegma miniaceum,"(Pennant, T, 1769)",Banded Woodpecker,Banded Woodpecker
Chrysophlegma flavinucha,"(Gould, J, 1834)",Greater Yellownape,Greater Yellownape
Chrysophlegma mentale,"(Temminck, CJ, 1826)",Checker-throated Woodpecker,Checker-throated Woodpecker
Pardipicus caroli,"(Malherbe, A, 1852)",Brown-eared Woodpecker,Brown-eared Woodpecker
Pardipicus nivosus,"(Swainson, WJ, 1837)",Buff-spotted Woodpecker,Buff-spotted Woodpecker
Geocolaptes olivaceus,"(Gmelin, JF, 1788)",Ground Woodpecker,Ground Woodpecker
Campethera tullbergi,"Sjöstedt, BY, 1892",Tullberg's Woodpecker,Tullberg's Woodpecker
Campethera taeniolaema,"Reichenow, A; Neumann, OR, 1895",Fine-banded Woodpecker,Fine-banded Woodpecker
Campethera maculosa,"(Valenciennes, A, 1826)",Green-backed Woodpecker,Green-backed Woodpecker
Campethera nubica,"(Boddaert, P, 1783)",Nubian Woodpecker,Nubian Woodpecker
Campethera punctuligera,"(Wagler, JG, 1827)",Fine-spotted Woodpecker,Fine-spotted Woodpecker
Campethera bennettii,"(Smith, A, 1836)",Bennett's Woodpecker,Bennett's Woodpecker
Campethera scriptoricauda,"(Reichenow, A, 1896)",Speckle-throated Woodpecker,Speckle-throated Woodpecker
Campethera notata,"(Lichtenstein, MHC, 1823)",Knysna Woodpecker,Knysna Woodpecker
Campethera abingoni,"(Smith, A, 1836)",Golden-tailed Woodpecker,Golden-tailed Woodpecker
Campethera mombassica,"(Fischer, GA; Reichenow, A, 1884)",Mombasa Woodpecker,Mombasa Woodpecker
Mulleripicus fulvus,"(Quoy, JRC; Gaimard, JP, 1832)",Ashy Woodpecker,Ashy Woodpecker
Mulleripicus funebris,"(Valenciennes, A, 1826)",Northern Sooty Woodpecker,Northern Sooty-Woodpecker
Mulleripicus fuliginosus,"Tweeddale, A, 1877",Southern Sooty Woodpecker,Southern Sooty-Woodpecker
Mulleripicus pulverulentus,"(Temminck, CJ, 1826)",Great Slaty Woodpecker,Great Slaty Woodpecker
Dryocopus pileatus,"(Linnaeus, C, 1758)",Pileated Woodpecker,Pileated Woodpecker
Dryocopus schulzii,"(Cabanis, JL, 1882)",Black-bodied Woodpecker,Black-bodied Woodpecker
Dryocopus lineatus,"(Linnaeus, C, 1766)",Lineated Woodpecker,Lineated Woodpecker
Dryocopus martius,"(Linnaeus, C, 1758)",Black Woodpecker,Black Woodpecker
Dryocopus hodgei,"(Blyth, E, 1860)",Andaman Woodpecker,Andaman Woodpecker
Dryocopus javensis,"(Horsfield, T, 1821)",White-bellied Woodpecker,White-bellied Woodpecker
Celeus loricatus,"(Reichenbach, HGL, 1854)",Cinnamon Woodpecker,Cinnamon Woodpecker
Celeus torquatus,"(Boddaert, P, 1783)",Ringed Woodpecker,Ringed Woodpecker
Celeus galeatus,"(Temminck, CJ, 1822)",Helmeted Woodpecker,Helmeted Woodpecker
Celeus castaneus,"(Wagler, JG, 1829)",Chestnut-colored Woodpecker,Chestnut-colored Woodpecker
Celeus undatus,"(Linnaeus, C, 1766)",Variable Woodpecker,Waved Woodpecker
Celeus flavus,"(Müller, PLS, 1776)",Cream-colored Woodpecker,Cream-colored Woodpecker
Celeus spectabilis,"Sclater, PL; Salvin, O, 1880",Rufous-headed Woodpecker,Rufous-headed Woodpecker
Celeus obrieni,"Short, LL, 1973",Kaempfer's Woodpecker,Kaempfer's Woodpecker
Celeus ochraceus,"(Spix, JB, 1824)",Ochre-backed Woodpecker,Ochre-backed Woodpecker
Celeus elegans,"(Müller, PLS, 1776)",Chestnut Woodpecker,Chestnut Woodpecker
Celeus lugubris,"(Malherbe, A, 1851)",Pale-crested Woodpecker,Pale-crested Woodpecker
Celeus flavescens,"(Gmelin, JF, 1788)",Blond-crested Woodpecker,Blond-crested Woodpecker
Piculus simplex,"(Salvin, O, 1870)",Rufous-winged Woodpecker,Rufous-winged Woodpecker
Piculus callopterus,"(Lawrence, GN, 1862)",Stripe-cheeked Woodpecker,Stripe-cheeked Woodpecker
Piculus leucolaemus,"(Natterer, J; Malherbe, A, 1845)",White-throated Woodpecker,White-throated Woodpecker
Piculus litae,"(Rothschild, LW, 1901)",Lita Woodpecker,Lita Woodpecker
Piculus flavigula,"(Boddaert, P, 1783)",Yellow-throated Woodpecker,Yellow-throated Woodpecker
Piculus chrysochloros,"(Vieillot, LJP, 1818)",Golden-green Woodpecker,Golden-green Woodpecker
Piculus aurulentus,"(Temminck, CJ, 1821)",Yellow-browed Woodpecker,White-browed Woodpecker
Colaptes rubiginosus,"(Swainson, WJ, 1820)",Golden-olive Woodpecker,Golden-olive Woodpecker
Colaptes auricularis,"(Salvin, O; Godman, FD, 1889)",Grey-crowned Woodpecker,Gray-crowned Woodpecker
Colaptes rivolii,"(Boissonneau, A, 1840)",Crimson-mantled Woodpecker,Crimson-mantled Woodpecker
Colaptes atricollis,"(Malherbe, A, 1850)",Black-necked Woodpecker,Black-necked Woodpecker
Colaptes punctigula,"(Boddaert, P, 1783)",Spot-breasted Woodpecker,Spot-breasted Woodpecker
Colaptes melanochloros,"(Gmelin, JF, 1788)",Green-barred Woodpecker,Green-barred Woodpecker
Colaptes auratus,"(Linnaeus, C, 1758)",Northern Flicker,Northern Flicker
Colaptes mexicanoides,"de Lafresnaye, NFAA, 1844",Guatemalan Flicker,Guatemalan Flicker
Colaptes chrysoides,"(Malherbe, A, 1852)",Gilded Flicker,Gilded Flicker
Colaptes oceanicus,"Olson, SL, 2013",Bermuda Flicker,Bermuda Flicker
Colaptes fernandinae,"Vigors, NA, 1827",Fernandina's Flicker,Fernandina's Flicker
Colaptes pitius,"(Molina, GI, 1782)",Chilean Flicker,Chilean Flicker
Colaptes rupicola,"d'Orbigny, ACVMD, 1840",Andean Flicker,Andean Flicker
Colaptes campestris,"(Vieillot, LJP, 1818)",Campo Flicker,Campo Flicker
Campephilus pollens,"(Bonaparte, CLJL, 1845)",Powerful Woodpecker,Powerful Woodpecker
Campephilus haematogaster,"(Tschudi, JJ, 1844)",Crimson-bellied Woodpecker,
Campephilus splendens,"Hargitt, E, 1889",Splendid Woodpecker,
Campephilus rubricollis,"(Boddaert, P, 1783)",Red-necked Woodpecker,Red-necked Woodpecker
Campephilus robustus,"(Lichtenstein, MHC, 1819)",Robust Woodpecker,Robust Woodpecker
Campephilus melanoleucos,"(Gmelin, JF, 1788)",Crimson-crested Woodpecker,Crimson-crested Woodpecker
Campephilus guatemalensis,"(Hartlaub, KJG, 1844)",Pale-billed Woodpecker,Pale-billed Woodpecker
Campephilus gayaquilensis,"(Lesson, RP, 1845)",Guayaquil Woodpecker,Guayaquil Woodpecker
Campephilus leucopogon,"(Valenciennes, A, 1826)",Cream-backed Woodpecker,Cream-backed Woodpecker
Campephilus magellanicus,"(King, PP, 1827)",Magellanic Woodpecker,Magellanic Woodpecker
Campephilus principalis,"(Linnaeus, C, 1758)",Ivory-billed Woodpecker,Ivory-billed Woodpecker
Campephilus imperialis,"(Gould, J, 1832)",Imperial Woodpecker,Imperial Woodpecker
Blythipicus rubiginosus,"(Swainson, WJ, 1837)",Maroon Woodpecker,Maroon Woodpecker
Blythipicus pyrrhotis,"(Hodgson, BH, 1837)",Bay Woodpecker,Bay Woodpecker
Chrysocolaptes validus,"(Temminck, CJ, 1825)",Orange-backed Woodpecker,Orange-backed Woodpecker
Chrysocolaptes guttacristatus,"(Tickell, SR, 1833)",Greater Flameback,Greater Flameback
Chrysocolaptes socialis,"Koelz, WN, 1939",Malabar Flameback,Malabar Flameback
Chrysocolaptes strictus,"(Horsfield, T, 1821)",Javan Flameback,Javan Flameback
Chrysocolaptes haematribon,"(Wagler, JG, 1827)",Luzon Flameback,Luzon Flameback
Chrysocolaptes xanthocephalus,"Walden, A; Layard, EL, 1872",Yellow-faced Flameback,Yellow-faced Flameback
Chrysocolaptes lucidus,"(Scopoli, GA, 1786)",Buff-spotted Flameback,Buff-spotted Flameback
Chrysocolaptes erythrocephalus,"Sharpe, RB, 1877",Red-headed Flameback,Red-headed Flameback
Chrysocolaptes stricklandi,"(Layard, EL, 1854)",Crimson-backed Flameback,Crimson-backed Flameback
Chrysocolaptes festivus,"(Boddaert, P, 1783)",White-naped Woodpecker,White-naped Woodpecker
Sphyrapicus thyroideus,"(Cassin, J, 1852)",Williamson's Sapsucker,Williamson's Sapsucker
Sphyrapicus varius,"(Linnaeus, C, 1766)",Yellow-bellied Sapsucker,Yellow-bellied Sapsucker
Sphyrapicus nuchalis,"Baird, SF, 1858",Red-naped Sapsucker,Red-naped Sapsucker
Sphyrapicus ruber,"(Gmelin, JF, 1788)",Red-breasted Sapsucker,Red-breasted Sapsucker
Xiphidiopicus percussus,"(Temminck, CJ, 1826)",Cuban Green Woodpecker,Cuban Green Woodpecker
Melanerpes candidus,"(Otto, BC, 1796)",White Woodpecker,White Woodpecker
Melanerpes lewis,"(Gray, GR, 1849)",Lewis's Woodpecker,Lewis's Woodpecker
Melanerpes herminieri,"(Lesson, RP, 1830)",Guadeloupe Woodpecker,Guadeloupe Woodpecker
Melanerpes portoricensis,"(Daudin, FM, 1803)",Puerto Rican Woodpecker,Puerto Rican Woodpecker
Melanerpes erythrocephalus,"(Linnaeus, C, 1758)",Red-headed Woodpecker,Red-headed Woodpecker
Melanerpes formicivorus,"(Swainson, WJ, 1827)",Acorn Woodpecker,Acorn Woodpecker
Melanerpes chrysauchen,"Salvin, O, 1870",Golden-naped Woodpecker,Golden-naped Woodpecker
Melanerpes cruentatus,"(Boddaert, P, 1783)",Yellow-tufted Woodpecker,Yellow-tufted Woodpecker
Melanerpes flavifrons,"(Vieillot, LJP, 1818)",Yellow-fronted Woodpecker,Yellow-fronted Woodpecker
Melanerpes pulcher,"Sclater, PL, 1870",Beautiful Woodpecker,Beautiful Woodpecker
Melanerpes pucherani,"(Malherbe, A, 1849)",Black-cheeked Woodpecker,Black-cheeked Woodpecker
Melanerpes cactorum,"(d'Orbigny, ACVMD, 1839)",White-fronted Woodpecker,White-fronted Woodpecker
Melanerpes striatus,"(Müller, PLS, 1776)",Hispaniolan Woodpecker,Hispaniolan Woodpecker
Melanerpes radiolatus,"(Wagler, JG, 1827)",Jamaican Woodpecker,Jamaican Woodpecker
Melanerpes chrysogenys,"(Vigors, NA, 1839)",Golden-cheeked Woodpecker,Golden-cheeked Woodpecker
Melanerpes hypopolius,"(Wagler, JG, 1829)",Grey-breasted Woodpecker,Gray-breasted Woodpecker
Melanerpes pygmaeus,"(Ridgway, R, 1885)",Yucatan Woodpecker,Yucatan Woodpecker
Melanerpes rubricapillus,"(Cabanis, JL, 1862)",Red-crowned Woodpecker,Red-crowned Woodpecker
Melanerpes uropygialis,"(Baird, SF, 1854)",Gila Woodpecker,Gila Woodpecker
Melanerpes hoffmannii,"(Cabanis, JL, 1862)",Hoffmann's Woodpecker,Hoffmann's Woodpecker
Melanerpes aurifrons,"(Wagler, JG, 1829)",Golden-fronted Woodpecker,Golden-fronted Woodpecker
Melanerpes carolinus,"(Linnaeus, C, 1758)",Red-bellied Woodpecker,Red-bellied Woodpecker
Melanerpes superciliaris,"(Temminck, CJ, 1827)",West Indian Woodpecker,West Indian Woodpecker
Picoides arcticus,"(Swainson, WJ, 1832)",Black-backed Woodpecker,Black-backed Woodpecker
Picoides dorsalis,"Baird, SF, 1858",American Three-toed Woodpecker,American Three-toed Woodpecker
Picoides tridactylus,"(Linnaeus, C, 1758)",Eurasian Three-toed Woodpecker,Eurasian Three-toed Woodpecker
Yungipicus temminckii,"(Malherbe, A, 1849)",Sulawesi Pygmy Woodpecker,Sulawesi Pygmy Woodpecker
Yungipicus maculatus,"(Scopoli, GA, 1786)",Philippine Pygmy Woodpecker,Philippine Pygmy Woodpecker
Yungipicus ramsayi,"Hargitt, E, 1881",Sulu Pygmy Woodpecker,Sulu Pygmy Woodpecker
Yungipicus nanus,"(Vigors, NA, 1832)",Brown-capped Pygmy Woodpecker,Brown-capped Pygmy Woodpecker
Yungipicus moluccensis,"(Gmelin, JF, 1788)",Sunda Pygmy Woodpecker,Sunda Pygmy Woodpecker
Yungipicus canicapillus,"(Blyth, E, 1845)",Grey-capped Pygmy Woodpecker,Gray-capped Pygmy Woodpecker
Yungipicus kizuki,"(Temminck, CJ, 1836)",Japanese Pygmy Woodpecker,Japanese Pygmy Woodpecker
Leiopicus mahrattensis,"(Latham, J, 1801)",Yellow-crowned Woodpecker,Yellow-crowned Woodpecker
Dendrocoptes medius,"(Linnaeus, C, 1758)",Middle Spotted Woodpecker,Middle Spotted Woodpecker
Dendrocoptes auriceps,"(Vigors, NA, 1831)",Brown-fronted Woodpecker,Brown-fronted Woodpecker
Dendrocoptes dorae,"(Bates, GL; Kinnear, NB, 1935)",Arabian Woodpecker,Arabian Woodpecker
Chloropicus pyrrhogaster,"(Malherbe, A, 1845)",Fire-bellied Woodpecker,Fire-bellied Woodpecker
Chloropicus xantholophus,"(Hargitt, E, 1883)",Yellow-crested Woodpecker,Golden-crowned Woodpecker
Chloropicus namaquus,"(Lichtenstein, AAH, 1793)",Bearded Woodpecker,Bearded Woodpecker
Dendropicos stierlingi,"Reichenow, A, 1901",Stierling's Woodpecker,Stierling's Woodpecker
Dendropicos obsoletus,"(Wagler, JG, 1829)",Brown-backed Woodpecker,Brown-backed Woodpecker
Dendropicos goertae,"(Müller, PLS, 1776)",African Grey Woodpecker,African Gray Woodpecker
Dendropicos spodocephalus,"(Bonaparte, CLJL, 1850)",Eastern Grey Woodpecker,Mountain Gray Woodpecker
Dendropicos griseocephalus,"(Boddaert, P, 1783)",Olive Woodpecker,Olive Woodpecker
Dendropicos abyssinicus,"(Stanley, ES, 1814)",Abyssinian Woodpecker,Abyssinian Woodpecker
Dendropicos lugubris,"Hartlaub, KJG, 1857",Melancholy Woodpecker,Melancholy Woodpecker
Dendropicos gabonensis,"(Verreaux, JP; Verreaux, JBÉ, 1851)",Gabon Woodpecker,Gabon Woodpecker
Dendropicos elliotii,"(Cassin, J, 1863)",Elliot's Woodpecker,Elliot's Woodpecker
Dendropicos elachus,"Oberholser, HC, 1919",Little Grey Woodpecker,Little Gray Woodpecker
Dendropicos poecilolaemus,"Reichenow, A, 1893",Speckle-breasted Woodpecker,Speckle-breasted Woodpecker
Dendropicos fuscescens,"(Vieillot, LJP, 1818)",Cardinal Woodpecker,Cardinal Woodpecker
Dendrocopos hyperythrus,"(Vigors, NA, 1831)",Rufous-bellied Woodpecker,Rufous-bellied Woodpecker
Dendrocopos atratus,"(Blyth, E, 1849)",Stripe-breasted Woodpecker,Stripe-breasted Woodpecker
Dendrocopos macei,"(Vieillot, LJP, 1818)",Fulvous-breasted Woodpecker,Fulvous-breasted Woodpecker
Dendrocopos analis,"(Bonaparte, CLJL, 1850)",Freckle-breasted Woodpecker,Freckle-breasted Woodpecker
Dendrocopos noguchii,"(Seebohm, H, 1887)",Okinawa Woodpecker,Okinawa Woodpecker
Dendrocopos leucotos,"(Bechstein, JM, 1802)",White-backed Woodpecker,White-backed Woodpecker
Dendrocopos darjellensis,"(Blyth, E, 1845)",Darjeeling Woodpecker,Darjeeling Woodpecker
Dendrocopos leucopterus,"(Salvadori, AT, 1871)",White-winged Woodpecker,White-winged Woodpecker
Dendrocopos major,"(Linnaeus, C, 1758)",Great Spotted Woodpecker,Great Spotted Woodpecker
Dendrocopos himalayensis,"(Jardine, W; Selby, PJ, 1831)",Himalayan Woodpecker,Himalayan Woodpecker
Dendrocopos assimilis,"(Blyth, E, 1849)",Sind Woodpecker,Sind Woodpecker
Dendrocopos syriacus,"(Hemprich, WF; Ehrenberg, CG, 1833)",Syrian Woodpecker,Syrian Woodpecker
Dryobates minor,"(Linnaeus, C, 1758)",Lesser Spotted Woodpecker,Lesser Spotted Woodpecker
Dryobates cathpharius,"(Blyth, E, 1843)",Crimson-naped Woodpecker,Crimson-naped Woodpecker
Dryobates pernyii,"(Verreaux, JP, 1867)",Necklaced Woodpecker,Necklaced Woodpecker
Dryobates pubescens,"(Linnaeus, C, 1766)",Downy Woodpecker,Downy Woodpecker
Dryobates nuttallii,"(Gambel, W, 1843)",Nuttall's Woodpecker,Nuttall's Woodpecker
Dryobates scalaris,"(Wagler, JG, 1829)",Ladder-backed Woodpecker,Ladder-backed Woodpecker
Leuconotopicus borealis,"(Vieillot, LJP, 1809)",Red-cockaded Woodpecker,Red-cockaded Woodpecker
Leuconotopicus villosus,"(Linnaeus, C, 1766)",Hairy Woodpecker,Hairy Woodpecker
Leuconotopicus albolarvatus,"(Cassin, J, 1850)",White-headed Woodpecker,White-headed Woodpecker
Leuconotopicus fumigatus,"(d'Orbigny, ACVMD, 1840)",Smoky-brown Woodpecker,Smoky-brown Woodpecker
Leuconotopicus stricklandi,"(Malherbe, A, 1845)",Strickland's Woodpecker,Strickland's Woodpecker
Leuconotopicus arizonae,"(Hargitt, E, 1886)",Arizona Woodpecker,Arizona Woodpecker
Veniliornis kirkii,"(Malherbe, A, 1845)",Red-rumped Woodpecker,Red-rumped Woodpecker
Veniliornis cassini,"(Malherbe, A, 1862)",Golden-collared Woodpecker,Golden-collared Woodpecker
Veniliornis spilogaster,"(Wagler, JG, 1827)",White-spotted Woodpecker,White-spotted Woodpecker
Veniliornis mixtus,"(Boddaert, P, 1783)",Checkered Woodpecker,Checkered Woodpecker
Veniliornis lignarius,"(Molina, GI, 1782)",Striped Woodpecker,Striped Woodpecker
Veniliornis sanguineus,"(Lichtenstein, AAH, 1793)",Blood-colored Woodpecker,Blood-colored Woodpecker
Veniliornis passerinus,"(Linnaeus, C, 1766)",Little Woodpecker,Little Woodpecker
Veniliornis frontalis,"(Cabanis, JL, 1883)",Dot-fronted Woodpecker,Dot-fronted Woodpecker
Veniliornis callonotus,"(Waterhouse, GR, 1841)",Scarlet-backed Woodpecker,Scarlet-backed Woodpecker
Veniliornis dignus,"(Sclater, PL; Salvin, O, 1877)",Yellow-vented Woodpecker,Yellow-vented Woodpecker
Veniliornis nigriceps,"(d'Orbigny, ACVMD, 1840)",Bar-bellied Woodpecker,Bar-bellied Woodpecker
Veniliornis affinis,"(Swainson, WJ, 1821)",Red-stained Woodpecker,Red-stained Woodpecker
Veniliornis chocoensis,"Todd, WEC, 1919",Choco Woodpecker,Choco Woodpecker
Veniliornis maculifrons,"(Spix, JB, 1824)",Yellow-eared Woodpecker,Yellow-eared Woodpecker
Cariama cristata,"(Linnaeus, C, 1766)",Red-legged Seriema,Red-legged Seriema
Chunga burmeisteri,"(Hartlaub, KJG, 1860)",Black-legged Seriema,Black-legged Seriema
Herpetotheres cachinnans,"(Linnaeus, C, 1758)",Laughing Falcon,Laughing Falcon
Micrastur buckleyi,"Swann, HK, 1919",Buckley's Forest Falcon,Buckley's Forest-Falcon
Micrastur semitorquatus,"(Vieillot, LJP, 1817)",Collared Forest Falcon,Collared Forest-Falcon
Micrastur mirandollei,"(Schlegel, H, 1862)",Slaty-backed Forest Falcon,Slaty-backed Forest-Falcon
Micrastur ruficollis,"(Vieillot, LJP, 1817)",Barred Forest Falcon,Barred Forest-Falcon
Micrastur mintoni,"Whittaker, A, 2003",Cryptic Forest Falcon,Cryptic Forest-Falcon
Micrastur plumbeus,"Sclater, WL, 1918",Plumbeous Forest Falcon,Plumbeous Forest-Falcon
Micrastur gilvicollis,"(Vieillot, LJP, 1817)",Lined Forest Falcon,Lined Forest-Falcon
Spiziapteryx circumcincta,"(Kaup, JJ, 1852)",Spot-winged Falconet,Spot-winged Falconet
Caracara lutosa,"(Ridgway, R, 1876)",Guadalupe Caracara,Guadalupe Caracara
Caracara plancus,"(Miller, JF, 1777)",Crested Caracara,Crested Caracara
Ibycter americanus,"(Boddaert, P, 1783)",Red-throated Caracara,Red-throated Caracara
Daptrius chimachima,"(Vieillot, LJP, 1816)",Yellow-headed Caracara,Yellow-headed Caracara
Daptrius ater,"Vieillot, LJP, 1816",Black Caracara,Black Caracara
Daptrius chimango,"(Vieillot, LJP, 1816)",Chimango Caracara,Chimango Caracara
Daptrius carunculatus,"(des Murs, MAPO, 1853)",Carunculated Caracara,Carunculated Caracara
Daptrius megalopterus,"(Meyen, FJF, 1834)",Mountain Caracara,Mountain Caracara
Daptrius albogularis,"(Gould, J, 1837)",White-throated Caracara,White-throated Caracara
Daptrius australis,"(Gmelin, JF, 1788)",Striated Caracara,Striated Caracara
Polihierax semitorquatus,"(Smith, A, 1836)",Pygmy Falcon,Pygmy Falcon
Microhierax erythrogenys,"(Vigors, NA, 1831)",Philippine Falconet,Philippine Falconet
Microhierax melanoleucos,"(Blyth, E, 1843)",Pied Falconet,Pied Falconet
Microhierax caerulescens,"(Linnaeus, C, 1758)",Collared Falconet,Collared Falconet
Microhierax fringillarius,"(Drapiez, PAJ, 1824)",Black-thighed Falconet,Black-thighed Falconet
Microhierax latifrons,"Sharpe, RB, 1879",White-fronted Falconet,White-fronted Falconet
Neohierax insignis,"(Walden, A, 1872)",White-rumped Falcon,White-rumped Falcon
Falco zoniventris,"Peters, WKH, 1854",Banded Kestrel,Banded Kestrel
Falco naumanni,"Fleischer, JG, 1818",Lesser Kestrel,Lesser Kestrel
Falco alopex,"(Heuglin, MT, 1861)",Fox Kestrel,Fox Kestrel
Falco rupicoloides,"Smith, A, 1829",Greater Kestrel,Greater Kestrel
Falco punctatus,"Temminck, CJ, 1821",Mauritius Kestrel,Mauritius Kestrel
Falco duboisi,"Cowles, GS, 1994",Reunion Kestrel,Reunion Kestrel
Falco araeus,"(Oberholser, HC, 1917)",Seychelles Kestrel,Seychelles Kestrel
Falco newtoni,"(Gurney, JH Sr, 1863)",Malagasy Kestrel,Malagasy Kestrel
Falco rupicolus,"Daudin, FM, 1800",Rock Kestrel,Rock Kestrel
Falco cenchroides,"Vigors, NA; Horsfield, T, 1827",Nankeen Kestrel,Nankeen Kestrel
Falco moluccensis,"(Bonaparte, CLJL, 1850)",Spotted Kestrel,Spotted Kestrel
Falco tinnunculus,"Linnaeus, C, 1758",Common Kestrel,Eurasian Kestrel
Falco sparverius,"Linnaeus, C, 1758",American Kestrel,American Kestrel
Falco vespertinus,"Linnaeus, C, 1766",Red-footed Falcon,Red-footed Falcon
Falco amurensis,"Radde, GFR, 1863",Amur Falcon,Amur Falcon
Falco columbarius,"Linnaeus, C, 1758",Merlin,Merlin
Falco ardosiaceus,"Vieillot, LJP, 1823",Grey Kestrel,Gray Kestrel
Falco dickinsoni,"Sclater, PL, 1864",Dickinson's Kestrel,Dickinson's Kestrel
Falco berigora,"Vigors, NA; Horsfield, T, 1827",Brown Falcon,Brown Falcon
Falco deiroleucus,"Temminck, CJ, 1825",Orange-breasted Falcon,Orange-breasted Falcon
Falco rufigularis,"Daudin, FM, 1800",Bat Falcon,Bat Falcon
Falco longipennis,"Swainson, WJ, 1838",Australian Hobby,Australian Hobby
Falco severus,"Horsfield, T, 1821",Oriental Hobby,Oriental Hobby
Falco eleonorae,"Géné, CG, 1839",Eleonora's Falcon,Eleonora's Falcon
Falco concolor,"Temminck, CJ, 1825",Sooty Falcon,Sooty Falcon
Falco cuvierii,"Smith, A, 1830",African Hobby,African Hobby
Falco subbuteo,"Linnaeus, C, 1758",Eurasian Hobby,Eurasian Hobby
Falco novaeseelandiae,"Gmelin, JF, 1788",New Zealand Falcon,New Zealand Falcon
Falco femoralis,"Temminck, CJ, 1822",Aplomado Falcon,Aplomado Falcon
Falco chicquera,"Daudin, FM, 1800",Red-necked Falcon,Red-necked Falcon
Falco mexicanus,"Schlegel, H, 1850",Prairie Falcon,Prairie Falcon
Falco hypoleucos,"Gould, J, 1841",Grey Falcon,Gray Falcon
Falco fasciinucha,"Reichenow, A; Neumann, OR, 1895",Taita Falcon,Taita Falcon
Falco peregrinus,"Tunstall, M, 1771",Peregrine Falcon,Peregrine Falcon
Falco biarmicus,"Temminck, CJ, 1825",Lanner Falcon,Lanner Falcon
Falco jugger,"Gray, JE, 1834",Laggar Falcon,Laggar Falcon
Falco subniger,"Gray, GR, 1843",Black Falcon,Black Falcon
Falco rusticolus,"Linnaeus, C, 1758",Gyrfalcon,Gyrfalcon
Falco cherrug,"Gray, JE, 1834",Saker Falcon,Saker Falcon
Strigops habroptilus,"Gray, GR, 1845",Kakapo,Kakapo
Nestor notabilis,"Gould, J, 1856",Kea,Kea
Nestor productus,"(Gould, J, 1836)",Norfolk Kaka,Norfolk Island Kaka
Nestor meridionalis,"(Gmelin, JF, 1788)",New Zealand Kaka,New Zealand Kaka
Calyptorhynchus lathami,"(Temminck, CJ, 1807)",Glossy Black Cockatoo,Glossy Black-Cockatoo
Calyptorhynchus banksii,"(Latham, J, 1790)",Red-tailed Black Cockatoo,Red-tailed Black-Cockatoo
Zanda funerea,"(Shaw, G, 1794)",Yellow-tailed Black Cockatoo,Yellow-tailed Black-Cockatoo
Zanda latirostris,"(Carnaby, IC, 1948)",Carnaby's Black Cockatoo,Carnaby's Black-Cockatoo
Zanda baudinii,"(Lear, E, 1832)",Baudin's Black Cockatoo,Baudin's Black-Cockatoo
Nymphicus hollandicus,"(Kerr, R, 1792)",Cockatiel,Cockatiel
Probosciger aterrimus,"(Gmelin, JF, 1788)",Palm Cockatoo,Palm Cockatoo
Callocephalon fimbriatum,"(Grant, JE, 1803)",Gang-gang Cockatoo,Gang-gang Cockatoo
Eolophus roseicapilla,"(Vieillot, LJP, 1817)",Galah,Galah
Cacatua leadbeateri,"(Vigors, NA, 1831)",Pink Cockatoo,Pink Cockatoo
Cacatua haematuropygia,"(Müller, PLS, 1776)",Red-vented Cockatoo,Philippine Cockatoo
Cacatua goffiniana,"Roselaar, CS; Michels, JP, 2004",Tanimbar Corella,Tanimbar Corella
Cacatua ducorpsii,"Pucheran, J, 1853",Solomons Corella,Solomons Corella
Cacatua pastinator,"(Gould, J, 1841)",Western Corella,Western Corella
Cacatua sanguinea,"Gould, J, 1843",Little Corella,Little Corella
Cacatua tenuirostris,"(Kuhl, H, 1820)",Long-billed Corella,Long-billed Corella
Cacatua alba,"(Müller, PLS, 1776)",White Cockatoo,White Cockatoo
Cacatua ophthalmica,"Sclater, PL, 1864",Blue-eyed Cockatoo,Blue-eyed Cockatoo
Cacatua moluccensis,"(Gmelin, JF, 1788)",Salmon-crested Cockatoo,Salmon-crested Cockatoo
Cacatua sulphurea,"(Gmelin, JF, 1788)",Yellow-crested Cockatoo,Yellow-crested Cockatoo
Cacatua citrinocristata,"(Fraser, L, 1844)",Citron-crested Cockatoo,Citron-crested Cockatoo
Cacatua galerita,"(Latham, J, 1790)",Sulphur-crested Cockatoo,Sulphur-crested Cockatoo
Psittacus timneh,"Fraser, L, 1844",Timneh Parrot,Timneh Parrot
Psittacus erithacus,"Linnaeus, C, 1758",Grey Parrot,Gray Parrot
Poicephalus fuscicollis,"(Kuhl, H, 1820)",Brown-necked Parrot,Brown-necked Parrot
Poicephalus robustus,"(Gmelin, JF, 1788)",Cape Parrot,Cape Parrot
Poicephalus gulielmi,"(Jardine, W, 1849)",Red-fronted Parrot,Red-fronted Parrot
Poicephalus meyeri,"(Cretzschmar, PJ, 1827)",Meyer's Parrot,Meyer's Parrot
Poicephalus rueppellii,"(Gray, GR, 1849)",Rüppell's Parrot,Rüppell's Parrot
Poicephalus cryptoxanthus,"(Peters, WKH, 1854)",Brown-headed Parrot,Brown-headed Parrot
Poicephalus crassus,"(Sharpe, RB, 1884)",Niam-niam Parrot,Niam-Niam Parrot
Poicephalus rufiventris,"(Rüppell, WPES, 1842)",Red-bellied Parrot,Red-bellied Parrot
Poicephalus senegalus,"(Linnaeus, C, 1766)",Senegal Parrot,Senegal Parrot
Poicephalus flavifrons,"(Rüppell, WPES, 1842)",Yellow-fronted Parrot,Yellow-fronted Parrot
Psilopsiagon aymara,"(d'Orbigny, ACVMD, 1839)",Grey-hooded Parakeet,Gray-hooded Parakeet
Psilopsiagon aurifrons,"(Lesson, RP, 1831)",Mountain Parakeet,Mountain Parakeet
Nannopsittaca panychlora,"(Salvin, O; Godman, FD, 1883)",Tepui Parrotlet,Tepui Parrotlet
Nannopsittaca dachilleae,"O'Neill, JP; Munn, CA; Franke, I, 1991",Manu Parrotlet,Amazonian Parrotlet
Bolborhynchus lineola,"(Cassin, J, 1853)",Barred Parakeet,Barred Parakeet
Bolborhynchus ferrugineifrons,"(Lawrence, GN, 1880)",Rufous-fronted Parakeet,Rufous-fronted Parakeet
Bolborhynchus orbygnesius,"(de Souancé, C, 1856)",Andean Parakeet,Andean Parakeet
Touit batavicus,"(Boddaert, P, 1783)",Lilac-tailed Parrotlet,Lilac-tailed Parrotlet
Touit huetii,"(Temminck, CJ, 1830)",Scarlet-shouldered Parrotlet,Scarlet-shouldered Parrotlet
Touit costaricensis,"(Cory, CB, 1913)",Red-fronted Parrotlet,Red-fronted Parrotlet
Touit dilectissimus,"(Sclater, PL; Salvin, O, 1871)",Blue-fronted Parrotlet,Blue-fronted Parrotlet
Touit purpuratus,"(Gmelin, JF, 1788)",Sapphire-rumped Parrotlet,Sapphire-rumped Parrotlet
Touit melanonotus,"(Wied-Neuwied, M, 1820)",Brown-backed Parrotlet,Brown-backed Parrotlet
Touit surdus,"(Kuhl, H, 1820)",Golden-tailed Parrotlet,Golden-tailed Parrotlet
Touit stictopterus,"(Sclater, PL, 1862)",Spot-winged Parrotlet,Spot-winged Parrotlet
Forpus modestus,"(Cabanis, JL, 1849)",Dusky-billed Parrotlet,Dusky-billed Parrotlet
Forpus cyanopygius,"(de Souancé, C, 1856)",Mexican Parrotlet,Mexican Parrotlet
Forpus spengeli,"(Hartlaub, KJG, 1885)",Turquoise-winged Parrotlet,Turquoise-winged Parrotlet
Forpus crassirostris,"(Taczanowski, W, 1883)",Riparian Parrotlet,Riparian Parrotlet
Forpus xanthopterygius,"(Spix, JB, 1824)",Cobalt-rumped Parrotlet,Cobalt-rumped Parrotlet
Forpus passerinus,"(Linnaeus, C, 1758)",Green-rumped Parrotlet,Green-rumped Parrotlet
Forpus conspicillatus,"(de Lafresnaye, NFAA, 1848)",Spectacled Parrotlet,Spectacled Parrotlet
Forpus coelestis,"(Lesson, RP, 1847)",Pacific Parrotlet,Pacific Parrotlet
Forpus xanthops,"(Salvin, O, 1895)",Yellow-faced Parrotlet,Yellow-faced Parrotlet
Myiopsitta luchsi,"(Finsch, FHO, 1868)",Cliff Parakeet,Cliff Parakeet
Myiopsitta monachus,"(Boddaert, P, 1783)",Monk Parakeet,Monk Parakeet
Brotogeris sanctithomae,"(Müller, PLS, 1776)",Tui Parakeet,Tui Parakeet
Brotogeris tirica,"(Gmelin, JF, 1788)",Plain Parakeet,Plain Parakeet
Brotogeris versicolurus,"(Müller, PLS, 1776)",White-winged Parakeet,White-winged Parakeet
Brotogeris chiriri,"(Vieillot, LJP, 1818)",Yellow-chevroned Parakeet,Yellow-chevroned Parakeet
Brotogeris pyrrhoptera,"(Latham, J, 1801)",Grey-cheeked Parakeet,Gray-cheeked Parakeet
Brotogeris jugularis,"(Müller, PLS, 1776)",Orange-chinned Parakeet,Orange-chinned Parakeet
Brotogeris cyanoptera,"(Pelzeln, A, 1870)",Cobalt-winged Parakeet,Cobalt-winged Parakeet
Brotogeris chrysoptera,"(Linnaeus, C, 1766)",Golden-winged Parakeet,Golden-winged Parakeet
Pionopsitta pileata,"(Scopoli, GA, 1769)",Pileated Parrot,Pileated Parrot
Triclaria malachitacea,"(Spix, JB, 1824)",Blue-bellied Parrot,Blue-bellied Parrot
Hapalopsittaca amazonina,"(des Murs, MAPO, 1845)",Rusty-faced Parrot,Rusty-faced Parrot
Hapalopsittaca fuertesi,"(Chapman, FM, 1912)",Fuertes's Parrot,Indigo-winged Parrot
Hapalopsittaca pyrrhops,"(Salvin, O, 1876)",Red-faced Parrot,Red-faced Parrot
Hapalopsittaca melanotis,"(de Lafresnaye, NFAA, 1847)",Black-winged Parrot,Black-winged Parrot
Pyrilia haematotis,"(Sclater, PL; Salvin, O, 1860)",Brown-hooded Parrot,Brown-hooded Parrot
Pyrilia pulchra,"(Berlepsch, HHCL, 1897)",Rose-faced Parrot,Rose-faced Parrot
Pyrilia pyrilia,"(Bonaparte, CLJL, 1853)",Saffron-headed Parrot,Saffron-headed Parrot
Pyrilia barrabandi,"(Kuhl, H, 1820)",Orange-cheeked Parrot,Orange-cheeked Parrot
Pyrilia caica,"(Latham, J, 1790)",Caica Parrot,Caica Parrot
Pyrilia aurantiocephala,"(Gaban-Lima, R; Raposo, MA; Höfling, E, 2002)",Bald Parrot,Bald Parrot
Pyrilia vulturina,"(Kuhl, H, 1820)",Vulturine Parrot,Vulturine Parrot
Graydidascalus brachyurus,"(Temminck, CJ; Kuhl, H, 1820)",Short-tailed Parrot,Short-tailed Parrot
Alipiopsitta xanthops,"(Spix, JB, 1824)",Yellow-faced Parrot,Yellow-faced Parrot
Pionus fuscus,"(Müller, PLS, 1776)",Dusky Parrot,Dusky Parrot
Pionus sordidus,"(Linnaeus, C, 1758)",Red-billed Parrot,Red-billed Parrot
Pionus maximiliani,"(Kuhl, H, 1820)",Scaly-headed Parrot,Scaly-headed Parrot
Pionus tumultuosus,"(Tschudi, JJ, 1844)",Speckle-faced Parrot,Speckle-faced Parrot
Pionus menstruus,"(Linnaeus, C, 1766)",Blue-headed Parrot,Blue-headed Parrot
Pionus senilis,"(Spix, JB, 1824)",White-crowned Parrot,White-crowned Parrot
Pionus chalcopterus,"(Fraser, L, 1841)",Bronze-winged Parrot,Bronze-winged Parrot
Amazona festiva,"(Linnaeus, C, 1758)",Festive Amazon,Festive Amazon
Amazona vinacea,"(Kuhl, H, 1820)",Vinaceous-breasted Amazon,Vinaceous-breasted Amazon
Amazona tucumana,"(Cabanis, JL, 1885)",Tucuman Amazon,Tucuman Amazon
Amazona pretrei,"(Temminck, CJ, 1830)",Red-spectacled Amazon,Red-spectacled Amazon
Amazona viridigenalis,"(Cassin, J, 1853)",Red-crowned Amazon,Red-crowned Amazon
Amazona finschi,"(Sclater, PL, 1864)",Lilac-crowned Amazon,Lilac-crowned Amazon
Amazona autumnalis,"(Linnaeus, C, 1758)",Red-lored Amazon,Red-lored Amazon
Amazona lilacina,"Lesson, RP, 1844",Lilacine Amazon,Lilacine Amazon
Amazona diadema,"(Spix, JB, 1824)",Diademed Amazon,Diademed Amazon
Amazona dufresniana,"(Shaw, G, 1812)",Blue-cheeked Amazon,Blue-cheeked Amazon
Amazona rhodocorytha,"(Salvadori, AT, 1890)",Red-browed Amazon,Red-browed Amazon
Amazona arausiaca,"(Müller, PLS, 1776)",Red-necked Amazon,Red-necked Amazon
Amazona versicolor,"(Müller, PLS, 1776)",St. Lucia Amazon,St. Lucia Amazon
Amazona auropalliata,"(Lesson, RP, 1842)",Yellow-naped Amazon,Yellow-naped Amazon
Amazona oratrix,"Ridgway, R, 1887",Yellow-headed Amazon,Yellow-headed Amazon
Amazona ochrocephala,"(Gmelin, JF, 1788)",Yellow-crowned Amazon,Yellow-crowned Amazon
Amazona barbadensis,"(Gmelin, JF, 1788)",Yellow-shouldered Amazon,Yellow-shouldered Amazon
Amazona aestiva,"(Linnaeus, C, 1758)",Turquoise-fronted Amazon,Turquoise-fronted Amazon
Amazona agilis,"(Linnaeus, C, 1758)",Black-billed Amazon,Black-billed Amazon
Amazona albifrons,"(Sparrman, A, 1788)",White-fronted Amazon,White-fronted Amazon
Amazona xantholora,"(Gray, GR, 1859)",Yucatan Amazon,Yellow-lored Amazon
Amazona collaria,"(Linnaeus, C, 1758)",Yellow-billed Amazon,Yellow-billed Amazon
Amazona leucocephala,"(Linnaeus, C, 1758)",Cuban Amazon,Cuban Amazon
Amazona ventralis,"(Müller, PLS, 1776)",Hispaniolan Amazon,Hispaniolan Amazon
Amazona vittata,"(Boddaert, P, 1783)",Puerto Rican Amazon,Puerto Rican Amazon
Amazona farinosa,"(Boddaert, P, 1783)",Mealy Amazon,Mealy Amazon
Amazona kawalli,"Grantsau, RKH; Camargo, HFA, 1989",Kawall's Amazon,Kawall's Amazon
Amazona imperialis,"Richmond, CW, 1899",Imperial Amazon,Imperial Amazon
Amazona brasiliensis,"(Linnaeus, C, 1758)",Red-tailed Amazon,Red-tailed Amazon
Amazona guildingii,"(Vigors, NA, 1837)",St. Vincent Amazon,St. Vincent Amazon
Amazona amazonica,"(Linnaeus, C, 1766)",Orange-winged Amazon,Orange-winged Amazon
Amazona mercenarius,"(Tschudi, JJ, 1844)",Scaly-naped Amazon,Scaly-naped Amazon
Deroptyus accipitrinus,"(Linnaeus, C, 1758)",Red-fan Parrot,Red-fan Parrot
Pionites melanocephalus,"(Linnaeus, C, 1758)",Black-headed Parrot,Black-headed Parrot
Pionites leucogaster,"(Kuhl, H, 1820)",White-bellied Parrot,White-bellied Parrot
Rhynchopsitta pachyrhyncha,"(Swainson, WJ, 1827)",Thick-billed Parrot,Thick-billed Parrot
Rhynchopsitta terrisi,"Moore, RT, 1947",Maroon-fronted Parrot,Maroon-fronted Parrot
Pyrrhura cruentata,"(Wied-Neuwied, M, 1820)",Ochre-marked Parakeet,Ochre-marked Parakeet
Pyrrhura devillei,"(Massena, FV; de Souancé, C, 1854)",Blaze-winged Parakeet,Blaze-winged Parakeet
Pyrrhura frontalis,"(Vieillot, LJP, 1818)",Maroon-bellied Parakeet,Maroon-bellied Parakeet
Pyrrhura lepida,"(Wagler, JG, 1832)",Pearly Parakeet,Pearly Parakeet
Pyrrhura perlata,"(Spix, JB, 1824)",Crimson-bellied Parakeet,Crimson-bellied Parakeet
Pyrrhura molinae,"(Massena, FV; de Souancé, C, 1854)",Green-cheeked Parakeet,Green-cheeked Parakeet
Pyrrhura pfrimeri,"Miranda-Ribeiro, A, 1920",Pfrimer's Parakeet,Pfrimer's Parakeet
Pyrrhura griseipectus,"Salvadori, AT, 1900",Grey-breasted Parakeet,Gray-breasted Parakeet
Pyrrhura leucotis,"(Kuhl, H, 1820)",White-eared Parakeet,Maroon-faced Parakeet
Pyrrhura picta,"(Müller, PLS, 1776)",Painted Parakeet,Painted Parakeet
Pyrrhura subandina,"Todd, WEC, 1917",Subandean Parakeet,Subandean Parakeet
Pyrrhura caeruleiceps,"Todd, WEC, 1947",Perija Parakeet,Perija Parakeet
Pyrrhura emma,"Salvadori, AT, 1891",Venezuelan Parakeet,Venezuelan Parakeet
Pyrrhura amazonum,"Hellmayr, CE, 1906",Santarem Parakeet,Santarem Parakeet
Pyrrhura lucianii,"(Deville, É, 1851)",Bonaparte's Parakeet,Bonaparte's Parakeet
Pyrrhura roseifrons,"(Gray, GR, 1859)",Rose-fronted Parakeet,Rose-fronted Parakeet
Pyrrhura viridicata,"Todd, WEC, 1913",Santa Marta Parakeet,Santa Marta Parakeet
Pyrrhura egregia,"(Sclater, PL, 1881)",Fiery-shouldered Parakeet,Fiery-shouldered Parakeet
Pyrrhura melanura,"(Spix, JB, 1824)",Maroon-tailed Parakeet,Maroon-tailed Parakeet
Pyrrhura orcesi,"Ridgely, RS; Robbins, MB, 1988",El Oro Parakeet,El Oro Parakeet
Pyrrhura rupicola,"(Tschudi, JJ, 1844)",Black-capped Parakeet,Black-capped Parakeet
Pyrrhura albipectus,"Chapman, FM, 1914",White-breasted Parakeet,White-necked Parakeet
Pyrrhura calliptera,"(Massena, FV; de Souancé, C, 1854)",Flame-winged Parakeet,Brown-breasted Parakeet
Pyrrhura hoematotis,"de Souancé, C, 1857",Blood-eared Parakeet,Red-eared Parakeet
Pyrrhura rhodocephala,"(Sclater, PL; Salvin, O, 1871)",Rose-crowned Parakeet,Rose-headed Parakeet
Pyrrhura hoffmanni,"(Cabanis, JL, 1861)",Sulphur-winged Parakeet,Sulphur-winged Parakeet
Enicognathus leptorhynchus,"(King, PP, 1831)",Slender-billed Parakeet,Slender-billed Parakeet
Enicognathus ferrugineus,"(Müller, PLS, 1776)",Austral Parakeet,Austral Parakeet
Cyanoliseus patagonus,"(Vieillot, LJP, 1818)",Burrowing Parrot,Burrowing Parakeet
Anodorhynchus hyacinthinus,"(Latham, J, 1790)",Hyacinth Macaw,Hyacinth Macaw
Anodorhynchus glaucus,"(Vieillot, LJP, 1816)",Glaucous Macaw,Glaucous Macaw
Anodorhynchus leari,"Bonaparte, CLJL, 1856",Lear's Macaw,Indigo Macaw
Conuropsis carolinensis,"(Linnaeus, C, 1758)",Carolina Parakeet,Carolina Parakeet
Aratinga weddellii,"(Deville, É, 1851)",Dusky-headed Parakeet,Dusky-headed Parakeet
Aratinga nenday,"(Vieillot, LJP, 1823)",Nanday Parakeet,Nanday Parakeet
Aratinga solstitialis,"(Linnaeus, C, 1758)",Sun Parakeet,Sun Parakeet
Aratinga maculata,"(Müller, PLS, 1776)",Sulphur-breasted Parakeet,Sulphur-breasted Parakeet
Aratinga jandaya,"(Gmelin, JF, 1788)",Jandaya Parakeet,Jandaya Parakeet
Aratinga auricapillus,"(Kuhl, H, 1820)",Golden-capped Parakeet,Golden-capped Parakeet
Cyanopsitta spixii,"(Wagler, JG, 1832)",Spix's Macaw,Spix's Macaw
Orthopsittaca manilatus,"(Boddaert, P, 1783)",Red-bellied Macaw,Red-bellied Macaw
Primolius maracana,"(Vieillot, LJP, 1816)",Blue-winged Macaw,Blue-winged Macaw
Primolius couloni,"(Sclater, PL, 1876)",Blue-headed Macaw,Blue-headed Macaw
Primolius auricollis,"(Cassin, J, 1853)",Golden-collared Macaw,Yellow-collared Macaw
Ara ararauna,"(Linnaeus, C, 1758)",Blue-and-yellow Macaw,Blue-and-yellow Macaw
Ara glaucogularis,"Dabbene, R, 1921",Blue-throated Macaw,Blue-throated Macaw
Ara severus,"(Linnaeus, C, 1758)",Chestnut-fronted Macaw,Chestnut-fronted Macaw
Ara tricolor,"Bechstein, JM, 1811",Cuban Macaw,Cuban Macaw
Ara rubrogenys,"de Lafresnaye, NFAA, 1847",Red-fronted Macaw,Red-fronted Macaw
Ara militaris,"(Linnaeus, C, 1766)",Military Macaw,Military Macaw
Ara ambiguus,"(Bechstein, JM, 1811)",Great Green Macaw,Great Green Macaw
Ara macao,"(Linnaeus, C, 1758)",Scarlet Macaw,Scarlet Macaw
Ara chloropterus,"Gray, GR, 1859",Red-and-green Macaw,Red-and-green Macaw
Eupsittula nana,"(Vigors, NA, 1830)",Olive-throated Parakeet,Olive-throated Parakeet
Eupsittula canicularis,"(Linnaeus, C, 1758)",Orange-fronted Parakeet,Orange-fronted Parakeet
Eupsittula aurea,"(Gmelin, JF, 1788)",Peach-fronted Parakeet,Peach-fronted Parakeet
Eupsittula pertinax,"(Linnaeus, C, 1758)",Brown-throated Parakeet,Brown-throated Parakeet
Eupsittula cactorum,"(Kuhl, H, 1820)",Caatinga Parakeet,Cactus Parakeet
Ognorhynchus icterotis,"(Massena, FV; de Souancé, C, 1854)",Yellow-eared Parrot,Yellow-eared Parrot
Leptosittaca branickii,"Berlepsch, HHCL; Sztolcman, JS, 1894",Golden-plumed Parakeet,Golden-plumed Parakeet
Thectocercus acuticaudatus,"(Vieillot, LJP, 1818)",Blue-crowned Parakeet,Blue-crowned Parakeet
Guaruba guarouba,"(Gmelin, JF, 1788)",Golden Parakeet,Golden Parakeet
Diopsittaca nobilis,"(Linnaeus, C, 1758)",Red-shouldered Macaw,Red-shouldered Macaw
Psittacara leucophthalmus,"(Müller, PLS, 1776)",White-eyed Parakeet,White-eyed Parakeet
Psittacara wagleri,"(Gray, GR, 1845)",Scarlet-fronted Parakeet,Scarlet-fronted Parakeet
Psittacara frontatus,"(Cabanis, JL, 1846)",Cordilleran Parakeet,Cordilleran Parakeet
Psittacara mitratus,"(Tschudi, JJ, 1844)",Mitred Parakeet,Mitred Parakeet
Psittacara euops,"(Wagler, JG, 1832)",Cuban Parakeet,Cuban Parakeet
Psittacara chloropterus,"de Souancé, C, 1856",Hispaniolan Parakeet,Hispaniolan Parakeet
Psittacara maugei,"de Souancé, C, 1856",Puerto Rican Parakeet,Puerto Rican Parakeet
Psittacara erythrogenys,"Lesson, RP, 1844",Red-masked Parakeet,Red-masked Parakeet
Psittacara holochlorus,"(Sclater, PL, 1859)",Green Parakeet,Green Parakeet
Psittacara brevipes,"(Lawrence, GN, 1871)",Socorro Parakeet,Socorro Parakeet
Psittacara strenuus,"(Ridgway, R, 1915)",Pacific Parakeet,Pacific Parakeet
Psittacara finschi,"(Salvin, O, 1871)",Finsch's Parakeet,Crimson-fronted Parakeet
Psittrichas fulgidus,"(Lesson, RP, 1830)",Pesquet's Parrot,Pesquet's Parrot
Coracopsis vasa,"(Shaw, G, 1812)",Greater Vasa Parrot,Greater Vasa Parrot
Coracopsis nigra,"(Linnaeus, C, 1758)",Lesser Vasa Parrot,Lesser Vasa Parrot
Coracopsis sibilans,"Milne-Edwards, A; Oustalet, J-FÉ, 1885",Comoro Black Parrot,Comoro Black Parrot
Coracopsis barklyi,"Newton, E, 1867",Seychelles Black Parrot,Seychelles Parrot
Micropsitta keiensis,"(Salvadori, AT, 1876)",Yellow-capped Pygmy Parrot,Yellow-capped Pygmy-Parrot
Micropsitta geelvinkiana,"(Schlegel, H, 1871)",Geelvink Pygmy Parrot,Geelvink Pygmy-Parrot
Micropsitta pusio,"(Sclater, PL, 1866)",Buff-faced Pygmy Parrot,Buff-faced Pygmy-Parrot
Micropsitta bruijnii,"(Salvadori, AT, 1875)",Red-breasted Pygmy Parrot,Red-breasted Pygmy-Parrot
Micropsitta meeki,"Rothschild, LW; Hartert, EJO, 1914",Meek's Pygmy Parrot,Meek's Pygmy-Parrot
Micropsitta finschii,"(Ramsay, EP, 1881)",Finsch's Pygmy Parrot,Finsch's Pygmy-Parrot
Alisterus scapularis,"(Lichtenstein, MHC, 1818)",Australian King Parrot,Australian King-Parrot
Alisterus amboinensis,"(Linnaeus, C, 1766)",Moluccan King Parrot,Moluccan King-Parrot
Alisterus chloropterus,"(Ramsay, EP, 1879)",Papuan King Parrot,Papuan King-Parrot
Aprosmictus erythropterus,"(Gmelin, JF, 1788)",Red-winged Parrot,Red-winged Parrot
Aprosmictus jonquillaceus,"(Vieillot, LJP, 1818)",Jonquil Parrot,Olive-shouldered Parrot
Polytelis swainsonii,"(Desmarest, A-G, 1826)",Superb Parrot,Superb Parrot
Polytelis anthopeplus,"(Lear, E, 1831)",Regent Parrot,Regent Parrot
Polytelis alexandrae,"Gould, J, 1863",Princess Parrot,Princess Parrot
Prioniturus mada,"Hartert, EJO, 1900",Buru Racket-tail,Buru Racquet-tail
Prioniturus platurus,"(Vieillot, LJP, 1818)",Golden-mantled Racket-tail,Golden-mantled Racquet-tail
Prioniturus waterstradti,"Rothschild, LW, 1904",Mindanao Racket-tail,Mindanao Racquet-tail
Prioniturus montanus,"Ogilvie-Grant, WR, 1895",Montane Racket-tail,Luzon Racquet-tail
Prioniturus platenae,"Blasius, W, 1888",Blue-headed Racket-tail,Blue-headed Racquet-tail
Prioniturus mindorensis,"Steere, JB, 1890",Mindoro Racket-tail,Mindoro Racquet-tail
Prioniturus verticalis,"Sharpe, RB, 1893",Blue-winged Racket-tail,Blue-winged Racquet-tail
Prioniturus flavicans,"Cassin, J, 1853",Yellow-breasted Racket-tail,Yellow-breasted Racquet-tail
Prioniturus luconensis,"Steere, JB, 1890",Green Racket-tail,Green Racquet-tail
Prioniturus discurus,"(Vieillot, LJP, 1822)",Blue-crowned Racket-tail,Blue-crowned Racquet-tail
Eclectus roratus,"(Müller, PLS, 1776)",Moluccan Eclectus,Moluccan Eclectus
Eclectus cornelia,"Bonaparte, CLJL, 1850",Sumba Eclectus,Sumba Eclectus
Eclectus riedeli,"Meyer, AB, 1882",Tanimbar Eclectus,Tanimbar Eclectus
Eclectus polychloros,"(Scopoli, GA, 1786)",Papuan Eclectus,Papuan Eclectus
Eclectus infectus,"Steadman, DW, 2006",Oceanic Eclectus,Oceanic Eclectus
Geoffroyus geoffroyi,"(Bechstein, JM, 1811)",Red-cheeked Parrot,Red-cheeked Parrot
Geoffroyus simplex,"(Meyer, AB, 1874)",Blue-collared Parrot,Blue-collared Parrot
Geoffroyus heteroclitus,"(Hombron, JB; Jacquinot, H, 1841)",Song Parrot,Singing Parrot
Psittinus abbotti,"Richmond, CW, 1902",Simeulue Parrot,Simeulue Parrot
Psittinus cyanurus,"(Forster, JR, 1795)",Blue-rumped Parrot,Blue-rumped Parrot
Mascarinus mascarinus,"(Linnaeus, C, 1771)",Mascarene Parrot,Mascarene Parrot
Lophopsittacus mauritianus,"(Owen, R, 1866)",Broad-billed Parrot,Broad-billed Parrot
Necropsittacus rodricanus,"(Milne-Edwards, A, 1867)",Rodrigues Parrot,Rodrigues Parrot
Tanygnathus gramineus,"(Gmelin, JF, 1788)",Black-lored Parrot,Black-lored Parrot
Tanygnathus megalorynchos,"(Boddaert, P, 1783)",Great-billed Parrot,Great-billed Parrot
Tanygnathus lucionensis,"(Linnaeus, C, 1766)",Blue-naped Parrot,Blue-naped Parrot
Tanygnathus everetti,"Tweeddale, A, 1877",Blue-backed Parrot,Blue-backed Parrot
Tanygnathus sumatranus,"(Raffles, TS, 1822)",Azure-rumped Parrot,Azure-rumped Parrot
Psittacula eupatria,"(Linnaeus, C, 1766)",Alexandrine Parakeet,Alexandrine Parakeet
Psittacula wardi,"(Newton, E, 1867)",Seychelles Parakeet,Seychelles Parakeet
Psittacula krameri,"(Scopoli, GA, 1769)",Rose-ringed Parakeet,Rose-ringed Parakeet
Psittacula eques,"(Boddaert, P, 1783)",Echo Parakeet,Echo Parakeet
Psittacula himalayana,"(Lesson, RP, 1832)",Slaty-headed Parakeet,Slaty-headed Parakeet
Psittacula finschii,"(Hume, AO, 1874)",Grey-headed Parakeet,Gray-headed Parakeet
Psittacula cyanocephala,"(Linnaeus, C, 1766)",Plum-headed Parakeet,Plum-headed Parakeet
Psittacula roseata,"Biswas, B, 1951",Blossom-headed Parakeet,Blossom-headed Parakeet
Psittacula columboides,"(Vigors, NA, 1830)",Blue-winged Parakeet,Malabar Parakeet
Psittacula calthrapae,"(Blyth, E, 1849)",Layard's Parakeet,Layard's Parakeet
Psittacula derbiana,"(Fraser, L, 1852)",Lord Derby's Parakeet,Derbyan Parakeet
Psittacula alexandri,"(Linnaeus, C, 1758)",Red-breasted Parakeet,Red-breasted Parakeet
Psittacula caniceps,"(Blyth, E, 1846)",Nicobar Parakeet,Nicobar Parakeet
Psittacula exsul,"(Newton, A, 1872)",Newton's Parakeet,Newton's Parakeet
Psittacula longicauda,"(Boddaert, P, 1783)",Long-tailed Parakeet,Long-tailed Parakeet
Psittacula bensoni,"(Holyoak, DT, 1973)",Mascarene Grey Parakeet,Mauritius Gray Parrot
Psittacella picta,"Rothschild, LW, 1896",Painted Tiger Parrot,Painted Tiger-Parrot
Psittacella brehmii,"Schlegel, H, 1871",Brehm's Tiger Parrot,Brehm's Tiger-Parrot
Psittacella modesta,"Schlegel, H, 1871",Modest Tiger Parrot,Modest Tiger-Parrot
Psittacella madaraszi,"Meyer, AB, 1886",Madarasz's Tiger Parrot,Madarasz's Tiger-Parrot
Pezoporus occidentalis,"(Gould, J, 1861)",Night Parrot,Night Parrot
Pezoporus wallicus,"(Kerr, R, 1792)",Ground Parrot,Ground Parrot
Neopsephotus bourkii,"(Gould, J, 1841)",Bourke's Parrot,Bourke's Parrot
Neophema chrysostoma,"(Kuhl, H, 1820)",Blue-winged Parrot,Blue-winged Parrot
Neophema elegans,"(Gould, J, 1837)",Elegant Parrot,Elegant Parrot
Neophema petrophila,"(Gould, J, 1841)",Rock Parrot,Rock Parrot
Neophema chrysogaster,"(Latham, J, 1790)",Orange-bellied Parrot,Orange-bellied Parrot
Neophema pulchella,"(Shaw, G, 1792)",Turquoise Parrot,Turquoise Parrot
Neophema splendida,"(Gould, J, 1841)",Scarlet-chested Parrot,Scarlet-chested Parrot
Lathamus discolor,"(Shaw, G, 1790)",Swift Parrot,Swift Parrot
Prosopeia splendens,"(Peale, TR, 1849)",Crimson Shining Parrot,Crimson Shining-Parrot
Prosopeia tabuensis,"(Gmelin, JF, 1788)",Maroon Shining Parrot,Red Shining-Parrot
Prosopeia personata,"(Gray, GR, 1848)",Masked Shining Parrot,Masked Shining-Parrot
Eunymphicus cornutus,"(Gmelin, JF, 1788)",Horned Parakeet,Horned Parakeet
Eunymphicus uvaeensis,"(Layard, EL; Layard, ELC, 1882)",Ouvea Parakeet,Ouvea Parakeet
Cyanoramphus ulietanus,"(Gmelin, JF, 1788)",Raiatea Parakeet,Raiatea Parakeet
Cyanoramphus zealandicus,"(Latham, J, 1790)",Black-fronted Parakeet,Black-fronted Parakeet
Cyanoramphus unicolor,"(Lear, E, 1831)",Antipodes Parakeet,Antipodes Parakeet
Cyanoramphus novaezelandiae,"(Sparrman, A, 1787)",Red-crowned Parakeet,Red-crowned Parakeet
Cyanoramphus saisseti,"Verreaux, JP; des Murs, MAPO, 1860",New Caledonian Parakeet,New Caledonian Parakeet
Cyanoramphus cookii,"(Gray, GR, 1859)",Norfolk Parakeet,Norfolk Island Parakeet
Cyanoramphus auriceps,"(Kuhl, H, 1820)",Yellow-crowned Parakeet,Yellow-crowned Parakeet
Cyanoramphus forbesi,"Rothschild, LW, 1893",Chatham Islands Parakeet,Chatham Islands Parakeet
Cyanoramphus malherbi,"de Souancé, C, 1857",Malherbe's Parakeet,
Barnardius zonarius,"(Shaw, G, 1805)",Australian Ringneck,Australian Ringneck
Platycercus caledonicus,"(Gmelin, JF, 1788)",Green Rosella,Green Rosella
Platycercus elegans,"(Gmelin, JF, 1788)",Crimson Rosella,Crimson Rosella
Platycercus venustus,"(Kuhl, H, 1820)",Northern Rosella,Northern Rosella
Platycercus eximius,"(Shaw, G, 1792)",Eastern Rosella,Eastern Rosella
Platycercus adscitus,"(Latham, J, 1790)",Pale-headed Rosella,Pale-headed Rosella
Platycercus icterotis,"(Temminck, CJ; Kuhl, H, 1820)",Western Rosella,Western Rosella
Psephotus haematonotus,"(Gould, J, 1838)",Red-rumped Parrot,Red-rumped Parrot
Northiella narethae,"(White, HL, 1921)",Naretha Bluebonnet,Naretha Bluebonnet
Northiella haematogaster,"(Gould, J, 1838)",Eastern Bluebonnet,Greater Bluebonnet
Purpureicephalus spurius,"(Kuhl, H, 1820)",Red-capped Parrot,Red-capped Parrot
Psephotellus varius,"(Clark, AH, 1910)",Mulga Parrot,Mulga Parrot
Psephotellus dissimilis,"(Collett, R, 1898)",Hooded Parrot,Hooded Parrot
Psephotellus chrysopterygius,"(Gould, J, 1858)",Golden-shouldered Parrot,Golden-shouldered Parrot
Psephotellus pulcherrimus,"(Gould, J, 1845)",Paradise Parrot,Paradise Parrot
Bolbopsittacus lunulatus,"(Scopoli, GA, 1786)",Guaiabero,Guaiabero
Agapornis swindernianus,"(Kuhl, H, 1820)",Black-collared Lovebird,Black-collared Lovebird
Agapornis canus,"(Gmelin, JF, 1788)",Grey-headed Lovebird,Gray-headed Lovebird
Agapornis pullarius,"(Linnaeus, C, 1758)",Red-headed Lovebird,Red-headed Lovebird
Agapornis taranta,"(Stanley, ES, 1814)",Black-winged Lovebird,Black-winged Lovebird
Agapornis roseicollis,"(Vieillot, LJP, 1818)",Rosy-faced Lovebird,Rosy-faced Lovebird
Agapornis fischeri,"Reichenow, A, 1887",Fischer's Lovebird,Fischer's Lovebird
Agapornis personatus,"Reichenow, A, 1887",Yellow-collared Lovebird,Yellow-collared Lovebird
Agapornis lilianae,"Shelley, GE, 1894",Lilian's Lovebird,Lilian's Lovebird
Agapornis nigrigenis,"Sclater, WL, 1906",Black-cheeked Lovebird,Black-cheeked Lovebird
Loriculus vernalis,"(Sparrman, A, 1787)",Vernal Hanging Parrot,Vernal Hanging-Parrot
Loriculus beryllinus,"(Pennant, T, 1781)",Sri Lanka Hanging Parrot,Sri Lanka Hanging-Parrot
Loriculus philippensis,"(Müller, PLS, 1776)",Philippine Hanging Parrot,Philippine Hanging-Parrot
Loriculus camiguinensis,"Tello, JG; Degner, JF; Bates, JM; Willard, DE, 2006",Camiguin Hanging Parrot,Camiguin Hanging-Parrot
Loriculus bonapartei,"de Souancé, C, 1856",Black-billed Hanging Parrot,Black-billed Hanging-Parrot
Loriculus galgulus,"(Linnaeus, C, 1758)",Blue-crowned Hanging Parrot,Blue-crowned Hanging-Parrot
Loriculus stigmatus,"(Müller, S, 1843)",Great Hanging Parrot,Sulawesi Hanging-Parrot
Loriculus sclateri,"Wallace, AR, 1863",Sula Hanging Parrot,Sula Hanging-Parrot
Loriculus amabilis,"Wallace, AR, 1862",Moluccan Hanging Parrot,Moluccan Hanging-Parrot
Loriculus catamene,"Schlegel, H, 1871",Sangihe Hanging Parrot,Sangihe Hanging-Parrot
Loriculus aurantiifrons,"Schlegel, H, 1871",Orange-fronted Hanging Parrot,Papuan Hanging-Parrot
Loriculus tener,"Sclater, PL, 1877",Bismarck Hanging Parrot,Green-fronted Hanging-Parrot
Loriculus exilis,"Schlegel, H, 1866",Pygmy Hanging Parrot,Pygmy Hanging-Parrot
Loriculus pusillus,"Gray, GR, 1859",Yellow-throated Hanging Parrot,Yellow-throated Hanging-Parrot
Loriculus flosculus,"Wallace, AR, 1864",Wallace's Hanging Parrot,Wallace's Hanging-Parrot
Nannopsittacus melanogenia,"(Rosenberg, KBH, 1866)",Dusky-cheeked Fig Parrot,Dusky-cheeked Fig-Parrot
Nannopsittacus gulielmitertii,"(Schlegel, H, 1866)",Blue-fronted Fig Parrot,Blue-fronted Fig-Parrot
Nannopsittacus nigrifrons,"(Reichenow, A, 1891)",Black-fronted Fig Parrot,Black-fronted Fig-Parrot
Cyclopsitta diophthalma,"(Hombron, JB; Jacquinot, H, 1841)",Double-eyed Fig Parrot,Double-eyed Fig-Parrot
Cyclopsitta desmarestii,"(Desmarest, A-G, 1826)",Large Fig Parrot,Large Fig-Parrot
Cyclopsitta edwardsii,"(Oustalet, J-FÉ, 1885)",Edwards's Fig Parrot,Edwards's Fig-Parrot
Cyclopsitta salvadorii,"(Oustalet, J-FÉ, 1880)",Salvadori's Fig Parrot,Salvadori's Fig-Parrot
Melopsittacus undulatus,"(Shaw, G, 1805)",Budgerigar,Budgerigar
Oreopsittacus arfaki,"(Meyer, AB, 1874)",Plum-faced Lorikeet,Plum-faced Lorikeet
Charminetta wilhelminae,"(Meyer, AB, 1874)",Pygmy Lorikeet,Pygmy Lorikeet
Hypocharmosyna rubronotata,"(Wallace, AR, 1862)",Red-fronted Lorikeet,Red-fronted Lorikeet
Hypocharmosyna placentis,"(Temminck, CJ, 1835)",Red-flanked Lorikeet,Red-flanked Lorikeet
Charmosynopsis toxopei,"(Siebers, HC, 1930)",Blue-fronted Lorikeet,Blue-fronted Lorikeet
Charmosynopsis pulchella,"(Gray, GR, 1859)",Fairy Lorikeet,Fairy Lorikeet
Charmosyna multistriata,"(Rothschild, LW, 1911)",Striated Lorikeet,Striated Lorikeet
Charmosyna josefinae,"(Finsch, FHO, 1873)",Josephine's Lorikeet,Josephine's Lorikeet
Charmosyna papou,"(Scopoli, GA, 1786)",West Papuan Lorikeet,West Papuan Lorikeet
Charmosyna stellae,"Meyer, AB, 1886",Stella's Lorikeet,Stella's Lorikeet
Vini margarethae,"(Tristram, HB, 1879)",Duchess Lorikeet,Duchess Lorikeet
Vini meeki,"(Rothschild, LW; Hartert, EJO, 1901)",Meek's Lorikeet,Meek's Lorikeet
Vini diadema,"(Verreaux, JP; des Murs, MAPO, 1860)",New Caledonian Lorikeet,New Caledonian Lorikeet
Vini rubrigularis,"(Sclater, PL, 1881)",Red-chinned Lorikeet,Red-chinned Lorikeet
Vini palmarum,"(Gmelin, JF, 1788)",Palm Lorikeet,Palm Lorikeet
Vini amabilis,"(Ramsay, EP, 1875)",Red-throated Lorikeet,Red-throated Lorikeet
Vini solitaria,"(Suckow, GA, 1800)",Collared Lory,Collared Lory
Vini australis,"(Gmelin, JF, 1788)",Blue-crowned Lorikeet,Blue-crowned Lorikeet
Vini ultramarina,"(Kuhl, H, 1820)",Ultramarine Lorikeet,Ultramarine Lorikeet
Vini stepheni,"(North, AJ, 1908)",Stephen's Lorikeet,Stephen's Lorikeet
Vini kuhlii,"(Vigors, NA, 1824)",Kuhl's Lorikeet,Kuhl's Lorikeet
Vini peruviana,"(Müller, PLS, 1776)",Blue Lorikeet,Blue Lorikeet
Neopsittacus musschenbroekii,"(Schlegel, H, 1871)",Yellow-billed Lorikeet,Yellow-billed Lorikeet
Neopsittacus pullicauda,"Hartert, EJO, 1896",Orange-billed Lorikeet,Orange-billed Lorikeet
Lorius albidinucha,"(Rothschild, LW; Hartert, EJO, 1924)",White-naped Lory,White-naped Lory
Lorius chlorocercus,"Gould, J, 1856",Yellow-bibbed Lory,Yellow-bibbed Lory
Lorius garrulus,"(Linnaeus, C, 1758)",Chattering Lory,Chattering Lory
Lorius domicella,"(Linnaeus, C, 1758)",Purple-naped Lory,Purple-naped Lory
Lorius hypoinochrous,"Gray, GR, 1859",Purple-bellied Lory,Purple-bellied Lory
Lorius lory,"(Linnaeus, C, 1758)",Black-capped Lory,Black-capped Lory
Psitteuteles versicolor,"(Lear, E, 1831)",Varied Lorikeet,Varied Lorikeet
Parvipsitta pusilla,"(Shaw, G, 1790)",Little Lorikeet,Little Lorikeet
Parvipsitta porphyrocephala,"(Dietrichsen, L, 1837)",Purple-crowned Lorikeet,Purple-crowned Lorikeet
Chalcopsitta fuscata,"(Blyth, E, 1858)",Dusky Lory,Dusky Lory
Chalcopsitta cardinalis,"(Gray, GR, 1849)",Cardinal Lory,Cardinal Lory
Chalcopsitta duivenbodei,"Dubois, AJC, 1884",Brown Lory,Brown Lory
Chalcopsitta atra,"(Scopoli, GA, 1786)",Black Lory,Black Lory
Chalcopsitta scintillata,"(Temminck, CJ, 1835)",Yellow-streaked Lory,Yellow-streaked Lory
Glossoptilus goldiei,"(Sharpe, RB, 1882)",Goldie's Lorikeet,Goldie's Lorikeet
Trichoglossus concinnus,"(Shaw, G, 1791)",Musk Lorikeet,Musk Lorikeet
Trichoglossus johnstoniae,"Hartert, EJO, 1903",Mindanao Lorikeet,Mindanao Lorikeet
Trichoglossus iris,"(Temminck, CJ, 1835)",Iris Lorikeet,Iris Lorikeet
Trichoglossus ornatus,"(Linnaeus, C, 1758)",Ornate Lorikeet,Ornate Lorikeet
Trichoglossus meyeri,"Walden, A, 1871",Yellow-cheeked Lorikeet,Yellow-cheeked Lorikeet
Trichoglossus flavoviridis,"Wallace, AR, 1863",Sula Lorikeet,Sula Lorikeet
Trichoglossus reticulatus,"(Müller, S, 1841)",Blue-streaked Lory,Blue-streaked Lory
Trichoglossus semilarvatus,"(Bonaparte, CLJL, 1850)",Blue-eared Lory,Blue-eared Lory
Trichoglossus borneus,"(Linnaeus, C, 1758)",Red Lory,Red Lory
Trichoglossus cyanogenius,"(Bonaparte, CLJL, 1850)",Black-winged Lory,Black-winged Lory
Trichoglossus histrio,"(Müller, PLS, 1776)",Red-and-blue Lory,Red-and-blue Lory
Trichoglossus squamatus,"(Boddaert, P, 1783)",Violet-necked Lory,Violet-necked Lory
Trichoglossus rubiginosus,"(Bonaparte, CLJL, 1850)",Pohnpei Lorikeet,Pohnpei Lorikeet
Trichoglossus chlorolepidotus,"(Kuhl, H, 1820)",Scaly-breasted Lorikeet,Scaly-breasted Lorikeet
Trichoglossus haematodus,"(Linnaeus, C, 1771)",Coconut Lorikeet,Coconut Lorikeet
Trichoglossus rosenbergii,"Schlegel, H, 1871",Biak Lorikeet,Biak Lorikeet
Trichoglossus moluccanus,"(Gmelin, JF, 1788)",Rainbow Lorikeet,Rainbow Lorikeet
Trichoglossus rubritorquis,"Vigors, NA; Horsfield, T, 1827",Red-collared Lorikeet,Red-collared Lorikeet
Trichoglossus euteles,"(Temminck, CJ, 1835)",Olive-headed Lorikeet,Olive-headed Lorikeet
Trichoglossus capistratus,"(Bechstein, JM, 1811)",Marigold Lorikeet,Marigold Lorikeet
Trichoglossus weberi,"(Büttikofer, J, 1894)",Leaf Lorikeet,Leaf Lorikeet
Trichoglossus forsteni,"Bonaparte, CLJL, 1850",Sunset Lorikeet,Sunset Lorikeet
Traversia lyalli,"Rothschild, LW, 1894",Lyall's Wren,Stephens Island Wren
Acanthisitta chloris,"(Sparrman, A, 1787)",Rifleman,Rifleman
Xenicus gilviventris,"Pelzeln, A, 1867",New Zealand Rockwren,South Island Wren
Xenicus longipes,"(Gmelin, JF, 1789)",Bushwren,Bush Wren
Philepitta castanea,"(Müller, PLS, 1776)",Velvet Asity,Velvet Asity
Philepitta schlegeli,"Schlegel, H, 1867",Schlegel's Asity,Schlegel's Asity
Neodrepanis coruscans,"Sharpe, RB, 1875",Common Sunbird-Asity,Common Sunbird-Asity
Neodrepanis hypoxantha,"Salomonsen, F, 1933",Yellow-bellied Sunbird-Asity,Yellow-bellied Sunbird-Asity
Pseudocalyptomena graueri,"Rothschild, LW, 1909",Grauer's Broadbill,Grauer's Broadbill
Corydon sumatranus,"(Raffles, TS, 1822)",Dusky Broadbill,Dusky Broadbill
Psarisomus dalhousiae,"(Jameson, R, 1835)",Long-tailed Broadbill,Long-tailed Broadbill
Sarcophanops steerii,"(Sharpe, RB, 1876)",Wattled Broadbill,Wattled Broadbill
Sarcophanops samarensis,"Steere, JB, 1890",Visayan Broadbill,Visayan Broadbill
Eurylaimus ochromalus,"Raffles, TS, 1822",Black-and-yellow Broadbill,Black-and-yellow Broadbill
Eurylaimus javanicus,"Horsfield, T, 1821",Banded Broadbill,Banded Broadbill
Cymbirhynchus macrorhynchos,"(Gmelin, JF, 1788)",Black-and-red Broadbill,Black-and-red Broadbill
Serilophus rubropygius,"(Hodgson, BH, 1839)",Grey-lored Broadbill,Gray-lored Broadbill
Serilophus lunatus,"(Gould, J, 1834)",Silver-breasted Broadbill,Silver-breasted Broadbill
Calyptomena viridis,"Raffles, TS, 1822",Green Broadbill,Green Broadbill
Calyptomena hosii,"Sharpe, RB, 1892",Hose's Broadbill,Hose's Broadbill
Calyptomena whiteheadi,"Sharpe, RB, 1887",Whitehead's Broadbill,Whitehead's Broadbill
Smithornis capensis,"(Smith, A, 1839)",African Broadbill,African Broadbill
Smithornis sharpei,"Alexander, B, 1903",Grey-headed Broadbill,Gray-headed Broadbill
Smithornis rufolateralis,"Gray, GR, 1864",Rufous-sided Broadbill,Rufous-sided Broadbill
Sapayoa aenigma,"Hartert, EJO, 1903",Sapayoa,Sapayoa
Erythropitta kochi,"(Brüggemann, F, 1876)",Whiskered Pitta,Whiskered Pitta
Erythropitta erythrogaster,"(Temminck, CJ, 1823)",Philippine Pitta,Philippine Pitta
Erythropitta dohertyi,"(Rothschild, LW, 1898)",Sula Pitta,Sula Pitta
Erythropitta celebensis,"(Müller, S; Schlegel, H, 1845)",Sulawesi Pitta,Sulawesi Pitta
Erythropitta rufiventris,"(Heine, F, 1860)",North Moluccan Pitta,North Moluccan Pitta
Erythropitta rubrinucha,"(Wallace, AR, 1862)",South Moluccan Pitta,South Moluccan Pitta
Erythropitta macklotii,"(Temminck, CJ, 1834)",Papuan Pitta,Papuan Pitta
Erythropitta novaehibernicae,"(Ramsay, EP, 1878)",Bismarck Pitta,Bismarck Pitta
Erythropitta meeki,"(Rothschild, LW, 1898)",Louisiade Pitta,Louisiade Pitta
Erythropitta venusta,"(Müller, S, 1836)",Graceful Pitta,Graceful Pitta
Erythropitta ussheri,"(Gould, J, 1877)",Black-crowned Pitta,Black-crowned Pitta
Erythropitta arquata,"(Gould, J, 1871)",Blue-banded Pitta,Blue-banded Pitta
Erythropitta granatina,"(Temminck, CJ, 1830)",Garnet Pitta,Garnet Pitta
Hydrornis phayrei,"(Blyth, E, 1862)",Eared Pitta,Eared Pitta
Hydrornis oatesi,"Hume, AO, 1873",Rusty-naped Pitta,Rusty-naped Pitta
Hydrornis nipalensis,"(Hodgson, BH, 1837)",Blue-naped Pitta,Blue-naped Pitta
Hydrornis soror,"(Wardlaw-Ramsay, RG, 1881)",Blue-rumped Pitta,Blue-rumped Pitta
Hydrornis caeruleus,"(Raffles, TS, 1822)",Giant Pitta,Giant Pitta
Hydrornis schneideri,"(Hartert, EJO, 1909)",Schneider's Pitta,Schneider's Pitta
Hydrornis irena,"(Temminck, CJ, 1836)",Malayan Banded Pitta,Malayan Banded-Pitta
Hydrornis guajanus,"(Müller, PLS, 1776)",Javan Banded Pitta,Javan Banded-Pitta
Hydrornis schwaneri,"(Bonaparte, CLJL, 1850)",Bornean Banded Pitta,Bornean Banded-Pitta
Hydrornis baudii,"(Müller, S; Schlegel, H, 1839)",Blue-headed Pitta,Blue-headed Pitta
Hydrornis cyaneus,"(Blyth, E, 1843)",Blue Pitta,Blue Pitta
Hydrornis elliotii,"(Oustalet, J-FÉ, 1874)",Bar-bellied Pitta,Bar-bellied Pitta
Hydrornis gurneyi,"(Hume, AO, 1875)",Gurney's Pitta,Gurney's Pitta
Pitta angolensis,"Vieillot, LJP, 1816",African Pitta,African Pitta
Pitta reichenowi,"Madarász, G, 1901",Green-breasted Pitta,Green-breasted Pitta
Pitta brachyura,"(Linnaeus, C, 1766)",Indian Pitta,Indian Pitta
Pitta moluccensis,"(Müller, PLS, 1776)",Blue-winged Pitta,Blue-winged Pitta
Pitta nympha,"Temminck, CJ; Schlegel, H, 1850",Fairy Pitta,Fairy Pitta
Pitta abbotti,"Richmond, CW, 1902",Nicobar Hooded Pitta,Nicobar Hooded Pitta
Pitta sordida,"(Müller, PLS, 1776)",Western Hooded Pitta,Western Hooded Pitta
Pitta forsteni,"(Bonaparte, CLJL, 1850)",Minahasa Hooded Pitta,Minahasa Hooded Pitta
Pitta novaeguineae,"Müller, S; Schlegel, H, 1845",Eastern Hooded Pitta,Eastern Hooded Pitta
Pitta rosenbergii,"Schlegel, H, 1871",Biak Hooded Pitta,Biak Hooded Pitta
Pitta steerii,"(Sharpe, RB, 1876)",Azure-breasted Pitta,Azure-breasted Pitta
Pitta versicolor,"Swainson, WJ, 1825",Noisy Pitta,Noisy Pitta
Pitta maxima,"Müller, S; Schlegel, H, 1845",Ivory-breasted Pitta,Ivory-breasted Pitta
Pitta concinna,"Gould, J, 1857",Ornate Pitta,Ornate Pitta
Pitta elegans,"Temminck, CJ, 1836",Elegant Pitta,Elegant Pitta
Pitta vigorsii,"Gould, J, 1838",Banda Sea Pitta,Banda Sea Pitta
Pitta anerythra,"Rothschild, LW, 1901",Black-faced Pitta,Black-faced Pitta
Pitta megarhyncha,"Schlegel, H, 1863",Mangrove Pitta,Mangrove Pitta
Pitta superba,"Rothschild, LW; Hartert, EJO, 1914",Superb Pitta,Superb Pitta
Pitta iris,"Gould, J, 1842",Rainbow Pitta,Rainbow Pitta
Tyranneutes virescens,"(Pelzeln, A, 1868)",Tiny Tyrant-Manakin,Tiny Tyrant-Manakin
Tyranneutes stolzmanni,"(Hellmayr, CE, 1906)",Dwarf Tyrant-Manakin,Dwarf Tyrant-Manakin
Neopelma pallescens,"(de Lafresnaye, NFAA, 1853)",Pale-bellied Tyrant-Manakin,Pale-bellied Tyrant-Manakin
Neopelma chrysocephalum,"(Pelzeln, A, 1868)",Saffron-crested Tyrant-Manakin,Saffron-crested Tyrant-Manakin
Neopelma aurifrons,"(Wied-Neuwied, M, 1831)",Wied's Tyrant-Manakin,Wied's Tyrant-Manakin
Neopelma chrysolophum,"Pinto, OMO, 1944",Serra do Mar Tyrant-Manakin,Serra do Mar Tyrant-Manakin
Neopelma sulphureiventer,"(Hellmayr, CE, 1903)",Sulphur-bellied Tyrant-Manakin,Sulphur-bellied Tyrant-Manakin
Ilicura militaris,"(Shaw, G, 1809)",Pin-tailed Manakin,Pin-tailed Manakin
Masius chrysopterus,"(de Lafresnaye, NFAA, 1843)",Golden-winged Manakin,Golden-winged Manakin
Corapipo altera,"Hellmayr, CE, 1906",White-ruffed Manakin,White-ruffed Manakin
Corapipo leucorrhoa,"(Sclater, PL, 1863)",White-bibbed Manakin,White-bibbed Manakin
Corapipo gutturalis,"(Linnaeus, C, 1766)",White-throated Manakin,White-throated Manakin
Chiroxiphia bokermanni,"(Coelho, G; Silva, WAG, 1998)",Araripe Manakin,Araripe Manakin
Chiroxiphia galeata,"(Lichtenstein, MHC, 1823)",Helmeted Manakin,Helmeted Manakin
Chiroxiphia lanceolata,"(Wagler, JG, 1830)",Lance-tailed Manakin,Lance-tailed Manakin
Chiroxiphia linearis,"(Bonaparte, CLJL, 1838)",Long-tailed Manakin,Long-tailed Manakin
Chiroxiphia pareola,"(Linnaeus, C, 1766)",Blue-backed Manakin,Blue-backed Manakin
Chiroxiphia boliviana,"Allen, JA, 1889",Yungas Manakin,Yungas Manakin
Chiroxiphia caudata,"(Shaw, G, 1793)",Blue Manakin,Swallow-tailed Manakin
Xenopipo atronitens,"Cabanis, JL, 1847",Black Manakin,Black Manakin
Xenopipo uniformis,"(Salvin, O; Godman, FD, 1884)",Olive Manakin,Olive Manakin
Chloropipo flavicapilla,"(Sclater, PL, 1852)",Yellow-headed Manakin,Yellow-headed Manakin
Chloropipo unicolor,"Taczanowski, W, 1884",Jet Manakin,Jet Manakin
Cryptopipo holochlora,"(Sclater, PL, 1888)",Green Manakin,Green Manakin
Cryptopipo litae,"(Hellmayr, CE, 1906)",Choco Manakin,Choco Manakin
Lepidothrix velutina,"(Berlepsch, HHCL, 1883)",Velvety Manakin,Velvety Manakin
Lepidothrix coronata,"(Spix, JB, 1825)",Blue-capped Manakin,Blue-capped Manakin
Lepidothrix nattereri,"(Sclater, PL, 1865)",Snow-capped Manakin,Snow-capped Manakin
Lepidothrix vilasboasi,"(Sick, H, 1959)",Golden-crowned Manakin,Golden-crowned Manakin
Lepidothrix iris,"(Schinz, HR, 1851)",Opal-crowned Manakin,Opal-crowned Manakin
Lepidothrix suavissima,"(Salvin, O; Godman, FD, 1882)",Orange-bellied Manakin,Orange-bellied Manakin
Lepidothrix serena,"(Linnaeus, C, 1766)",White-fronted Manakin,White-fronted Manakin
Lepidothrix isidorei,"(Sclater, PL, 1852)",Blue-rumped Manakin,Blue-rumped Manakin
Lepidothrix coeruleocapilla,"(Tschudi, JJ, 1844)",Cerulean-capped Manakin,Cerulean-capped Manakin
Heterocercus aurantiivertex,"Sclater, PL; Salvin, O, 1880",Orange-crested Manakin,Orange-crowned Manakin
Heterocercus flavivertex,"Pelzeln, A, 1868",Yellow-crested Manakin,Yellow-crowned Manakin
Heterocercus linteatus,"(Strickland, HE, 1850)",Flame-crested Manakin,Flame-crowned Manakin
Manacus candei,"(Parzudaki, C, 1841)",White-collared Manakin,White-collared Manakin
Manacus aurantiacus,"(Salvin, O, 1870)",Orange-collared Manakin,Orange-collared Manakin
Manacus vitellinus,"(Gould, J, 1843)",Golden-collared Manakin,Golden-collared Manakin
Manacus manacus,"(Linnaeus, C, 1766)",White-bearded Manakin,White-bearded Manakin
Pipra aureola,"(Linnaeus, C, 1758)",Crimson-hooded Manakin,Crimson-hooded Manakin
Pipra filicauda,"Spix, JB, 1825",Wire-tailed Manakin,Wire-tailed Manakin
Pipra fasciicauda,"Hellmayr, CE, 1906",Band-tailed Manakin,Band-tailed Manakin
Machaeropterus deliciosus,"(Sclater, PL, 1860)",Club-winged Manakin,Club-winged Manakin
Machaeropterus striolatus,"(Bonaparte, CLJL, 1838)",Striolated Manakin,Striolated Manakin
Machaeropterus eckelberryi,"Lane, DF; Kratter, AW; O'Neill, JP, 2017",Painted Manakin,Painted Manakin
Machaeropterus regulus,"(Hahn, CW, 1819)",Kinglet Manakin,Kinglet Manakin
Machaeropterus pyrocephalus,"(Sclater, PL, 1852)",Fiery-capped Manakin,Fiery-capped Manakin
Pseudopipra pipra,"(Linnaeus, C, 1758)",White-crowned Manakin,White-crowned Manakin
Ceratopipra cornuta,"(Spix, JB, 1825)",Scarlet-horned Manakin,Scarlet-horned Manakin
Ceratopipra mentalis,"(Sclater, PL, 1857)",Red-capped Manakin,Red-capped Manakin
Ceratopipra erythrocephala,"(Linnaeus, C, 1758)",Golden-headed Manakin,Golden-headed Manakin
Ceratopipra rubrocapilla,"(Temminck, CJ, 1821)",Red-headed Manakin,Red-headed Manakin
Ceratopipra chloromeros,"(Tschudi, JJ, 1844)",Round-tailed Manakin,Round-tailed Manakin
Ampelioides tschudii,"(Gray, GR, 1846)",Scaled Fruiteater,Scaled Fruiteater
Pipreola riefferii,"(Boissonneau, A, 1840)",Green-and-black Fruiteater,Green-and-black Fruiteater
Pipreola intermedia,"Taczanowski, W, 1884",Band-tailed Fruiteater,Band-tailed Fruiteater
Pipreola arcuata,"(de Lafresnaye, NFAA, 1843)",Barred Fruiteater,Barred Fruiteater
Pipreola aureopectus,"(de Lafresnaye, NFAA, 1843)",Golden-breasted Fruiteater,Golden-breasted Fruiteater
Pipreola jucunda,"Sclater, PL, 1860",Orange-breasted Fruiteater,Orange-breasted Fruiteater
Pipreola lubomirskii,"Taczanowski, W, 1879",Black-chested Fruiteater,Black-chested Fruiteater
Pipreola pulchra,"(Hellmayr, CE, 1917)",Masked Fruiteater,Masked Fruiteater
Pipreola frontalis,"(Sclater, PL, 1859)",Scarlet-breasted Fruiteater,Scarlet-breasted Fruiteater
Pipreola chlorolepidota,"Swainson, WJ, 1838",Fiery-throated Fruiteater,Fiery-throated Fruiteater
Pipreola formosa,"(Hartlaub, KJG, 1849)",Handsome Fruiteater,Handsome Fruiteater
Pipreola whitelyi,"Salvin, O; Godman, FD, 1884",Red-banded Fruiteater,Red-banded Fruiteater
Carpornis melanocephala,"(Wied-Neuwied, M, 1820)",Black-headed Berryeater,Black-headed Berryeater
Carpornis cucullata,"(Swainson, WJ, 1821)",Hooded Berryeater,Hooded Berryeater
Snowornis subalaris,"(Sclater, PL, 1861)",Grey-tailed Piha,Gray-tailed Piha
Snowornis cryptolophus,"(Sclater, PL; Salvin, O, 1877)",Olivaceous Piha,Olivaceous Piha
Phoenicircus carnifex,"(Linnaeus, C, 1758)",Guianan Red Cotinga,Guianan Red-Cotinga
Phoenicircus nigricollis,"Swainson, WJ, 1832",Black-necked Red Cotinga,Black-necked Red-Cotinga
Rupicola rupicola,"(Linnaeus, C, 1766)",Guianan Cock-of-the-rock,Guianan Cock-of-the-rock
Rupicola peruvianus,"(Latham, J, 1790)",Andean Cock-of-the-rock,Andean Cock-of-the-rock
Zaratornis stresemanni,"Koepcke, M, 1954",White-cheeked Cotinga,White-cheeked Cotinga
Phibalura flavirostris,"Vieillot, LJP, 1816",Swallow-tailed Cotinga,Swallow-tailed Cotinga
Phytotoma raimondii,"Taczanowski, W, 1883",Peruvian Plantcutter,Peruvian Plantcutter
Phytotoma rutila,"Vieillot, LJP, 1818",White-tipped Plantcutter,White-tipped Plantcutter
Phytotoma rara,"Molina, GI, 1782",Rufous-tailed Plantcutter,Rufous-tailed Plantcutter
Doliornis sclateri,"Taczanowski, W, 1874",Bay-vented Cotinga,Bay-vented Cotinga
Doliornis remseni,"Robbins, MB; Rosenberg, GH; Sornoza-Molina, F, 1994",Chestnut-bellied Cotinga,Chestnut-bellied Cotinga
Ampelion rubrocristatus,"(d'Orbigny, ACVMD; de Lafresnaye, NFAA, 1837)",Red-crested Cotinga,Red-crested Cotinga
Ampelion rufaxilla,"(Tschudi, JJ, 1844)",Chestnut-crested Cotinga,Chestnut-crested Cotinga
Haematoderus militaris,"(Shaw, G, 1792)",Crimson Fruitcrow,Crimson Fruitcrow
Querula purpurata,"(Müller, PLS, 1776)",Purple-throated Fruitcrow,Purple-throated Fruitcrow
Pyroderus scutatus,"(Shaw, G, 1792)",Red-ruffed Fruitcrow,Red-ruffed Fruitcrow
Perissocephalus tricolor,"(Müller, PLS, 1776)",Capuchinbird,Capuchinbird
Cephalopterus glabricollis,"Gould, J, 1851",Bare-necked Umbrellabird,Bare-necked Umbrellabird
Cephalopterus ornatus,"Geoffroy Saint-Hilaire, É, 1809",Amazonian Umbrellabird,Amazonian Umbrellabird
Cephalopterus penduliger,"Sclater, PL, 1859",Long-wattled Umbrellabird,Long-wattled Umbrellabird
Porphyrolaema porphyrolaema,"(Deville, É; Sclater, PL, 1852)",Purple-throated Cotinga,Purple-throated Cotinga
Gymnoderus foetidus,"(Linnaeus, C, 1758)",Bare-necked Fruitcrow,Bare-necked Fruitcrow
Conioptilon mcilhennyi,"Lowery, GH; O'Neill, JP, 1966",Black-faced Cotinga,Black-faced Cotinga
Xipholena punicea,"(Pallas, PS, 1764)",Pompadour Cotinga,Pompadour Cotinga
Xipholena lamellipennis,"(de Lafresnaye, NFAA, 1839)",White-tailed Cotinga,White-tailed Cotinga
Xipholena atropurpurea,"(Wied-Neuwied, M, 1820)",White-winged Cotinga,White-winged Cotinga
Carpodectes hopkei,"Berlepsch, HHCL, 1897",Black-tipped Cotinga,Black-tipped Cotinga
Carpodectes antoniae,"Ridgway, R, 1884",Yellow-billed Cotinga,Yellow-billed Cotinga
Carpodectes nitidus,"Salvin, O, 1865",Snowy Cotinga,Snowy Cotinga
Cotinga amabilis,"Gould, J, 1857",Lovely Cotinga,Lovely Cotinga
Cotinga ridgwayi,"Ridgway, R, 1887",Turquoise Cotinga,Turquoise Cotinga
Cotinga nattererii,"(Boissonneau, A, 1840)",Blue Cotinga,Blue Cotinga
Cotinga maynana,"(Linnaeus, C, 1766)",Plum-throated Cotinga,Plum-throated Cotinga
Cotinga cotinga,"(Linnaeus, C, 1766)",Purple-breasted Cotinga,Purple-breasted Cotinga
Cotinga maculata,"(Müller, PLS, 1776)",Banded Cotinga,Banded Cotinga
Cotinga cayana,"(Linnaeus, C, 1766)",Spangled Cotinga,Spangled Cotinga
Procnias tricarunculatus,"(Verreaux, JP; Verreaux, JBÉ, 1853)",Three-wattled Bellbird,Three-wattled Bellbird
Procnias albus,"(Hermann, J, 1783)",White Bellbird,White Bellbird
Procnias averano,"(Hermann, J, 1783)",Bearded Bellbird,Bearded Bellbird
Procnias nudicollis,"(Vieillot, LJP, 1817)",Bare-throated Bellbird,Bare-throated Bellbird
Lipaugus unirufus,"Sclater, PL, 1860",Rufous Piha,Rufous Piha
Lipaugus streptophorus,"(Salvin, O; Godman, FD, 1884)",Rose-collared Piha,Rose-collared Piha
Lipaugus vociferans,"(Wied-Neuwied, M, 1820)",Screaming Piha,Screaming Piha
Lipaugus lanioides,"(Lesson, RP, 1844)",Cinnamon-vented Piha,Cinnamon-vented Piha
Lipaugus ater,"(de Férussac, AÉJPJFA, 1829)",Black-and-gold Cotinga,Black-and-gold Cotinga
Lipaugus conditus,"(Snow, DW, 1980)",Grey-winged Cotinga,Gray-winged Cotinga
Lipaugus weberi,"Cuervo, AM; Salaman, PGW; Donegan, TM; Ochoa, JM, 2001",Chestnut-capped Piha,Chestnut-capped Piha
Lipaugus fuscocinereus,"(de Lafresnaye, NFAA, 1843)",Dusky Piha,Dusky Piha
Lipaugus uropygialis,"(Sclater, PL; Salvin, O, 1876)",Scimitar-winged Piha,Scimitar-winged Piha
Laniisoma elegans,"(Thunberg, CP, 1823)",Brazilian Laniisoma,Brazilian Laniisoma
Laniisoma buckleyi,"(Sclater, PL; Salvin, O, 1880)",Andean Laniisoma,Andean Laniisoma
Laniocera hypopyrra,"(Vieillot, LJP, 1817)",Cinereous Mourner,Cinereous Mourner
Laniocera rufescens,"(Sclater, PL, 1858)",Speckled Mourner,Speckled Mourner
Schiffornis major,"des Murs, MAPO, 1856",Varzea Schiffornis,Varzea Schiffornis
Schiffornis olivacea,"(Ridgway, R, 1906)",Guianan Schiffornis,Olivaceous Schiffornis
Schiffornis veraepacis,"(Sclater, PL; Salvin, O, 1860)",Northern Schiffornis,Northern Schiffornis
Schiffornis aenea,"Zimmer, JT, 1936",Foothill Schiffornis,Foothill Schiffornis
Schiffornis stenorhyncha,"(Sclater, PL; Salvin, O, 1869)",Russet-winged Schiffornis,Russet-winged Schiffornis
Schiffornis turdina,"(Wied-Neuwied, M, 1831)",Brown-winged Schiffornis,Brown-winged Schiffornis
Schiffornis virescens,"(de Lafresnaye, NFAA, 1838)",Greenish Schiffornis,Greenish Schiffornis
Iodopleura isabellae,"Parzudaki, C, 1847",White-browed Purpletuft,White-browed Purpletuft
Iodopleura fusca,"(Vieillot, LJP, 1817)",Dusky Purpletuft,Dusky Purpletuft
Iodopleura pipra,"(Lesson, RP, 1831)",Buff-throated Purpletuft,Buff-throated Purpletuft
Tityra cayana,"(Linnaeus, C, 1766)",Black-tailed Tityra,Black-tailed Tityra
Tityra inquisitor,"(Lichtenstein, MHC, 1823)",Black-crowned Tityra,Black-crowned Tityra
Tityra leucura,"Pelzeln, A, 1868",White-tailed Tityra,White-tailed Tityra
Tityra semifasciata,"(Spix, JB, 1825)",Masked Tityra,Masked Tityra
Xenopsaris albinucha,"(Burmeister, KHK, 1869)",White-naped Xenopsaris,White-naped Xenopsaris
Pachyramphus viridis,"(Vieillot, LJP, 1816)",Green-backed Becard,Green-backed Becard
Pachyramphus versicolor,"(Hartlaub, KJG, 1843)",Barred Becard,Barred Becard
Pachyramphus spodiurus,"Sclater, PL, 1860",Slaty Becard,Slaty Becard
Pachyramphus rufus,"(Boddaert, P, 1783)",Cinereous Becard,Cinereous Becard
Pachyramphus cinnamomeus,"Lawrence, GN, 1861",Cinnamon Becard,Cinnamon Becard
Pachyramphus castaneus,"(Jardine, W; Selby, PJ, 1827)",Chestnut-crowned Becard,Chestnut-crowned Becard
Pachyramphus polychopterus,"(Vieillot, LJP, 1818)",White-winged Becard,White-winged Becard
Pachyramphus albogriseus,"Sclater, PL, 1857",Black-and-white Becard,Black-and-white Becard
Pachyramphus salvini,"Richmond, CW, 1899",Cryptic Becard,Cryptic Becard
Pachyramphus major,"(Cabanis, JL, 1847)",Grey-collared Becard,Gray-collared Becard
Pachyramphus marginatus,"(Lichtenstein, MHC, 1823)",Black-capped Becard,Black-capped Becard
Pachyramphus surinamus,"(Linnaeus, C, 1766)",Glossy-backed Becard,Glossy-backed Becard
Pachyramphus aglaiae,"(de Lafresnaye, NFAA, 1839)",Rose-throated Becard,Rose-throated Becard
Pachyramphus niger,"(Gmelin, JF, 1788)",Jamaican Becard,Jamaican Becard
Pachyramphus homochrous,"Sclater, PL, 1859",One-colored Becard,One-colored Becard
Pachyramphus minor,"(Lesson, RP, 1831)",Pink-throated Becard,Pink-throated Becard
Pachyramphus validus,"(Lichtenstein, MHC, 1823)",Crested Becard,Crested Becard
Oxyruncus cristatus,"Swainson, WJ, 1821",Sharpbill,Sharpbill
Onychorhynchus swainsoni,"(Pelzeln, A, 1858)",Atlantic Royal Flycatcher,Atlantic Royal Flycatcher
Onychorhynchus coronatus,"(Müller, PLS, 1776)",Tropical Royal Flycatcher,Tropical Royal Flycatcher
Terenotriccus erythrurus,"(Cabanis, JL, 1847)",Ruddy-tailed Flycatcher,Ruddy-tailed Flycatcher
Myiobius villosus,"Sclater, PL, 1860",Tawny-breasted Myiobius,Tawny-breasted Flycatcher
Myiobius sulphureipygius,"(Sclater, PL, 1857)",Sulphur-rumped Myiobius,Sulphur-rumped Flycatcher
Myiobius barbatus,"(Gmelin, JF, 1789)",Whiskered Myiobius,Whiskered Flycatcher
Myiobius atricaudus,"Lawrence, GN, 1863",Black-tailed Myiobius,Black-tailed Flycatcher
Piprites chloris,"(Temminck, CJ, 1822)",Wing-barred Piprites,Wing-barred Piprites
Piprites griseiceps,"Salvin, O, 1865",Grey-headed Piprites,Gray-headed Piprites
Piprites pileata,"(Temminck, CJ, 1822)",Black-capped Piprites,Black-capped Piprites
Neopipo cinnamomea,"(Lawrence, GN, 1869)",Cinnamon Neopipo,Cinnamon Manakin-Tyrant
Calyptura cristata,"(Vieillot, LJP, 1818)",Kinglet Calyptura,Kinglet Calyptura
Platyrinchus saturatus,"Salvin, O; Godman, FD, 1882",Cinnamon-crested Spadebill,Cinnamon-crested Spadebill
Platyrinchus cancrominus,"Sclater, PL; Salvin, O, 1860",Stub-tailed Spadebill,Stub-tailed Spadebill
Platyrinchus mystaceus,"Vieillot, LJP, 1818",White-throated Spadebill,White-throated Spadebill
Platyrinchus coronatus,"Sclater, PL, 1858",Golden-crowned Spadebill,Golden-crowned Spadebill
Platyrinchus flavigularis,"Sclater, PL, 1862",Yellow-throated Spadebill,Yellow-throated Spadebill
Platyrinchus platyrhynchos,"(Gmelin, JF, 1788)",White-crested Spadebill,White-crested Spadebill
Platyrinchus leucoryphus,"Wied-Neuwied, M, 1831",Russet-winged Spadebill,Russet-winged Spadebill
Tachuris rubrigastra,"(Vieillot, LJP, 1817)",Many-colored Rush Tyrant,Many-colored Rush Tyrant
Corythopis delalandi,"(Lesson, RP, 1831)",Southern Antpipit,Southern Antpipit
Corythopis torquatus,"Tschudi, JJ, 1844",Ringed Antpipit,Ringed Antpipit
Pseudotriccus pelzelni,"Taczanowski, W; Berlepsch, HHCL, 1885",Bronze-olive Pygmy Tyrant,Bronze-olive Pygmy-Tyrant
Pseudotriccus simplex,"(Berlepsch, HHCL, 1901)",Hazel-fronted Pygmy Tyrant,Hazel-fronted Pygmy-Tyrant
Pseudotriccus ruficeps,"(de Lafresnaye, NFAA, 1843)",Rufous-headed Pygmy Tyrant,Rufous-headed Pygmy-Tyrant
Leptopogon amaurocephalus,"Cabanis, JL, 1846",Sepia-capped Flycatcher,Sepia-capped Flycatcher
Leptopogon superciliaris,"Tschudi, JJ, 1844",Slaty-capped Flycatcher,Slaty-capped Flycatcher
Leptopogon rufipectus,"(de Lafresnaye, NFAA, 1846)",Rufous-breasted Flycatcher,Rufous-breasted Flycatcher
Leptopogon taczanowskii,"Hellmayr, CE, 1917",Inca Flycatcher,Inca Flycatcher
Mionectes striaticollis,"(d'Orbigny, ACVMD; de Lafresnaye, NFAA, 1837)",Streak-necked Flycatcher,Streak-necked Flycatcher
Mionectes olivaceus,"Lawrence, GN, 1868",Olive-striped Flycatcher,
Mionectes oleagineus,"(Lichtenstein, MHC, 1823)",Ochre-bellied Flycatcher,Ochre-bellied Flycatcher
Mionectes macconnelli,"(Chubb, C, 1919)",McConnell's Flycatcher,McConnell's Flycatcher
Mionectes roraimae,"(Chubb, C, 1919)",Sierra de Lema Flycatcher,Sierra de Lema Flycatcher
Mionectes rufiventris,"Cabanis, JL, 1846",Grey-hooded Flycatcher,Gray-hooded Flycatcher
Pogonotriccus difficilis,"(Ihering, HFA; Ihering, R, 1907)",Serra do Mar Bristle Tyrant,Serra do Mar Bristle-Tyrant
Pogonotriccus eximius,"(Temminck, CJ, 1822)",Southern Bristle Tyrant,Southern Bristle-Tyrant
Pogonotriccus ophthalmicus,"Taczanowski, W, 1874",Marble-faced Bristle Tyrant,Marble-faced Bristle-Tyrant
Pogonotriccus lanyoni,"(Graves, GR, 1988)",Antioquia Bristle Tyrant,Antioquia Bristle-Tyrant
Pogonotriccus paulista,"(Ihering, HFA; Ihering, R, 1907)",Sao Paulo Bristle Tyrant,Sao Paulo Bristle-Tyrant
Pogonotriccus poecilotis,"(Sclater, PL, 1862)",Variegated Bristle Tyrant,Variegated Bristle-Tyrant
Pogonotriccus venezuelanus,"Berlepsch, HHCL, 1907",Venezuelan Bristle Tyrant,Venezuelan Bristle-Tyrant
Pogonotriccus orbitalis,"(Cabanis, JL, 1873)",Spectacled Bristle Tyrant,Spectacled Bristle-Tyrant
Pogonotriccus chapmani,"(Gilliard, ET, 1940)",Chapman's Bristle Tyrant,Chapman's Bristle-Tyrant
Phylloscartes oustaleti,"(Sclater, PL, 1887)",Oustalet's Tyrannulet,Oustalet's Tyrannulet
Phylloscartes flavovirens,"(Lawrence, GN, 1862)",Panama Tyrannulet,Yellow-green Tyrannulet
Phylloscartes virescens,"Todd, WEC, 1925",Olive-green Tyrannulet,Olive-green Tyrannulet
Phylloscartes ventralis,"(Temminck, CJ, 1824)",Mottle-cheeked Tyrannulet,Mottle-cheeked Tyrannulet
Phylloscartes beckeri,"Gonzaga, LP; Pacheco, JF, 1995",Bahia Tyrannulet,Bahia Tyrannulet
Phylloscartes kronei,"Willis, EO; Oniki, Y, 1992",Restinga Tyrannulet,Restinga Tyrannulet
Phylloscartes sylviolus,"(Cabanis, JL; Heine, F, 1860)",Bay-ringed Tyrannulet,Bay-ringed Tyrannulet
Phylloscartes ceciliae,"Teixeira, DM, 1987",Alagoas Tyrannulet,Alagoas Tyrannulet
Phylloscartes roquettei,"Snethlage, HMMEE, 1928",Minas Gerais Tyrannulet,Minas Gerais Tyrannulet
Phylloscartes superciliaris,"(Sclater, PL; Salvin, O, 1868)",Rufous-browed Tyrannulet,Rufous-browed Tyrannulet
Phylloscartes nigrifrons,"(Salvin, O; Godman, FD, 1884)",Black-fronted Tyrannulet,Black-fronted Tyrannulet
Phylloscartes flaviventris,"(Hartert, EJO, 1897)",Rufous-lored Tyrannulet,Rufous-lored Tyrannulet
Phylloscartes gualaquizae,"(Sclater, PL, 1887)",Ecuadorian Tyrannulet,Ecuadorian Tyrannulet
Phylloscartes parkeri,"Fitzpatrick, JW; Stotz, DF, 1997",Cinnamon-faced Tyrannulet,Cinnamon-faced Tyrannulet
Rhynchocyclus brevirostris,"(Cabanis, JL, 1847)",Eye-ringed Flatbill,Eye-ringed Flatbill
Rhynchocyclus aequinoctialis,"(Sclater, PL, 1858)",Western Olivaceous Flatbill,Western Olivaceous Flatbill
Rhynchocyclus olivaceus,"(Temminck, CJ, 1820)",Eastern Olivaceous Flatbill,Eastern Olivaceous Flatbill
Rhynchocyclus pacificus,"(Chapman, FM, 1914)",Pacific Flatbill,Pacific Flatbill
Rhynchocyclus fulvipectus,"(Sclater, PL, 1860)",Fulvous-breasted Flatbill,Fulvous-breasted Flatbill
Tolmomyias sulphurescens,"(Spix, JB, 1825)",Yellow-olive Flatbill,Yellow-olive Flatbill
Tolmomyias traylori,"Schulenberg, TS; Parker, TA, 1997",Orange-eyed Flatbill,Orange-eyed Flatbill
Tolmomyias flavotectus,"(Hartert, EJO, 1902)",Yellow-winged Flatbill,Yellow-winged Flatbill
Tolmomyias assimilis,"(Pelzeln, A, 1868)",Yellow-margined Flatbill,Yellow-margined Flatbill
Tolmomyias poliocephalus,"(Taczanowski, W, 1884)",Grey-crowned Flatbill,Gray-crowned Flatbill
Tolmomyias viridiceps,"(Sclater, PL; Salvin, O, 1873)",Olive-faced Flatbill,Olive-faced Flatbill
Tolmomyias flaviventris,"(Wied-Neuwied, M, 1831)",Ochre-lored Flatbill,Ochre-lored Flatbill
Taeniotriccus andrei,"Berlepsch, HHCL; Hartert, EJO, 1902",Black-chested Tyrant,Black-chested Tyrant
Cnipodectes superrufus,"Lane, DF; Servat, GP; Valqui H, TH; Lambert, FR, 2007",Rufous Twistwing,Rufous Twistwing
Cnipodectes subbrunneus,"(Sclater, PL, 1860)",Brownish Twistwing,Brownish Twistwing
Todirostrum maculatum,"(Desmarest, A-G, 1806)",Spotted Tody-Flycatcher,Spotted Tody-Flycatcher
Todirostrum poliocephalum,"(Wied-Neuwied, M, 1831)",Yellow-lored Tody-Flycatcher,Gray-headed Tody-Flycatcher
Todirostrum cinereum,"(Linnaeus, C, 1766)",Common Tody-Flycatcher,Common Tody-Flycatcher
Todirostrum viridanum,"Hellmayr, CE, 1927",Maracaibo Tody-Flycatcher,Maracaibo Tody-Flycatcher
Todirostrum nigriceps,"Sclater, PL, 1855",Black-headed Tody-Flycatcher,Black-headed Tody-Flycatcher
Todirostrum pictum,"Salvin, O, 1897",Painted Tody-Flycatcher,Painted Tody-Flycatcher
Todirostrum chrysocrotaphum,"Strickland, HE, 1850",Yellow-browed Tody-Flycatcher,Yellow-browed Tody-Flycatcher
Poecilotriccus ruficeps,"(Kaup, JJ, 1852)",Rufous-crowned Tody-Flycatcher,Rufous-crowned Tody-Flycatcher
Poecilotriccus luluae,"Johnson, NK; Jones, RE, 2001",Lulu's Tody-Flycatcher,Johnson's Tody-Flycatcher
Poecilotriccus albifacies,"(Blake, ER, 1959)",White-cheeked Tody-Flycatcher,White-cheeked Tody-Flycatcher
Poecilotriccus capitalis,"(Sclater, PL, 1857)",Black-and-white Tody-Flycatcher,Black-and-white Tody-Flycatcher
Poecilotriccus senex,"(Pelzeln, A, 1868)",Buff-cheeked Tody-Flycatcher,Buff-cheeked Tody-Flycatcher
Poecilotriccus russatus,"(Salvin, O; Godman, FD, 1884)",Ruddy Tody-Flycatcher,Ruddy Tody-Flycatcher
Poecilotriccus plumbeiceps,"(de Lafresnaye, NFAA, 1846)",Ochre-faced Tody-Flycatcher,Ochre-faced Tody-Flycatcher
Poecilotriccus fumifrons,"(Hartlaub, KJG, 1853)",Smoky-fronted Tody-Flycatcher,Smoky-fronted Tody-Flycatcher
Poecilotriccus latirostris,"(Pelzeln, A, 1868)",Rusty-fronted Tody-Flycatcher,Rusty-fronted Tody-Flycatcher
Poecilotriccus sylvia,"(Desmarest, A-G, 1806)",Slaty-headed Tody-Flycatcher,Slate-headed Tody-Flycatcher
Poecilotriccus calopterus,"(Sclater, PL, 1857)",Golden-winged Tody-Flycatcher,Golden-winged Tody-Flycatcher
Poecilotriccus pulchellus,"(Sclater, PL, 1874)",Black-backed Tody-Flycatcher,Black-backed Tody-Flycatcher
Hemitriccus minor,"(Snethlage, HMMEE, 1907)",Snethlage's Tody-Tyrant,Snethlage's Tody-Tyrant
Hemitriccus spodiops,"(Berlepsch, HHCL, 1901)",Yungas Tody-Tyrant,Yungas Tody-Tyrant
Hemitriccus cohnhafti,"Zimmer, KJ; Whittaker, A; Sardelli, CH; Guilherme, E; Aleixo, ALP, 2013",Acre Tody-Tyrant,Acre Tody-Tyrant
Hemitriccus flammulatus,"Berlepsch, HHCL, 1901",Flammulated Bamboo Tyrant,Flammulated Pygmy-Tyrant
Hemitriccus diops,"(Temminck, CJ, 1822)",Drab-breasted Bamboo Tyrant,Drab-breasted Pygmy-Tyrant
Hemitriccus obsoletus,"(Miranda-Ribeiro, A, 1905)",Brown-breasted Bamboo Tyrant,Brown-breasted Pygmy-Tyrant
Hemitriccus josephinae,"(Chubb, C, 1914)",Boat-billed Tody-Tyrant,Boat-billed Tody-Tyrant
Hemitriccus zosterops,"(Pelzeln, A, 1868)",White-eyed Tody-Tyrant,White-eyed Tody-Tyrant
Hemitriccus griseipectus,"(Snethlage, HMMEE, 1907)",White-bellied Tody-Tyrant,White-bellied Tody-Tyrant
Hemitriccus orbitatus,"(Wied-Neuwied, M, 1831)",Eye-ringed Tody-Tyrant,Eye-ringed Tody-Tyrant
Hemitriccus iohannis,"(Snethlage, HMMEE, 1907)",Johannes's Tody-Tyrant,Johannes's Tody-Tyrant
Hemitriccus striaticollis,"(de Lafresnaye, NFAA, 1853)",Stripe-necked Tody-Tyrant,Stripe-necked Tody-Tyrant
Hemitriccus nidipendulus,"(Wied-Neuwied, M, 1831)",Hangnest Tody-Tyrant,Hangnest Tody-Tyrant
Hemitriccus margaritaceiventer,"(d'Orbigny, ACVMD; de Lafresnaye, NFAA, 1837)",Pearly-vented Tody-Tyrant,Pearly-vented Tody-Tyrant
Hemitriccus inornatus,"(Pelzeln, A, 1868)",Pelzeln's Tody-Tyrant,Pelzeln's Tody-Tyrant
Hemitriccus minimus,"(Todd, WEC, 1925)",Zimmer's Tody-Tyrant,Zimmer's Tody-Tyrant
Hemitriccus granadensis,"(Hartlaub, KJG, 1843)",Black-throated Tody-Tyrant,Black-throated Tody-Tyrant
Hemitriccus cinnamomeipectus,"Fitzpatrick, JW; O'Neill, JP, 1979",Cinnamon-breasted Tody-Tyrant,Cinnamon-breasted Tody-Tyrant
Hemitriccus mirandae,"(Snethlage, HMMEE, 1925)",Buff-breasted Tody-Tyrant,Buff-breasted Tody-Tyrant
Hemitriccus kaempferi,"(Zimmer, JT, 1953)",Kaempfer's Tody-Tyrant,Kaempfer's Tody-Tyrant
Hemitriccus rufigularis,"(Cabanis, JL, 1873)",Buff-throated Tody-Tyrant,Buff-throated Tody-Tyrant
Hemitriccus furcatus,"(de Lafresnaye, NFAA, 1846)",Fork-tailed Tody-Tyrant,Fork-tailed Pygmy-Tyrant
Myiornis auricularis,"(Vieillot, LJP, 1818)",Eared Pygmy Tyrant,Eared Pygmy-Tyrant
Myiornis albiventris,"(Berlepsch, HHCL; Sztolcman, JS, 1894)",White-bellied Pygmy Tyrant,White-bellied Pygmy-Tyrant
Myiornis atricapillus,"(Lawrence, GN, 1875)",Black-capped Pygmy Tyrant,Black-capped Pygmy-Tyrant
Myiornis ecaudatus,"(d'Orbigny, ACVMD; de Lafresnaye, NFAA, 1837)",Short-tailed Pygmy Tyrant,Short-tailed Pygmy-Tyrant
Atalotriccus pilaris,"(Cabanis, JL, 1847)",Pale-eyed Pygmy Tyrant,Pale-eyed Pygmy-Tyrant
Lophotriccus pileatus,"(Tschudi, JJ, 1844)",Scale-crested Pygmy Tyrant,Scale-crested Pygmy-Tyrant
Lophotriccus vitiosus,"(Bangs, O; Penard, TE, 1921)",Double-banded Pygmy Tyrant,Double-banded Pygmy-Tyrant
Lophotriccus eulophotes,"Todd, WEC, 1925",Long-crested Pygmy Tyrant,Long-crested Pygmy-Tyrant
Lophotriccus galeatus,"(Boddaert, P, 1783)",Helmeted Pygmy Tyrant,Helmeted Pygmy-Tyrant
Oncostoma cinereigulare,"(Sclater, PL, 1857)",Northern Bentbill,Northern Bentbill
Oncostoma olivaceum,"(Lawrence, GN, 1862)",Southern Bentbill,Southern Bentbill
Hirundinea ferruginea,"(Gmelin, JF, 1788)",Cliff Flycatcher,Cliff Flycatcher
Pyrrhomyias cinnamomeus,"(d'Orbigny, ACVMD; de Lafresnaye, NFAA, 1837)",Cinnamon Flycatcher,Cinnamon Flycatcher
Myiotriccus ornatus,"(de Lafresnaye, NFAA, 1853)",Ornate Flycatcher,Ornate Flycatcher
Nephelomyias pulcher,"(Sclater, PL, 1861)",Handsome Flycatcher,Handsome Flycatcher
Nephelomyias lintoni,"(Meyer de Schauensee, R, 1951)",Orange-banded Flycatcher,Orange-banded Flycatcher
Nephelomyias ochraceiventris,"(Cabanis, JL, 1873)",Ochraceous-breasted Flycatcher,Ochraceous-breasted Flycatcher
Zimmerius cinereicapilla,"(Cabanis, JL, 1873)",Red-billed Tyrannulet,Red-billed Tyrannulet
Zimmerius villarejoi,"Álvarez A, J; Whitney, BM, 2001",Mishana Tyrannulet,Mishana Tyrannulet
Zimmerius chicomendesi,"Whitney, BM; Schunck, F; Rêgo, MA; Silveira, LF, 2013",Chico's Tyrannulet,Chico's Tyrannulet
Zimmerius acer,"(Salvin, O; Godman, FD, 1883)",Guianan Tyrannulet,Guianan Tyrannulet
Zimmerius vilissimus,"(Sclater, PL; Salvin, O, 1859)",Guatemalan Tyrannulet,Guatemalan Tyrannulet
Zimmerius parvus,"(Lawrence, GN, 1862)",Mistletoe Tyrannulet,Mistletoe Tyrannulet
Zimmerius albigularis,"(Chapman, FM, 1924)",Choco Tyrannulet,Choco Tyrannulet
Zimmerius improbus,"(Sclater, PL; Salvin, O, 1871)",Spectacled Tyrannulet,Spectacled Tyrannulet
Zimmerius chrysops,"(Sclater, PL, 1859)",Golden-faced Tyrannulet,Golden-faced Tyrannulet
Zimmerius viridiflavus,"(Tschudi, JJ, 1844)",Peruvian Tyrannulet,Peruvian Tyrannulet
Zimmerius bolivianus,"(d'Orbigny, ACVMD, 1840)",Bolivian Tyrannulet,Bolivian Tyrannulet
Zimmerius petersi,"(Berlepsch, HHCL, 1907)",Venezuelan Tyrannulet,Venezuelan Tyrannulet
Zimmerius gracilipes,"(Sclater, PL; Salvin, O, 1868)",Slender-footed Tyrannulet,Slender-footed Tyrannulet
Stigmatura napensis,"Chapman, FM, 1926",Lesser Wagtail-Tyrant,Lesser Wagtail-Tyrant
Stigmatura bahiae,"Chapman, FM, 1926",Bahia Wagtail-Tyrant,Bahia Wagtail-Tyrant
Stigmatura budytoides,"(d'Orbigny, ACVMD; de Lafresnaye, NFAA, 1837)",Greater Wagtail-Tyrant,Greater Wagtail-Tyrant
Euscarthmus fulviceps,"Sclater, PL, 1871",Fulvous-faced Scrub Tyrant,Fulvous-faced Scrub-Tyrant
Euscarthmus meloryphus,"Wied-Neuwied, M, 1831",Fulvous-crowned Scrub Tyrant,Fulvous-crowned Scrub-Tyrant
Euscarthmus rufomarginatus,"(Pelzeln, A, 1868)",Rufous-sided Scrub Tyrant,Rufous-sided Scrub-Tyrant
Inezia tenuirostris,"(Cory, CB, 1913)",Slender-billed Inezia,Slender-billed Tyrannulet
Inezia inornata,"(Salvadori, AT, 1897)",Plain Inezia,Plain Tyrannulet
Inezia subflava,"(Sclater, PL; Salvin, O, 1873)",Amazonian Inezia,Amazonian Tyrannulet
Inezia caudata,"(Salvin, O, 1897)",Pale-tipped Inezia,Pale-tipped Tyrannulet
Acrochordopus burmeisteri,"(Cabanis, JL; Heine, F, 1860)",Rough-legged Tyrannulet,Rough-legged Tyrannulet
Acrochordopus zeledoni,"(Lawrence, GN, 1869)",White-fronted Tyrannulet,White-fronted Tyrannulet
Tyranniscus nigrocapillus,"(de Lafresnaye, NFAA, 1845)",Black-capped Tyrannulet,Black-capped Tyrannulet
Tyranniscus cinereiceps,"(Sclater, PL, 1860)",Ashy-headed Tyrannulet,Ashy-headed Tyrannulet
Tyranniscus uropygialis,"(Lawrence, GN, 1869)",Tawny-rumped Tyrannulet,Tawny-rumped Tyrannulet
Ornithion semiflavum,"(Sclater, PL; Salvin, O, 1860)",Yellow-bellied Tyrannulet,Yellow-bellied Tyrannulet
Ornithion brunneicapillus,"(Lawrence, GN, 1862)",Brown-capped Tyrannulet,Brown-capped Tyrannulet
Ornithion inerme,"Hartlaub, KJG, 1853",White-lored Tyrannulet,White-lored Tyrannulet
Camptostoma imberbe,"Sclater, PL, 1857",Northern Beardless Tyrannulet,Northern Beardless-Tyrannulet
Camptostoma obsoletum,"(Temminck, CJ, 1824)",Southern Beardless Tyrannulet,Southern Beardless-Tyrannulet
Tyrannulus elatus,"(Latham, J, 1790)",Yellow-crowned Tyrannulet,Yellow-crowned Tyrannulet
Myiopagis gaimardii,"(d'Orbigny, ACVMD, 1840)",Forest Elaenia,Forest Elaenia
Myiopagis parambae,"(Hellmayr, CE, 1904)",Choco Elaenia,Choco Elaenia
Myiopagis cinerea,"(Pelzeln, A, 1868)",Amazonian Elaenia,Amazonian Elaenia
Myiopagis olallai,"Coopmans, P; Krabbe, NK, 2000",Foothill Elaenia,Foothill Elaenia
Myiopagis caniceps,"(Swainson, WJ, 1835)",Grey-headed Elaenia,Gray-headed Elaenia
Myiopagis subplacens,"(Sclater, PL, 1862)",Pacific Elaenia,Pacific Elaenia
Myiopagis flavivertex,"(Sclater, PL, 1887)",Yellow-crowned Elaenia,Yellow-crowned Elaenia
Myiopagis cotta,"(Gosse, PH, 1849)",Jamaican Elaenia,Jamaican Elaenia
Myiopagis viridicata,"(Vieillot, LJP, 1817)",Greenish Elaenia,Greenish Elaenia
Elaenia cristata,"Pelzeln, A, 1868",Plain-crested Elaenia,Plain-crested Elaenia
Elaenia ruficeps,"Pelzeln, A, 1868",Rufous-crowned Elaenia,Rufous-crowned Elaenia
Elaenia strepera,"Cabanis, JL, 1883",Slaty Elaenia,Slaty Elaenia
Elaenia gigas,"Sclater, PL, 1871",Mottle-backed Elaenia,Mottle-backed Elaenia
Elaenia sordida,"Zimmer, JT, 1941",Small-headed Elaenia,Small-headed Elaenia
Elaenia dayi,"Chapman, FM, 1929",Great Elaenia,Great Elaenia
Elaenia obscura,"(d'Orbigny, ACVMD; de Lafresnaye, NFAA, 1837)",Highland Elaenia,Highland Elaenia
Elaenia flavogaster,"(Thunberg, CP, 1822)",Yellow-bellied Elaenia,Yellow-bellied Elaenia
Elaenia parvirostris,"Pelzeln, A, 1868",Small-billed Elaenia,Small-billed Elaenia
Elaenia pelzelni,"Berlepsch, HHCL, 1907",Brownish Elaenia,Brownish Elaenia
Elaenia spectabilis,"Pelzeln, A, 1868",Large Elaenia,Large Elaenia
Elaenia ridleyana,"Sharpe, RB, 1888",Noronha Elaenia,Noronha Elaenia
Elaenia mesoleuca,"(Deppe, W, 1830)",Olivaceous Elaenia,Olivaceous Elaenia
Elaenia chiriquensis,"Lawrence, GN, 1865",Lesser Elaenia,Lesser Elaenia
Elaenia brachyptera,"Berlepsch, HHCL, 1907",Coopmans's Elaenia,Coopmans's Elaenia
Elaenia albiceps,"(d'Orbigny, ACVMD; de Lafresnaye, NFAA, 1837)",White-crested Elaenia,White-crested Elaenia
Elaenia pallatangae,"Sclater, PL, 1862",Sierran Elaenia,Sierran Elaenia
Elaenia frantzii,"Lawrence, GN, 1865",Mountain Elaenia,Mountain Elaenia
Elaenia olivina,"Salvin, O; Godman, FD, 1884",Tepui Elaenia,Tepui Elaenia
Elaenia martinica,"(Linnaeus, C, 1766)",Caribbean Elaenia,Caribbean Elaenia
Elaenia fallax,"Sclater, PL, 1861",Blue Mountain Elaenia,Blue Mountain Elaenia
Elaenia cherriei,"Cory, CB, 1895",Hispaniolan Elaenia,Hispaniolan Elaenia
Suiriri suiriri,"(Vieillot, LJP, 1818)",Suiriri Flycatcher,Suiriri Flycatcher
Pseudelaenia leucospodia,"(Taczanowski, W, 1877)",Grey-and-white Tyrannulet,Gray-and-white Tyrannulet
Capsiempis flaveola,"(Lichtenstein, MHC, 1823)",Yellow Tyrannulet,Yellow Tyrannulet
Phyllomyias virescens,"(Temminck, CJ, 1824)",Greenish Tyrannulet,Greenish Tyrannulet
Phyllomyias reiseri,"Hellmayr, CE, 1905",Reiser's Tyrannulet,Reiser's Tyrannulet
Phyllomyias urichi,"(Chapman, FM, 1899)",Urich's Tyrannulet,Urich's Tyrannulet
Phyllomyias sclateri,"Berlepsch, HHCL, 1901",Sclater's Tyrannulet,Sclater's Tyrannulet
Phyllomyias fasciatus,"(Thunberg, CP, 1822)",Planalto Tyrannulet,Planalto Tyrannulet
Phyllomyias weedeni,"Herzog, SK; Kessler, M; Balderrama T, JA, 2008",Yungas Tyrannulet,Yungas Tyrannulet
Phyllomyias griseiceps,"(Sclater, PL; Salvin, O, 1871)",Sooty-headed Tyrannulet,Sooty-headed Tyrannulet
Phyllomyias plumbeiceps,"(Lawrence, GN, 1869)",Plumbeous-crowned Tyrannulet,Plumbeous-crowned Tyrannulet
Phyllomyias griseocapilla,"Sclater, PL, 1862",Grey-capped Tyrannulet,Gray-capped Tyrannulet
Nesotriccus tumbezanus,"(Taczanowski, W, 1877)",Tumbesian Tyrannulet,Tumbesian Tyrannulet
Nesotriccus maranonicus,"(Zimmer, JT, 1941)",Maranon Tyrannulet,Marañon Tyrannulet
Nesotriccus ridgwayi,"Townsend, CH, 1895",Cocos Tyrannulet,Cocos Tyrannulet
Nesotriccus murinus,"(Spix, JB, 1825)",Mouse-colored Tyrannulet,Mouse-colored Tyrannulet
Mecocerculus poecilocercus,"(Sclater, PL; Salvin, O, 1873)",White-tailed Tyrannulet,White-tailed Tyrannulet
Mecocerculus hellmayri,"Berlepsch, HHCL, 1907",Buff-banded Tyrannulet,Buff-banded Tyrannulet
Mecocerculus stictopterus,"(Sclater, PL, 1859)",White-banded Tyrannulet,White-banded Tyrannulet
Mecocerculus leucophrys,"(d'Orbigny, ACVMD; de Lafresnaye, NFAA, 1837)",White-throated Tyrannulet,White-throated Tyrannulet
Mecocerculus calopterus,"(Sclater, PL, 1859)",Rufous-winged Tyrannulet,Rufous-winged Tyrannulet
Mecocerculus minor,"(Taczanowski, W, 1879)",Sulphur-bellied Tyrannulet,Sulphur-bellied Tyrannulet
Culicivora caudacuta,"(Vieillot, LJP, 1818)",Sharp-tailed Grass Tyrant,Sharp-tailed Tyrant
Pseudocolopteryx sclateri,"(Oustalet, J-FÉ, 1892)",Crested Doradito,Crested Doradito
Pseudocolopteryx acutipennis,"(Sclater, PL; Salvin, O, 1873)",Subtropical Doradito,Subtropical Doradito
Pseudocolopteryx dinelliana,"Lillo, M, 1905",Dinelli's Doradito,Dinelli's Doradito
Pseudocolopteryx flaviventris,"(d'Orbigny, ACVMD; de Lafresnaye, NFAA, 1837)",Warbling Doradito,Warbling Doradito
Pseudocolopteryx citreola,"(Landbeck, CL, 1864)",Ticking Doradito,Ticking Doradito
Polystictus superciliaris,"(Wied-Neuwied, M, 1831)",Grey-backed Tachuri,Gray-backed Tachuri
Polystictus pectoralis,"(Vieillot, LJP, 1817)",Bearded Tachuri,Bearded Tachuri
Serpophaga cinerea,"(Tschudi, JJ, 1844)",Torrent Tyrannulet,Torrent Tyrannulet
Serpophaga hypoleuca,"Sclater, PL; Salvin, O, 1866",River Tyrannulet,River Tyrannulet
Serpophaga nigricans,"(Vieillot, LJP, 1817)",Sooty Tyrannulet,Sooty Tyrannulet
Serpophaga subcristata,"(Vieillot, LJP, 1817)",White-crested Tyrannulet,White-crested Tyrannulet
Serpophaga griseicapilla,"Straneck, RJ, 2008",Straneck's Tyrannulet,Straneck's Tyrannulet
Uromyias agilis,"(Sclater, PL, 1856)",Agile Tit-Tyrant,Agile Tit-Tyrant
Uromyias agraphia,"(Chapman, FM, 1919)",Unstreaked Tit-Tyrant,Unstreaked Tit-Tyrant
Anairetes nigrocristatus,"Taczanowski, W, 1884",Black-crested Tit-Tyrant,Black-crested Tit-Tyrant
Anairetes reguloides,"(d'Orbigny, ACVMD; de Lafresnaye, NFAA, 1837)",Pied-crested Tit-Tyrant,Pied-crested Tit-Tyrant
Anairetes alpinus,"(Carriker, MA, 1933)",Ash-breasted Tit-Tyrant,Ash-breasted Tit-Tyrant
Anairetes flavirostris,"Sclater, PL; Salvin, O, 1876",Yellow-billed Tit-Tyrant,Yellow-billed Tit-Tyrant
Anairetes parulus,"(Kittlitz, FH, 1830)",Tufted Tit-Tyrant,Tufted Tit-Tyrant
Anairetes fernandezianus,"(Philippi, RA, 1857)",Juan Fernandez Tit-Tyrant,Juan Fernandez Tit-Tyrant
Ramphotrigon megacephalum,"(Swainson, WJ, 1835)",Large-headed Flatbill,Large-headed Flatbill
Ramphotrigon ruficauda,"(Spix, JB, 1825)",Rufous-tailed Flatbill,Rufous-tailed Flatbill
Ramphotrigon flammulatum,"(Lawrence, GN, 1875)",Flammulated Flycatcher,Flammulated Flycatcher
Ramphotrigon fuscicauda,"Chapman, FM, 1925",Dusky-tailed Flatbill,Dusky-tailed Flatbill
Sirystes albogriseus,"(Lawrence, GN, 1863)",Choco Sirystes,Choco Sirystes
Sirystes albocinereus,"Sclater, PL; Salvin, O, 1880",White-rumped Sirystes,White-rumped Sirystes
Sirystes subcanescens,"Todd, WEC, 1920",Todd's Sirystes,Todd's Sirystes
Sirystes sibilator,"(Vieillot, LJP, 1818)",Sibilant Sirystes,Sibilant Sirystes
Casiornis rufus,"(Vieillot, LJP, 1816)",Rufous Casiornis,Rufous Casiornis
Casiornis fuscus,"Sclater, PL; Salvin, O, 1873",Ash-throated Casiornis,Ash-throated Casiornis
Rhytipterna holerythra,"(Sclater, PL; Salvin, O, 1860)",Rufous Mourner,Rufous Mourner
Rhytipterna simplex,"(Lichtenstein, MHC, 1823)",Greyish Mourner,Grayish Mourner
Rhytipterna immunda,"(Sclater, PL; Salvin, O, 1873)",Pale-bellied Mourner,Pale-bellied Mourner
Myiarchus semirufus,"Sclater, PL; Salvin, O, 1878",Rufous Flycatcher,Rufous Flycatcher
Myiarchus yucatanensis,"Lawrence, GN, 1871",Yucatan Flycatcher,Yucatan Flycatcher
Myiarchus barbirostris,"(Swainson, WJ, 1827)",Sad Flycatcher,Sad Flycatcher
Myiarchus tuberculifer,"(d'Orbigny, ACVMD; de Lafresnaye, NFAA, 1837)",Dusky-capped Flycatcher,Dusky-capped Flycatcher
Myiarchus swainsoni,"Cabanis, JL; Heine, F, 1860",Swainson's Flycatcher,Swainson's Flycatcher
Myiarchus venezuelensis,"Lawrence, GN, 1865",Venezuelan Flycatcher,Venezuelan Flycatcher
Myiarchus panamensis,"Lawrence, GN, 1861",Panama Flycatcher,Panama Flycatcher
Myiarchus ferox,"(Gmelin, JF, 1789)",Short-crested Flycatcher,Short-crested Flycatcher
Myiarchus apicalis,"Sclater, PL; Salvin, O, 1881",Apical Flycatcher,Apical Flycatcher
Myiarchus phaeocephalus,"Sclater, PL, 1860",Sooty-crowned Flycatcher,Sooty-crowned Flycatcher
Myiarchus cephalotes,"Taczanowski, W, 1880",Pale-edged Flycatcher,Pale-edged Flycatcher
Myiarchus cinerascens,"(Lawrence, GN, 1851)",Ash-throated Flycatcher,Ash-throated Flycatcher
Myiarchus nuttingi,"Ridgway, R, 1882",Nutting's Flycatcher,
Myiarchus crinitus,"(Linnaeus, C, 1758)",Great Crested Flycatcher,Great Crested Flycatcher
Myiarchus tyrannulus,"(Müller, PLS, 1776)",Brown-crested Flycatcher,Brown-crested Flycatcher
Myiarchus magnirostris,"(Gould, J, 1838)",Galapagos Flycatcher,Galapagos Flycatcher
Myiarchus nugator,"Riley, JH, 1904",Grenada Flycatcher,Grenada Flycatcher
Myiarchus validus,"Cabanis, JL, 1847",Rufous-tailed Flycatcher,Rufous-tailed Flycatcher
Myiarchus sagrae,"(Gundlach, JC, 1852)",La Sagra's Flycatcher,La Sagra's Flycatcher
Myiarchus stolidus,"(Gosse, PH, 1847)",Stolid Flycatcher,Stolid Flycatcher
Myiarchus antillarum,"(Bryant, H, 1866)",Puerto Rican Flycatcher,Puerto Rican Flycatcher
Myiarchus oberi,"Lawrence, GN, 1877",Lesser Antillean Flycatcher,Lesser Antillean Flycatcher
Legatus leucophaius,"(Vieillot, LJP, 1818)",Piratic Flycatcher,Piratic Flycatcher
Attila phoenicurus,"Pelzeln, A, 1868",Rufous-tailed Attila,Rufous-tailed Attila
Attila cinnamomeus,"(Gmelin, JF, 1789)",Cinnamon Attila,Cinnamon Attila
Attila torridus,"Sclater, PL, 1860",Ochraceous Attila,Ochraceous Attila
Attila citriniventris,"Sclater, PL, 1859",Citron-bellied Attila,Citron-bellied Attila
Attila bolivianus,"de Lafresnaye, NFAA, 1848",White-eyed Attila,Dull-capped Attila
Attila rufus,"(Vieillot, LJP, 1819)",Grey-hooded Attila,Gray-hooded Attila
Attila spadiceus,"(Gmelin, JF, 1789)",Bright-rumped Attila,Bright-rumped Attila
Machetornis rixosa,"(Vieillot, LJP, 1819)",Cattle Tyrant,Cattle Tyrant
Philohydor lictor,"(Lichtenstein, MHC, 1823)",Lesser Kiskadee,Lesser Kiskadee
Pitangus sulphuratus,"(Linnaeus, C, 1766)",Great Kiskadee,Great Kiskadee
Myiozetetes cayanensis,"(Linnaeus, C, 1766)",Rusty-margined Flycatcher,Rusty-margined Flycatcher
Myiozetetes similis,"(Spix, JB, 1825)",Social Flycatcher,Social Flycatcher
Myiozetetes granadensis,"Lawrence, GN, 1862",Grey-capped Flycatcher,Gray-capped Flycatcher
Myiozetetes luteiventris,"(Sclater, PL, 1858)",Dusky-chested Flycatcher,Dusky-chested Flycatcher
Myiodynastes hemichrysus,"(Cabanis, JL, 1861)",Golden-bellied Flycatcher,Golden-bellied Flycatcher
Myiodynastes chrysocephalus,"(Tschudi, JJ, 1844)",Golden-crowned Flycatcher,Golden-crowned Flycatcher
Myiodynastes bairdii,"(Gambel, W, 1847)",Baird's Flycatcher,Baird's Flycatcher
Myiodynastes maculatus,"(Müller, PLS, 1776)",Streaked Flycatcher,Streaked Flycatcher
Myiodynastes luteiventris,"Sclater, PL, 1859",Sulphur-bellied Flycatcher,Sulphur-bellied Flycatcher
Tyrannopsis sulphurea,"(Spix, JB, 1825)",Sulphury Flycatcher,Sulphury Flycatcher
Megarynchus pitangua,"(Linnaeus, C, 1766)",Boat-billed Flycatcher,Boat-billed Flycatcher
Conopias albovittatus,"(Lawrence, GN, 1862)",White-ringed Flycatcher,White-ringed Flycatcher
Conopias parvus,"(Pelzeln, A, 1868)",Yellow-throated Flycatcher,Yellow-throated Flycatcher
Conopias trivirgatus,"(Wied-Neuwied, M, 1831)",Three-striped Flycatcher,Three-striped Flycatcher
Conopias cinchoneti,"(Tschudi, JJ, 1844)",Lemon-browed Flycatcher,Lemon-browed Flycatcher
Empidonomus varius,"(Vieillot, LJP, 1818)",Variegated Flycatcher,Variegated Flycatcher
Empidonomus aurantioatrocristatus,"(d'Orbigny, ACVMD; de Lafresnaye, NFAA, 1837)",Crowned Slaty Flycatcher,Crowned Slaty Flycatcher
Tyrannus savana,"Daudin, FM, 1802",Fork-tailed Flycatcher,Fork-tailed Flycatcher
Tyrannus albogularis,"Burmeister, KHK, 1856",White-throated Kingbird,White-throated Kingbird
Tyrannus melancholicus,"Vieillot, LJP, 1819",Tropical Kingbird,Tropical Kingbird
Tyrannus cubensis,"Richmond, CW, 1898",Giant Kingbird,Giant Kingbird
Tyrannus dominicensis,"(Gmelin, JF, 1788)",Grey Kingbird,Gray Kingbird
Tyrannus niveigularis,"Sclater, PL, 1860",Snowy-throated Kingbird,Snowy-throated Kingbird
Tyrannus caudifasciatus,"d'Orbigny, ACVMD, 1839",Loggerhead Kingbird,Loggerhead Kingbird
Tyrannus couchii,"Baird, SF, 1858",Couch's Kingbird,Couch's Kingbird
Tyrannus crassirostris,"Swainson, WJ, 1826",Thick-billed Kingbird,Thick-billed Kingbird
Tyrannus tyrannus,"(Linnaeus, C, 1758)",Eastern Kingbird,Eastern Kingbird
Tyrannus vociferans,"Swainson, WJ, 1826",Cassin's Kingbird,Cassin's Kingbird
Tyrannus forficatus,"(Gmelin, JF, 1789)",Scissor-tailed Flycatcher,Scissor-tailed Flycatcher
Tyrannus verticalis,"Say, T, 1822",Western Kingbird,Western Kingbird
Muscigralla brevicauda,"d'Orbigny, ACVMD; de Lafresnaye, NFAA, 1837",Short-tailed Field Tyrant,Short-tailed Field Tyrant
Myiophobus flavicans,"(Sclater, PL, 1861)",Flavescent Flycatcher,Flavescent Flycatcher
Myiophobus phoenicomitra,"(Taczanowski, W; Berlepsch, HHCL, 1885)",Orange-crested Flycatcher,Orange-crested Flycatcher
Myiophobus inornatus,"Carriker, MA, 1932",Unadorned Flycatcher,Unadorned Flycatcher
Myiophobus roraimae,"(Salvin, O; Godman, FD, 1883)",Roraiman Flycatcher,Roraiman Flycatcher
Myiophobus cryptoxanthus,"(Sclater, PL, 1861)",Olive-chested Flycatcher,Olive-chested Flycatcher
Myiophobus fasciatus,"(Müller, PLS, 1776)",Bran-colored Flycatcher,Bran-colored Flycatcher
Myiophobus crypterythrus,"(Sclater, PL, 1861)",Mouse-grey Flycatcher,Mouse-gray Flycatcher
Myiophobus rufescens,"(Salvadori, AT, 1864)",Rufescent Flycatcher,Rufescent Flycatcher
Silvicultrix frontalis,"(de Lafresnaye, NFAA, 1847)",Crowned Chat-Tyrant,
Silvicultrix spodionota,"(Berlepsch, HHCL; Sztolcman, JS, 1896)",Kalinowski's Chat-Tyrant,
Silvicultrix jelskii,"(Taczanowski, W, 1883)",Jelski's Chat-Tyrant,Jelski's Chat-Tyrant
Silvicultrix pulchella,"(Sclater, PL; Salvin, O, 1876)",Golden-browed Chat-Tyrant,Golden-browed Chat-Tyrant
Silvicultrix diadema,"(Hartlaub, KJG, 1843)",Yellow-bellied Chat-Tyrant,Yellow-bellied Chat-Tyrant
Colorhamphus parvirostris,"(Gould, J; Gray, GR, 1839)",Patagonian Tyrant,Patagonian Tyrant
Ochthoeca salvini,"Taczanowski, W, 1877",Tumbes Tyrant,Tumbes Chat-Tyrant
Ochthoeca cinnamomeiventris,"(de Lafresnaye, NFAA, 1843)",Slaty-backed Chat-Tyrant,Chestnut-bellied Chat-Tyrant
Ochthoeca nigrita,"Sclater, PL; Salvin, O, 1871",Blackish Chat-Tyrant,Blackish Chat-Tyrant
Ochthoeca thoracica,"Taczanowski, W, 1874",Maroon-belted Chat-Tyrant,Maroon-belted Chat-Tyrant
Ochthoeca rufipectoralis,"(d'Orbigny, ACVMD; de Lafresnaye, NFAA, 1837)",Rufous-breasted Chat-Tyrant,Rufous-breasted Chat-Tyrant
Ochthoeca fumicolor,"Sclater, PL, 1856",Brown-backed Chat-Tyrant,Brown-backed Chat-Tyrant
Ochthoeca superciliosa,"Sclater, PL; Salvin, O, 1871",Rufous-browed Chat-Tyrant,Rufous-browed Chat-Tyrant
Ochthoeca oenanthoides,"(d'Orbigny, ACVMD; de Lafresnaye, NFAA, 1837)",D'Orbigny's Chat-Tyrant,d'Orbigny's Chat-Tyrant
Ochthoeca piurae,"Chapman, FM, 1924",Piura Chat-Tyrant,Piura Chat-Tyrant
Ochthoeca leucophrys,"(d'Orbigny, ACVMD; de Lafresnaye, NFAA, 1837)",White-browed Chat-Tyrant,White-browed Chat-Tyrant
Phelpsia inornata,"(Lawrence, GN, 1869)",White-bearded Flycatcher,White-bearded Flycatcher
Guyramemua affine,"(Burmeister, KHK, 1856)",Chapada Flycatcher,Chapada Flycatcher
Sublegatus arenarum,"(Salvin, O, 1863)",Northern Scrub Flycatcher,Northern Scrub-Flycatcher
Sublegatus obscurior,"Todd, WEC, 1920",Amazonian Scrub Flycatcher,Amazonian Scrub-Flycatcher
Sublegatus modestus,"(Wied-Neuwied, M, 1831)",Southern Scrub Flycatcher,Southern Scrub-Flycatcher
Colonia colonus,"(Vieillot, LJP, 1818)",Long-tailed Tyrant,Long-tailed Tyrant
Arundinicola leucocephala,"(Linnaeus, C, 1764)",White-headed Marsh Tyrant,White-headed Marsh Tyrant
Fluvicola pica,"(Boddaert, P, 1783)",Pied Water Tyrant,Pied Water-Tyrant
Fluvicola albiventer,"(Spix, JB, 1825)",Black-backed Water Tyrant,Black-backed Water-Tyrant
Fluvicola nengeta,"(Linnaeus, C, 1766)",Masked Water Tyrant,Masked Water-Tyrant
Pyrocephalus nanus,"Gould, J, 1838",Brujo Flycatcher,Brujo Flycatcher
Pyrocephalus rubinus,"(Boddaert, P, 1783)",Vermilion Flycatcher,Vermilion Flycatcher
Muscipipra vetula,"(Lichtenstein, MHC, 1823)",Shear-tailed Grey Tyrant,Shear-tailed Gray Tyrant
Gubernetes yetapa,"(Vieillot, LJP, 1818)",Streamer-tailed Tyrant,Streamer-tailed Tyrant
Heteroxolmis dominicana,"(Vieillot, LJP, 1823)",Black-and-white Monjita,Black-and-white Monjita
Alectrurus tricolor,"(Vieillot, LJP, 1816)",Cock-tailed Tyrant,Cock-tailed Tyrant
Alectrurus risora,"(Vieillot, LJP, 1824)",Strange-tailed Tyrant,Strange-tailed Tyrant
Ochthornis littoralis,"(Pelzeln, A, 1868)",Drab Water Tyrant,Drab Water Tyrant
Cnemotriccus fuscatus,"(Wied-Neuwied, M, 1831)",Fuscous Flycatcher,Fuscous Flycatcher
Aphanotriccus capitalis,"(Salvin, O, 1865)",Tawny-chested Flycatcher,Tawny-chested Flycatcher
Aphanotriccus audax,"(Nelson, EW, 1912)",Black-billed Flycatcher,Black-billed Flycatcher
Lathrotriccus griseipectus,"(Lawrence, GN, 1869)",Grey-breasted Flycatcher,Gray-breasted Flycatcher
Lathrotriccus euleri,"(Cabanis, JL, 1868)",Euler's Flycatcher,Euler's Flycatcher
Xenotriccus callizonus,"Dwight, J; Griscom, L, 1927",Belted Flycatcher,Belted Flycatcher
Xenotriccus mexicanus,"(Zimmer, JT, 1938)",Pileated Flycatcher,Pileated Flycatcher
Sayornis saya,"(Bonaparte, CLJL, 1825)",Say's Phoebe,Say's Phoebe
Sayornis phoebe,"(Latham, J, 1790)",Eastern Phoebe,Eastern Phoebe
Sayornis nigricans,"(Swainson, WJ, 1827)",Black Phoebe,Black Phoebe
Empidonax virescens,"(Vieillot, LJP, 1818)",Acadian Flycatcher,Acadian Flycatcher
Empidonax albigularis,"Sclater, PL; Salvin, O, 1859",White-throated Flycatcher,White-throated Flycatcher
Empidonax alnorum,"Brewster, W, 1895",Alder Flycatcher,Alder Flycatcher
Empidonax traillii,"(Audubon, JJ, 1828)",Willow Flycatcher,Willow Flycatcher
Empidonax flaviventris,"(Baird, WM; Baird, SF, 1843)",Yellow-bellied Flycatcher,Yellow-bellied Flycatcher
Empidonax flavescens,"Lawrence, GN, 1865",Yellowish Flycatcher,Yellowish Flycatcher
Empidonax difficilis,"Baird, SF, 1858",Western Flycatcher,Western Flycatcher
Empidonax hammondii,"(Xántus, J, 1858)",Hammond's Flycatcher,Hammond's Flycatcher
Empidonax oberholseri,"Phillips, AR, 1939",American Dusky Flycatcher,Dusky Flycatcher
Empidonax affinis,"(Swainson, WJ, 1827)",Pine Flycatcher,Pine Flycatcher
Empidonax minimus,"(Baird, WM; Baird, SF, 1843)",Least Flycatcher,Least Flycatcher
Empidonax wrightii,"Baird, SF, 1858",American Grey Flycatcher,Gray Flycatcher
Empidonax atriceps,"Salvin, O, 1870",Black-capped Flycatcher,Black-capped Flycatcher
Empidonax fulvifrons,"(Giraud, JP Jr, 1841)",Buff-breasted Flycatcher,Buff-breasted Flycatcher
Mitrephanes olivaceus,"Berlepsch, HHCL; Sztolcman, JS, 1894",Olive Tufted Flycatcher,Olive Flycatcher
Mitrephanes phaeocercus,"(Sclater, PL, 1859)",Northern Tufted Flycatcher,Tufted Flycatcher
Contopus cooperi,"(Nuttall, T, 1831)",Olive-sided Flycatcher,Olive-sided Flycatcher
Contopus ochraceus,"Sclater, PL; Salvin, O, 1869",Ochraceous Pewee,Ochraceous Pewee
Contopus pertinax,"Cabanis, JL; Heine, F, 1860",Greater Pewee,Greater Pewee
Contopus lugubris,"Lawrence, GN, 1865",Dark Pewee,Dark Pewee
Contopus fumigatus,"(d'Orbigny, ACVMD; de Lafresnaye, NFAA, 1837)",Smoke-colored Pewee,Smoke-colored Pewee
Contopus pallidus,"(Gosse, PH, 1847)",Jamaican Pewee,Jamaican Pewee
Contopus punensis,"Lawrence, GN, 1869",Tumbes Pewee,Tumbes Pewee
Contopus albogularis,"(Berlioz, J, 1962)",White-throated Pewee,White-throated Pewee
Contopus nigrescens,"(Sclater, PL; Salvin, O, 1880)",Blackish Pewee,Blackish Pewee
Contopus cinereus,"(Spix, JB, 1825)",Southern Tropical Pewee,Southern Tropical Pewee
Contopus sordidulus,"Sclater, PL, 1859",Western Wood Pewee,Western Wood-Pewee
Contopus bogotensis,"(Bonaparte, CLJL, 1850)",Northern Tropical Pewee,Northern Tropical Pewee
Contopus virens,"(Linnaeus, C, 1766)",Eastern Wood Pewee,Eastern Wood-Pewee
Contopus caribaeus,"(d'Orbigny, ACVMD, 1839)",Cuban Pewee,Cuban Pewee
Contopus hispaniolensis,"(Bryant, H, 1867)",Hispaniolan Pewee,Hispaniolan Pewee
Contopus latirostris,"(Verreaux, JP, 1866)",Lesser Antillean Pewee,Lesser Antillean Pewee
Satrapa icterophrys,"(Vieillot, LJP, 1818)",Yellow-browed Tyrant,Yellow-browed Tyrant
Syrtidicola fluviatilis,"(Sclater, PL; Salvin, O, 1866)",Little Ground Tyrant,Little Ground-Tyrant
Muscisaxicola maculirostris,"d'Orbigny, ACVMD; de Lafresnaye, NFAA, 1837",Spot-billed Ground Tyrant,Spot-billed Ground-Tyrant
Muscisaxicola griseus,"Taczanowski, W, 1884",Taczanowski's Ground Tyrant,Taczanowski's Ground-Tyrant
Muscisaxicola juninensis,"Taczanowski, W, 1884",Puna Ground Tyrant,Puna Ground-Tyrant
Muscisaxicola cinereus,"Philippi, RA; Landbeck, CL, 1864",Cinereous Ground Tyrant,Cinereous Ground-Tyrant
Muscisaxicola albifrons,"(Tschudi, JJ, 1844)",White-fronted Ground Tyrant,White-fronted Ground-Tyrant
Muscisaxicola flavinucha,"de Lafresnaye, NFAA, 1855",Ochre-naped Ground Tyrant,Ochre-naped Ground-Tyrant
Muscisaxicola rufivertex,"d'Orbigny, ACVMD; de Lafresnaye, NFAA, 1837",Rufous-naped Ground Tyrant,Rufous-naped Ground-Tyrant
Muscisaxicola maclovianus,"(Garnot, P, 1826)",Dark-faced Ground Tyrant,Dark-faced Ground-Tyrant
Muscisaxicola albilora,"de Lafresnaye, NFAA, 1855",White-browed Ground Tyrant,White-browed Ground-Tyrant
Muscisaxicola alpinus,"(Jardine, W, 1849)",Paramo Ground Tyrant,Plain-capped Ground-Tyrant
Muscisaxicola capistratus,"(Burmeister, KHK, 1860)",Cinnamon-bellied Ground Tyrant,Cinnamon-bellied Ground-Tyrant
Muscisaxicola frontalis,"(Burmeister, KHK, 1860)",Black-fronted Ground Tyrant,Black-fronted Ground-Tyrant
Lessonia rufa,"(Gmelin, JF, 1789)",Austral Negrito,Austral Negrito
Lessonia oreas,"(Sclater, PL; Salvin, O, 1869)",Andean Negrito,Andean Negrito
Hymenops perspicillatus,"(Gmelin, JF, 1789)",Spectacled Tyrant,Spectacled Tyrant
Knipolegus orenocensis,"Berlepsch, HHCL, 1884",Riverside Tyrant,Riverside Tyrant
Knipolegus poecilurus,"(Sclater, PL, 1862)",Rufous-tailed Tyrant,Rufous-tailed Tyrant
Knipolegus poecilocercus,"(Pelzeln, A, 1868)",Amazonian Black Tyrant,Amazonian Black-Tyrant
Knipolegus franciscanus,"Snethlage, HMMEE, 1928",Sao Francisco Black Tyrant,Caatinga Black-Tyrant
Knipolegus lophotes,"Boie, F, 1828",Crested Black Tyrant,Crested Black-Tyrant
Knipolegus nigerrimus,"(Vieillot, LJP, 1818)",Velvety Black Tyrant,Velvety Black-Tyrant
Knipolegus signatus,"(Taczanowski, W, 1875)",Jelski's Black Tyrant,Jelski's Black-Tyrant
Knipolegus cabanisi,"Schulz, F, 1882",Plumbeous Tyrant,Plumbeous Black-Tyrant
Knipolegus cyanirostris,"(Vieillot, LJP, 1818)",Blue-billed Black Tyrant,Blue-billed Black-Tyrant
Knipolegus striaticeps,"(d'Orbigny, ACVMD; de Lafresnaye, NFAA, 1837)",Cinereous Tyrant,Cinereous Tyrant
Knipolegus aterrimus,"Kaup, JJ, 1853",White-winged Black Tyrant,White-winged Black-Tyrant
Knipolegus hudsoni,"Sclater, PL, 1872",Hudson's Black Tyrant,Hudson's Black-Tyrant
Cnemarchus erythropygius,"(Sclater, PL, 1853)",Red-rumped Bush Tyrant,Red-rumped Bush-Tyrant
Cnemarchus rufipennis,"(Taczanowski, W, 1874)",Rufous-webbed Bush Tyrant,Rufous-webbed Bush-Tyrant
Xolmis velatus,"(Lichtenstein, MHC, 1823)",White-rumped Monjita,White-rumped Monjita
Xolmis irupero,"(Vieillot, LJP, 1823)",White Monjita,White Monjita
Pyrope pyrope,"(Kittlitz, FH, 1830)",Fire-eyed Diucon,Fire-eyed Diucon
Nengetus cinereus,"(Vieillot, LJP, 1816)",Grey Monjita,Gray Monjita
Neoxolmis coronatus,"(Vieillot, LJP, 1823)",Black-crowned Monjita,Black-crowned Monjita
Neoxolmis salinarum,"(Nores, M; Yzurieta, D, 1979)",Salinas Monjita,Salinas Monjita
Neoxolmis rubetra,"(Burmeister, KHK, 1860)",Rusty-backed Monjita,Rusty-backed Monjita
Neoxolmis rufiventris,"(Vieillot, LJP, 1823)",Chocolate-vented Tyrant,Chocolate-vented Tyrant
Myiotheretes striaticollis,"(Sclater, PL, 1853)",Streak-throated Bush Tyrant,Streak-throated Bush-Tyrant
Myiotheretes pernix,"(Bangs, O, 1899)",Santa Marta Bush Tyrant,Santa Marta Bush-Tyrant
Myiotheretes fumigatus,"(Boissonneau, A, 1840)",Smoky Bush Tyrant,Smoky Bush-Tyrant
Myiotheretes fuscorufus,"(Sclater, PL; Salvin, O, 1876)",Rufous-bellied Bush Tyrant,Rufous-bellied Bush-Tyrant
Agriornis montanus,"(d'Orbigny, ACVMD; de Lafresnaye, NFAA, 1837)",Black-billed Shrike-Tyrant,Black-billed Shrike-Tyrant
Agriornis albicauda,"(Philippi, RA; Landbeck, CL, 1863)",White-tailed Shrike-Tyrant,White-tailed Shrike-Tyrant
Agriornis lividus,"(Kittlitz, FH, 1835)",Great Shrike-Tyrant,Great Shrike-Tyrant
Agriornis micropterus,"Gould, J, 1839",Grey-bellied Shrike-Tyrant,Gray-bellied Shrike-Tyrant
Agriornis murinus,"(d'Orbigny, ACVMD; de Lafresnaye, NFAA, 1837)",Lesser Shrike-Tyrant,Lesser Shrike-Tyrant
Melanopareia torquata,"(Wied-Neuwied, M, 1831)",Collared Crescentchest,Collared Crescentchest
Melanopareia maximiliani,"(d'Orbigny, ACVMD, 1838)",Olive-crowned Crescentchest,Olive-crowned Crescentchest
Melanopareia maranonica,"Chapman, FM, 1924",Maranon Crescentchest,Marañon Crescentchest
Melanopareia elegans,"(Lesson, RP, 1844)",Elegant Crescentchest,Elegant Crescentchest
Pittasoma michleri,"Cassin, J, 1860",Black-crowned Antpitta,Black-crowned Antpitta
Pittasoma rufopileatum,"Hartert, EJO, 1901",Rufous-crowned Antpitta,Rufous-crowned Antpitta
Conopophaga melanogaster,"Ménétries, É, 1835",Black-bellied Gnateater,Black-bellied Gnateater
Conopophaga melanops,"(Vieillot, LJP, 1818)",Black-cheeked Gnateater,Black-cheeked Gnateater
Conopophaga aurita,"(Gmelin, JF, 1789)",Chestnut-belted Gnateater,Chestnut-belted Gnateater
Conopophaga snethlageae,"Berlepsch, HHCL, 1912",Black-breasted Gnateater,Black-breasted Gnateater
Conopophaga peruviana,"des Murs, MAPO, 1856",Ash-throated Gnateater,Ash-throated Gnateater
Conopophaga cearae,"Cory, CB, 1916",Ceara Gnateater,Ceara Gnateater
Conopophaga roberti,"Hellmayr, CE, 1905",Hooded Gnateater,Hooded Gnateater
Conopophaga lineata,"(Wied-Neuwied, M, 1831)",Rufous Gnateater,Rufous Gnateater
Conopophaga castaneiceps,"Sclater, PL, 1857",Chestnut-crowned Gnateater,Chestnut-crowned Gnateater
Conopophaga ardesiaca,"d'Orbigny, ACVMD; de Lafresnaye, NFAA, 1837",Slaty Gnateater,Slaty Gnateater
Myrmornis torquata,"(Boddaert, P, 1783)",Wing-banded Antbird,Wing-banded Antbird
Pygiptila stellaris,"(Spix, JB, 1825)",Spot-winged Antshrike,Spot-winged Antshrike
Thamnistes rufescens,"Cabanis, JL, 1873",Rufescent Antshrike,Rufescent Antshrike
Thamnistes anabatinus,"Sclater, PL; Salvin, O, 1860",Russet Antshrike,Russet Antshrike
Euchrepomis callinota,"(Sclater, PL, 1855)",Rufous-rumped Antwren,Rufous-rumped Antwren
Euchrepomis humeralis,"(Sclater, PL; Salvin, O, 1880)",Chestnut-shouldered Antwren,Chestnut-shouldered Antwren
Euchrepomis sharpei,"(Berlepsch, HHCL, 1901)",Yellow-rumped Antwren,Yellow-rumped Antwren
Euchrepomis spodioptila,"(Sclater, PL; Salvin, O, 1881)",Ash-winged Antwren,Ash-winged Antwren
Myrmorchilus strigilatus,"(Wied-Neuwied, M, 1831)",Stripe-backed Antbird,Stripe-backed Antbird
Microrhopias quixensis,"(Cornalia, EBM, 1849)",Dot-winged Antwren,Dot-winged Antwren
Aprositornis disjuncta,"(Friedmann, H, 1945)",Yapacana Antbird,Yapacana Antbird
Ammonastes pelzelni,"(Sclater, PL, 1890)",Grey-bellied Antbird,Gray-bellied Antbird
Myrmophylax atrothorax,"(Boddaert, P, 1783)",Black-throated Antbird,Black-throated Antbird
Neoctantes niger,"(Pelzeln, A, 1859)",Black Bushbird,Black Bushbird
Clytoctantes alixii,"Elliot, DG, 1870",Recurve-billed Bushbird,Recurve-billed Bushbird
Clytoctantes atrogularis,"Lanyon, SM; Stotz, DF; Willard, DE, 1991",Rondonia Bushbird,Rondonia Bushbird
Epinecrophylla fulviventris,"(Lawrence, GN, 1862)",Checker-throated Stipplethroat,Checker-throated Stipplethroat
Epinecrophylla gutturalis,"(Sclater, PL; Salvin, O, 1881)",Brown-bellied Stipplethroat,Brown-bellied Stipplethroat
Epinecrophylla leucophthalma,"(Pelzeln, A, 1868)",White-eyed Stipplethroat,White-eyed Stipplethroat
Epinecrophylla haematonota,"(Sclater, PL, 1857)",Rufous-backed Stipplethroat,Rufous-backed Stipplethroat
Epinecrophylla amazonica,"(Ihering, HFA, 1905)",Rio Madeira Stipplethroat,Rio Madeira Stipplethroat
Epinecrophylla spodionota,"(Sclater, PL; Salvin, O, 1880)",Foothill Stipplethroat,Foothill Stipplethroat
Epinecrophylla ornata,"(Sclater, PL, 1853)",Ornate Stipplethroat,Ornate Stipplethroat
Epinecrophylla erythrura,"(Sclater, PL, 1890)",Rufous-tailed Stipplethroat,Rufous-tailed Stipplethroat
Terenura maculata,"(Wied-Neuwied, M, 1831)",Streak-capped Antwren,Streak-capped Antwren
Terenura sicki,"Teixeira, DM; Gonzaga, LP, 1983",Orange-bellied Antwren,Orange-bellied Antwren
Myrmochanes hemileucus,"(Sclater, PL; Salvin, O, 1866)",Black-and-white Antbird,Black-and-white Antbird
Myrmotherula brachyura,"(Hermann, J, 1783)",Pygmy Antwren,Pygmy Antwren
Myrmotherula ignota,"Griscom, L, 1929",Moustached Antwren,Moustached Antwren
Myrmotherula ambigua,"Zimmer, JT, 1932",Yellow-throated Antwren,Yellow-throated Antwren
Myrmotherula sclateri,"Snethlage, HMMEE, 1912",Sclater's Antwren,Sclater's Antwren
Myrmotherula surinamensis,"(Gmelin, JF, 1788)",Guianan Streaked Antwren,Guianan Streaked-Antwren
Myrmotherula multostriata,"Sclater, PL, 1858",Amazonian Streaked Antwren,Amazonian Streaked-Antwren
Myrmotherula pacifica,"Hellmayr, CE, 1911",Pacific Antwren,Pacific Antwren
Myrmotherula cherriei,"Berlepsch, HHCL; Hartert, EJO, 1902",Cherrie's Antwren,Cherrie's Antwren
Myrmotherula klagesi,"Todd, WEC, 1927",Klages's Antwren,Klages's Antwren
Myrmotherula longicauda,"Berlepsch, HHCL; Sztolcman, JS, 1894",Stripe-chested Antwren,Stripe-chested Antwren
Myrmotherula axillaris,"(Vieillot, LJP, 1817)",White-flanked Antwren,White-flanked Antwren
Myrmotherula schisticolor,"(Lawrence, GN, 1865)",Slaty Antwren,Slaty Antwren
Myrmotherula sunensis,"Chapman, FM, 1925",Rio Suno Antwren,Rio Suno Antwren
Myrmotherula minor,"Salvadori, AT, 1864",Salvadori's Antwren,Salvadori's Antwren
Myrmotherula longipennis,"Pelzeln, A, 1868",Long-winged Antwren,Long-winged Antwren
Myrmotherula urosticta,"(Sclater, PL, 1857)",Band-tailed Antwren,Band-tailed Antwren
Myrmotherula iheringi,"Snethlage, HMMEE, 1914",Ihering's Antwren,Ihering's Antwren
Myrmotherula fluminensis,"Gonzaga, LP, 1988",Rio de Janeiro Antwren,Rio de Janeiro Antwren
Myrmotherula grisea,"Carriker, MA, 1935",Yungas Antwren,Ashy Antwren
Myrmotherula unicolor,"(Ménétries, É, 1835)",Unicolored Antwren,Unicolored Antwren
Myrmotherula snowi,"Teixeira, DM; Gonzaga, LP, 1985",Alagoas Antwren,Alagoas Antwren
Myrmotherula behni,"Berlepsch, HHCL; Leverkühn, PGHMR, 1890",Plain-winged Antwren,Plain-winged Antwren
Myrmotherula menetriesii,"(d'Orbigny, ACVMD, 1838)",Grey Antwren,Gray Antwren
Myrmotherula assimilis,"Pelzeln, A, 1868",Leaden Antwren,Leaden Antwren
Formicivora iheringi,"Hellmayr, CE, 1909",Narrow-billed Antwren,Narrow-billed Antwren
Formicivora erythronotos,"Hartlaub, KJG, 1852",Black-hooded Antwren,Black-hooded Antwren
Formicivora intermedia,"Cabanis, JL, 1847",Northern White-fringed Antwren,Northern White-fringed Antwren
Formicivora grisea,"(Boddaert, P, 1783)",Southern White-fringed Antwren,Southern White-fringed Antwren
Formicivora serrana,"(Hellmayr, CE, 1929)",Serra Antwren,Serra Antwren
Formicivora melanogaster,"Pelzeln, A, 1868",Black-bellied Antwren,Black-bellied Antwren
Formicivora rufa,"(Wied-Neuwied, M, 1831)",Rusty-backed Antwren,Rusty-backed Antwren
Formicivora grantsaui,"Gonzaga, LP; Carvalhaes, AMP; Buzzetti, DRC, 2007",Sincora Antwren,Sincora Antwren
Formicivora acutirostris,"(Bornschein, MR; Reinert, BL; Teixeira, DM, 1995)",Marsh Antwren,Marsh Antwren
Isleria guttata,"(Vieillot, LJP, 1824)",Rufous-bellied Antwren,Rufous-bellied Antwren
Isleria hauxwelli,"(Sclater, PL, 1857)",Plain-throated Antwren,Plain-throated Antwren
Xenornis setifrons,"Chapman, FM, 1924",Speckled Antshrike,Spiny-faced Antshrike
Thamnomanes ardesiacus,"(Sclater, PL; Salvin, O, 1868)",Dusky-throated Antshrike,Dusky-throated Antshrike
Thamnomanes saturninus,"(Pelzeln, A, 1868)",Saturnine Antshrike,Saturnine Antshrike
Thamnomanes caesius,"(Temminck, CJ, 1820)",Cinereous Antshrike,Cinereous Antshrike
Thamnomanes schistogynus,"Hellmayr, CE, 1911",Bluish-slate Antshrike,Bluish-slate Antshrike
Megastictus margaritatus,"(Sclater, PL, 1855)",Pearly Antshrike,Pearly Antshrike
Rhopias gularis,"(Spix, JB, 1825)",Star-throated Antwren,Star-throated Antwren
Dichrozona cincta,"(Pelzeln, A, 1868)",Banded Antbird,Banded Antbird
Cymbilaimus sanctaemariae,"Gyldenstolpe, NCGF, 1941",Bamboo Antshrike,Bamboo Antshrike
Cymbilaimus lineatus,"(Leach, WE, 1814)",Fasciated Antshrike,Fasciated Antshrike
Taraba major,"(Vieillot, LJP, 1816)",Great Antshrike,Great Antshrike
Hypoedaleus guttatus,"(Vieillot, LJP, 1816)",Spot-backed Antshrike,Spot-backed Antshrike
Batara cinerea,"(Vieillot, LJP, 1819)",Giant Antshrike,Giant Antshrike
Mackenziaena severa,"(Lichtenstein, MHC, 1823)",Tufted Antshrike,Tufted Antshrike
Mackenziaena leachii,"(Such, G, 1825)",Large-tailed Antshrike,Large-tailed Antshrike
Frederickena viridis,"(Vieillot, LJP, 1816)",Black-throated Antshrike,Black-throated Antshrike
Frederickena unduliger,"(Pelzeln, A, 1868)",Undulated Antshrike,Undulated Antshrike
Frederickena fulva,"Zimmer, JT, 1944",Fulvous Antshrike,Fulvous Antshrike
Sakesphoroides cristatus,"(Wied-Neuwied, M, 1831)",Silvery-cheeked Antshrike,Silvery-cheeked Antshrike
Biatas nigropectus,"(de Lafresnaye, NFAA, 1850)",White-bearded Antshrike,White-bearded Antshrike
Radinopsyche sellowi,"(Whitney, BM; Pacheco, JF, 2000)",Caatinga Antwren,Caatinga Antwren
Dysithamnus stictothorax,"(Temminck, CJ, 1823)",Spot-breasted Antvireo,Spot-breasted Antvireo
Dysithamnus mentalis,"(Temminck, CJ, 1823)",Plain Antvireo,Plain Antvireo
Dysithamnus striaticeps,"Lawrence, GN, 1865",Streak-crowned Antvireo,Streak-crowned Antvireo
Dysithamnus puncticeps,"Salvin, O, 1866",Spot-crowned Antvireo,Spot-crowned Antvireo
Dysithamnus xanthopterus,"Burmeister, KHK, 1856",Rufous-backed Antvireo,Rufous-backed Antvireo
Dysithamnus occidentalis,"(Chapman, FM, 1923)",Bicolored Antvireo,Bicolored Antvireo
Dysithamnus plumbeus,"(Wied-Neuwied, M, 1831)",Plumbeous Antvireo,Plumbeous Antvireo
Dysithamnus leucostictus,"Sclater, PL, 1858",White-streaked Antvireo,White-streaked Antvireo
Herpsilochmus pileatus,"(Lichtenstein, MHC, 1823)",Bahia Antwren,Bahia Antwren
Herpsilochmus atricapillus,"Pelzeln, A, 1868",Black-capped Antwren,Black-capped Antwren
Herpsilochmus praedictus,"Cohn-Haft, M; Bravo, GA, 2013",Predicted Antwren,Predicted Antwren
Herpsilochmus stotzi,"Whitney, BM; Cohn-Haft, M; Bravo, GA; Schunck, F; Silveira, LF, 2013",Aripuana Antwren,Aripuana Antwren
Herpsilochmus motacilloides,"Taczanowski, W, 1874",Creamy-bellied Antwren,Creamy-bellied Antwren
Herpsilochmus parkeri,"Davis, TJ; O'Neill, JP, 1986",Ash-throated Antwren,Ash-throated Antwren
Herpsilochmus sticturus,"Salvin, O, 1885",Spot-tailed Antwren,Spot-tailed Antwren
Herpsilochmus dugandi,"Meyer de Schauensee, R, 1945",Dugand's Antwren,Dugand's Antwren
Herpsilochmus stictocephalus,"Todd, WEC, 1927",Todd's Antwren,Todd's Antwren
Herpsilochmus gentryi,"Whitney, BM; Álvarez A, J, 1998",Ancient Antwren,Ancient Antwren
Herpsilochmus dorsimaculatus,"Pelzeln, A, 1868",Spot-backed Antwren,Spot-backed Antwren
Herpsilochmus roraimae,"Hellmayr, CE, 1903",Roraiman Antwren,Roraiman Antwren
Herpsilochmus pectoralis,"Sclater, PL, 1857",Pectoral Antwren,Pectoral Antwren
Herpsilochmus longirostris,"Pelzeln, A, 1868",Large-billed Antwren,Large-billed Antwren
Herpsilochmus axillaris,"(Tschudi, JJ, 1844)",Yellow-breasted Antwren,Yellow-breasted Antwren
Herpsilochmus frater,"Sclater, PL; Salvin, O, 1880",Rusty-winged Antwren,Rusty-winged Antwren
Herpsilochmus rufimarginatus,"(Temminck, CJ, 1822)",Rufous-margined Antwren,Rufous-margined Antwren
Sakesphorus canadensis,"(Linnaeus, C, 1766)",Black-crested Antshrike,
Sakesphorus pulchellus,"(Cabanis, JL; Heine, F, 1860)",Streak-fronted Antshrike,
Sakesphorus luctuosus,"(Lichtenstein, MHC, 1823)",Glossy Antshrike,Glossy Antshrike
Thamnophilus doliatus,"(Linnaeus, C, 1764)",Barred Antshrike,Barred Antshrike
Thamnophilus ruficapillus,"Vieillot, LJP, 1816",Rufous-capped Antshrike,Rufous-capped Antshrike
Thamnophilus torquatus,"Swainson, WJ, 1825",Rufous-winged Antshrike,Rufous-winged Antshrike
Thamnophilus zarumae,"Chapman, FM, 1921",Chapman's Antshrike,Chapman's Antshrike
Thamnophilus multistriatus,"de Lafresnaye, NFAA, 1844",Bar-crested Antshrike,Bar-crested Antshrike
Thamnophilus tenuepunctatus,"de Lafresnaye, NFAA, 1853",Lined Antshrike,Lined Antshrike
Thamnophilus palliatus,"(Lichtenstein, MHC, 1823)",Chestnut-backed Antshrike,Chestnut-backed Antshrike
Thamnophilus bernardi,"Lesson, RP, 1844",Collared Antshrike,Collared Antshrike
Thamnophilus shumbae,"(Carriker, MA, 1934)",Maranon Antshrike,Marañon Antshrike
Thamnophilus atrinucha,"Salvin, O; Godman, FD, 1892",Black-crowned Antshrike,Black-crowned Antshrike
Thamnophilus bridgesi,"Sclater, PL, 1856",Black-hooded Antshrike,Black-hooded Antshrike
Thamnophilus schistaceus,"d'Orbigny, ACVMD, 1838",Plain-winged Antshrike,Plain-winged Antshrike
Thamnophilus murinus,"Sclater, PL; Salvin, O, 1868",Mouse-colored Antshrike,Mouse-colored Antshrike
Thamnophilus nigriceps,"Sclater, PL, 1869",Black Antshrike,Black Antshrike
Thamnophilus praecox,"Zimmer, JT, 1937",Cocha Antshrike,Cocha Antshrike
Thamnophilus cryptoleucus,"(Ménégaux, HA; Hellmayr, CE, 1906)",Castelnau's Antshrike,Castelnau's Antshrike
Thamnophilus nigrocinereus,"Sclater, PL, 1855",Blackish-grey Antshrike,Blackish-gray Antshrike
Thamnophilus punctatus,"(Shaw, G, 1809)",Northern Slaty Antshrike,Northern Slaty-Antshrike
Thamnophilus stictocephalus,"Pelzeln, A, 1868",Natterer's Slaty Antshrike,Natterer's Slaty-Antshrike
Thamnophilus sticturus,"Pelzeln, A, 1868",Bolivian Slaty Antshrike,Bolivian Slaty-Antshrike
Thamnophilus pelzelni,"Hellmayr, CE, 1924",Planalto Slaty Antshrike,Planalto Slaty-Antshrike
Thamnophilus ambiguus,"Swainson, WJ, 1825",Sooretama Slaty Antshrike,Sooretama Slaty-Antshrike
Thamnophilus caerulescens,"Vieillot, LJP, 1816",Variable Antshrike,Variable Antshrike
Thamnophilus unicolor,"(Sclater, PL, 1859)",Uniform Antshrike,Uniform Antshrike
Thamnophilus aethiops,"Sclater, PL, 1858",White-shouldered Antshrike,White-shouldered Antshrike
Thamnophilus aroyae,"(Hellmayr, CE, 1904)",Upland Antshrike,Upland Antshrike
Thamnophilus melanonotus,"Sclater, PL, 1855",Black-backed Antshrike,Black-backed Antshrike
Thamnophilus melanothorax,"Sclater, PL, 1857",Band-tailed Antshrike,Band-tailed Antshrike
Thamnophilus amazonicus,"Sclater, PL, 1858",Amazonian Antshrike,Amazonian Antshrike
Thamnophilus insignis,"Salvin, O; Godman, FD, 1884",Streak-backed Antshrike,Streak-backed Antshrike
Thamnophilus divisorius,"Whitney, BM; Oren, DC; Brumfield, RT, 2004",Acre Antshrike,Acre Antshrike
Phaenostictus mcleannani,"(Lawrence, GN, 1861)",Ocellated Antbird,Ocellated Antbird
Pithys castaneus,"Berlioz, J, 1938",White-masked Antbird,White-masked Antbird
Pithys albifrons,"(Linnaeus, C, 1766)",White-plumed Antbird,White-plumed Antbird
Willisornis vidua,"(Hellmayr, CE, 1905)",Xingu Scale-backed Antbird,Xingu Scale-backed Antbird
Willisornis poecilinotus,"(Cabanis, JL, 1847)",Common Scale-backed Antbird,Common Scale-backed Antbird
Phlegopsis nigromaculata,"(d'Orbigny, ACVMD; de Lafresnaye, NFAA, 1837)",Black-spotted Bare-eye,Black-spotted Bare-eye
Phlegopsis erythroptera,"(Gould, J, 1855)",Reddish-winged Bare-eye,Reddish-winged Bare-eye
Phlegopsis borbae,"Hellmayr, CE, 1907",Pale-faced Bare-eye,Pale-faced Bare-eye
Oneillornis lunulatus,"(Sclater, PL; Salvin, O, 1873)",Lunulated Antbird,Lunulated Antbird
Oneillornis salvini,"(Berlepsch, HHCL, 1901)",White-throated Antbird,White-throated Antbird
Gymnopithys bicolor,"(Lawrence, GN, 1863)",Bicolored Antbird,Bicolored Antbird
Gymnopithys leucaspis,"(Sclater, PL, 1855)",White-cheeked Antbird,White-cheeked Antbird
Gymnopithys rufigula,"(Boddaert, P, 1783)",Rufous-throated Antbird,Rufous-throated Antbird
Rhegmatorhina gymnops,"Ridgway, R, 1888",Bare-eyed Antbird,Bare-eyed Antbird
Rhegmatorhina berlepschi,"(Snethlage, HMMEE, 1907)",Harlequin Antbird,Harlequin Antbird
Rhegmatorhina hoffmannsi,"(Hellmayr, CE, 1907)",White-breasted Antbird,White-breasted Antbird
Rhegmatorhina cristata,"(Pelzeln, A, 1868)",Chestnut-crested Antbird,Chestnut-crested Antbird
Rhegmatorhina melanosticta,"(Sclater, PL; Salvin, O, 1880)",Hairy-crested Antbird,Hairy-crested Antbird
Cercomacra manu,"Fitzpatrick, JW; Willard, DE, 1990",Manu Antbird,Manu Antbird
Cercomacra cinerascens,"(Sclater, PL, 1857)",Grey Antbird,Gray Antbird
Cercomacra brasiliana,"Hellmayr, CE, 1905",Rio de Janeiro Antbird,Rio de Janeiro Antbird
Cercomacra melanaria,"(Ménétries, É, 1835)",Mato Grosso Antbird,Mato Grosso Antbird
Cercomacra ferdinandi,"Snethlage, HMMEE, 1928",Bananal Antbird,Bananal Antbird
Cercomacra nigricans,"Sclater, PL, 1858",Jet Antbird,Jet Antbird
Cercomacra carbonaria,"Sclater, PL; Salvin, O, 1873",Rio Branco Antbird,Rio Branco Antbird
Cercomacroides laeta,"(Todd, WEC, 1920)",Willis's Antbird,Willis's Antbird
Cercomacroides parkeri,"(Graves, GR, 1997)",Parker's Antbird,Parker's Antbird
Cercomacroides tyrannina,"(Sclater, PL, 1855)",Dusky Antbird,Dusky Antbird
Cercomacroides serva,"(Sclater, PL, 1858)",Black Antbird,Black Antbird
Cercomacroides nigrescens,"(Cabanis, JL; Heine, F, 1860)",Blackish Antbird,Blackish Antbird
Cercomacroides fuscicauda,"(Zimmer, JT, 1931)",Riparian Antbird,Riparian Antbird
Sciaphylax hemimelaena,"(Sclater, PL, 1857)",Southern Chestnut-tailed Antbird,Chestnut-tailed Antbird
Sciaphylax castanea,"(Zimmer, JT, 1932)",Northern Chestnut-tailed Antbird,Zimmer's Antbird
Hypocnemis cantator,"(Boddaert, P, 1783)",Guianan Warbling Antbird,Guianan Warbling-Antbird
Hypocnemis flavescens,"Sclater, PL, 1865",Imeri Warbling Antbird,Imeri Warbling-Antbird
Hypocnemis peruviana,"Taczanowski, W, 1884",Peruvian Warbling Antbird,Peruvian Warbling-Antbird
Hypocnemis subflava,"Cabanis, JL, 1873",Yellow-breasted Warbling Antbird,Yellow-breasted Warbling-Antbird
Hypocnemis ochrogyna,"Zimmer, JT, 1932",Rondonia Warbling Antbird,Rondonia Warbling-Antbird
Hypocnemis striata,"(Spix, JB, 1825)",Spix's Warbling Antbird,Spix's Warbling-Antbird
Hypocnemis rondoni,"Whitney, BM; Isler, ML; Bravo, GA; Aristizábal, N; Schunck, F; Silveira, LF; Piacentini, VQ; Cohn-Haft, M; Rêgo, MA, 2013",Manicore Warbling Antbird,Manicore Warbling-Antbird
Hypocnemis hypoxantha,"Sclater, PL, 1869",Yellow-browed Antbird,Yellow-browed Antbird
Drymophila ferruginea,"(Temminck, CJ, 1822)",Ferruginous Antbird,Ferruginous Antbird
Drymophila rubricollis,"(Bertoni, AW, 1901)",Bertoni's Antbird,Bertoni's Antbird
Drymophila genei,"(de Filippi, F, 1847)",Rufous-tailed Antbird,Rufous-tailed Antbird
Drymophila ochropyga,"(Hellmayr, CE, 1906)",Ochre-rumped Antbird,Ochre-rumped Antbird
Drymophila malura,"(Temminck, CJ, 1825)",Dusky-tailed Antbird,Dusky-tailed Antbird
Drymophila squamata,"(Lichtenstein, MHC, 1823)",Scaled Antbird,Scaled Antbird
Drymophila devillei,"(Ménégaux, HA; Hellmayr, CE, 1906)",Striated Antbird,Striated Antbird
Drymophila caudata,"(Sclater, PL, 1855)",East Andean Antbird,East Andean Antbird
Drymophila klagesi,"Hellmayr, CE; Seilern-Aspang, J, 1912",Klages's Antbird,Klages's Antbird
Drymophila hellmayri,"Todd, WEC, 1915",Santa Marta Antbird,Santa Marta Antbird
Drymophila striaticeps,"Chapman, FM, 1912",Streak-headed Antbird,Streak-headed Antbird
Poliocrania exsul,"(Sclater, PL, 1859)",Chestnut-backed Antbird,Chestnut-backed Antbird
Ampelornis griseiceps,"(Chapman, FM, 1923)",Grey-headed Antbird,Gray-headed Antbird
Sipia laemosticta,"(Salvin, O, 1865)",Dull-mantled Antbird,Dull-mantled Antbird
Sipia palliata,"(Todd, WEC, 1917)",Magdalena Antbird,Magdalena Antbird
Sipia nigricauda,"(Salvin, O; Godman, FD, 1892)",Esmeraldas Antbird,Esmeraldas Antbird
Sipia berlepschi,"(Hartert, EJO, 1898)",Stub-tailed Antbird,Stub-tailed Antbird
Myrmoderus ferrugineus,"(Müller, PLS, 1776)",Ferruginous-backed Antbird,Ferruginous-backed Antbird
Myrmoderus eowilsoni,"Moncrieff, AE; Johnson, O; Lane, DF; Beck, JR; Angulo P, F; Fagan, J, 2017",Cordillera Azul Antbird,Cordillera Azul Antbird
Myrmoderus ruficauda,"(Wied-Neuwied, M, 1831)",Scalloped Antbird,Scalloped Antbird
Myrmoderus loricatus,"(Lichtenstein, MHC, 1823)",White-bibbed Antbird,White-bibbed Antbird
Myrmoderus squamosus,"(Pelzeln, A, 1868)",Squamate Antbird,Squamate Antbird
Hypocnemoides maculicauda,"(Pelzeln, A, 1868)",Band-tailed Antbird,Band-tailed Antbird
Hypocnemoides melanopogon,"(Sclater, PL, 1857)",Black-chinned Antbird,Black-chinned Antbird
Hylophylax naevioides,"(de Lafresnaye, NFAA, 1847)",Spotted Antbird,Spotted Antbird
Hylophylax naevius,"(Gmelin, JF, 1789)",Spot-backed Antbird,Spot-backed Antbird
Hylophylax punctulatus,"(des Murs, MAPO, 1856)",Dot-backed Antbird,Dot-backed Antbird
Sclateria naevia,"(Gmelin, JF, 1788)",Silvered Antbird,Silvered Antbird
Myrmelastes schistaceus,"(Sclater, PL, 1858)",Slate-colored Antbird,Slate-colored Antbird
Myrmelastes saturatus,"(Salvin, O, 1885)",Roraiman Antbird,Roraiman Antbird
Myrmelastes hyperythrus,"(Sclater, PL, 1855)",Plumbeous Antbird,Plumbeous Antbird
Myrmelastes leucostigma,"(Pelzeln, A, 1868)",Spot-winged Antbird,Spot-winged Antbird
Myrmelastes humaythae,"(Hellmayr, CE, 1907)",Humaita Antbird,Humaita Antbird
Myrmelastes brunneiceps,"(Zimmer, JT, 1931)",Brownish-headed Antbird,Brownish-headed Antbird
Myrmelastes rufifacies,"(Hellmayr, CE, 1929)",Rufous-faced Antbird,Rufous-faced Antbird
Myrmelastes caurensis,"(Hellmayr, CE, 1906)",Caura Antbird,Caura Antbird
Myrmeciza longipes,"(Swainson, WJ, 1825)",White-bellied Antbird,White-bellied Antbird
Rhopornis ardesiacus,"(Wied-Neuwied, M, 1831)",Slender Antbird,Slender Antbird
Myrmoborus leucophrys,"(Tschudi, JJ, 1844)",White-browed Antbird,White-browed Antbird
Myrmoborus lugubris,"(Cabanis, JL, 1847)",Ash-breasted Antbird,Ash-breasted Antbird
Myrmoborus myotherinus,"(Spix, JB, 1825)",Black-faced Antbird,Black-faced Antbird
Myrmoborus melanurus,"(Sclater, PL; Salvin, O, 1866)",Black-tailed Antbird,Black-tailed Antbird
Myrmoborus lophotes,"(Hellmayr, CE; Seilern-Aspang, J, 1914)",White-lined Antbird,White-lined Antbird
Pyriglena maura,"(Ménétries, É, 1835)",Western Fire-eye,Western Fire-eye
Pyriglena similis,"Zimmer, JT, 1931",Tapajos Fire-eye,Tapajos Fire-eye
Pyriglena leuconota,"(Spix, JB, 1824)",East Amazonian Fire-eye,East Amazonian Fire-eye
Pyriglena atra,"(Swainson, WJ, 1825)",Fringe-backed Fire-eye,Fringe-backed Fire-eye
Pyriglena leucoptera,"(Vieillot, LJP, 1818)",White-shouldered Fire-eye,White-shouldered Fire-eye
Gymnocichla nudiceps,"(Cassin, J, 1850)",Bare-crowned Antbird,Bare-crowned Antbird
Akletos melanoceps,"(Spix, JB, 1825)",White-shouldered Antbird,White-shouldered Antbird
Akletos goeldii,"(Snethlage, HMMEE, 1908)",Goeldi's Antbird,Goeldi's Antbird
Percnostola arenarum,"Isler, ML; Álvarez A, J; Isler, PR; Whitney, BM, 2002",Allpahuayo Antbird,Allpahuayo Antbird
Percnostola rufifrons,"(Gmelin, JF, 1789)",Black-headed Antbird,Black-headed Antbird
Hafferia fortis,"(Sclater, PL; Salvin, O, 1868)",Sooty Antbird,Sooty Antbird
Hafferia zeledoni,"(Ridgway, R, 1909)",Zeledon's Antbird,Zeledon's Antbird
Hafferia immaculata,"(de Lafresnaye, NFAA, 1845)",Blue-lored Antbird,Blue-lored Antbird
Cryptopezus nattereri,"(Pinto, OMO, 1937)",Speckle-breasted Antpitta,Speckle-breasted Antpitta
Grallaricula flavirostris,"(Sclater, PL, 1858)",Ochre-breasted Antpitta,Ochre-breasted Antpitta
Grallaricula loricata,"(Sclater, PL, 1857)",Scallop-breasted Antpitta,Scallop-breasted Antpitta
Grallaricula cucullata,"(Sclater, PL, 1856)",Hooded Antpitta,Hooded Antpitta
Grallaricula peruviana,"Chapman, FM, 1923",Peruvian Antpitta,Peruvian Antpitta
Grallaricula ochraceifrons,"Graves, GR; O'Neill, JP; Parker, TA, 1983",Ochre-fronted Antpitta,Ochre-fronted Antpitta
Grallaricula ferrugineipectus,"(Sclater, PL, 1857)",Rusty-breasted Antpitta,Rusty-breasted Antpitta
Grallaricula leymebambae,"Carriker, MA, 1933",Rufous-breasted Antpitta,Leymebamba Antpitta
Grallaricula nana,"(de Lafresnaye, NFAA, 1842)",Slaty-crowned Antpitta,Slate-crowned Antpitta
Grallaricula cumanensis,"Hartert, EJO, 1900",Sucre Antpitta,Sucre Antpitta
Grallaricula lineifrons,"(Chapman, FM, 1924)",Crescent-faced Antpitta,Crescent-faced Antpitta
Hylopezus perspicillatus,"(Lawrence, GN, 1861)",Streak-chested Antpitta,Streak-chested Antpitta
Hylopezus macularius,"(Temminck, CJ, 1830)",Spotted Antpitta,Spotted Antpitta
Hylopezus paraensis,"(Snethlage, HMMEE, 1910)",Snethlage's Antpitta,Snethlage's Antpitta
Hylopezus whittakeri,"Carneiro, LS; Gonzaga, LP; Rêgo, PS; Sampaio, I; Schneider, H; Aleixo, ALP, 2012",Alta Floresta Antpitta,Alta Floresta Antpitta
Hylopezus auricularis,"(Gyldenstolpe, NCGF, 1941)",Masked Antpitta,Masked Antpitta
Hylopezus ochroleucus,"(Wied-Neuwied, M, 1831)",White-browed Antpitta,White-browed Antpitta
Myrmothera fulviventris,"(Sclater, PL, 1858)",White-lored Antpitta,White-lored Antpitta
Myrmothera berlepschi,"(Hellmayr, CE, 1903)",Amazonian Antpitta,Amazonian Antpitta
Myrmothera dives,"(Salvin, O, 1865)",Thicket Antpitta,Thicket Antpitta
Myrmothera campanisona,"(Hermann, J, 1783)",Thrush-like Antpitta,Thrush-like Antpitta
Myrmothera subcanescens,"Todd, WEC, 1927",Tapajos Antpitta,Tapajos Antpitta
Myrmothera simplex,"(Salvin, O; Godman, FD, 1884)",Tepui Antpitta,Tepui Antpitta
Grallaria squamigera,"de Lafresnaye, NFAA, 1842",Undulated Antpitta,Undulated Antpitta
Grallaria gigantea,"Lawrence, GN, 1866",Giant Antpitta,Giant Antpitta
Grallaria excelsa,"Berlepsch, HHCL, 1893",Great Antpitta,Great Antpitta
Grallaria varia,"(Boddaert, P, 1783)",Variegated Antpitta,Variegated Antpitta
Grallaria alleni,"Chapman, FM, 1912",Moustached Antpitta,Moustached Antpitta
Grallaria guatimalensis,"de Lafresnaye, NFAA, 1842",Scaled Antpitta,Scaled Antpitta
Grallaria chthonia,"Wetmore, A; Phelps, WH Jr, 1956",Tachira Antpitta,Tachira Antpitta
Grallaria haplonota,"Sclater, PL, 1877",Plain-backed Antpitta,Plain-backed Antpitta
Grallaria dignissima,"Sclater, PL; Salvin, O, 1880",Ochre-striped Antpitta,Ochre-striped Antpitta
Grallaria eludens,"Lowery, GH; O'Neill, JP, 1969",Elusive Antpitta,Elusive Antpitta
Grallaria ruficapilla,"de Lafresnaye, NFAA, 1842",Chestnut-crowned Antpitta,Chestnut-crowned Antpitta
Grallaria watkinsi,"Chapman, FM, 1919",Watkins's Antpitta,Watkins's Antpitta
Grallaria bangsi,"Allen, JA, 1900",Santa Marta Antpitta,Santa Marta Antpitta
Grallaria kaestneri,"Stiles, FG, 1992",Cundinamarca Antpitta,Cundinamarca Antpitta
Grallaria andicolus,"(Cabanis, JL, 1873)",Stripe-headed Antpitta,Stripe-headed Antpitta
Grallaria griseonucha,"Sclater, PL; Salvin, O, 1871",Grey-naped Antpitta,Gray-naped Antpitta
Grallaria ridgelyi,"Krabbe, NK; Agro, DJ; Rice, NH; Jácome, MA; Navarrete, L; Sornoza-Molina, F, 1999",Jocotoco Antpitta,Jocotoco Antpitta
Grallaria nuchalis,"Sclater, PL, 1860",Chestnut-naped Antpitta,Chestnut-naped Antpitta
Grallaria carrikeri,"Schulenberg, TS; Williams, MD, 1982",Pale-billed Antpitta,Pale-billed Antpitta
Grallaria albigula,"Chapman, FM, 1923",White-throated Antpitta,White-throated Antpitta
Grallaria flavotincta,"Sclater, PL, 1877",Yellow-breasted Antpitta,Yellow-breasted Antpitta
Grallaria hypoleuca,"Sclater, PL, 1855",White-bellied Antpitta,White-bellied Antpitta
Grallaria przewalskii,"Taczanowski, W, 1882",Rusty-tinged Antpitta,Rusty-tinged Antpitta
Grallaria capitalis,"Chapman, FM, 1926",Bay Antpitta,Bay Antpitta
Grallaria erythroleuca,"Sclater, PL, 1874",Red-and-white Antpitta,Red-and-white Antpitta
Grallaria spatiator,"Bangs, O, 1898",Sierra Nevada Antpitta,Sierra Nevada Antpitta
Grallaria saltuensis,"Wetmore, A, 1946",Perija Antpitta,Perija Antpitta
Grallaria rufocinerea,"Sclater, PL; Salvin, O, 1879",Bicolored Antpitta,Bicolored Antpitta
Grallaria rufula,"de Lafresnaye, NFAA, 1843",Muisca Antpitta,Muisca Antpitta
Grallaria centralis,"Hosner, PA; Robbins, MB; Isler, ML; Chesser, RT, 2020",Oxapampa Antpitta,Oxapampa Antpitta
Grallaria ayacuchensis,"Hosner, PA; Robbins, MB; Isler, ML; Chesser, RT, 2020",Ayacucho Antpitta,Ayacucho Antpitta
Grallaria occabambae,"(Chapman, FM, 1923)",Urubamba Antpitta,Urubamba Antpitta
Grallaria sinaensis,"Robbins, MB; Isler, ML; Chesser, RT; Tobias, JA, 2020",Puno Antpitta,Puno Antpitta
Grallaria cochabambae,"Bond, J; Meyer de Schauensee, R, 1940",Bolivian Antpitta,Bolivian Antpitta
Grallaria alvarezi,"Cuervo, AM; Cadena, CD; Isler, ML; Chesser, RT, 2020",Chami Antpitta,Chami Antpitta
Grallaria saturata,"Domaniewski, J; Sztolcman, JS, 1918",Equatorial Antpitta,Equatorial Antpitta
Grallaria cajamarcae,"(Chapman, FM, 1927)",Cajamarca Antpitta,Cajamarca Antpitta
Grallaria blakei,"Graves, GR, 1987",Chestnut Antpitta,Chestnut Antpitta
Grallaria gravesi,"Isler, ML; Chesser, RT; Robbins, MB; Hosner, PA, 2020",Chachapoyas Antpitta,Chachapoyas Antpitta
Grallaria oneilli,"Chesser, RT; Isler, ML, 2020",Panao Antpitta,Panao Antpitta
Grallaria obscura,"Berlepsch, HHCL; Sztolcman, JS, 1896",Junin Antpitta,Junin Antpitta
Grallaria alticola,"Todd, WEC, 1919",Boyaca Antpitta,Boyaca Antpitta
Grallaria quitensis,"Lesson, RP, 1844",Tawny Antpitta,Tawny Antpitta
Grallaria atuensis,"Carriker, MA, 1933",Atuen Antpitta,Atuen Antpitta
Grallaria urraoensis,"Carantón-Ayala, D; Certuche-Cubillos, K, 2010",Urrao Antpitta,Urrao Antpitta
Grallaria milleri,"Chapman, FM, 1912",Brown-banded Antpitta,Brown-banded Antpitta
Grallaria erythrotis,"Sclater, PL; Salvin, O, 1876",Rufous-faced Antpitta,Rufous-faced Antpitta
Scelorchilus albicollis,"(Kittlitz, FH, 1830)",White-throated Tapaculo,White-throated Tapaculo
Scelorchilus rubecula,"(Kittlitz, FH, 1830)",Chucao Tapaculo,Chucao Tapaculo
Pteroptochos castaneus,"Philippi, RA; Landbeck, CL, 1864",Chestnut-throated Huet-huet,Chestnut-throated Huet-huet
Pteroptochos tarnii,"(King, PP, 1831)",Black-throated Huet-huet,Black-throated Huet-huet
Pteroptochos megapodius,"Kittlitz, FH, 1830",Moustached Turca,Moustached Turca
Psilorhamphus guttatus,"(Ménétries, É, 1835)",Spotted Bamboowren,Spotted Bamboowren
Liosceles thoracicus,"(Sclater, PL, 1865)",Rusty-belted Tapaculo,Rusty-belted Tapaculo
Acropternis orthonyx,"(de Lafresnaye, NFAA, 1843)",Ocellated Tapaculo,Ocellated Tapaculo
Teledromas fuscus,"(Sclater, PL; Salvin, O, 1873)",Sandy Gallito,Sandy Gallito
Rhinocrypta lanceolata,"(Geoffroy Saint-Hilaire, I, 1832)",Crested Gallito,Crested Gallito
Merulaxis ater,"Lesson, RP, 1831",Slaty Bristlefront,Slaty Bristlefront
Merulaxis stresemanni,"Sick, H, 1960",Stresemann's Bristlefront,Stresemann's Bristlefront
Eleoscytalopus indigoticus,"(Wied-Neuwied, M, 1831)",White-breasted Tapaculo,White-breasted Tapaculo
Eleoscytalopus psychopompus,"(Teixeira, DM; Carnevalli, NED, 1989)",Bahia Tapaculo,Bahia Tapaculo
Myornis senilis,"(de Lafresnaye, NFAA, 1840)",Ash-colored Tapaculo,Ash-colored Tapaculo
Eugralla paradoxa,"(Kittlitz, FH, 1830)",Ochre-flanked Tapaculo,Ochre-flanked Tapaculo
Scytalopus iraiensis,"Bornschein, MR; Reinert, BL; Pichorim, M, 1998",Marsh Tapaculo,Marsh Tapaculo
Scytalopus diamantinensis,"Bornschein, MR; Maurício, GN; Belmonte-Lopes, R; Mata, H; Bonatto, SL, 2007",Diamantina Tapaculo,Diamantina Tapaculo
Scytalopus novacapitalis,"Sick, H, 1958",Brasilia Tapaculo,Brasilia Tapaculo
Scytalopus petrophilus,"Whitney, BM; Vasconcelos, MF; Silveira, LF; Pacheco, JF, 2010",Rock Tapaculo,Rock Tapaculo
Scytalopus pachecoi,"Maurício, GN, 2005",Planalto Tapaculo,Planalto Tapaculo
Scytalopus gonzagai,"Maurício, GN; Belmonte-Lopes, R; Pacheco, JF; Silveira, LF; Whitney, BM; Bornschein, MR, 2014",Boa Nova Tapaculo,Boa Nova Tapaculo
Scytalopus speluncae,"(Ménétries, É, 1835)",Mouse-colored Tapaculo,Mouse-colored Tapaculo
Scytalopus fuscus,"Gould, J, 1837",Dusky Tapaculo,Dusky Tapaculo
Scytalopus magellanicus,"(Gmelin, JF, 1789)",Magellanic Tapaculo,Magellanic Tapaculo
Scytalopus affinis,"Zimmer, JT, 1939",Ancash Tapaculo,Ancash Tapaculo
Scytalopus krabbei,"Schulenberg, TS; Lane, DF; Spencer, AJ; Angulo P, F; Cadena, CD, 2020",White-winged Tapaculo,White-winged Tapaculo
Scytalopus androstictus,"Krabbe, NK; Cadena, CD, 2010",Loja Tapaculo,Loja Tapaculo
Scytalopus opacus,"Zimmer, JT, 1941",Paramo Tapaculo,Paramo Tapaculo
Scytalopus canus,"Chapman, FM, 1915",Paramillo Tapaculo,Paramillo Tapaculo
Scytalopus superciliaris,"Cabanis, JL, 1883",White-browed Tapaculo,White-browed Tapaculo
Scytalopus zimmeri,"Bond, J; Meyer de Schauensee, R, 1940",Zimmer's Tapaculo,Zimmer's Tapaculo
Scytalopus simonsi,"Chubb, C, 1917",Puna Tapaculo,Puna Tapaculo
Scytalopus schulenbergi,"Whitney, BM, 1994",Diademed Tapaculo,Diademed Tapaculo
Scytalopus urubambae,"Zimmer, JT, 1939",Vilcabamba Tapaculo,Vilcabamba Tapaculo
Scytalopus whitneyi,"Krabbe, NK; Fjeldså, J; Hosner, PA; Robbins, MB; Andersen, MJ, 2020",Ampay Tapaculo,Ampay Tapaculo
Scytalopus frankeae,"Rosenberg, KV; Davis, TJ; Rosenberg, GH; Hosner, PA; Robbins, MB; Valqui H, TH; Lane, DF, 2020",Jalca Tapaculo,Jalca Tapaculo
Scytalopus altirostris,"Zimmer, JT, 1939",Neblina Tapaculo,Neblina Tapaculo
Scytalopus parvirostris,"Zimmer, JT, 1939",Trilling Tapaculo,Trilling Tapaculo
Scytalopus bolivianus,"Allen, JA, 1889",Bolivian Tapaculo,Bolivian Tapaculo
Scytalopus atratus,"Hellmayr, CE, 1922",White-crowned Tapaculo,White-crowned Tapaculo
Scytalopus sanctaemartae,"Chapman, FM, 1915",Santa Marta Tapaculo,Santa Marta Tapaculo
Scytalopus micropterus,"(Sclater, PL, 1858)",Long-tailed Tapaculo,Long-tailed Tapaculo
Scytalopus femoralis,"(Tschudi, JJ, 1844)",Rufous-vented Tapaculo,Rufous-vented Tapaculo
Scytalopus intermedius,"Zimmer, JT, 1939",Utcubamba Tapaculo,Utcubamba Tapaculo
Scytalopus macropus,"Berlepsch, HHCL; Sztolcman, JS, 1896",Large-footed Tapaculo,Large-footed Tapaculo
Scytalopus gettyae,"Hosner, PA; Robbins, MB; Valqui H, TH; Peterson, AT, 2013",Junin Tapaculo,Junin Tapaculo
Scytalopus unicolor,"Salvin, O, 1895",Unicolored Tapaculo,Unicolored Tapaculo
Scytalopus acutirostris,"(Tschudi, JJ, 1844)",Tschudi's Tapaculo,Tschudi's Tapaculo
Scytalopus latrans,"Hellmayr, CE, 1924",Blackish Tapaculo,Blackish Tapaculo
Scytalopus argentifrons,"Ridgway, R, 1891",Silvery-fronted Tapaculo,Silvery-fronted Tapaculo
Scytalopus vicinior,"Zimmer, JT, 1939",Narino Tapaculo,Nariño Tapaculo
Scytalopus panamensis,"Chapman, FM, 1915",Tacarcuna Tapaculo,Tacarcuna Tapaculo
Scytalopus chocoensis,"Krabbe, NK; Schulenberg, TS, 1997",Choco Tapaculo,Choco Tapaculo
Scytalopus rodriguezi,"Krabbe, NK; Salaman, PGW; Cortés D, A; Quevedo, A; Ortega, LA; Cadena, CD, 2005",Magdalena Tapaculo,Magdalena Tapaculo
Scytalopus stilesi,"Cuervo, AM; Cadena, CD; Krabbe, NK; Renjifo, LM, 2005",Stiles's Tapaculo,Stiles's Tapaculo
Scytalopus alvarezlopezi,"Stiles, FG; Laverde-R, O; Cadena, CD, 2017",Tatama Tapaculo,Tatama Tapaculo
Scytalopus robbinsi,"Krabbe, NK; Schulenberg, TS, 1997",El Oro Tapaculo,Ecuadorian Tapaculo
Scytalopus caracae,"Hellmayr, CE, 1922",Caracas Tapaculo,Caracas Tapaculo
Scytalopus griseicollis,"(de Lafresnaye, NFAA, 1840)",Pale-bellied Tapaculo,Pale-bellied Tapaculo
Scytalopus latebricola,"Bangs, O, 1899",Brown-rumped Tapaculo,Brown-rumped Tapaculo
Scytalopus perijanus,"Avendaño, JE; Cuervo, AM; López-Ordóñez, JP; Gutiérrez-Pinto, N; Cortés D, A; Cadena, CD, 2015",Perija Tapaculo,Perija Tapaculo
Scytalopus meridanus,"Hellmayr, CE, 1922",Merida Tapaculo,Merida Tapaculo
Scytalopus parkeri,"Krabbe, NK; Schulenberg, TS, 1997",Chusquea Tapaculo,Chusquea Tapaculo
Scytalopus spillmanni,"Stresemann, EFT, 1937",Spillmann's Tapaculo,Spillmann's Tapaculo
Chamaeza campanisona,"(Lichtenstein, MHC, 1823)",Short-tailed Antthrush,Short-tailed Antthrush
Chamaeza nobilis,"Gould, J, 1855",Striated Antthrush,Striated Antthrush
Chamaeza meruloides,"Vigors, NA, 1825",Cryptic Antthrush,Such's Antthrush
Chamaeza turdina,"Cabanis, JL; Heine, F, 1860",Schwartz's Antthrush,Schwartz's Antthrush
Chamaeza ruficauda,"Cabanis, JL; Heine, F, 1860",Rufous-tailed Antthrush,Rufous-tailed Antthrush
Chamaeza mollissima,"Sclater, PL, 1855",Barred Antthrush,Barred Antthrush
Formicarius colma,"Boddaert, P, 1783",Rufous-capped Antthrush,Rufous-capped Antthrush
Formicarius moniliger,"Sclater, PL, 1857",Mayan Antthrush,Mayan Antthrush
Formicarius analis,"(d'Orbigny, ACVMD; de Lafresnaye, NFAA, 1837)",Black-faced Antthrush,Black-faced Antthrush
Formicarius rufifrons,"Blake, ER, 1957",Rufous-fronted Antthrush,Rufous-fronted Antthrush
Formicarius nigricapillus,"Ridgway, R, 1893",Black-headed Antthrush,
Formicarius rufipectus,"Salvin, O, 1866",Rufous-breasted Antthrush,Rufous-breasted Antthrush
Sclerurus mexicanus,"Sclater, PL, 1857",Tawny-throated Leaftosser,Middle American Leaftosser
Sclerurus obscurior,"Hartert, EJO, 1901",Dusky Leaftosser,South American Leaftosser
Sclerurus rufigularis,"Pelzeln, A, 1868",Short-billed Leaftosser,Short-billed Leaftosser
Sclerurus guatemalensis,"(Hartlaub, KJG, 1844)",Scaly-throated Leaftosser,Scaly-throated Leaftosser
Sclerurus caudacutus,"(Vieillot, LJP, 1816)",Black-tailed Leaftosser,Black-tailed Leaftosser
Sclerurus albigularis,"Sclater, PL; Salvin, O, 1869",Grey-throated Leaftosser,Gray-throated Leaftosser
Sclerurus scansor,"(Ménétries, É, 1835)",Rufous-breasted Leaftosser,Rufous-breasted Leaftosser
Geositta peruviana,"de Lafresnaye, NFAA, 1847",Coastal Miner,Coastal Miner
Geositta tenuirostris,"(de Lafresnaye, NFAA, 1836)",Slender-billed Miner,Slender-billed Miner
Geositta cunicularia,"(Vieillot, LJP, 1816)",Common Miner,Common Miner
Geositta punensis,"Dabbene, R, 1917",Puna Miner,Puna Miner
Geositta poeciloptera,"(Wied-Neuwied, M, 1830)",Campo Miner,Campo Miner
Geositta crassirostris,"Sclater, PL, 1866",Thick-billed Miner,Thick-billed Miner
Geositta rufipennis,"(Burmeister, KHK, 1860)",Rufous-banded Miner,Rufous-banded Miner
Geositta maritima,"(d'Orbigny, ACVMD; de Lafresnaye, NFAA, 1837)",Greyish Miner,Grayish Miner
Geositta antarctica,"Landbeck, CL, 1880",Short-billed Miner,Short-billed Miner
Geositta saxicolina,"Taczanowski, W, 1875",Dark-winged Miner,Dark-winged Miner
Geositta isabellina,"(Philippi, RA; Landbeck, CL, 1864)",Creamy-rumped Miner,Creamy-rumped Miner
Glyphorynchus spirurus,"(Vieillot, LJP, 1819)",Wedge-billed Woodcreeper,Wedge-billed Woodcreeper
Certhiasomus stictolaemus,"(Pelzeln, A, 1868)",Spot-throated Woodcreeper,Spot-throated Woodcreeper
Sittasomus griseicapillus,"(Vieillot, LJP, 1818)",Olivaceous Woodcreeper,Olivaceous Woodcreeper
Deconychura typica,"Cherrie, GK, 1891",Piping Long-tailed Woodcreeper,Piping Long-tailed Woodcreeper
Deconychura longicauda,"(Pelzeln, A, 1868)",Whistling Long-tailed Woodcreeper,Whistling Long-tailed Woodcreeper
Deconychura pallida,"Zimmer, JT, 1929",Mournful Long-tailed Woodcreeper,Mournful Long-tailed Woodcreeper
Dendrocincla tyrannina,"(de Lafresnaye, NFAA, 1851)",Tyrannine Woodcreeper,Tyrannine Woodcreeper
Dendrocincla merula,"(Lichtenstein, MHC, 1820)",White-chinned Woodcreeper,White-chinned Woodcreeper
Dendrocincla homochroa,"(Sclater, PL, 1860)",Ruddy Woodcreeper,Ruddy Woodcreeper
Dendrocincla anabatina,"Sclater, PL, 1859",Tawny-winged Woodcreeper,Tawny-winged Woodcreeper
Dendrocincla fuliginosa,"(Vieillot, LJP, 1818)",Plain-brown Woodcreeper,Plain-brown Woodcreeper
Dendrocincla turdina,"(Lichtenstein, MHC, 1820)",Plain-winged Woodcreeper,Plain-winged Woodcreeper
Nasica longirostris,"(Vieillot, LJP, 1818)",Long-billed Woodcreeper,Long-billed Woodcreeper
Dendrexetastes rufigula,"(Lesson, RP, 1844)",Cinnamon-throated Woodcreeper,Cinnamon-throated Woodcreeper
Dendrocolaptes sanctithomae,"(de Lafresnaye, NFAA, 1852)",Northern Barred Woodcreeper,Northern Barred-Woodcreeper
Dendrocolaptes certhia,"(Boddaert, P, 1783)",Amazonian Barred Woodcreeper,Amazonian Barred-Woodcreeper
Dendrocolaptes picumnus,"Lichtenstein, MHC, 1820",Black-banded Woodcreeper,Black-banded Woodcreeper
Dendrocolaptes hoffmannsi,"Hellmayr, CE, 1909",Hoffmanns's Woodcreeper,Hoffmanns's Woodcreeper
Dendrocolaptes platyrostris,"Spix, JB, 1824",Planalto Woodcreeper,Planalto Woodcreeper
Hylexetastes stresemanni,"Snethlage, HMMEE, 1925",Bar-bellied Woodcreeper,Bar-bellied Woodcreeper
Hylexetastes perrotii,"(de Lafresnaye, NFAA, 1844)",Red-billed Woodcreeper,Red-billed Woodcreeper
Hylexetastes uniformis,"Hellmayr, CE, 1909",Uniform Woodcreeper,Uniform Woodcreeper
Xiphocolaptes promeropirhynchus,"(Lesson, RP, 1840)",Strong-billed Woodcreeper,Strong-billed Woodcreeper
Xiphocolaptes falcirostris,"(Spix, JB, 1824)",Moustached Woodcreeper,Moustached Woodcreeper
Xiphocolaptes albicollis,"(Vieillot, LJP, 1818)",White-throated Woodcreeper,White-throated Woodcreeper
Xiphocolaptes major,"(Vieillot, LJP, 1818)",Great Rufous Woodcreeper,Great Rufous Woodcreeper
Xiphorhynchus obsoletus,"(Lichtenstein, MHC, 1820)",Striped Woodcreeper,Striped Woodcreeper
Xiphorhynchus atlanticus,"(Cory, CB, 1916)",Ceara Woodcreeper,Ceara Woodcreeper
Xiphorhynchus fuscus,"(Vieillot, LJP, 1818)",Lesser Woodcreeper,Lesser Woodcreeper
Xiphorhynchus pardalotus,"(Vieillot, LJP, 1818)",Chestnut-rumped Woodcreeper,Chestnut-rumped Woodcreeper
Xiphorhynchus ocellatus,"(Spix, JB, 1824)",Ocellated Woodcreeper,Ocellated Woodcreeper
Xiphorhynchus elegans,"(Pelzeln, A, 1868)",Elegant Woodcreeper,Elegant Woodcreeper
Xiphorhynchus spixii,"(Lesson, RP, 1830)",Spix's Woodcreeper,Spix's Woodcreeper
Xiphorhynchus susurrans,"(Jardine, W, 1847)",Cocoa Woodcreeper,Cocoa Woodcreeper
Xiphorhynchus guttatus,"(Lichtenstein, MHC, 1820)",Buff-throated Woodcreeper,Buff-throated Woodcreeper
Xiphorhynchus flavigaster,"Swainson, WJ, 1827",Ivory-billed Woodcreeper,Ivory-billed Woodcreeper
Xiphorhynchus lachrymosus,"(Lawrence, GN, 1862)",Black-striped Woodcreeper,Black-striped Woodcreeper
Xiphorhynchus erythropygius,"(Sclater, PL, 1860)",Spotted Woodcreeper,Spotted Woodcreeper
Xiphorhynchus triangularis,"(de Lafresnaye, NFAA, 1842)",Olive-backed Woodcreeper,Olive-backed Woodcreeper
Dendroplex kienerii,"(des Murs, MAPO, 1856)",Zimmer's Woodcreeper,Zimmer's Woodcreeper
Dendroplex picus,"(Gmelin, JF, 1788)",Straight-billed Woodcreeper,Straight-billed Woodcreeper
Campylorhamphus trochilirostris,"(Lichtenstein, MHC, 1820)",Red-billed Scythebill,Red-billed Scythebill
Campylorhamphus falcularius,"(Vieillot, LJP, 1822)",Black-billed Scythebill,Black-billed Scythebill
Campylorhamphus procurvoides,"(de Lafresnaye, NFAA, 1850)",Curve-billed Scythebill,Curve-billed Scythebill
Campylorhamphus probatus,"Zimmer, JT, 1934",Tapajos Scythebill,Tapajos Scythebill
Campylorhamphus multostriatus,"(Snethlage, HMMEE, 1907)",Xingu Scythebill,Xingu Scythebill
Campylorhamphus pusillus,"(Sclater, PL, 1860)",Brown-billed Scythebill,Brown-billed Scythebill
Drymornis bridgesii,"(Eyton, TC, 1849)",Scimitar-billed Woodcreeper,Scimitar-billed Woodcreeper
Drymotoxeres pucheranii,"(de Lafresnaye, NFAA, 1849)",Greater Scythebill,Greater Scythebill
Lepidocolaptes souleyetii,"(des Murs, MAPO, 1849)",Streak-headed Woodcreeper,Streak-headed Woodcreeper
Lepidocolaptes angustirostris,"(Vieillot, LJP, 1818)",Narrow-billed Woodcreeper,Narrow-billed Woodcreeper
Lepidocolaptes leucogaster,"(Swainson, WJ, 1827)",White-striped Woodcreeper,White-striped Woodcreeper
Lepidocolaptes affinis,"(de Lafresnaye, NFAA, 1839)",Spot-crowned Woodcreeper,Spot-crowned Woodcreeper
Lepidocolaptes lacrymiger,"(des Murs, MAPO, 1849)",Montane Woodcreeper,Montane Woodcreeper
Lepidocolaptes squamatus,"(Lichtenstein, MHC, 1822)",Scaled Woodcreeper,Scaled Woodcreeper
Lepidocolaptes falcinellus,"(Cabanis, JL; Heine, F, 1860)",Scalloped Woodcreeper,Scalloped Woodcreeper
Lepidocolaptes duidae,"Zimmer, JT, 1934",Duida Woodcreeper,Duida Woodcreeper
Lepidocolaptes albolineatus,"(de Lafresnaye, NFAA, 1846)",Guianan Woodcreeper,Guianan Woodcreeper
Lepidocolaptes fatimalimae,"Rodrigues, EB; Aleixo, ALP; Whittaker, A; Naka, LN, 2013",Inambari Woodcreeper,Inambari Woodcreeper
Lepidocolaptes fuscicapillus,"(Pelzeln, A, 1868)",Dusky-capped Woodcreeper,Dusky-capped Woodcreeper
Xenops tenuirostris,"Pelzeln, A, 1859",Slender-billed Xenops,Slender-billed Xenops
Xenops mexicanus,"Sclater, PL, 1857",Northern Plain Xenops,Northern Plain-Xenops
Xenops genibarbis,"Illiger, JKW, 1811",Amazonian Plain Xenops,Amazonian Plain-Xenops
Xenops minutus,"(Sparrman, A, 1788)",Atlantic Plain Xenops,Atlantic Plain-Xenops
Xenops rutilans,"Temminck, CJ, 1821",Streaked Xenops,Streaked Xenops
Berlepschia rikeri,"(Ridgway, R, 1887)",Point-tailed Palmcreeper,Point-tailed Palmcreeper
Microxenops milleri,"Chapman, FM, 1914",Rufous-tailed Xenops,Rufous-tailed Xenops
Pygarrhichas albogularis,"(King, PP, 1831)",White-throated Treerunner,White-throated Treerunner
Ochetorhynchus andaecola,"(d'Orbigny, ACVMD; de Lafresnaye, NFAA, 1838)",Rock Earthcreeper,Rock Earthcreeper
Ochetorhynchus ruficaudus,"Meyen, FJF, 1834",Straight-billed Earthcreeper,Straight-billed Earthcreeper
Ochetorhynchus phoenicurus,"(Gould, J, 1839)",Band-tailed Earthcreeper,Band-tailed Earthcreeper
Ochetorhynchus melanurus,"(Gray, GR, 1846)",Crag Chilia,Crag Chilia
Premnoplex tatei,"Chapman, FM, 1925",White-throated Barbtail,White-throated Barbtail
Premnoplex brunnescens,"(Sclater, PL, 1856)",Spotted Barbtail,Spotted Barbtail
Margarornis bellulus,"Nelson, EW, 1912",Beautiful Treerunner,Beautiful Treerunner
Margarornis rubiginosus,"Lawrence, GN, 1865",Ruddy Treerunner,Ruddy Treerunner
Margarornis stellatus,"Sclater, PL; Salvin, O, 1873",Star-chested Treerunner,Fulvous-dotted Treerunner
Margarornis squamiger,"(d'Orbigny, ACVMD; de Lafresnaye, NFAA, 1838)",Pearled Treerunner,Pearled Treerunner
Cichlocolaptes mazarbarnetti,"Buzzetti, DRC, 2014",Cryptic Treehunter,Cryptic Treehunter
Cichlocolaptes leucophrus,"(Jardine, W; Selby, PJ, 1830)",Pale-browed Treehunter,Pale-browed Treehunter
Heliobletus contaminatus,"Berlepsch, HHCL, 1885",Sharp-billed Treehunter,Sharp-billed Treehunter
Philydor novaesi,"Teixeira, DM; Gonzaga, LP, 1983",Alagoas Foliage-gleaner,Alagoas Foliage-gleaner
Philydor atricapillus,"(Wied-Neuwied, M, 1821)",Black-capped Foliage-gleaner,Black-capped Foliage-gleaner
Philydor pyrrhodes,"(Cabanis, JL, 1849)",Cinnamon-rumped Foliage-gleaner,Cinnamon-rumped Foliage-gleaner
Anabazenops fuscus,"(Vieillot, LJP, 1816)",White-collared Foliage-gleaner,White-collared Foliage-gleaner
Anabazenops dorsalis,"(Sclater, PL; Salvin, O, 1880)",Bamboo Foliage-gleaner,Dusky-cheeked Foliage-gleaner
Neophilydor fuscipenne,"(Salvin, O, 1866)",Slaty-winged Foliage-gleaner,Slaty-winged Foliage-gleaner
Neophilydor erythrocercum,"(Pelzeln, A, 1859)",Rufous-rumped Foliage-gleaner,Rufous-rumped Foliage-gleaner
Megaxenops parnaguae,"Reiser, O, 1905",Great Xenops,Great Xenops
Anabacerthia variegaticeps,"(Sclater, PL, 1857)",Scaly-throated Foliage-gleaner,Scaly-throated Foliage-gleaner
Anabacerthia striaticollis,"de Lafresnaye, NFAA, 1840",Montane Foliage-gleaner,Montane Foliage-gleaner
Anabacerthia ruficaudata,"(d'Orbigny, ACVMD; de Lafresnaye, NFAA, 1838)",Rufous-tailed Foliage-gleaner,Rufous-tailed Foliage-gleaner
Anabacerthia amaurotis,"(Temminck, CJ, 1823)",White-browed Foliage-gleaner,White-browed Foliage-gleaner
Anabacerthia lichtensteini,"(Cabanis, JL; Heine, F, 1860)",Ochre-breasted Foliage-gleaner,Ochre-breasted Foliage-gleaner
Syndactyla guttulata,"(Sclater, PL, 1858)",Guttulate Foliage-gleaner,Guttulate Foliage-gleaner
Syndactyla subalaris,"(Sclater, PL, 1859)",Lineated Foliage-gleaner,Lineated Foliage-gleaner
Syndactyla rufosuperciliata,"(de Lafresnaye, NFAA, 1832)",Buff-browed Foliage-gleaner,Buff-browed Foliage-gleaner
Syndactyla ruficollis,"(Taczanowski, W, 1884)",Rufous-necked Foliage-gleaner,Rufous-necked Foliage-gleaner
Syndactyla dimidiata,"(Pelzeln, A, 1859)",Planalto Foliage-gleaner,Russet-mantled Foliage-gleaner
Syndactyla roraimae,"(Hellmayr, CE, 1917)",Tepui Foliage-gleaner,White-throated Foliage-gleaner
Syndactyla ucayalae,"(Chapman, FM, 1928)",Peruvian Recurvebill,Peruvian Recurvebill
Syndactyla striata,"(Carriker, MA, 1935)",Bolivian Recurvebill,Bolivian Recurvebill
Ancistrops strigilatus,"(Spix, JB, 1825)",Chestnut-winged Hookbill,Chestnut-winged Hookbill
Dendroma erythroptera,"(Sclater, PL, 1856)",Chestnut-winged Foliage-gleaner,Chestnut-winged Foliage-gleaner
Dendroma rufa,"(Vieillot, LJP, 1818)",Buff-fronted Foliage-gleaner,Buff-fronted Foliage-gleaner
Clibanornis rectirostris,"(Wied-Neuwied, M, 1831)",Henna-capped Foliage-gleaner,Chestnut-capped Foliage-gleaner
Clibanornis dendrocolaptoides,"(Pelzeln, A, 1859)",Canebrake Groundcreeper,Canebrake Groundcreeper
Clibanornis erythrocephalus,"(Chapman, FM, 1919)",Henna-hooded Foliage-gleaner,Henna-hooded Foliage-gleaner
Clibanornis rubiginosus,"(Sclater, PL, 1857)",Ruddy Foliage-gleaner,Ruddy Foliage-gleaner
Clibanornis rufipectus,"(Bangs, O, 1898)",Santa Marta Foliage-gleaner,Santa Marta Foliage-gleaner
Thripadectes ignobilis,"(Sclater, PL; Salvin, O, 1879)",Uniform Treehunter,Uniform Treehunter
Thripadectes flammulatus,"(Eyton, TC, 1849)",Flammulated Treehunter,Flammulated Treehunter
Thripadectes scrutator,"Taczanowski, W, 1874",Peruvian Treehunter,Rufous-backed Treehunter
Thripadectes holostictus,"(Sclater, PL; Salvin, O, 1876)",Striped Treehunter,Striped Treehunter
Thripadectes virgaticeps,"Lawrence, GN, 1874",Streak-capped Treehunter,Streak-capped Treehunter
Thripadectes rufobrunneus,"(Lawrence, GN, 1865)",Streak-breasted Treehunter,Streak-breasted Treehunter
Thripadectes melanorhynchus,"(Tschudi, JJ, 1844)",Black-billed Treehunter,Black-billed Treehunter
Automolus rufipileatus,"(Pelzeln, A, 1859)",Chestnut-crowned Foliage-gleaner,Chestnut-crowned Foliage-gleaner
Automolus melanopezus,"(Sclater, PL, 1858)",Brown-rumped Foliage-gleaner,Brown-rumped Foliage-gleaner
Automolus cervinigularis,"(Sclater, PL, 1857)",Fawn-throated Foliage-gleaner,Fawn-throated Foliage-gleaner
Automolus exsertus,"Bangs, O, 1901",Chiriqui Foliage-gleaner,Chiriqui Foliage-gleaner
Automolus ochrolaemus,"(Tschudi, JJ, 1844)",Ochre-throated Foliage-gleaner,Ochre-throated Foliage-gleaner
Automolus virgatus,"(Lawrence, GN, 1867)",Western Woodhaunter,Western Woodhaunter
Automolus subulatus,"(Spix, JB, 1824)",Eastern Woodhaunter,Eastern Woodhaunter
Automolus infuscatus,"(Sclater, PL, 1856)",Olive-backed Foliage-gleaner,Olive-backed Foliage-gleaner
Automolus paraensis,"Hartert, EJO, 1902",Para Foliage-gleaner,Para Foliage-gleaner
Automolus lammi,"Zimmer, JT, 1947",Pernambuco Foliage-gleaner,Pernambuco Foliage-gleaner
Automolus leucophthalmus,"(Wied-Neuwied, M, 1821)",White-eyed Foliage-gleaner,White-eyed Foliage-gleaner
Tarphonomus harterti,"(Berlepsch, HHCL, 1892)",Bolivian Earthcreeper,Bolivian Earthcreeper
Tarphonomus certhioides,"(d'Orbigny, ACVMD; de Lafresnaye, NFAA, 1838)",Chaco Earthcreeper,Chaco Earthcreeper
Premnornis guttuliger,"(Sclater, PL, 1864)",Rusty-winged Barbtail,Rusty-winged Barbtail
Pseudocolaptes lawrencii,"Ridgway, R, 1878",Buffy Tuftedcheek,Buffy Tuftedcheek
Pseudocolaptes johnsoni,"Lönnberg, E; Rendahl, CH, 1922",Pacific Tuftedcheek,Pacific Tuftedcheek
Pseudocolaptes boissonneautii,"(de Lafresnaye, NFAA, 1840)",Streaked Tuftedcheek,Streaked Tuftedcheek
Lochmias nematura,"(Lichtenstein, MHC, 1823)",Sharp-tailed Streamcreeper,Sharp-tailed Streamcreeper
Limnornis curvirostris,"Gould, J, 1839",Curve-billed Reedhaunter,Curve-billed Reedhaunter
Phleocryptes melanops,"(Vieillot, LJP, 1817)",Wren-like Rushbird,Wren-like Rushbird
Furnarius figulus,"(Lichtenstein, MHC, 1823)",Band-tailed Hornero,Wing-banded Hornero
Furnarius cinnamomeus,"(Lesson, RP, 1844)",Pacific Hornero,Pacific Hornero
Furnarius longirostris,"Pelzeln, A, 1856",Caribbean Hornero,Caribbean Hornero
Furnarius leucopus,"Swainson, WJ, 1838",Pale-legged Hornero,Pale-legged Hornero
Furnarius torridus,"Sclater, PL; Salvin, O, 1866",Bay Hornero,Pale-billed Hornero
Furnarius minor,"Pelzeln, A, 1858",Lesser Hornero,Lesser Hornero
Furnarius rufus,"(Gmelin, JF, 1788)",Rufous Hornero,Rufous Hornero
Furnarius cristatus,"Burmeister, KHK, 1888",Crested Hornero,Crested Hornero
Geocerthia serrana,"(Taczanowski, W, 1875)",Striated Earthcreeper,Striated Earthcreeper
Upucerthia saturatior,"Scott, WED, 1900",Patagonian Forest Earthcreeper,Patagonian Forest Earthcreeper
Upucerthia dumetaria,"Geoffroy Saint-Hilaire, I, 1832",Scale-throated Earthcreeper,Scale-throated Earthcreeper
Upucerthia albigula,"Hellmayr, CE, 1932",White-throated Earthcreeper,White-throated Earthcreeper
Upucerthia validirostris,"(Burmeister, KHK, 1861)",Buff-breasted Earthcreeper,Buff-breasted Earthcreeper
Cinclodes pabsti,"Sick, H, 1969",Long-tailed Cinclodes,Long-tailed Cinclodes
Cinclodes fuscus,"(Vieillot, LJP, 1818)",Buff-winged Cinclodes,Buff-winged Cinclodes
Cinclodes antarcticus,"(Garnot, P, 1826)",Blackish Cinclodes,Blackish Cinclodes
Cinclodes comechingonus,"Zotta, AR; Gavio, HS, 1945",Cordoba Cinclodes,Cordoba Cinclodes
Cinclodes albidiventris,"Sclater, PL, 1860",Chestnut-winged Cinclodes,Chestnut-winged Cinclodes
Cinclodes olrogi,"Nores, M; Yzurieta, D, 1979",Olrog's Cinclodes,Olrog's Cinclodes
Cinclodes albiventris,"(Philippi, RA; Landbeck, CL, 1861)",Cream-winged Cinclodes,Cream-winged Cinclodes
Cinclodes oustaleti,"Scott, WED, 1900",Grey-flanked Cinclodes,Gray-flanked Cinclodes
Cinclodes excelsior,"Sclater, PL, 1860",Stout-billed Cinclodes,Stout-billed Cinclodes
Cinclodes aricomae,"(Carriker, MA, 1932)",Royal Cinclodes,Royal Cinclodes
Cinclodes palliatus,"(Tschudi, JJ, 1844)",White-bellied Cinclodes,White-bellied Cinclodes
Cinclodes atacamensis,"(Philippi, RA, 1857)",White-winged Cinclodes,White-winged Cinclodes
Cinclodes patagonicus,"(Gmelin, JF, 1789)",Dark-bellied Cinclodes,Dark-bellied Cinclodes
Cinclodes taczanowskii,"Berlepsch, HHCL; Sztolcman, JS, 1892",Peruvian Seaside Cinclodes,Surf Cinclodes
Cinclodes nigrofumosus,"(d'Orbigny, ACVMD; de Lafresnaye, NFAA, 1838)",Chilean Seaside Cinclodes,Seaside Cinclodes
Aphrastura masafuerae,"(Philippi, RA; Landbeck, CL, 1866)",Masafuera Rayadito,Masafuera Rayadito
Aphrastura spinicauda,"(Gmelin, JF, 1789)",Thorn-tailed Rayadito,Thorn-tailed Rayadito
Sylviorthorhynchus desmurii,"Gay, C, 1845",Des Murs's Wiretail,Des Murs's Wiretail
Sylviorthorhynchus yanacensis,"(Carriker, MA, 1933)",Tawny Tit-Spinetail,Tawny Tit-Spinetail
Leptasthenura fuliginiceps,"(d'Orbigny, ACVMD; de Lafresnaye, NFAA, 1837)",Brown-capped Tit-Spinetail,Brown-capped Tit-Spinetail
Leptasthenura platensis,"Reichenbach, HGL, 1853",Tufted Tit-Spinetail,Tufted Tit-Spinetail
Leptasthenura aegithaloides,"(Kittlitz, FH, 1830)",Plain-mantled Tit-Spinetail,Plain-mantled Tit-Spinetail
Leptasthenura striolata,"(Pelzeln, A, 1856)",Striolated Tit-Spinetail,Striolated Tit-Spinetail
Leptasthenura pileata,"Sclater, PL, 1881",Rusty-crowned Tit-Spinetail,Rusty-crowned Tit-Spinetail
Leptasthenura xenothorax,"Chapman, FM, 1921",White-browed Tit-Spinetail,White-browed Tit-Spinetail
Leptasthenura striata,"(Philippi, RA; Landbeck, CL, 1863)",Streak-backed Tit-Spinetail,Streaked Tit-Spinetail
Leptasthenura andicola,"Sclater, PL, 1870",Andean Tit-Spinetail,Andean Tit-Spinetail
Leptasthenura setaria,"(Temminck, CJ, 1824)",Araucaria Tit-Spinetail,Araucaria Tit-Spinetail
Anumbius annumbi,"(Vieillot, LJP, 1817)",Firewood-gatherer,Firewood-gatherer
Coryphistera alaudina,"Burmeister, KHK, 1860",Lark-like Brushrunner,Lark-like Brushrunner
Phacellodomus inornatus,"Ridgway, R, 1887",Plain Thornbird,Plain Thornbird
Phacellodomus rufifrons,"(Wied-Neuwied, M, 1821)",Rufous-fronted Thornbird,Rufous-fronted Thornbird
Phacellodomus striaticeps,"(d'Orbigny, ACVMD; de Lafresnaye, NFAA, 1838)",Streak-fronted Thornbird,Streak-fronted Thornbird
Phacellodomus sibilatrix,"Sclater, PL, 1879",Little Thornbird,Little Thornbird
Phacellodomus dorsalis,"Salvin, O, 1895",Chestnut-backed Thornbird,Chestnut-backed Thornbird
Phacellodomus maculipectus,"Cabanis, JL, 1883",Spot-breasted Thornbird,Spot-breasted Thornbird
Phacellodomus striaticollis,"(d'Orbigny, ACVMD; de Lafresnaye, NFAA, 1838)",Freckle-breasted Thornbird,Freckle-breasted Thornbird
Phacellodomus ruber,"(Vieillot, LJP, 1817)",Greater Thornbird,Greater Thornbird
Phacellodomus erythrophthalmus,"(Wied-Neuwied, M, 1821)",Orange-eyed Thornbird,Orange-eyed Thornbird
Phacellodomus ferrugineigula,"(Pelzeln, A, 1858)",Orange-breasted Thornbird,Orange-breasted Thornbird
Hellmayrea gularis,"(de Lafresnaye, NFAA, 1843)",White-browed Spinetail,White-browed Spinetail
Asthenes dorbignyi,"(Reichenbach, HGL, 1853)",Rusty-vented Canastero,Rusty-vented Canastero
Asthenes arequipae,"(Sclater, PL; Salvin, O, 1869)",Dark-winged Canastero,Dark-winged Canastero
Asthenes huancavelicae,"Morrison, ARG, 1938",Pale-tailed Canastero,Pale-tailed Canastero
Asthenes berlepschi,"(Hellmayr, CE, 1917)",Berlepsch's Canastero,Berlepsch's Canastero
Asthenes baeri,"(Berlepsch, HHCL, 1906)",Short-billed Canastero,Short-billed Canastero
Asthenes luizae,"Vielliard, JME, 1990",Cipo Canastero,Cipo Canastero
Asthenes hudsoni,"(Sclater, PL, 1874)",Hudson's Canastero,Hudson's Canastero
Asthenes anthoides,"(King, PP, 1831)",Austral Canastero,Austral Canastero
Asthenes urubambensis,"(Chapman, FM, 1919)",Line-fronted Canastero,Line-fronted Canastero
Asthenes flammulata,"(Jardine, W, 1850)",Many-striped Canastero,Many-striped Canastero
Asthenes virgata,"(Sclater, PL, 1874)",Junin Canastero,Junin Canastero
Asthenes maculicauda,"(Berlepsch, HHCL, 1901)",Scribble-tailed Canastero,Scribble-tailed Canastero
Asthenes wyatti,"(Sclater, PL; Salvin, O, 1871)",Streak-backed Canastero,Streak-backed Canastero
Asthenes humilis,"(Cabanis, JL, 1873)",Streak-throated Canastero,Streak-throated Canastero
Asthenes modesta,"(Eyton, TC, 1852)",Cordilleran Canastero,Cordilleran Canastero
Asthenes moreirae,"(Miranda-Ribeiro, A, 1905)",Itatiaia Spinetail,Itatiaia Spinetail
Asthenes pyrrholeuca,"(Vieillot, LJP, 1817)",Sharp-billed Canastero,Sharp-billed Canastero
Asthenes harterti,"(Berlepsch, HHCL, 1901)",Black-throated Thistletail,Black-throated Thistletail
Asthenes helleri,"(Chapman, FM, 1923)",Puna Thistletail,Puna Thistletail
Asthenes ayacuchensis,"(Vaurie, C; Weske, JS; Terborgh, JW, 1972)",Ayacucho Thistletail,Ayacucho Thistletail
Asthenes vilcabambae,"(Vaurie, C; Weske, JS; Terborgh, JW, 1972)",Vilcabamba Thistletail,Vilcabamba Thistletail
Asthenes pudibunda,"(Sclater, PL, 1874)",Canyon Canastero,Canyon Canastero
Asthenes ottonis,"(Berlepsch, HHCL, 1901)",Rusty-fronted Canastero,Rusty-fronted Canastero
Asthenes heterura,"(Berlepsch, HHCL, 1901)",Maquis Canastero,Maquis Canastero
Asthenes palpebralis,"(Cabanis, JL, 1873)",Eye-ringed Thistletail,Eye-ringed Thistletail
Asthenes coryi,"(Berlepsch, HHCL, 1888)",Ochre-browed Thistletail,Ochre-browed Thistletail
Asthenes perijana,"(Phelps, WH Jr, 1977)",Perija Thistletail,Perija Thistletail
Asthenes fuliginosa,"(de Lafresnaye, NFAA, 1843)",White-chinned Thistletail,White-chinned Thistletail
Asthenes griseomurina,"(Sclater, PL, 1882)",Mouse-colored Thistletail,Mouse-colored Thistletail
Spartonoica maluroides,"(d'Orbigny, ACVMD; de Lafresnaye, NFAA, 1837)",Bay-capped Wren-Spinetail,Bay-capped Wren-Spinetail
Pseudoseisura cristata,"(Spix, JB, 1824)",Caatinga Cacholote,Caatinga Cacholote
Pseudoseisura unirufa,"(d'Orbigny, ACVMD; de Lafresnaye, NFAA, 1838)",Grey-crested Cacholote,Rufous Cacholote
Pseudoseisura lophotes,"(Reichenbach, HGL, 1853)",Brown Cacholote,Brown Cacholote
Pseudoseisura gutturalis,"(d'Orbigny, ACVMD; de Lafresnaye, NFAA, 1838)",White-throated Cacholote,White-throated Cacholote
Acrobatornis fonsecai,"Pacheco, JF; Whitney, BM; Gonzaga, LP, 1996",Pink-legged Graveteiro,Pink-legged Graveteiro
Metopothrix aurantiaca,"Sclater, PL; Salvin, O, 1866",Orange-fronted Plushcrown,Orange-fronted Plushcrown
Xenerpestes singularis,"(Taczanowski, W; Berlepsch, HHCL, 1885)",Equatorial Greytail,Equatorial Graytail
Xenerpestes minlosi,"Berlepsch, HHCL, 1886",Double-banded Greytail,Double-banded Graytail
Siptornis striaticollis,"(de Lafresnaye, NFAA, 1843)",Spectacled Prickletail,Spectacled Prickletail
Roraimia adusta,"(Salvin, O; Godman, FD, 1884)",Roraiman Barbtail,Roraiman Barbtail
Thripophaga gutturata,"(d'Orbigny, ACVMD; de Lafresnaye, NFAA, 1838)",Speckled Spinetail,Speckled Spinetail
Thripophaga macroura,"(Wied-Neuwied, M, 1821)",Striated Softtail,Striated Softtail
Thripophaga cherriei,"Berlepsch, HHCL; Hartert, EJO, 1902",Orinoco Softtail,Orinoco Softtail
Thripophaga amacurensis,"Hilty, SL; Ascanio, D; Whittaker, A, 2013",Delta Amacuro Softtail,Delta Amacuro Softtail
Thripophaga fusciceps,"Sclater, PL, 1889",Plain Softtail,Plain Softtail
Limnoctites rectirostris,"(Gould, J, 1839)",Straight-billed Reedhaunter,Straight-billed Reedhaunter
Limnoctites sulphuriferus,"(Burmeister, KHK, 1869)",Sulphur-bearded Reedhaunter,Sulphur-bearded Reedhaunter
Cranioleuca berlepschi,"(Hellmayr, CE, 1905)",Russet-mantled Softtail,Russet-mantled Softtail
Cranioleuca marcapatae,"Zimmer, JT, 1935",Marcapata Spinetail,Marcapata Spinetail
Cranioleuca weskei,"Remsen, JV, 1984",Vilcabamba Spinetail,Vilcabamba Spinetail
Cranioleuca albiceps,"(d'Orbigny, ACVMD; de Lafresnaye, NFAA, 1837)",Light-crowned Spinetail,Light-crowned Spinetail
Cranioleuca vulpina,"(Pelzeln, A, 1856)",Rusty-backed Spinetail,Rusty-backed Spinetail
Cranioleuca dissita,"Wetmore, A, 1957",Coiba Spinetail,Coiba Spinetail
Cranioleuca vulpecula,"(Sclater, PL; Salvin, O, 1866)",Parker's Spinetail,Parker's Spinetail
Cranioleuca subcristata,"(Sclater, PL, 1874)",Crested Spinetail,Crested Spinetail
Cranioleuca pyrrhophia,"(Vieillot, LJP, 1818)",Stripe-crowned Spinetail,Stripe-crowned Spinetail
Cranioleuca henricae,"Maijer, S; Fjeldså, J, 1997",Bolivian Spinetail,Bolivian Spinetail
Cranioleuca obsoleta,"(Reichenbach, HGL, 1853)",Olive Spinetail,Olive Spinetail
Cranioleuca pallida,"(Wied-Neuwied, M, 1831)",Pallid Spinetail,Pallid Spinetail
Cranioleuca semicinerea,"(Reichenbach, HGL, 1853)",Grey-headed Spinetail,Gray-headed Spinetail
Cranioleuca albicapilla,"(Cabanis, JL, 1873)",Creamy-crested Spinetail,Creamy-crested Spinetail
Cranioleuca erythrops,"(Sclater, PL, 1860)",Red-faced Spinetail,Red-faced Spinetail
Cranioleuca demissa,"(Salvin, O; Godman, FD, 1884)",Tepui Spinetail,Tepui Spinetail
Cranioleuca hellmayri,"(Bangs, O, 1907)",Streak-capped Spinetail,Streak-capped Spinetail
Cranioleuca curtata,"(Sclater, PL, 1870)",Ash-browed Spinetail,Ash-browed Spinetail
Cranioleuca antisiensis,"(Sclater, PL, 1859)",Line-cheeked Spinetail,Line-cheeked Spinetail
Cranioleuca muelleri,"(Hellmayr, CE, 1911)",Scaled Spinetail,Scaled Spinetail
Pseudasthenes humicola,"(Kittlitz, FH, 1830)",Dusky-tailed Canastero,Dusky-tailed Canastero
Pseudasthenes patagonica,"(d'Orbigny, ACVMD, 1840)",Patagonian Canastero,Patagonian Canastero
Pseudasthenes steinbachi,"(Hartert, EJO, 1909)",Steinbach's Canastero,Steinbach's Canastero
Pseudasthenes cactorum,"(Koepcke, M, 1959)",Cactus Canastero,Cactus Canastero
Mazaria propinqua,"(Pelzeln, A, 1859)",White-bellied Spinetail,White-bellied Spinetail
Schoeniophylax phryganophilus,"(Vieillot, LJP, 1817)",Chotoy Spinetail,Chotoy Spinetail
Certhiaxis mustelinus,"(Sclater, PL, 1874)",Red-and-white Spinetail,Red-and-white Spinetail
Certhiaxis cinnamomeus,"(Gmelin, JF, 1788)",Yellow-chinned Spinetail,Yellow-chinned Spinetail
Synallaxis scutata,"Sclater, PL, 1859",Ochre-cheeked Spinetail,Ochre-cheeked Spinetail
Synallaxis cinerascens,"Temminck, CJ, 1823",Grey-bellied Spinetail,Gray-bellied Spinetail
Synallaxis gujanensis,"(Gmelin, JF, 1789)",Plain-crowned Spinetail,Plain-crowned Spinetail
Synallaxis albilora,"Pelzeln, A, 1856",White-lored Spinetail,White-lored Spinetail
Synallaxis simoni,"Hellmayr, CE, 1907",Araguaia Spinetail,Araguaia Spinetail
Synallaxis maranonica,"Taczanowski, W, 1879",Maranon Spinetail,Marañon Spinetail
Synallaxis hypochondriaca,"(Salvin, O, 1895)",Great Spinetail,Great Spinetail
Synallaxis stictothorax,"Sclater, PL, 1859",Necklaced Spinetail,Necklaced Spinetail
Synallaxis chinchipensis,"Chapman, FM, 1925",Chinchipe Spinetail,Chinchipe Spinetail
Synallaxis zimmeri,"Koepcke, M, 1957",Russet-bellied Spinetail,Russet-bellied Spinetail
Synallaxis brachyura,"de Lafresnaye, NFAA, 1843",Slaty Spinetail,Slaty Spinetail
Synallaxis subpudica,"Sclater, PL, 1874",Silvery-throated Spinetail,Silvery-throated Spinetail
Synallaxis hellmayri,"Reiser, O, 1905",Red-shouldered Spinetail,Red-shouldered Spinetail
Synallaxis ruficapilla,"Vieillot, LJP, 1819",Rufous-capped Spinetail,Rufous-capped Spinetail
Synallaxis cinerea,"Wied-Neuwied, M, 1831",Bahia Spinetail,Bahia Spinetail
Synallaxis infuscata,"Pinto, OMO, 1950",Pinto's Spinetail,Pinto's Spinetail
Synallaxis moesta,"Sclater, PL, 1856",Dusky Spinetail,Dusky Spinetail
Synallaxis macconnelli,"Chubb, C, 1919",McConnell's Spinetail,McConnell's Spinetail
Synallaxis cabanisi,"Berlepsch, HHCL; Leverkühn, PGHMR, 1890",Cabanis's Spinetail,Cabanis's Spinetail
Synallaxis hypospodia,"Sclater, PL, 1874",Cinereous-breasted Spinetail,Cinereous-breasted Spinetail
Synallaxis spixi,"Sclater, PL, 1856",Spix's Spinetail,Spix's Spinetail
Synallaxis albigularis,"Sclater, PL, 1858",Dark-breasted Spinetail,Dark-breasted Spinetail
Synallaxis beverlyae,"Hilty, SL; Ascanio, D, 2009",Rio Orinoco Spinetail,Rio Orinoco Spinetail
Synallaxis albescens,"Temminck, CJ, 1823",Pale-breasted Spinetail,Pale-breasted Spinetail
Synallaxis frontalis,"Pelzeln, A, 1859",Sooty-fronted Spinetail,Sooty-fronted Spinetail
Synallaxis azarae,"d'Orbigny, ACVMD, 1838",Azara's Spinetail,Azara's Spinetail
Synallaxis courseni,"Blake, ER, 1971",Apurimac Spinetail,Apurimac Spinetail
Synallaxis kollari,"Pelzeln, A, 1856",Hoary-throated Spinetail,Hoary-throated Spinetail
Synallaxis erythrothorax,"Sclater, PL, 1855",Rufous-breasted Spinetail,Rufous-breasted Spinetail
Synallaxis candei,"d'Orbigny, ACVMD; de Lafresnaye, NFAA, 1838",White-whiskered Spinetail,White-whiskered Spinetail
Synallaxis tithys,"Taczanowski, W, 1877",Blackish-headed Spinetail,Blackish-headed Spinetail
Synallaxis fuscorufa,"Sclater, PL, 1882",Rusty-headed Spinetail,Rusty-headed Spinetail
Synallaxis unirufa,"de Lafresnaye, NFAA, 1843",Rufous Spinetail,Rufous Spinetail
Synallaxis castanea,"Sclater, PL, 1856",Black-throated Spinetail,Black-throated Spinetail
Synallaxis cinnamomea,"de Lafresnaye, NFAA, 1843",Stripe-breasted Spinetail,Stripe-breasted Spinetail
Synallaxis rutilans,"Temminck, CJ, 1823",Ruddy Spinetail,Ruddy Spinetail
Synallaxis cherriei,"Gyldenstolpe, NCGF, 1930",Chestnut-throated Spinetail,Chestnut-throated Spinetail
Menura alberti,"Bonaparte, CLJL, 1850",Albert's Lyrebird,Albert's Lyrebird
Menura novaehollandiae,"Latham, J, 1801",Superb Lyrebird,Superb Lyrebird
Atrichornis clamosus,"(Gould, J, 1844)",Noisy Scrubbird,Noisy Scrub-bird
Atrichornis rufescens,"(Ramsay, EP, 1866)",Rufous Scrubbird,Rufous Scrub-bird
Cormobates placens,"(Sclater, PL, 1874)",Papuan Treecreeper,Papuan Treecreeper
Cormobates leucophaea,"(Latham, J, 1801)",White-throated Treecreeper,White-throated Treecreeper
Climacteris affinis,"Blyth, E, 1863",White-browed Treecreeper,White-browed Treecreeper
Climacteris erythrops,"Gould, J, 1841",Red-browed Treecreeper,Red-browed Treecreeper
Climacteris picumnus,"Temminck, CJ, 1824",Brown Treecreeper,Brown Treecreeper
Climacteris melanurus,"Gould, J, 1843",Black-tailed Treecreeper,Black-tailed Treecreeper
Climacteris rufus,"Gould, J, 1841",Rufous Treecreeper,Rufous Treecreeper
Sericulus aureus,"(Linnaeus, C, 1758)",Masked Bowerbird,Masked Bowerbird
Sericulus ardens,"(d'Albertis, LM; Salvadori, AT, 1879)",Flame Bowerbird,Flame Bowerbird
Sericulus bakeri,"(Chapin, JP, 1929)",Fire-maned Bowerbird,Fire-maned Bowerbird
Sericulus chrysocephalus,"(Lewin, JW, 1808)",Regent Bowerbird,Regent Bowerbird
Ptilonorhynchus violaceus,"(Vieillot, LJP, 1816)",Satin Bowerbird,Satin Bowerbird
Chlamydera guttata,"Gould, J, 1862",Western Bowerbird,Western Bowerbird
Chlamydera maculata,"(Gould, J, 1837)",Spotted Bowerbird,Spotted Bowerbird
Chlamydera nuchalis,"(Jardine, W; Selby, PJ, 1830)",Great Bowerbird,Great Bowerbird
Chlamydera lauterbachi,"Reichenow, A, 1897",Yellow-breasted Bowerbird,Yellow-breasted Bowerbird
Chlamydera cerviniventris,"Gould, J, 1850",Fawn-breasted Bowerbird,Fawn-breasted Bowerbird
Ailuroedus buccoides,"(Temminck, CJ, 1836)",White-eared Catbird,White-eared Catbird
Ailuroedus stonii,"Sharpe, RB, 1876",Ochre-breasted Catbird,Ochre-breasted Catbird
Ailuroedus geislerorum,"Meyer, AB, 1891",Tan-capped Catbird,Tan-capped Catbird
Ailuroedus maculosus,"Ramsay, EP, 1875",Spotted Catbird,Spotted Catbird
Ailuroedus melanotis,"(Gray, GR, 1858)",Black-eared Catbird,Black-eared Catbird
Ailuroedus crassirostris,"(Paykull, G, 1815)",Green Catbird,Green Catbird
Scenopoeetes dentirostris,"(Ramsay, EP, 1876)",Tooth-billed Bowerbird,Tooth-billed Bowerbird
Prionodura newtoniana,"De Vis, CW, 1883",Golden Bowerbird,Golden Bowerbird
Amblyornis inornata,"(Schlegel, H, 1871)",Vogelkop Bowerbird,Vogelkop Bowerbird
Amblyornis macgregoriae,"De Vis, CW, 1890",MacGregor's Bowerbird,MacGregor's Bowerbird
Amblyornis subalaris,"Sharpe, RB, 1884",Streaked Bowerbird,Streaked Bowerbird
Amblyornis flavifrons,"Rothschild, LW, 1895",Golden-fronted Bowerbird,Golden-fronted Bowerbird
Archboldia papuensis,"Rand, AL, 1940",Archbold's Bowerbird,Archbold's Bowerbird
Amytornis barbatus,"Favaloro, NJ; McEvey, AR, 1968",Grey Grasswren,Gray Grasswren
Amytornis whitei,"Mathews, GM, 1910",Pilbara Grasswren,Pilbara Grasswren
Amytornis oweni,"Mathews, GM, 1911",Sandhill Grasswren,Sandhill Grasswren
Amytornis rowleyi,"Schodde, R; Mason, IJ, 1999",Opalton Grasswren,Opalton Grasswren
Amytornis striatus,"(Gould, J, 1840)",Striated Grasswren,Striated Grasswren
Amytornis woodwardi,"Hartert, EJO, 1905",White-throated Grasswren,White-throated Grasswren
Amytornis dorotheae,"(Mathews, GM, 1914)",Carpentarian Grasswren,Carpentarian Grasswren
Amytornis merrotsyi,"Mellor, JW, 1913",Short-tailed Grasswren,Short-tailed Grasswren
Amytornis textilis,"(Quoy, JRC; Gaimard, JP, 1824)",Western Grasswren,Western Grasswren
Amytornis modestus,"(North, AJ, 1902)",Thick-billed Grasswren,Thick-billed Grasswren
Amytornis housei,"(Milligan, AW, 1902)",Black Grasswren,Black Grasswren
Amytornis goyderi,"(Gould, J, 1875)",Eyrean Grasswren,Eyrean Grasswren
Amytornis purnelli,"(Mathews, GM, 1914)",Dusky Grasswren,Dusky Grasswren
Amytornis ballarae,"Condon, HT, 1969",Kalkadoon Grasswren,Kalkadoon Grasswren
Stipiturus malachurus,"(Shaw, G, 1798)",Southern Emu-wren,Southern Emuwren
Stipiturus ruficeps,"Campbell, AJ, 1899",Rufous-crowned Emu-wren,Rufous-crowned Emuwren
Stipiturus mallee,"Campbell, AJ, 1908",Mallee Emu-wren,Mallee Emuwren
Sipodotus wallacii,"(Gray, GR, 1862)",Wallace's Fairywren,Wallace's Fairywren
Clytomyias insignis,"Sharpe, RB, 1879",Orange-crowned Fairywren,Orange-crowned Fairywren
Chenorhamphus grayi,"(Wallace, AR, 1862)",Broad-billed Fairywren,Broad-billed Fairywren
Chenorhamphus campbelli,"(Schodde, R, 1982)",Campbell's Fairywren,Campbell's Fairywren
Malurus cyanocephalus,"(Quoy, JRC; Gaimard, JP, 1832)",Emperor Fairywren,Emperor Fairywren
Malurus coronatus,"Gould, J, 1858",Purple-crowned Fairywren,Purple-crowned Fairywren
Malurus elegans,"Gould, J, 1837",Red-winged Fairywren,Red-winged Fairywren
Malurus pulcherrimus,"Gould, J, 1844",Blue-breasted Fairywren,Blue-breasted Fairywren
Malurus assimilis,"North, AJ, 1901",Purple-backed Fairywren,Purple-backed Fairywren
Malurus lamberti,"Vigors, NA; Horsfield, T, 1827",Variegated Fairywren,Variegated Fairywren
Malurus amabilis,"Gould, J, 1852",Lovely Fairywren,Lovely Fairywren
Malurus splendens,"(Quoy, JRC; Gaimard, JP, 1832)",Splendid Fairywren,Splendid Fairywren
Malurus cyaneus,"(Ellis, WW, 1782)",Superb Fairywren,Superb Fairywren
Malurus leucopterus,"Quoy, JRC; Gaimard, JP, 1824",White-winged Fairywren,White-winged Fairywren
Malurus melanocephalus,"(Latham, J, 1801)",Red-backed Fairywren,Red-backed Fairywren
Malurus alboscapulatus,"Meyer, AB, 1874",White-shouldered Fairywren,White-shouldered Fairywren
Dasyornis longirostris,"Gould, J, 1841",Western Bristlebird,Western Bristlebird
Dasyornis brachypterus,"(Latham, J, 1801)",Eastern Bristlebird,Eastern Bristlebird
Dasyornis broadbenti,"(McCoy, F, 1867)",Rufous Bristlebird,Rufous Bristlebird
Pardalotus punctatus,"(Shaw, G, 1792)",Spotted Pardalote,Spotted Pardalote
Pardalotus quadragintus,"Gould, J, 1838",Forty-spotted Pardalote,Forty-spotted Pardalote
Pardalotus rubricatus,"Gould, J, 1838",Red-browed Pardalote,Red-browed Pardalote
Pardalotus striatus,"(Gmelin, JF, 1789)",Striated Pardalote,Striated Pardalote
Oreoscopus gutturalis,"(De Vis, CW, 1889)",Fernwren,Fernwren
Pachycare flavogriseum,"(Meyer, AB, 1874)",Goldenface,Goldenface
Gerygone chrysogaster,"Gray, GR, 1858",Yellow-bellied Gerygone,Yellow-bellied Gerygone
Gerygone mouki,"Mathews, GM, 1912",Brown Gerygone,Brown Gerygone
Gerygone chloronota,"Gould, J, 1843",Green-backed Gerygone,Green-backed Gerygone
Gerygone palpebrosa,"Wallace, AR, 1865",Fairy Gerygone,Fairy Gerygone
Gerygone magnirostris,"Gould, J, 1843",Large-billed Gerygone,Large-billed Gerygone
Gerygone hypoxantha,"Salvadori, AT, 1878",Biak Gerygone,Biak Gerygone
Gerygone inornata,"Wallace, AR, 1864",Plain Gerygone,Plain Gerygone
Gerygone dorsalis,"Sclater, PL, 1883",Rufous-sided Gerygone,Rufous-sided Gerygone
Gerygone olivacea,"(Gould, J, 1838)",White-throated Gerygone,White-throated Gerygone
Gerygone sulphurea,"Wallace, AR, 1864",Golden-bellied Gerygone,Golden-bellied Gerygone
Gerygone tenebrosa,"(Hall, R, 1901)",Dusky Gerygone,Dusky Gerygone
Gerygone flavolateralis,"(Gray, GR, 1859)",Fan-tailed Gerygone,Fan-tailed Gerygone
Gerygone citrina,"Mayr, E, 1931",Rennell Gerygone,Rennell Gerygone
Gerygone levigaster,"Gould, J, 1843",Mangrove Gerygone,Mangrove Gerygone
Gerygone fusca,"(Gould, J, 1838)",Western Gerygone,Western Gerygone
Gerygone ruficollis,"Salvadori, AT, 1876",Brown-breasted Gerygone,Brown-breasted Gerygone
Gerygone insularis,"Ramsay, EP, 1878",Lord Howe Gerygone,Lord Howe Gerygone
Gerygone modesta,"Pelzeln, A, 1860",Norfolk Gerygone,Norfolk Island Gerygone
Gerygone igata,"(Quoy, JRC; Gaimard, JP, 1832)",Grey Gerygone,Gray Gerygone
Gerygone albofrontata,"Gray, GR, 1845",Chatham Islands Gerygone,Chatham Islands Gerygone
Acanthornis magna,"(Gould, J, 1855)",Scrubtit,Scrubtit
Aphelocephala leucopsis,"(Gould, J, 1841)",Southern Whiteface,Southern Whiteface
Aphelocephala nigricincta,"(North, AJ, 1895)",Banded Whiteface,Banded Whiteface
Aphelocephala pectoralis,"(Gould, J, 1871)",Chestnut-breasted Whiteface,Chestnut-breasted Whiteface
Acanthiza chrysorrhoa,"(Quoy, JRC; Gaimard, JP, 1832)",Yellow-rumped Thornbill,Yellow-rumped Thornbill
Acanthiza cinerea,"(Salvadori, AT, 1876)",Grey Thornbill,Gray Thornbill
Acanthiza murina,"(De Vis, CW, 1897)",New Guinea Thornbill,Papuan Thornbill
Acanthiza nana,"Vigors, NA; Horsfield, T, 1827",Yellow Thornbill,Yellow Thornbill
Acanthiza lineata,"Gould, J, 1838",Striated Thornbill,Striated Thornbill
Acanthiza apicalis,"Gould, J, 1847",Inland Thornbill,Inland Thornbill
Acanthiza ewingii,"Gould, J, 1844",Tasmanian Thornbill,Tasmanian Thornbill
Acanthiza katherina,"De Vis, CW, 1905",Mountain Thornbill,Mountain Thornbill
Acanthiza pusilla,"(Shaw, G, 1790)",Brown Thornbill,Brown Thornbill
Acanthiza robustirostris,"Milligan, AW, 1903",Slaty-backed Thornbill,Slaty-backed Thornbill
Acanthiza iredalei,"Mathews, GM, 1911",Slender-billed Thornbill,Slender-billed Thornbill
Acanthiza uropygialis,"Gould, J, 1838",Chestnut-rumped Thornbill,Chestnut-rumped Thornbill
Acanthiza inornata,"Gould, J, 1841",Western Thornbill,Western Thornbill
Acanthiza reguloides,"Vigors, NA; Horsfield, T, 1827",Buff-rumped Thornbill,Buff-rumped Thornbill
Smicrornis brevirostris,"(Gould, J, 1838)",Weebill,Weebill
Pycnoptilus floccosus,"Gould, J, 1851",Pilotbird,Pilotbird
Pyrrholaemus sagittatus,"(Latham, J, 1801)",Speckled Warbler,Speckled Warbler
Pyrrholaemus brunneus,"Gould, J, 1841",Redthroat,Redthroat
Hylacola pyrrhopygia,"(Vigors, NA; Horsfield, T, 1827)",Chestnut-rumped Heathwren,Chestnut-rumped Heathwren
Hylacola cauta,"Gould, J, 1843",Shy Heathwren,Shy Heathwren
Calamanthus fuliginosus,"(Vigors, NA; Horsfield, T, 1827)",Striated Fieldwren,Striated Fieldwren
Calamanthus campestris,"(Gould, J, 1841)",Rufous Fieldwren,Rufous Fieldwren
Calamanthus montanellus,"Milligan, AW, 1903",Western Fieldwren,Western Fieldwren
Origma robusta,"(De Vis, CW, 1898)",Mountain Mouse-warbler,Mountain Mouse-Warbler
Origma murina,"(Sclater, PL, 1858)",Rusty Mouse-warbler,Rusty Mouse-Warbler
Origma solitaria,"(Lewin, JW, 1808)",Rockwarbler,Rockwarbler
Neosericornis citreogularis,"(Gould, J, 1838)",Yellow-throated Scrubwren,Yellow-throated Scrubwren
Aethomyias spilodera,"(Gray, GR, 1859)",Pale-billed Scrubwren,Pale-billed Scrubwren
Aethomyias nigrorufus,"(Salvadori, AT, 1895)",Bicolored Scrubwren,Bicolored Mouse-Warbler
Aethomyias rufescens,"(Salvadori, AT, 1876)",Vogelkop Scrubwren,Vogelkop Scrubwren
Aethomyias perspicillatus,"(Salvadori, AT, 1896)",Buff-faced Scrubwren,Buff-faced Scrubwren
Aethomyias arfakianus,"(Salvadori, AT, 1876)",Grey-green Scrubwren,Gray-green Scrubwren
Aethomyias papuensis,"(De Vis, CW, 1894)",Papuan Scrubwren,Papuan Scrubwren
Sericornis humilis,"Gould, J, 1838",Tasmanian Scrubwren,Tasmanian Scrubwren
Sericornis frontalis,"(Vigors, NA; Horsfield, T, 1827)",White-browed Scrubwren,White-browed Scrubwren
Sericornis maculatus,"Gould, J, 1847",Spotted Scrubwren,Spotted Scrubwren
Sericornis keri,"Mathews, GM, 1920",Atherton Scrubwren,Atherton Scrubwren
Sericornis beccarii,"Salvadori, AT, 1874",Tropical Scrubwren,Tropical Scrubwren
Sericornis magnirostra,"(Gould, J, 1838)",Large-billed Scrubwren,Large-billed Scrubwren
Sericornis nouhuysi,"van Oort, ED, 1909",Large Scrubwren,Large Scrubwren
Myza celebensis,"(Meyer, AB; Wiglesworth, LW, 1894)",Dark-eared Myza,Dark-eared Myza
Myza sarasinorum,"Meyer, AB; Wiglesworth, LW, 1895",White-eared Myza,White-eared Myza
Acanthorhynchus superciliosus,"Gould, J, 1837",Western Spinebill,Western Spinebill
Acanthorhynchus tenuirostris,"(Latham, J, 1801)",Eastern Spinebill,Eastern Spinebill
Glycichaera fallax,"Salvadori, AT, 1878",Green-backed Honeyeater,Green-backed Honeyeater
Melionyx fuscus,"(De Vis, CW, 1897)",Sooty Honeyeater,Sooty Honeyeater
Melionyx nouhuysi,"(van Oort, ED, 1910)",Short-bearded Honeyeater,Short-bearded Honeyeater
Melionyx princeps,"(Mayr, E; Gilliard, ET, 1951)",Long-bearded Honeyeater,Long-bearded Honeyeater
Ptiloprora plumbea,"(Salvadori, AT, 1895)",Leaden Honeyeater,Leaden Honeyeater
Ptiloprora meekiana,"(Rothschild, LW; Hartert, EJO, 1907)",Yellowish-streaked Honeyeater,Yellow-streaked Honeyeater
Ptiloprora erythropleura,"(Salvadori, AT, 1876)",Rufous-sided Honeyeater,Rufous-sided Honeyeater
Ptiloprora mayri,"Hartert, EJO, 1930",Mayr's Honeyeater,Mayr's Honeyeater
Ptiloprora guisei,"(De Vis, CW, 1894)",Rufous-backed Honeyeater,Rufous-backed Honeyeater
Ptiloprora perstriata,"(De Vis, CW, 1898)",Grey-streaked Honeyeater,Gray-streaked Honeyeater
Ashbyia lovensis,"(Ashby, EA, 1911)",Gibberbird,Gibberbird
Epthianura crocea,"Castelnau, FLN; Ramsay, EP, 1877",Yellow Chat,Yellow Chat
Epthianura tricolor,"Gould, J, 1841",Crimson Chat,Crimson Chat
Epthianura aurifrons,"Gould, J, 1838",Orange Chat,Orange Chat
Epthianura albifrons,"(Jardine, W; Selby, PJ, 1828)",White-fronted Chat,White-fronted Chat
Stresemannia bougainvillei,"(Mayr, E, 1932)",Bougainville Honeyeater,Bougainville Honeyeater
Ramsayornis fasciatus,"(Gould, J, 1843)",Bar-breasted Honeyeater,Bar-breasted Honeyeater
Ramsayornis modestus,"(Gray, GR, 1858)",Brown-backed Honeyeater,Brown-backed Honeyeater
Conopophila albogularis,"(Gould, J, 1843)",Rufous-banded Honeyeater,Rufous-banded Honeyeater
Conopophila rufogularis,"(Gould, J, 1843)",Rufous-throated Honeyeater,Rufous-throated Honeyeater
Conopophila whitei,"(North, AJ, 1910)",Grey Honeyeater,Gray Honeyeater
Melilestes megarhynchus,"(Gray, GR, 1858)",Long-billed Honeyeater,Long-billed Honeyeater
Timeliopsis griseigula,"(Schlegel, H, 1871)",Tawny Straightbill,Tawny Straightbill
Timeliopsis fulvigula,"(Schlegel, H, 1871)",Olive Straightbill,Olive Straightbill
Macgregoria pulchra,"De Vis, CW, 1897",MacGregor's Honeyeater,Macgregor's Honeyeater
Melipotes gymnops,"Sclater, PL, 1874",Arfak Honeyeater,Arfak Honeyeater
Melipotes fumigatus,"Meyer, AB, 1886",Common Smoky Honeyeater,Smoky Honeyeater
Melipotes carolae,"Beehler, BM; Prawiradilaga, DM; de Fretes, Y; Kemp, N, 2007",Wattled Smoky Honeyeater,Foja Honeyeater
Melipotes ater,"Rothschild, LW; Hartert, EJO, 1911",Spangled Honeyeater,Spangled Honeyeater
Gliciphila undulata,"(Sparrman, A, 1787)",Barred Honeyeater,Barred Honeyeater
Gliciphila melanops,"(Latham, J, 1801)",Tawny-crowned Honeyeater,Tawny-crowned Honeyeater
Gliciphila notabilis,"Sharpe, RB, 1899",White-bellied Honeyeater,Vanuatu Honeyeater
Prosthemadera novaeseelandiae,"(Gmelin, JF, 1788)",Tui,Tui
Anthornis melanocephala,"Gray, GR, 1843",Chatham Islands Bellbird,Chatham Islands Bellbird
Anthornis melanura,"(Sparrman, A, 1786)",New Zealand Bellbird,New Zealand Bellbird
Certhionyx variegatus,"Lesson, RP, 1830",Pied Honeyeater,Pied Honeyeater
Pycnopygius ixoides,"(Salvadori, AT, 1878)",Plain Honeyeater,Plain Honeyeater
Pycnopygius cinereus,"(Sclater, PL, 1874)",Marbled Honeyeater,Marbled Honeyeater
Pycnopygius stictocephalus,"(Salvadori, AT, 1876)",Streak-headed Honeyeater,Streak-headed Honeyeater
Sugomel nigrum,"(Gould, J, 1838)",Black Honeyeater,Black Honeyeater
Melitograis gilolensis,"(Bonaparte, CLJL, 1850)",White-streaked Friarbird,White-streaked Friarbird
Vosea whitemanensis,"Gilliard, ET, 1960",Gilliard's Honeyeater,Bismarck Honeyeater
Myzomela blasii,"(Salvadori, AT, 1882)",Drab Myzomela,Seram Myzomela
Myzomela albigula,"Hartert, EJO, 1898",White-chinned Myzomela,White-chinned Myzomela
Myzomela eques,"(Lesson, RP; Garnot, P, 1827)",Ruby-throated Myzomela,Ruby-throated Myzomela
Myzomela cineracea,"Sclater, PL, 1879",Ashy Myzomela,Ashy Myzomela
Myzomela simplex,"Gray, GR, 1861",Moluccan Myzomela,Moluccan Myzomela
Myzomela rubrotincta,"Salvadori, AT, 1878",Red-tinged Myzomela,Red-tinged Myzomela
Myzomela rubrobrunnea,"Meyer, AB, 1874",Biak Myzomela,Biak Myzomela
Myzomela obscura,"Gould, J, 1843",Dusky Myzomela,Dusky Myzomela
Myzomela cruentata,"Meyer, AB, 1874",Red Myzomela,Red Myzomela
Myzomela erythrina,"Ramsay, EP, 1877",Reddish Myzomela,Reddish Myzomela
Myzomela nigrita,"Gray, GR, 1858",Papuan Black Myzomela,Papuan Black Myzomela
Myzomela pulchella,"Salvadori, AT, 1891",New Ireland Myzomela,New Ireland Myzomela
Myzomela prawiradilagae,"Irham, M; Ashari, H; Suparno; Trainor, CR; Verbelen, P; Wu, MY; Rheindt, FE, 2019",Alor Myzomela,Alor Myzomela
Myzomela kuehni,"Rothschild, LW, 1903",Wetar Myzomela,Crimson-hooded Myzomela
Myzomela erythrocephala,"Gould, J, 1840",Red-headed Myzomela,Red-headed Myzomela
Myzomela dammermani,"Siebers, HC, 1928",Sumba Myzomela,Sumba Myzomela
Myzomela irianawidodoae,"Prawiradilaga, DM; Baveja, P; Suparno; Ashari, H; Ng, NSR; Gwee CY; Verbelen, P; Rheindt, FE, 2017",Rote Myzomela,Rote Myzomela
Myzomela adolphinae,"Salvadori, AT, 1876",Mountain Myzomela,Elfin Myzomela
Myzomela chloroptera,"Walden, A, 1872",Sulawesi Myzomela,Sulawesi Myzomela
Myzomela batjanensis,"Hartert, EJO, 1903",Bacan Myzomela,Bacan Myzomela
Myzomela wahe,"Rheindt, FE; Prawiradilaga, DM; Ashari, H; Suparno; Wu, MY, 2020",Taliabu Myzomela,Taliabu Myzomela
Myzomela wakoloensis,"Forbes, HO, 1883",Wakolo Myzomela,Wakolo Myzomela
Myzomela boiei,"(Müller, S, 1843)",Banda Myzomela,Banda Myzomela
Myzomela caledonica,"Forbes, WA, 1879",New Caledonian Myzomela,New Caledonian Myzomela
Myzomela sanguinolenta,"(Latham, J, 1801)",Scarlet Myzomela,Scarlet Myzomela
Myzomela rubratra,"(Lesson, RP, 1827)",Micronesian Myzomela,Micronesian Myzomela
Myzomela cardinalis,"(Gmelin, JF, 1788)",Cardinal Myzomela,Cardinal Myzomela
Myzomela nigriventris,"Peale, TR, 1849",Samoan Myzomela,Samoan Myzomela
Myzomela chermesina,"Gray, GR, 1846",Rotuma Myzomela,Rotuma Myzomela
Myzomela sclateri,"Forbes, WA, 1879",Sclater's Myzomela,Sclater's Myzomela
Myzomela pammelaena,"Sclater, PL, 1877",Bismarck Black Myzomela,Bismarck Black Myzomela
Myzomela lafargei,"Pucheran, J, 1853",Red-capped Myzomela,Scarlet-naped Myzomela
Myzomela eichhorni,"Rothschild, LW; Hartert, EJO, 1901",Crimson-rumped Myzomela,Yellow-vented Myzomela
Myzomela malaitae,"Mayr, E, 1931",Red-vested Myzomela,Red-bellied Myzomela
Myzomela melanocephala,"(Ramsay, EP, 1879)",Black-headed Myzomela,Black-headed Myzomela
Myzomela tristrami,"Ramsay, EP, 1881",Sooty Myzomela,Sooty Myzomela
Myzomela jugularis,"Peale, TR, 1849",Sulphur-breasted Myzomela,Sulphur-breasted Myzomela
Myzomela erythromelas,"Salvadori, AT, 1881",Black-bellied Myzomela,Black-bellied Myzomela
Myzomela vulnerata,"(Müller, S, 1843)",Black-breasted Myzomela,Black-breasted Myzomela
Myzomela rosenbergii,"Schlegel, H, 1871",Red-collared Myzomela,Red-collared Myzomela
Myzomela longirostris,"Mayr, E; Rand, AL, 1935",Long-billed Myzomela,Long-billed Myzomela
Gymnomyza viridis,"(Layard, EL, 1875)",Yellow-billed Giant Honeyeater,Yellow-billed Giant-Honeyeater
Gymnomyza brunneirostris,"(Mayr, E, 1932)",Duetting Giant Honeyeater,Duetting Giant-Honeyeater
Gymnomyza samoensis,"(Hombron, JB; Jacquinot, H, 1841)",Mao,Mao
Gymnomyza aubryana,"(Verreaux, JP; des Murs, MAPO, 1860)",Crow Honeyeater,Crow Honeyeater
Plectorhyncha lanceolata,"Gould, J, 1838",Striped Honeyeater,Striped Honeyeater
Grantiella picta,"(Gould, J, 1838)",Painted Honeyeater,Painted Honeyeater
Xanthotis flaviventer,"(Lesson, RP, 1828)",Tawny-breasted Honeyeater,Tawny-breasted Honeyeater
Xanthotis polygrammus,"(Gray, GR, 1862)",Spotted Honeyeater,Spotted Honeyeater
Xanthotis macleayanus,"(Ramsay, EP, 1875)",Macleay's Honeyeater,Macleay's Honeyeater
Philemon citreogularis,"(Gould, J, 1837)",Little Friarbird,Little Friarbird
Philemon meyeri,"Salvadori, AT, 1878",Meyer's Friarbird,Meyer's Friarbird
Philemon inornatus,"(Gray, GR, 1846)",Timor Friarbird,Timor Friarbird
Philemon kisserensis,"Meyer, AB, 1884",Grey Friarbird,Gray Friarbird
Philemon brassi,"Rand, AL, 1940",Brass's Friarbird,Brass's Friarbird
Philemon fuscicapillus,"(Wallace, AR, 1862)",Morotai Friarbird,Morotai Friarbird
Philemon moluccensis,"(Gmelin, JF, 1788)",Buru Friarbird,Buru Friarbird
Philemon plumigenis,"(Gray, GR, 1858)",Tanimbar Friarbird,Tanimbar Friarbird
Philemon subcorniculatus,"(Hombron, JB; Jacquinot, H, 1841)",Seram Friarbird,Seram Friarbird
Philemon eichhorni,"Rothschild, LW; Hartert, EJO, 1924",New Ireland Friarbird,New Ireland Friarbird
Philemon buceroides,"(Swainson, WJ, 1838)",Helmeted Friarbird,Helmeted Friarbird
Philemon albitorques,"Sclater, PL, 1877",Manus Friarbird,White-naped Friarbird
Philemon cockerelli,"Sclater, PL, 1877",New Britain Friarbird,New Britain Friarbird
Philemon argenticeps,"(Gould, J, 1840)",Silver-crowned Friarbird,Silver-crowned Friarbird
Philemon corniculatus,"(Latham, J, 1790)",Noisy Friarbird,Noisy Friarbird
Philemon diemenensis,"(Lesson, RP, 1831)",New Caledonian Friarbird,New Caledonian Friarbird
Meliarchus sclateri,"(Gray, GR, 1870)",Makira Honeyeater,Makira Honeyeater
Guadalcanaria inexpectata,"Hartert, EJO, 1929",Guadalcanal Honeyeater,Guadalcanal Honeyeater
Meliphacator provocator,"(Layard, EL, 1875)",Kadavu Honeyeater,Kadavu Honeyeater
Foulehaio procerior,"(Finsch, FHO; Hartlaub, KJG, 1867)",Kikau,Western Wattled-Honeyeater
Foulehaio carunculatus,"(Gmelin, JF, 1788)",Polynesian Wattled Honeyeater,Eastern Wattled-Honeyeater
Foulehaio taviunensis,"(Wiglesworth, LW, 1891)",Fiji Wattled Honeyeater,Northern Wattled-Honeyeater
Trichodere cockerelli,"(Gould, J, 1869)",White-streaked Honeyeater,White-streaked Honeyeater
Phylidonyris pyrrhopterus,"(Latham, J, 1801)",Crescent Honeyeater,Crescent Honeyeater
Phylidonyris novaehollandiae,"(Latham, J, 1790)",New Holland Honeyeater,New Holland Honeyeater
Phylidonyris niger,"(Bechstein, JM, 1811)",White-cheeked Honeyeater,White-cheeked Honeyeater
Cissomela pectoralis,"(Gould, J, 1841)",Banded Honeyeater,Banded Honeyeater
Lichmera lombokia,"(Mathews, GM, 1926)",Scaly-crowned Honeyeater,Sunda Honeyeater
Lichmera argentauris,"(Finsch, FHO, 1871)",Olive Honeyeater,Olive Honeyeater
Lichmera indistincta,"(Vigors, NA; Horsfield, T, 1827)",Brown Honeyeater,Brown Honeyeater
Lichmera incana,"(Latham, J, 1790)",Grey-eared Honeyeater,Gray-eared Honeyeater
Lichmera squamata,"(Salvadori, AT, 1878)",Scaly-breasted Honeyeater,White-tufted Honeyeater
Lichmera alboauricularis,"(Ramsay, EP, 1878)",Silver-eared Honeyeater,Silver-eared Honeyeater
Lichmera deningeri,"(Stresemann, EFT, 1912)",Buru Honeyeater,Buru Honeyeater
Lichmera monticola,"(Stresemann, EFT, 1912)",Seram Honeyeater,Seram Honeyeater
Lichmera flavicans,"(Vieillot, LJP, 1817)",Flame-eared Honeyeater,Yellow-eared Honeyeater
Lichmera notabilis,"(Finsch, FHO, 1898)",Black-necklaced Honeyeater,Black-chested Honeyeater
Nesoptilotis flavicollis,"(Vieillot, LJP, 1817)",Yellow-throated Honeyeater,Yellow-throated Honeyeater
Nesoptilotis leucotis,"(Latham, J, 1801)",White-eared Honeyeater,White-eared Honeyeater
Entomyzon cyanotis,"(Latham, J, 1801)",Blue-faced Honeyeater,Blue-faced Honeyeater
Melithreptus albogularis,"Gould, J, 1848",White-throated Honeyeater,White-throated Honeyeater
Melithreptus chloropsis,"Gould, J, 1848",Gilbert's Honeyeater,Gilbert's Honeyeater
Melithreptus lunatus,"(Vieillot, LJP, 1802)",White-naped Honeyeater,White-naped Honeyeater
Melithreptus affinis,"(Lesson, RP, 1839)",Black-headed Honeyeater,Black-headed Honeyeater
Melithreptus brevirostris,"(Vigors, NA; Horsfield, T, 1827)",Brown-headed Honeyeater,Brown-headed Honeyeater
Melithreptus gularis,"(Gould, J, 1837)",Black-chinned Honeyeater,Black-chinned Honeyeater
Melithreptus validirostris,"(Gould, J, 1837)",Strong-billed Honeyeater,Strong-billed Honeyeater
Stomiopera unicolor,"(Gould, J, 1843)",White-gaped Honeyeater,White-gaped Honeyeater
Stomiopera flava,"(Gould, J, 1843)",Yellow Honeyeater,Yellow Honeyeater
Meliphaga aruensis,"(Sharpe, RB, 1884)",Puff-backed Honeyeater,Puff-backed Honeyeater
Meliphaga notata,"(Gould, J, 1867)",Yellow-spotted Honeyeater,Yellow-spotted Honeyeater
Meliphaga lewinii,"(Swainson, WJ, 1837)",Lewin's Honeyeater,Lewin's Honeyeater
Meliphaga reticulata,"Temminck, CJ, 1820",Streak-breasted Honeyeater,Streak-breasted Honeyeater
Meliphaga fordiana,"Schodde, R, 1989",Kimberley Honeyeater,Kimberley Honeyeater
Meliphaga albilineata,"(White, HL, 1917)",White-lined Honeyeater,White-lined Honeyeater
Meliphaga chrysogenys,"(van Oort, ED, 1910)",Orange-cheeked Honeyeater,Orange-cheeked Honeyeater
Meliphaga montana,"(Salvadori, AT, 1880)",Forest Honeyeater,Forest Honeyeater
Meliphaga mimikae,"(Ogilvie-Grant, WR, 1911)",Mottle-breasted Honeyeater,Mottled Honeyeater
Meliphaga flavirictus,"(Salvadori, AT, 1880)",Yellow-gaped Honeyeater,Yellow-gaped Honeyeater
Meliphaga orientalis,"(Meyer, AB, 1894)",Mountain Honeyeater,Mountain Honeyeater
Meliphaga albonotata,"(Salvadori, AT, 1876)",Scrub Honeyeater,Scrub Honeyeater
Meliphaga analoga,"(Reichenbach, HGL, 1852)",Mimic Honeyeater,Mimic Honeyeater
Meliphaga vicina,"(Rothschild, LW; Hartert, EJO, 1912)",Tagula Honeyeater,Tagula Honeyeater
Meliphaga gracilis,"(Gould, J, 1866)",Graceful Honeyeater,Graceful Honeyeater
Meliphaga imitatrix,"(Mathews, GM, 1912)",Cryptic Honeyeater,Cryptic Honeyeater
Meliphaga cinereifrons,"Rand, AL, 1936",Elegant Honeyeater,Elegant Honeyeater
Purnella albifrons,"(Gould, J, 1841)",White-fronted Honeyeater,White-fronted Honeyeater
Lichenostomus cratitius,"(Gould, J, 1841)",Purple-gaped Honeyeater,Purple-gaped Honeyeater
Lichenostomus melanops,"(Latham, J, 1801)",Yellow-tufted Honeyeater,Yellow-tufted Honeyeater
Gavicalis versicolor,"(Gould, J, 1843)",Varied Honeyeater,Varied Honeyeater
Gavicalis fasciogularis,"(Gould, J, 1854)",Mangrove Honeyeater,Mangrove Honeyeater
Gavicalis virescens,"(Vieillot, LJP, 1817)",Singing Honeyeater,Singing Honeyeater
Ptilotula ornata,"(Gould, J, 1838)",Yellow-plumed Honeyeater,Yellow-plumed Honeyeater
Ptilotula penicillata,"(Gould, J, 1837)",White-plumed Honeyeater,White-plumed Honeyeater
Ptilotula flavescens,"(Gould, J, 1840)",Yellow-tinted Honeyeater,Yellow-tinted Honeyeater
Ptilotula fusca,"(Gould, J, 1837)",Fuscous Honeyeater,Fuscous Honeyeater
Ptilotula keartlandi,"(North, AJ, 1895)",Grey-headed Honeyeater,Gray-headed Honeyeater
Ptilotula plumula,"(Gould, J, 1841)",Grey-fronted Honeyeater,Gray-fronted Honeyeater
Caligavis chrysops,"(Latham, J, 1801)",Yellow-faced Honeyeater,Yellow-faced Honeyeater
Caligavis subfrenata,"(Salvadori, AT, 1876)",Black-throated Honeyeater,Black-throated Honeyeater
Caligavis obscura,"(De Vis, CW, 1897)",Obscure Honeyeater,Obscure Honeyeater
Acanthagenys rufogularis,"Gould, J, 1838",Spiny-cheeked Honeyeater,Spiny-cheeked Honeyeater
Anthochaera chrysoptera,"(Latham, J, 1801)",Little Wattlebird,Little Wattlebird
Anthochaera lunulata,"Gould, J, 1838",Western Wattlebird,Western Wattlebird
Anthochaera phrygia,"(Shaw, G, 1794)",Regent Honeyeater,Regent Honeyeater
Anthochaera carunculata,"(Shaw, G, 1790)",Red Wattlebird,Red Wattlebird
Anthochaera paradoxa,"(Daudin, FM, 1800)",Yellow Wattlebird,Yellow Wattlebird
Bolemoreus frenatus,"(Ramsay, EP, 1874)",Bridled Honeyeater,Bridled Honeyeater
Bolemoreus hindwoodi,"(Longmore, NW; Boles, WE, 1983)",Eungella Honeyeater,Eungella Honeyeater
Manorina melanophrys,"(Latham, J, 1801)",Bell Miner,Bell Miner
Manorina melanocephala,"(Latham, J, 1801)",Noisy Miner,Noisy Miner
Manorina flavigula,"(Gould, J, 1840)",Yellow-throated Miner,Yellow-throated Miner
Manorina melanotis,"(Wilson, FE, 1911)",Black-eared Miner,Black-eared Miner
Melidectes torquatus,"Sclater, PL, 1874",Ornate Melidectes,Ornate Melidectes
Melidectes ochromelas,"(Meyer, AB, 1874)",Cinnamon-browed Melidectes,Cinnamon-browed Melidectes
Melidectes leucostephes,"(Meyer, AB, 1874)",Vogelkop Melidectes,Vogelkop Melidectes
Melidectes foersteri,"(Rothschild, LW; Hartert, EJO, 1911)",Huon Melidectes,Huon Melidectes
Melidectes belfordi,"(De Vis, CW, 1890)",Belford's Melidectes,Belford's Melidectes
Melidectes rufocrissalis,"(Reichenow, A, 1915)",Yellow-browed Melidectes,Yellow-browed Melidectes
Orthonyx novaeguineae,"Meyer, AB, 1874",Papuan Logrunner,Papuan Logrunner
Orthonyx temminckii,"Ranzani, C, 1822",Australian Logrunner,Australian Logrunner
Orthonyx spaldingii,"Ramsay, EP, 1868",Chowchilla,Chowchilla
Garritornis isidorei,"(Lesson, RP, 1827)",Papuan Babbler,Papuan Babbler
Pomatostomus temporalis,"(Vigors, NA; Horsfield, T, 1827)",Grey-crowned Babbler,Gray-crowned Babbler
Pomatostomus superciliosus,"(Vigors, NA; Horsfield, T, 1827)",White-browed Babbler,White-browed Babbler
Pomatostomus halli,"Cowles, GS, 1964",Hall's Babbler,Hall's Babbler
Pomatostomus ruficeps,"(Hartlaub, KJG, 1852)",Chestnut-crowned Babbler,Chestnut-crowned Babbler
Ptilorrhoa leucosticta,"(Sclater, PL, 1874)",Spotted Jewel-babbler,Spotted Jewel-babbler
Ptilorrhoa caerulescens,"(Temminck, CJ, 1836)",Blue Jewel-babbler,Blue Jewel-babbler
Ptilorrhoa geislerorum,"(Meyer, AB, 1892)",Brown-headed Jewel-babbler,Dimorphic Jewel-babbler
Ptilorrhoa castanonota,"(Salvadori, AT, 1876)",Chestnut-backed Jewel-babbler,Chestnut-backed Jewel-babbler
Cinclosoma punctatum,"(Shaw, G, 1794)",Spotted Quail-thrush,Spotted Quail-thrush
Cinclosoma castanotum,"Gould, J, 1840",Chestnut Quail-thrush,Chestnut Quail-thrush
Cinclosoma clarum,"Morgan, AM, 1926",Copperback Quail-thrush,Copperback Quail-thrush
Cinclosoma castaneothorax,"Gould, J, 1849",Chestnut-breasted Quail-thrush,Chestnut-breasted Quail-thrush
Cinclosoma marginatum,"Sharpe, RB, 1883",Western Quail-thrush,Western Quail-thrush
Cinclosoma cinnamomeum,"Gould, J, 1846",Cinnamon Quail-thrush,Cinnamon Quail-thrush
Cinclosoma alisteri,"Mathews, GM, 1910",Nullarbor Quail-thrush,Nullarbor Quail-thrush
Cinclosoma ajax,"(Temminck, CJ, 1836)",Painted Quail-thrush,Painted Quail-thrush
Pericrocotus erythropygius,"(Jerdon, TC, 1840)",White-bellied Minivet,White-bellied Minivet
Pericrocotus albifrons,"Jerdon, TC, 1862",Jerdon's Minivet,Jerdon's Minivet
Pericrocotus igneus,"Blyth, E, 1846",Fiery Minivet,Fiery Minivet
Pericrocotus cinnamomeus,"(Linnaeus, C, 1766)",Small Minivet,Small Minivet
Pericrocotus solaris,"Blyth, E, 1846",Grey-chinned Minivet,Gray-chinned Minivet
Pericrocotus miniatus,"(Temminck, CJ, 1822)",Sunda Minivet,Sunda Minivet
Pericrocotus brevirostris,"(Vigors, NA, 1831)",Short-billed Minivet,Short-billed Minivet
Pericrocotus lansbergei,"Büttikofer, J, 1886",Little Minivet,Flores Minivet
Pericrocotus ethologus,"Bangs, O; Phillips, JC, 1914",Long-tailed Minivet,Long-tailed Minivet
Pericrocotus flammeus,"(Forster, JR, 1781)",Scarlet Minivet,
Pericrocotus tegimae,"Stejneger, LH, 1887",Ryukyu Minivet,Ryukyu Minivet
Pericrocotus divaricatus,"(Raffles, TS, 1822)",Ashy Minivet,Ashy Minivet
Pericrocotus cantonensis,"Swinhoe, R, 1861",Swinhoe's Minivet,Brown-rumped Minivet
Pericrocotus roseus,"(Vieillot, LJP, 1818)",Rosy Minivet,Rosy Minivet
Ceblepyris cucullatus,"(Milne-Edwards, A; Oustalet, J-FÉ, 1885)",Comoro Cuckooshrike,Comoro Cuckooshrike
Ceblepyris cinereus,"(Müller, PLS, 1776)",Madagascar Cuckooshrike,Madagascar Cuckooshrike
Ceblepyris graueri,"(Neumann, OR, 1908)",Grauer's Cuckooshrike,Grauer's Cuckooshrike
Ceblepyris caesius,"Lichtenstein, MHC, 1823",Grey Cuckooshrike,Gray Cuckooshrike
Ceblepyris pectoralis,"(Jardine, W; Selby, PJ, 1828)",White-breasted Cuckooshrike,White-breasted Cuckooshrike
Coracina caeruleogrisea,"(Gray, GR, 1858)",Stout-billed Cuckooshrike,Stout-billed Cuckooshrike
Coracina longicauda,"(De Vis, CW, 1890)",Hooded Cuckooshrike,Hooded Cuckooshrike
Coracina bicolor,"(Temminck, CJ, 1824)",Pied Cuckooshrike,Pied Cuckooshrike
Coracina temminckii,"(Müller, S, 1843)",Cerulean Cuckooshrike,Cerulean Cuckooshrike
Coracina maxima,"(Rüppell, WPES, 1839)",Ground Cuckooshrike,Ground Cuckooshrike
Coracina lineata,"(Swainson, WJ, 1825)",Barred Cuckooshrike,Barred Cuckooshrike
Coracina boyeri,"(Gray, GR, 1846)",Boyer's Cuckooshrike,Boyer's Cuckooshrike
Coracina novaehollandiae,"(Gmelin, JF, 1789)",Black-faced Cuckooshrike,Black-faced Cuckooshrike
Coracina welchmani,"(Tristram, HB, 1892)",North Melanesian Cuckooshrike,North Melanesian Cuckooshrike
Coracina papuensis,"(Gmelin, JF, 1788)",White-bellied Cuckooshrike,White-bellied Cuckooshrike
Coracina atriceps,"(Müller, S, 1843)",Moluccan Cuckooshrike,Moluccan Cuckooshrike
Coracina caledonica,"(Gmelin, JF, 1788)",South Melanesian Cuckooshrike,South Melanesian Cuckooshrike
Coracina macei,"(Lesson, RP, 1831)",Indian Cuckooshrike,Indian Cuckooshrike
Coracina javensis,"(Horsfield, T, 1821)",Oriental Cuckooshrike,Oriental Cuckooshrike
Coracina larutensis,"(Sharpe, RB, 1887)",Malayan Cuckooshrike,Malayan Cuckooshrike
Coracina striata,"(Boddaert, P, 1783)",Bar-bellied Cuckooshrike,Bar-bellied Cuckooshrike
Coracina mindorensis,"(Steere, JB, 1890)",Mindoro Cuckooshrike,Mindoro Cuckooshrike
Coracina panayensis,"(Steere, JB, 1890)",Visayan Cuckooshrike,Visayan Cuckooshrike
Coracina kochii,"(Kutter, F, 1882)",Mindanao Cuckooshrike,Mindanao Cuckooshrike
Coracina guillemardi,"(Salvadori, AT, 1886)",Sulu Cuckooshrike,Sulu Cuckooshrike
Coracina dobsoni,"(Ball, V, 1872)",Andaman Cuckooshrike,Andaman Cuckooshrike
Coracina larvata,"(Müller, S, 1843)",Sunda Cuckooshrike,Sunda Cuckooshrike
Coracina personata,"(Müller, S, 1843)",Wallacean Cuckooshrike,Wallacean Cuckooshrike
Coracina parvula,"(Salvadori, AT, 1878)",Halmahera Cuckooshrike,Halmahera Cuckooshrike
Coracina fortis,"(Salvadori, AT, 1878)",Buru Cuckooshrike,Buru Cuckooshrike
Coracina leucopygia,"(Bonaparte, CLJL, 1850)",White-rumped Cuckooshrike,White-rumped Cuckooshrike
Coracina schistacea,"(Sharpe, RB, 1878)",Slaty Cuckooshrike,Slaty Cuckooshrike
Lobotos lobatus,"(Temminck, CJ, 1824)",Western Wattled Cuckooshrike,Ghana Cuckooshrike
Lobotos oriolinus,"Bates, GL, 1909",Eastern Wattled Cuckooshrike,Oriole Cuckooshrike
Campephaga flava,"Vieillot, LJP, 1817",Black Cuckooshrike,Black Cuckooshrike
Campephaga petiti,"Oustalet, J-FÉ, 1884",Petit's Cuckooshrike,Petit's Cuckooshrike
Campephaga phoenicea,"(Latham, J, 1790)",Red-shouldered Cuckooshrike,Red-shouldered Cuckooshrike
Campephaga quiscalina,"Finsch, FHO, 1869",Purple-throated Cuckooshrike,Purple-throated Cuckooshrike
Campochaera sloetii,"(Schlegel, H, 1866)",Golden Cuckooshrike,Golden Cuckooshrike
Malindangia mcgregori,"Mearns, EA, 1907",McGregor's Cuckooshrike,McGregor's Cuckooshrike
Lalage maculosa,"(Peale, TR, 1849)",Polynesian Triller,Polynesian Triller
Lalage sharpei,"Rothschild, LW, 1900",Samoan Triller,Samoan Triller
Lalage leucopyga,"(Gould, J, 1838)",Long-tailed Triller,Long-tailed Triller
Lalage sueurii,"(Vieillot, LJP, 1818)",White-shouldered Triller,White-shouldered Triller
Lalage tricolor,"(Swainson, WJ, 1825)",White-winged Triller,White-winged Triller
Lalage atrovirens,"(Gray, GR, 1862)",Black-browed Triller,Black-browed Triller
Lalage leucoptera,"(Schlegel, H, 1871)",Biak Triller,Biak Triller
Lalage moesta,"Sclater, PL, 1883",White-browed Triller,White-browed Triller
Lalage leucomela,"(Vigors, NA; Horsfield, T, 1827)",Varied Triller,Varied Triller
Lalage conjuncta,"Rothschild, LW; Hartert, EJO, 1924",Mussau Triller,Mussau Triller
Lalage melanoleuca,"(Blyth, E, 1861)",Black-and-white Triller,Black-and-white Triller
Lalage leucopygialis,"Walden, A, 1872",White-rumped Triller,White-rumped Triller
Lalage nigra,"(Pennant, T, 1781)",Pied Triller,Pied Triller
Lalage aurea,"(Temminck, CJ, 1825)",Rufous-bellied Triller,Rufous-bellied Triller
Lalage newtoni,"(Pollen, F, 1866)",Reunion Cuckooshrike,Reunion Cuckooshrike
Lalage typica,"(Hartlaub, KJG, 1865)",Mauritius Cuckooshrike,Mauritius Cuckooshrike
Lalage melaschistos,"(Hodgson, BH, 1836)",Black-winged Cuckooshrike,Black-winged Cuckooshrike
Lalage melanoptera,"(Rüppell, WPES, 1839)",Black-headed Cuckooshrike,Black-headed Cuckooshrike
Lalage fimbriata,"(Temminck, CJ, 1824)",Lesser Cuckooshrike,Lesser Cuckooshrike
Lalage polioptera,"(Sharpe, RB, 1878)",Indochinese Cuckooshrike,Indochinese Cuckooshrike
Cyanograucalus azureus,"(Cassin, J, 1852)",Blue Cuckooshrike,Blue Cuckooshrike
Celebesica abbotti,"Riley, JH, 1918",Pygmy Cuckooshrike,Pygmy Cuckooshrike
Edolisoma anale,"(Verreaux, JP; des Murs, MAPO, 1860)",New Caledonian Cuckooshrike,New Caledonian Cuckooshrike
Edolisoma coerulescens,"(Blyth, E, 1842)",Blackish Cuckooshrike,Blackish Cuckooshrike
Edolisoma ostentum,"(Ripley, SD, 1952)",White-winged Cuckooshrike,White-winged Cuckooshrike
Edolisoma montanum,"(Meyer, AB, 1874)",Black-bellied Cuckooshrike,Black-bellied Cicadabird
Edolisoma dohertyi,"Hartert, EJO, 1896",Pale-shouldered Cicadabird,Pale-shouldered Cicadabird
Edolisoma dispar,"Salvadori, AT, 1878",Kai Cicadabird,Kai Cicadabird
Edolisoma timoriense,"Sharpe, RB, 1878",Timor Cicadabird,Timor Cicadabird
Edolisoma ceramense,"(Bonaparte, CLJL, 1850)",Pale Cicadabird,Pale Cicadabird
Edolisoma insperatum,"(Finsch, FHO, 1876)",Pohnpei Cicadabird,Pohnpei Cicadabird
Edolisoma mindanense,"(Tweeddale, A, 1879)",Black-bibbed Cicadabird,Black-bibbed Cicadabird
Edolisoma schisticeps,"(Gray, GR, 1846)",Grey-headed Cuckooshrike,Gray-headed Cicadabird
Edolisoma melas,"(Lesson, RP, 1828)",Black Cicadabird,Black Cicadabird
Edolisoma holopolium,"(Sharpe, RB, 1888)",Solomons Cicadabird,Solomons Cicadabird
Edolisoma tricolor,"Mayr, E, 1931",Malaita Cicadabird,Malaita Cicadabird
Edolisoma salomonis,"Tristram, HB, 1879",Makira Cicadabird,Makira Cicadabird
Edolisoma admiralitatis,"Rothschild, LW; Hartert, EJO, 1914",Admiralty Cicadabird,Manus Cicadabird
Edolisoma salvadorii,"Sharpe, RB, 1878",Sangihe Cicadabird,Sangihe Cicadabird
Edolisoma monacha,"(Hartlaub, KJG; Finsch, FHO, 1872)",Palau Cicadabird,Palau Cicadabird
Edolisoma nesiotis,"(Hartlaub, KJG; Finsch, FHO, 1872)",Yap Cicadabird,Yap Cicadabird
Edolisoma erythropygium,"Sharpe, RB, 1888",Central Melanesian Cicadabird,Central Melanesian Cicadabird
Edolisoma morio,"(Müller, S, 1843)",Sulawesi Cicadabird,Sulawesi Cicadabird
Edolisoma meyerii,"Salvadori, AT, 1878",Geelvink Cicadabird,Geelvink Cicadabird
Edolisoma pelingi,"Hartert, EJO, 1918",Banggai Cicadabird,Banggai Cicadabird
Edolisoma obiense,"Salvadori, AT, 1878",Obi Cicadabird,Obi Cicadabird
Edolisoma sula,"Hartert, EJO, 1918",Sula Cicadabird,Sula Cicadabird
Edolisoma grayi,"Salvadori, AT, 1879",North Moluccan Cicadabird,North Moluccan Cicadabird
Edolisoma incertum,"(Meyer, AB, 1874)",Black-shouldered Cicadabird,Papuan Cicadabird
Edolisoma remotum,"Sharpe, RB, 1878",Bismarck Cicadabird,Bismarck Cicadabird
Edolisoma rostratum,"Hartert, EJO, 1898",Rossel Cicadabird,Rossel Cicadabird
Edolisoma amboinense,"(Hartlaub, KJG, 1865)",South Moluccan Cicadabird,South Moluccan Cicadabird
Edolisoma tenuirostre,"(Jardine, W, 1831)",Sahul Cicadabird,Sahul Cicadabird
Mohoua albicilla,"(Lesson, RP, 1830)",Whitehead,Whitehead
Mohoua ochrocephala,"(Gmelin, JF, 1789)",Yellowhead,Yellowhead
Mohoua novaeseelandiae,"(Gmelin, JF, 1789)",Pipipi,Pipipi
Machaerirhynchus nigripectus,"Schlegel, H, 1871",Black-breasted Boatbill,Black-breasted Boatbill
Machaerirhynchus flaviventer,"Gould, J, 1851",Yellow-breasted Boatbill,Yellow-breasted Boatbill
Artamus fuscus,"Vieillot, LJP, 1817",Ashy Woodswallow,Ashy Woodswallow
Artamus mentalis,"Jardine, W, 1845",Fiji Woodswallow,Fiji Woodswallow
Artamus monachus,"Bonaparte, CLJL, 1850",Ivory-backed Woodswallow,Ivory-backed Woodswallow
Artamus maximus,"Meyer, AB, 1874",Great Woodswallow,Great Woodswallow
Artamus leucorynchus,"(Linnaeus, C, 1771)",White-breasted Woodswallow,White-breasted Woodswallow
Artamus insignis,"Sclater, PL, 1877",White-backed Woodswallow,Bismarck Woodswallow
Artamus personatus,"(Gould, J, 1841)",Masked Woodswallow,Masked Woodswallow
Artamus superciliosus,"(Gould, J, 1837)",White-browed Woodswallow,White-browed Woodswallow
Artamus cinereus,"Vieillot, LJP, 1817",Black-faced Woodswallow,Black-faced Woodswallow
Artamus cyanopterus,"(Latham, J, 1801)",Dusky Woodswallow,Dusky Woodswallow
Artamus minor,"Vieillot, LJP, 1817",Little Woodswallow,Little Woodswallow
Peltops blainvillii,"(Lesson, RP; Garnot, P, 1827)",Lowland Peltops,Lowland Peltops
Peltops montanus,"Stresemann, EFT, 1921",Mountain Peltops,Mountain Peltops
Strepera graculina,"(Shaw, G, 1790)",Pied Currawong,Pied Currawong
Strepera fuliginosa,"(Gould, J, 1837)",Black Currawong,Black Currawong
Strepera versicolor,"(Latham, J, 1801)",Grey Currawong,Gray Currawong
Melloria quoyi,"(Lesson, RP; Garnot, P, 1827)",Black Butcherbird,Black Butcherbird
Gymnorhina tibicen,"(Latham, J, 1801)",Australian Magpie,Australian Magpie
Cracticus mentalis,"Salvadori, AT; d'Albertis, LM, 1876",Black-backed Butcherbird,Black-backed Butcherbird
Cracticus torquatus,"(Latham, J, 1801)",Grey Butcherbird,Gray Butcherbird
Cracticus argenteus,"Gould, J, 1841",Silver-backed Butcherbird,Silver-backed Butcherbird
Cracticus cassicus,"(Boddaert, P, 1783)",Hooded Butcherbird,Hooded Butcherbird
Cracticus louisiadensis,"Tristram, HB, 1889",Tagula Butcherbird,Tagula Butcherbird
Cracticus nigrogularis,"(Gould, J, 1837)",Pied Butcherbird,Pied Butcherbird
Rhagologus leucostigma,"(Salvadori, AT, 1876)",Mottled Berryhunter,Mottled Berryhunter
Pityriasis gymnocephala,"(Temminck, CJ, 1836)",Bornean Bristlehead,Bornean Bristlehead
Aegithina tiphia,"(Linnaeus, C, 1758)",Common Iora,Common Iora
Aegithina nigrolutea,"(Marshall, GFL, 1876)",Marshall's Iora,White-tailed Iora
Aegithina viridissima,"(Bonaparte, CLJL, 1850)",Green Iora,Green Iora
Aegithina lafresnayei,"(Hartlaub, KJG, 1844)",Great Iora,Great Iora
Nilaus afer,"(Latham, J, 1801)",Brubru,Brubru
Bocagia minuta,"(Hartlaub, KJG, 1858)",Marsh Tchagra,Marsh Tchagra
Tchagra senegalus,"(Linnaeus, C, 1766)",Black-crowned Tchagra,Black-crowned Tchagra
Tchagra australis,"(Smith, A, 1836)",Brown-crowned Tchagra,Brown-crowned Tchagra
Tchagra jamesi,"(Shelley, GE, 1885)",Three-streaked Tchagra,Three-streaked Tchagra
Tchagra tchagra,"(Vieillot, LJP, 1816)",Southern Tchagra,Southern Tchagra
Malaconotus cruentus,"(Lesson, RP, 1832)",Fiery-breasted Bushshrike,Fiery-breasted Bushshrike
Malaconotus lagdeni,"(Sharpe, RB, 1884)",Lagden's Bushshrike,Lagden's Bushshrike
Malaconotus gladiator,"(Reichenow, A, 1893)",Green-breasted Bushshrike,Green-breasted Bushshrike
Malaconotus blanchoti,"Stephens, JF, 1826",Grey-headed Bushshrike,Gray-headed Bushshrike
Malaconotus monteiri,"(Sharpe, RB, 1870)",Monteiro's Bushshrike,Monteiro's Bushshrike
Malaconotus alius,"Friedmann, H, 1927",Uluguru Bushshrike,Uluguru Bushshrike
Dryoscopus gambensis,"(Lichtenstein, MHC, 1823)",Northern Puffback,Northern Puffback
Dryoscopus pringlii,"Jackson, FJ, 1893",Pringle's Puffback,Pringle's Puffback
Dryoscopus cubla,"(Latham, J, 1801)",Black-backed Puffback,Black-backed Puffback
Dryoscopus senegalensis,"(Hartlaub, KJG, 1857)",Red-eyed Puffback,Red-eyed Puffback
Dryoscopus angolensis,"Hartlaub, KJG, 1860",Pink-footed Puffback,Pink-footed Puffback
Dryoscopus sabini,"(Gray, JE, 1831)",Sabine's Puffback,Sabine's Puffback
Rhodophoneus cruentus,"(Hemprich, WF; Ehrenberg, CG, 1828)",Rosy-patched Bushshrike,Rosy-patched Bushshrike
Telophorus zeylonus,"(Linnaeus, C, 1766)",Bokmakierie,Bokmakierie
Telophorus viridis,"(Vieillot, LJP, 1817)",Gorgeous Bushshrike,Four-colored Bushshrike
Telophorus dohertyi,"(Rothschild, LW, 1901)",Doherty's Bushshrike,Doherty's Bushshrike
Chlorophoneus bocagei,"(Reichenow, A, 1894)",Bocage's Bushshrike,Gray-green Bushshrike
Chlorophoneus sulfureopectus,"(Lesson, RP, 1831)",Orange-breasted Bushshrike,Sulphur-breasted Bushshrike
Chlorophoneus olivaceus,"(Shaw, G, 1809)",Olive Bushshrike,Olive Bushshrike
Chlorophoneus multicolor,"(Gray, GR, 1845)",Many-colored Bushshrike,Many-colored Bushshrike
Chlorophoneus nigrifrons,"(Reichenow, A, 1896)",Black-fronted Bushshrike,Black-fronted Bushshrike
Chlorophoneus kupeensis,"Serle, W, 1951",Mount Kupe Bushshrike,Mount Kupe Bushshrike
Laniarius ruficeps,"(Shelley, GE, 1885)",Red-naped Bushshrike,Red-naped Bushshrike
Laniarius nigerrimus,"(Reichenow, A, 1879)",Black Boubou,Coastal Boubou
Laniarius luehderi,"Reichenow, A, 1874",Lühder's Bushshrike,Lühder's Bushshrike
Laniarius brauni,"Bannerman, DA, 1939",Braun's Bushshrike,Braun's Bushshrike
Laniarius amboimensis,"Moltoni, E, 1932",Gabela Bushshrike,Gabela Bushshrike
Laniarius turatii,"(Verreaux, JP, 1858)",Turati's Boubou,Turati's Boubou
Laniarius aethiopicus,"(Gmelin, JF, 1789)",Ethiopian Boubou,Ethiopian Boubou
Laniarius major,"(Hartlaub, KJG, 1848)",Tropical Boubou,Tropical Boubou
Laniarius sublacteus,"(Cassin, J, 1851)",East Coast Boubou,Zanzibar Boubou
Laniarius bicolor,"(Hartlaub, KJG, 1857)",Swamp Boubou,Gabon Boubou
Laniarius ferrugineus,"(Gmelin, JF, 1788)",Southern Boubou,Southern Boubou
Laniarius barbarus,"(Linnaeus, C, 1766)",Yellow-crowned Gonolek,Yellow-crowned Gonolek
Laniarius erythrogaster,"(Cretzschmar, PJ, 1829)",Black-headed Gonolek,Black-headed Gonolek
Laniarius atrococcineus,"(Burchell, WJ, 1822)",Crimson-breasted Shrike,Crimson-breasted Gonolek
Laniarius mufumbiri,"Ogilvie-Grant, WR, 1911",Papyrus Gonolek,Papyrus Gonolek
Laniarius atroflavus,"Shelley, GE, 1887",Yellow-breasted Boubou,Yellow-breasted Boubou
Laniarius funebris,"(Hartlaub, KJG, 1863)",Slate-colored Boubou,Slate-colored Boubou
Laniarius leucorhynchus,"(Hartlaub, KJG, 1848)",Lowland Sooty Boubou,Lowland Sooty Boubou
Laniarius willardi,"Voelker, G; Gnoske, TP, 2010",Willard's Sooty Boubou,Willard's Sooty Boubou
Laniarius poensis,"(Alexander, B, 1903)",Mountain Sooty Boubou,Western Boubou
Laniarius holomelas,"(Jackson, FJ, 1906)",Albertine Sooty Boubou,Albertine Boubou
Laniarius fuelleborni,"(Reichenow, A, 1900)",Fülleborn's Boubou,Fülleborn's Boubou
Lanioturdus torquatus,"Waterhouse, GR, 1838",White-tailed Shrike,White-tailed Shrike
Dyaphorophyia castanea,"(Fraser, L, 1843)",Chestnut Wattle-eye,Chestnut Wattle-eye
Dyaphorophyia hormophora,"Reichenow, A, 1901",West African Wattle-eye,West African Wattle-eye
Dyaphorophyia tonsa,"Bates, GL, 1911",White-spotted Wattle-eye,White-spotted Wattle-eye
Platysteira cyanea,"(Müller, PLS, 1776)",Brown-throated Wattle-eye,Brown-throated Wattle-eye
Platysteira albifrons,"Sharpe, RB, 1873",White-fronted Wattle-eye,White-fronted Wattle-eye
Platysteira peltata,"Sundevall, CJ, 1850",Black-throated Wattle-eye,Black-throated Wattle-eye
Platysteira laticincta,"Bates, GL, 1926",Banded Wattle-eye,Banded Wattle-eye
Platysteira blissetti,"(Sharpe, RB, 1872)",Red-cheeked Wattle-eye,Red-cheeked Wattle-eye
Platysteira chalybea,"(Reichenow, A, 1897)",Black-necked Wattle-eye,Black-necked Wattle-eye
Platysteira jamesoni,"(Sharpe, RB, 1890)",Jameson's Wattle-eye,Jameson's Wattle-eye
Platysteira concreta,"Hartlaub, KJG, 1855",Yellow-bellied Wattle-eye,Yellow-bellied Wattle-eye
Batis margaritae,"Boulton, WR, 1934",Margaret's Batis,Boulton's Batis
Batis mixta,"(Shelley, GE, 1889)",Short-tailed Batis,Short-tailed Batis
Batis crypta,"Fjeldså, J; Bowie, RCK; Kiure, J, 2006",Dark Batis,Dark Batis
Batis diops,"Jackson, FJ, 1905",Rwenzori Batis,Rwenzori Batis
Batis capensis,"(Linnaeus, C, 1766)",Cape Batis,Cape Batis
Batis dimorpha,"(Shelley, GE, 1893)",Malawi Batis,Malawi Batis
Batis fratrum,"(Shelley, GE, 1900)",Woodwards' Batis,Woodwards' Batis
Batis molitor,"(Küster, HC, 1850)",Chinspot Batis,Chinspot Batis
Batis soror,"Reichenow, A, 1903",Pale Batis,Pale Batis
Batis pririt,"(Vieillot, LJP, 1818)",Pririt Batis,Pririt Batis
Batis senegalensis,"(Linnaeus, C, 1766)",Senegal Batis,Senegal Batis
Batis orientalis,"(Heuglin, MT, 1870)",Grey-headed Batis,Gray-headed Batis
Batis erlangeri,"Neumann, OR, 1907",Western Black-headed Batis,Western Black-headed Batis
Batis minor,"Erlanger, C, 1901",Eastern Black-headed Batis,Eastern Black-headed Batis
Batis perkeo,"Neumann, OR, 1907",Pygmy Batis,Pygmy Batis
Batis minima,"(Verreaux, JP; Verreaux, JBÉ, 1855)",Gabon Batis,Verreaux's Batis
Batis ituriensis,"Chapin, JP, 1921",Ituri Batis,Ituri Batis
Batis poensis,"Alexander, B, 1903",Fernando Po Batis,Bioko Batis
Batis occulta,"Lawson, WJ, 1984",West African Batis,West African Batis
Batis minulla,"(Bocage, JVB, 1874)",Angola Batis,Angola Batis
Philentoma velata,"(Temminck, CJ, 1825)",Maroon-breasted Philentoma,Maroon-breasted Philentoma
Philentoma pyrhoptera,"(Temminck, CJ, 1836)",Rufous-winged Philentoma,Rufous-winged Philentoma
Prionops plumatus,"(Shaw, G, 1809)",White-crested Helmetshrike,White-crested Helmetshrike
Prionops poliolophus,"Fischer, GA; Reichenow, A, 1884",Grey-crested Helmetshrike,Gray-crested Helmetshrike
Prionops alberti,"Schouteden, H, 1933",Yellow-crested Helmetshrike,Yellow-crested Helmetshrike
Prionops caniceps,"(Bonaparte, CLJL, 1850)",Red-billed Helmetshrike,Red-billed Helmetshrike
Prionops rufiventris,"(Bonaparte, CLJL, 1853)",Rufous-bellied Helmetshrike,Rufous-bellied Helmetshrike
Prionops retzii,"Wahlberg, JA, 1856",Retz's Helmetshrike,Retz's Helmetshrike
Prionops gabela,"Rand, AL, 1957",Gabela Helmetshrike,Angola Helmetshrike
Prionops scopifrons,"(Peters, WKH, 1854)",Chestnut-fronted Helmetshrike,Chestnut-fronted Helmetshrike
Megabyas flammulatus,"Verreaux, JP; Verreaux, JBÉ, 1855",African Shrike-flycatcher,African Shrike-flycatcher
Bias musicus,"(Vieillot, LJP, 1818)",Black-and-white Shrike-flycatcher,Black-and-white Shrike-flycatcher
Hemipus hirundinaceus,"(Temminck, CJ, 1822)",Black-winged Flycatcher-shrike,Black-winged Flycatcher-shrike
Hemipus picatus,"(Sykes, WH, 1832)",Bar-winged Flycatcher-shrike,Bar-winged Flycatcher-shrike
Tephrodornis sylvicola,"Jerdon, TC, 1839",Malabar Woodshrike,Malabar Woodshrike
Tephrodornis virgatus,"(Temminck, CJ, 1824)",Large Woodshrike,Large Woodshrike
Tephrodornis pondicerianus,"(Gmelin, JF, 1789)",Common Woodshrike,Common Woodshrike
Tephrodornis affinis,"Blyth, E, 1847",Sri Lanka Woodshrike,Sri Lanka Woodshrike
Tylas eduardi,"Hartlaub, KJG, 1862",Tylas Vanga,Tylas Vanga
Calicalicus madagascariensis,"(Linnaeus, C, 1766)",Red-tailed Vanga,Red-tailed Vanga
Calicalicus rufocarpalis,"Goodman, SM; Hawkins, AFA; Domergue, CA, 1997",Red-shouldered Vanga,Red-shouldered Vanga
Newtonia archboldi,"Delacour, JT; Berlioz, J, 1931",Archbold's Newtonia,Archbold's Newtonia
Newtonia brunneicauda,"(Newton, A, 1863)",Common Newtonia,Common Newtonia
Newtonia amphichroa,"Reichenow, A, 1891",Dark Newtonia,Dark Newtonia
Newtonia fanovanae,"Gyldenstolpe, NCGF, 1933",Red-tailed Newtonia,Red-tailed Newtonia
Hypositta corallirostris,"(Newton, A, 1863)",Nuthatch Vanga,Nuthatch-Vanga
Leptopterus chabert,"(Müller, PLS, 1776)",Chabert Vanga,Chabert Vanga
Mystacornis crossleyi,"(Grandidier, A, 1870)",Crossley's Vanga,Crossley's Vanga
Cyanolanius madagascarinus,"(Linnaeus, C, 1766)",Madagascar Blue Vanga,Madagascar Blue Vanga
Cyanolanius comorensis,"(Shelley, GE, 1894)",Comoro Blue Vanga,Comoro Blue Vanga
Vanga curvirostris,"(Linnaeus, C, 1766)",Hook-billed Vanga,Hook-billed Vanga
Pseudobias wardi,"Sharpe, RB, 1870",Ward's Vanga,Ward's Vanga
Euryceros prevostii,"Lesson, RP, 1831",Helmet Vanga,Helmet Vanga
Schetba rufa,"(Linnaeus, C, 1766)",Rufous Vanga,Rufous Vanga
Xenopirostris polleni,"(Schlegel, H, 1868)",Pollen's Vanga,Pollen's Vanga
Xenopirostris xenopirostris,"(de Lafresnaye, NFAA, 1850)",Lafresnaye's Vanga,Lafresnaye's Vanga
Xenopirostris damii,"Schlegel, H, 1865",Van Dam's Vanga,Van Dam's Vanga
Oriolia bernieri,"Geoffroy Saint-Hilaire, I, 1838",Bernier's Vanga,Bernier's Vanga
Falculea palliata,"Geoffroy Saint-Hilaire, I, 1836",Sickle-billed Vanga,Sickle-billed Vanga
Artamella viridis,"(Müller, PLS, 1776)",White-headed Vanga,White-headed Vanga
Daphoenositta miranda,"De Vis, CW, 1897",Black Sittella,Black Sittella
Daphoenositta papuensis,"(Schlegel, H, 1871)",Papuan Sittella,Papuan Sittella
Daphoenositta chrysoptera,"(Latham, J, 1801)",Varied Sittella,Varied Sittella
Androphobus viridis,"(Rothschild, LW; Hartert, EJO, 1911)",Papuan Whipbird,Papuan Whipbird
Psophodes olivaceus,"(Latham, J, 1801)",Eastern Whipbird,Eastern Whipbird
Psophodes nigrogularis,"Gould, J, 1844",Western Whipbird,Western Whipbird
Psophodes occidentalis,"(Mathews, GM, 1912)",Chiming Wedgebill,Chiming Wedgebill
Psophodes cristatus,"(Gould, J, 1838)",Chirruping Wedgebill,Chirruping Wedgebill
Eulacestoma nigropectus,"De Vis, CW, 1894",Wattled Ploughbill,Wattled Ploughbill
Oreoica gutturalis,"(Vigors, NA; Horsfield, T, 1827)",Crested Bellbird,Crested Bellbird
Ornorectes cristatus,"(Salvadori, AT, 1876)",Piping Bellbird,Piping Bellbird
Aleadryas rufinucha,"(Sclater, PL, 1874)",Rufous-naped Bellbird,Rufous-naped Bellbird
Falcunculus frontatus,"(Latham, J, 1801)",Eastern Shriketit,Eastern Shrike-tit
Falcunculus leucogaster,"Gould, J, 1838",Western Shriketit,Western Shrike-tit
Falcunculus whitei,"Campbell, AJ, 1910",Northern Shriketit,Northern Shrike-tit
Oreocharis arfaki,"(Meyer, AB, 1875)",Tit Berrypecker,Tit Berrypecker
Paramythia montium,"De Vis, CW, 1892",Eastern Crested Berrypecker,Eastern Crested Berrypecker
Paramythia olivacea,"van Oort, ED, 1910",Western Crested Berrypecker,Western Crested Berrypecker
Pteruthius rufiventer,"Blyth, E, 1842",Black-headed Shrike-babbler,Black-headed Shrike-Babbler
Pteruthius flaviscapis,"(Temminck, CJ, 1836)",Pied Shrike-babbler,Pied Shrike-Babbler
Pteruthius aeralatus,"Blyth, E, 1855",White-browed Shrike-babbler,White-browed Shrike-Babbler
Pteruthius xanthochlorus,"Gray, JE; Gray, GR, 1847",Green Shrike-babbler,Green Shrike-Babbler
Pteruthius melanotis,"Hodgson, BH, 1847",Black-eared Shrike-babbler,Black-eared Shrike-Babbler
Pteruthius aenobarbus,"(Temminck, CJ, 1836)",Trilling Shrike-babbler,Trilling Shrike-Babbler
Pteruthius intermedius,"(Hume, AO, 1877)",Clicking Shrike-babbler,Clicking Shrike-Babbler
Erpornis zantholeuca,"Blyth, E, 1844",White-bellied Erpornis,White-bellied Erpornis
Cyclarhis nigrirostris,"de Lafresnaye, NFAA, 1842",Black-billed Peppershrike,Black-billed Peppershrike
Cyclarhis gujanensis,"(Gmelin, JF, 1789)",Rufous-browed Peppershrike,Rufous-browed Peppershrike
Hylophilus amaurocephalus,"(Nordmann, AD, 1835)",Grey-eyed Greenlet,Gray-eyed Greenlet
Hylophilus poicilotis,"Temminck, CJ, 1822",Rufous-crowned Greenlet,Rufous-crowned Greenlet
Hylophilus olivaceus,"Tschudi, JJ, 1844",Olivaceous Greenlet,Olivaceous Greenlet
Hylophilus pectoralis,"Sclater, PL, 1866",Ashy-headed Greenlet,Ashy-headed Greenlet
Hylophilus flavipes,"de Lafresnaye, NFAA, 1845",Scrub Greenlet,Scrub Greenlet
Hylophilus semicinereus,"Sclater, PL; Salvin, O, 1867",Grey-chested Greenlet,Gray-chested Greenlet
Hylophilus brunneiceps,"Sclater, PL, 1866",Brown-headed Greenlet,Brown-headed Greenlet
Hylophilus thoracicus,"Temminck, CJ, 1822",Lemon-chested Greenlet,Lemon-chested Greenlet
Vireolanius melitophrys,"Bonaparte, CLJL, 1850",Chestnut-sided Shrike-Vireo,Chestnut-sided Shrike-Vireo
Vireolanius pulchellus,"Sclater, PL; Salvin, O, 1859",Green Shrike-Vireo,Green Shrike-Vireo
Vireolanius eximius,"Baird, SF, 1866",Yellow-browed Shrike-Vireo,Yellow-browed Shrike-Vireo
Vireolanius leucotis,"(Swainson, WJ, 1838)",Slaty-capped Shrike-Vireo,Slaty-capped Shrike-Vireo
Tunchiornis ochraceiceps,"(Sclater, PL, 1860)",Ochre-crowned Greenlet,Ochre-crowned Greenlet
Tunchiornis ferrugineifrons,"(Sclater, PL, 1862)",Rufous-fronted Greenlet,Rufous-fronted Greenlet
Tunchiornis luteifrons,"(Sclater, PL, 1881)",Guianan Greenlet,Guianan Greenlet
Tunchiornis rubrifrons,"(Sclater, PL; Salvin, O, 1867)",Para Greenlet,Para Greenlet
Pachysylvia decurtata,"(Bonaparte, CLJL, 1838)",Lesser Greenlet,Lesser Greenlet
Pachysylvia hypoxantha,"(Pelzeln, A, 1868)",Dusky-capped Greenlet,Dusky-capped Greenlet
Pachysylvia muscicapina,"(Sclater, PL; Salvin, O, 1873)",Buff-cheeked Greenlet,Buff-cheeked Greenlet
Pachysylvia aurantiifrons,"(Lawrence, GN, 1861)",Golden-fronted Greenlet,Golden-fronted Greenlet
Pachysylvia semibrunnea,"(de Lafresnaye, NFAA, 1845)",Rufous-naped Greenlet,Rufous-naped Greenlet
Vireo hypochryseus,"Sclater, PL, 1863",Golden Vireo,Golden Vireo
Vireo sclateri,"(Salvin, O; Godman, FD, 1883)",Tepui Vireo,Tepui Vireo
Vireo philadelphicus,"(Cassin, J, 1851)",Philadelphia Vireo,Philadelphia Vireo
Vireo gilvus,"(Vieillot, LJP, 1808)",Warbling Vireo,
Vireo leucophrys,"(de Lafresnaye, NFAA, 1844)",Brown-capped Vireo,Brown-capped Vireo
Vireo flavoviridis,"(Cassin, J, 1851)",Yellow-green Vireo,Yellow-green Vireo
Vireo olivaceus,"(Linnaeus, C, 1766)",Red-eyed Vireo,Red-eyed Vireo
Vireo magister,"(Baird, SF, 1871)",Yucatan Vireo,Yucatan Vireo
Vireo altiloquus,"(Vieillot, LJP, 1808)",Black-whiskered Vireo,Black-whiskered Vireo
Vireo gracilirostris,"Sharpe, RB, 1890",Noronha Vireo,Noronha Vireo
Vireo chivi,"(Vieillot, LJP, 1817)",Chivi Vireo,Chivi Vireo
Vireo vicinior,"Coues, E, 1866",Grey Vireo,Gray Vireo
Vireo huttoni,"Cassin, J, 1851",Hutton's Vireo,Hutton's Vireo
Vireo flavifrons,"Vieillot, LJP, 1808",Yellow-throated Vireo,Yellow-throated Vireo
Vireo carmioli,"Baird, SF, 1866",Yellow-winged Vireo,Yellow-winged Vireo
Vireo masteri,"Salaman, PGW; Stiles, FG, 1996",Choco Vireo,Choco Vireo
Vireo solitarius,"(Wilson, A, 1810)",Blue-headed Vireo,Blue-headed Vireo
Vireo cassinii,"Xántus, J, 1858",Cassin's Vireo,Cassin's Vireo
Vireo plumbeus,"Coues, E, 1866",Plumbeous Vireo,Plumbeous Vireo
Vireo osburni,"(Sclater, PL, 1861)",Blue Mountain Vireo,Blue Mountain Vireo
Vireo nanus,"(Lawrence, GN, 1875)",Flat-billed Vireo,Flat-billed Vireo
Vireo pallens,"Salvin, O, 1863",Mangrove Vireo,Mangrove Vireo
Vireo bairdi,"Ridgway, R, 1885",Cozumel Vireo,Cozumel Vireo
Vireo crassirostris,"(Bryant, H, 1859)",Thick-billed Vireo,Thick-billed Vireo
Vireo gundlachii,"Lembeye, J, 1850",Cuban Vireo,Cuban Vireo
Vireo griseus,"(Boddaert, P, 1783)",White-eyed Vireo,White-eyed Vireo
Vireo caribaeus,"Bond, J; Meyer de Schauensee, R, 1942",San Andres Vireo,San Andres Vireo
Vireo modestus,"Sclater, PL, 1861",Jamaican Vireo,Jamaican Vireo
Vireo bellii,"Audubon, JJ, 1844",Bell's Vireo,Bell's Vireo
Vireo latimeri,"Baird, SF, 1866",Puerto Rican Vireo,Puerto Rican Vireo
Vireo brevipennis,"(Sclater, PL, 1858)",Slaty Vireo,Slaty Vireo
Vireo atricapilla,"Woodhouse, SW, 1852",Black-capped Vireo,Black-capped Vireo
Vireo nelsoni,"Bond, J, 1936",Dwarf Vireo,Dwarf Vireo
Pitohui dichrous,"(Bonaparte, CLJL, 1850)",Hooded Pitohui,Hooded Pitohui
Pitohui cerviniventris,"(Gray, GR, 1862)",Raja Ampat Pitohui,Raja Ampat Pitohui
Pitohui kirhocephalus,"(Lesson, RP; Garnot, P, 1827)",Northern Variable Pitohui,Northern Variable Pitohui
Pitohui uropygialis,"(Gray, GR, 1862)",Southern Variable Pitohui,Southern Variable Pitohui
Turnagra tanagra,"(Schlegel, H, 1866)",North Island Piopio,North Island Piopio
Turnagra capensis,"(Sparrman, A, 1787)",South Island Piopio,South Island Piopio
Sphecotheres hypoleucus,"Finsch, FHO, 1898",Wetar Figbird,Wetar Figbird
Sphecotheres viridis,"Vieillot, LJP, 1816",Green Figbird,Green Figbird
Sphecotheres vieilloti,"Vigors, NA; Horsfield, T, 1827",Australasian Figbird,Australasian Figbird
Oriolus phaeochromus,"Gray, GR, 1861",Dusky-brown Oriole,Halmahera Oriole
Oriolus bouroensis,"(Quoy, JRC; Gaimard, JP, 1832)",Black-eared Oriole,Buru Oriole
Oriolus forsteni,"(Bonaparte, CLJL, 1850)",Grey-collared Oriole,Seram Oriole
Oriolus sagittatus,"(Latham, J, 1801)",Olive-backed Oriole,Olive-backed Oriole
Oriolus decipiens,"(Sclater, PL, 1883)",Tanimbar Oriole,Tanimbar Oriole
Oriolus flavocinctus,"(King, PP, 1826)",Green Oriole,Green Oriole
Oriolus melanotis,"Bonaparte, CLJL, 1850",Timor Oriole,Timor Oriole
Oriolus szalayi,"(Madarász, G, 1900)",Brown Oriole,Brown Oriole
Oriolus finschi,"Hartert, EJO, 1904",Wetar Oriole,Wetar Oriole
Oriolus xanthonotus,"Horsfield, T, 1821",Dark-throated Oriole,Dark-throated Oriole
Oriolus consobrinus,"Wardlaw-Ramsay, RG, 1880",Ventriloquial Oriole,Ventriloquial Oriole
Oriolus steerii,"Sharpe, RB, 1877",Philippine Oriole,Philippine Oriole
Oriolus albiloris,"Ogilvie-Grant, WR, 1894",White-lored Oriole,White-lored Oriole
Oriolus isabellae,"Ogilvie-Grant, WR, 1894",Isabela Oriole,Isabela Oriole
Oriolus traillii,"(Vigors, NA, 1832)",Maroon Oriole,Maroon Oriole
Oriolus mellianus,"Stresemann, EFT, 1922",Silver Oriole,Silver Oriole
Oriolus hosii,"Sharpe, RB, 1892",Black Oriole,Black Oriole
Oriolus cruentus,"(Wagler, JG, 1827)",Javan Oriole,Javan Oriole
Oriolus consanguineus,"(Wardlaw-Ramsay, RG, 1881)",Black-and-crimson Oriole,Black-and-crimson Oriole
Oriolus xanthornus,"(Linnaeus, C, 1758)",Black-hooded Oriole,Black-hooded Oriole
Oriolus chlorocephalus,"Shelley, GE, 1896",Green-headed Oriole,Green-headed Oriole
Oriolus crassirostris,"Hartlaub, KJG, 1857",Sao Tome Oriole,Sao Tome Oriole
Oriolus brachyrynchus,"Swainson, WJ, 1837",Western Oriole,Western Black-headed Oriole
Oriolus monacha,"(Gmelin, JF, 1789)",Ethiopian Oriole,Ethiopian Black-headed Oriole
Oriolus larvatus,"Lichtenstein, MHC, 1823",Black-headed Oriole,African Black-headed Oriole
Oriolus nigripennis,"Verreaux, JP; Verreaux, JBÉ, 1855",Black-winged Oriole,Black-winged Oriole
Oriolus percivali,"Ogilvie-Grant, WR, 1903",Mountain Oriole,Black-tailed Oriole
Oriolus auratus,"Vieillot, LJP, 1817",African Golden Oriole,African Golden Oriole
Oriolus kundoo,"Sykes, WH, 1832",Indian Golden Oriole,Indian Golden Oriole
Oriolus oriolus,"(Linnaeus, C, 1758)",Eurasian Golden Oriole,Eurasian Golden Oriole
Oriolus tenuirostris,"Blyth, E, 1846",Slender-billed Oriole,Slender-billed Oriole
Oriolus chinensis,"Linnaeus, C, 1766",Black-naped Oriole,Black-naped Oriole
Pseudorectes incertus,"(van Oort, ED, 1909)",White-bellied Pitohui,White-bellied Pitohui
Pseudorectes ferrugineus,"(Bonaparte, CLJL, 1850)",Rusty Pitohui,Rusty Pitohui
Colluricincla woodwardi,"Hartert, EJO, 1905",Sandstone Shrikethrush,Sandstone Shrikethrush
Colluricincla boweri,"Ramsay, EP, 1885",Bower's Shrikethrush,Bower's Shrikethrush
Colluricincla harmonica,"(Latham, J, 1801)",Grey Shrikethrush,Gray Shrikethrush
Colluricincla tenebrosa,"(Rothschild, LW, 1911)",Sooty Shrikethrush,Sooty Shrikethrush
Colluricincla megarhyncha,"(Quoy, JRC; Gaimard, JP, 1832)",Little Shrikethrush,Little Shrikethrush
Melanorectes nigrescens,"(Schlegel, H, 1871)",Black Pitohui,Black Pitohui
Coracornis sanghirensis,"(Oustalet, J-FÉ, 1881)",Sangihe Whistler,Sangihe Whistler
Coracornis raveni,"Riley, JH, 1918",Maroon-backed Whistler,Maroon-backed Whistler
Pachycephala olivacea,"Vigors, NA; Horsfield, T, 1827",Olive Whistler,Olive Whistler
Pachycephala rufogularis,"Gould, J, 1841",Red-lored Whistler,Red-lored Whistler
Pachycephala inornata,"Gould, J, 1841",Gilbert's Whistler,Gilbert's Whistler
Pachycephala nudigula,"Hartert, EJO, 1897",Bare-throated Whistler,Bare-throated Whistler
Pachycephala orpheus,"Jardine, W, 1849",Fawn-breasted Whistler,Fawn-breasted Whistler
Pachycephala schlegelii,"Schlegel, H, 1871",Regent Whistler,Regent Whistler
Pachycephala chlorura,"Gray, GR, 1860",Melanesian Whistler,Vanuatu Whistler
Pachycephala meyeri,"Salvadori, AT, 1890",Vogelkop Whistler,Vogelkop Whistler
Pachycephala soror,"Sclater, PL, 1874",Sclater's Whistler,Sclater's Whistler
Pachycephala vitiensis,"Gray, GR, 1860",White-throated Fiji Whistler,White-throated Fiji Whistler
Pachycephala graeffii,"Hartlaub, KJG, 1866",Yellow-throated Fiji Whistler,Yellow-throated Fiji Whistler
Pachycephala flavifrons,"(Peale, TR, 1849)",Samoan Whistler,Samoan Whistler
Pachycephala jacquinoti,"Bonaparte, CLJL, 1850",Tongan Whistler,Tongan Whistler
Pachycephala caledonica,"(Gmelin, JF, 1789)",New Caledonian Whistler,New Caledonian Whistler
Pachycephala implicata,"Hartert, EJO, 1929",Hooded Whistler,Guadalcanal Hooded Whistler
Pachycephala richardsi,"Mayr, E, 1932",Bougainville Whistler,Bougainville Hooded Whistler
Pachycephala citreogaster,"Ramsay, EP, 1876",Bismarck Whistler,Bismarck Whistler
Pachycephala collaris,"Ramsay, EP, 1878",Louisiade Whistler,Louisiade Whistler
Pachycephala ornata,"Mayr, E, 1932",Nendo Whistler,Nendo Whistler
Pachycephala utupuae,"Mayr, E, 1932",Utupua Whistler,Utupua Whistler
Pachycephala vanikorensis,"Oustalet, J-FÉ, 1875",Vanikoro Whistler,Vanikoro Whistler
Pachycephala orioloides,"Pucheran, J, 1853",Oriole Whistler,Oriole Whistler
Pachycephala feminina,"Mayr, E, 1931",Rennell Whistler,Rennell Whistler
Pachycephala calliope,"Bonaparte, CLJL, 1850",Tenggara Whistler,Tenggara Whistler
Pachycephala teysmanni,"Büttikofer, J, 1893",Selayar Whistler,Selayar Whistler
Pachycephala macrorhyncha,"Strickland, HE, 1849",Yellow-throated Whistler,Moluccan Whistler
Pachycephala sharpei,"Meyer, AB, 1884",Babar Whistler,Babar Whistler
Pachycephala mentalis,"Wallace, AR, 1863",Black-chinned Whistler,Black-chinned Whistler
Pachycephala balim,"Rand, AL, 1940",Baliem Whistler,Baliem Whistler
Pachycephala pectoralis,"(Latham, J, 1801)",Australian Golden Whistler,Golden Whistler
Pachycephala melanura,"Gould, J, 1843",Mangrove Golden Whistler,Black-tailed Whistler
Pachycephala tenebrosa,"(Hartlaub, KJG; Finsch, FHO, 1868)",Morningbird,Morningbird
Pachycephala modesta,"(De Vis, CW, 1894)",Brown-backed Whistler,Brown-backed Whistler
Pachycephala lorentzi,"Mayr, E, 1931",Lorentz's Whistler,Lorentz's Whistler
Pachycephala aurea,"Reichenow, A, 1899",Golden-backed Whistler,Golden-backed Whistler
Pachycephala philippinensis,"(Walden, A, 1872)",Yellow-bellied Whistler,Yellow-bellied Whistler
Pachycephala hypoxantha,"(Sharpe, RB, 1887)",Bornean Whistler,Bornean Whistler
Pachycephala sulfuriventer,"(Walden, A, 1872)",Sulphur-vented Whistler,Sulphur-bellied Whistler
Pachycephala cinerea,"(Blyth, E, 1847)",Mangrove Whistler,Mangrove Whistler
Pachycephala albiventris,"(Ogilvie-Grant, WR, 1894)",Green-backed Whistler,Green-backed Whistler
Pachycephala homeyeri,"(Blasius, W, 1890)",White-vented Whistler,White-vented Whistler
Pachycephala phaionota,"(Bonaparte, CLJL, 1850)",Island Whistler,Island Whistler
Pachycephala melanorhyncha,"(Meyer, AB, 1874)",Biak Whistler,Biak Whistler
Pachycephala hyperythra,"Salvadori, AT, 1876",Rusty Whistler,Rusty Whistler
Pachycephala simplex,"Gould, J, 1843",Grey Whistler,Gray Whistler
Pachycephala arctitorquis,"Sclater, PL, 1883",Wallacean Whistler,Wallacean Whistler
Pachycephala griseonota,"Gray, GR, 1862",Drab Whistler,Drab Whistler
Pachycephala leucogastra,"Salvadori, AT; d'Albertis, LM, 1876",White-bellied Whistler,White-bellied Whistler
Pachycephala monacha,"Gray, GR, 1858",Black-headed Whistler,Black-headed Whistler
Pachycephala rufiventris,"(Latham, J, 1801)",Rufous Whistler,Rufous Whistler
Pachycephala lanioides,"Gould, J, 1840",White-breasted Whistler,White-breasted Whistler
Chaetorhynchus papuensis,"Meyer, AB, 1874",Drongo Fantail,Drongo Fantail
Eutrichomyias rowleyi,"(Meyer, AB, 1878)",Cerulean Flycatcher,Cerulean Flycatcher
Lamprolia victoriae,"Finsch, FHO, 1874",Taveuni Silktail,Taveuni Silktail
Lamprolia klinesmithi,"Ramsay, EP, 1876",Natewa Silktail,Natewa Silktail
Rhipidura atra,"Salvadori, AT, 1876",Black Fantail,Black Fantail
Rhipidura nigrocinnamomea,"Hartert, EJO, 1903",Black-and-cinnamon Fantail,Black-and-cinnamon Fantail
Rhipidura superciliaris,"(Sharpe, RB, 1877)",Mindanao Blue Fantail,Mindanao Blue-Fantail
Rhipidura samarensis,"(Steere, JB, 1890)",Visayan Blue Fantail,Visayan Blue-Fantail
Rhipidura sauli,"Bourns, FS; Worcester, DC, 1894",Tablas Fantail,Tablas Fantail
Rhipidura albiventris,"(Sharpe, RB, 1877)",Visayan Fantail,Visayan Fantail
Rhipidura cyaniceps,"(Cassin, J, 1855)",Blue-headed Fantail,Blue-headed Fantail
Rhipidura perlata,"Müller, S, 1843",Spotted Fantail,Spotted Fantail
Rhipidura fuscorufa,"Sclater, PL, 1883",Cinnamon-tailed Fantail,Cinnamon-tailed Fantail
Rhipidura cockerelli,"(Ramsay, EP, 1879)",White-winged Fantail,White-winged Fantail
Rhipidura coultasi,"Mayr, E, 1931",White-gorgeted Fantail,White-gorgeted Fantail
Rhipidura rufiventris,"(Vieillot, LJP, 1818)",Northern Fantail,Northern Fantail
Rhipidura diluta,"Wallace, AR, 1864",Brown-capped Fantail,Brown-capped Fantail
Rhipidura threnothorax,"Müller, S, 1843",Sooty Thicket Fantail,Sooty Thicket-Fantail
Rhipidura maculipectus,"Gray, GR, 1858",Black Thicket Fantail,Black Thicket-Fantail
Rhipidura leucothorax,"Salvadori, AT, 1874",White-bellied Thicket Fantail,White-bellied Thicket-Fantail
Rhipidura leucophrys,"(Latham, J, 1801)",Willie Wagtail,Willie-wagtail
Rhipidura javanica,"(Sparrman, A, 1788)",Sunda Pied Fantail,Malaysian Pied-Fantail
Rhipidura nigritorquis,"Vigors, NA, 1831",Philippine Pied Fantail,Philippine Pied-Fantail
Rhipidura albicollis,"(Vieillot, LJP, 1818)",White-throated Fantail,White-throated Fantail
Rhipidura albogularis,"(Lesson, RP, 1832)",White-spotted Fantail,Spot-breasted Fantail
Rhipidura phoenicura,"Müller, S, 1843",Rufous-tailed Fantail,Rufous-tailed Fantail
Rhipidura euryura,"Müller, S, 1843",White-bellied Fantail,White-bellied Fantail
Rhipidura aureola,"Lesson, RP, 1831",White-browed Fantail,White-browed Fantail
Rhipidura rufidorsa,"Meyer, AB, 1874",Rufous-backed Fantail,Rufous-backed Fantail
Rhipidura brachyrhyncha,"Schlegel, H, 1871",Dimorphic Fantail,Dimorphic Fantail
Rhipidura dahli,"Reichenow, A, 1897",Bismarck Fantail,Bismarck Fantail
Rhipidura matthiae,"Heinroth, O, 1902",Mussau Fantail,Mussau Fantail
Rhipidura malaitae,"Mayr, E, 1931",Malaita Fantail,Malaita Fantail
Rhipidura teysmanni,"Büttikofer, J, 1892",Sulawesi Fantail,Sulawesi Fantail
Rhipidura habibiei,"Rheindt, FE; Prawiradilaga, DM; Ashari, H; Suparno; Ng, NSR, 2020",Peleng Fantail,Peleng Fantail
Rhipidura sulaensis,"Neumann, OR, 1939",Taliabu Fantail,Taliabu Fantail
Rhipidura superflua,"Hartert, EJO, 1899",Tawny-backed Fantail,Tawny-backed Fantail
Rhipidura dedemi,"van Oort, ED, 1911",Streak-breasted Fantail,Streak-breasted Fantail
Rhipidura opistherythra,"Sclater, PL, 1883",Long-tailed Fantail,Long-tailed Fantail
Rhipidura lepida,"Hartlaub, KJG; Finsch, FHO, 1868",Palau Fantail,Palau Fantail
Rhipidura semirubra,"Sclater, PL, 1877",Manus Fantail,Manus Fantail
Rhipidura semicollaris,"Müller, S, 1843",Supertramp Fantail,Supertramp Fantail
Rhipidura dryas,"Gould, J, 1843",Arafura Fantail,Arafura Fantail
Rhipidura torrida,"Wallace, AR, 1865",Gilolo Fantail,Gilolo Fantail
Rhipidura rufifrons,"(Latham, J, 1801)",Australian Rufous Fantail,Australian Rufous Fantail
Rhipidura louisiadensis,"Hartert, EJO, 1899",Louisiade Fantail,Louisiade Fantail
Rhipidura melanolaema,"Sharpe, RB, 1879",Santa Cruz Fantail,Santa Cruz Fantail
Rhipidura versicolor,"Hartlaub, KJG; Finsch, FHO, 1872",Micronesian Rufous Fantail,Micronesian Rufous Fantail
Rhipidura rufofronta,"Ramsay, EP, 1879",Solomons Rufous Fantail,Solomons Rufous Fantail
Rhipidura kubaryi,"Finsch, FHO, 1876",Pohnpei Fantail,Pohnpei Fantail
Rhipidura albolimbata,"Salvadori, AT, 1874",Friendly Fantail,Friendly Fantail
Rhipidura hyperythra,"Gray, GR, 1858",Chestnut-bellied Fantail,Chestnut-bellied Fantail
Rhipidura drownei,"Mayr, E, 1931",Bougainville Fantail,Bougainville Fantail
Rhipidura ocularis,"Mayr, E, 1931",Guadalcanal Fantail,Guadalcanal Fantail
Rhipidura spilodera,"Gray, GR, 1870",Vanuatu Streaked Fantail,Vanuatu Streaked Fantail
Rhipidura layardi,"Salvadori, AT, 1877",Fiji Streaked Fantail,Fiji Streaked Fantail
Rhipidura verreauxi,"Marié, E, 1870",New Caledonian Streaked Fantail,New Caledonian Streaked Fantail
Rhipidura tenebrosa,"Ramsay, EP, 1882",Makira Fantail,Dusky Fantail
Rhipidura rennelliana,"Mayr, E, 1931",Rennell Fantail,Rennell Fantail
Rhipidura personata,"Ramsay, EP, 1875",Kadavu Fantail,Kadavu Fantail
Rhipidura nebulosa,"Peale, TR, 1849",Samoan Fantail,Samoan Fantail
Rhipidura albiscapa,"Gould, J, 1840",Grey Fantail,Gray Fantail
Rhipidura phasiana,"De Vis, CW, 1885",Mangrove Fantail,Mangrove Fantail
Rhipidura fuliginosa,"(Sparrman, A, 1787)",New Zealand Fantail,New Zealand Fantail
Dicrurus aeneus,"Vieillot, LJP, 1817",Bronzed Drongo,Bronzed Drongo
Dicrurus remifer,"(Temminck, CJ, 1823)",Lesser Racket-tailed Drongo,Lesser Racket-tailed Drongo
Dicrurus annectens,"(Hodgson, BH, 1836)",Crow-billed Drongo,Crow-billed Drongo
Dicrurus lophorinus,"Vieillot, LJP, 1817",Sri Lanka Drongo,Sri Lanka Drongo
Dicrurus andamanensis,"Beavan, RC, 1867",Andaman Drongo,Andaman Drongo
Dicrurus paradiseus,"(Linnaeus, C, 1766)",Greater Racket-tailed Drongo,Greater Racket-tailed Drongo
Dicrurus sumatranus,"Wardlaw-Ramsay, RG, 1880",Sumatran Drongo,Sumatran Drongo
Dicrurus densus,"(Bonaparte, CLJL, 1850)",Wallacean Drongo,Wallacean Drongo
Dicrurus hottentottus,"(Linnaeus, C, 1766)",Hair-crested Drongo,Hair-crested Drongo
Dicrurus megarhynchus,"(Quoy, JRC; Gaimard, JP, 1832)",Paradise Drongo,Ribbon-tailed Drongo
Dicrurus montanus,"(Riley, JH, 1919)",Sulawesi Drongo,Sulawesi Drongo
Dicrurus bracteatus,"Gould, J, 1843",Spangled Drongo,Spangled Drongo
Dicrurus menagei,"(Bourns, FS; Worcester, DC, 1894)",Tablas Drongo,Tablas Drongo
Dicrurus palawanensis,"Tweeddale, A, 1878",Palawan Drongo,Palawan Drongo
Dicrurus striatus,"Tweeddale, A, 1877",Short-tailed Drongo,Short-tailed Drongo
Dicrurus balicassius,"(Linnaeus, C, 1766)",Balicassiao,Balicassiao
Dicrurus ludwigii,"(Smith, A, 1834)",Square-tailed Drongo,Square-tailed Drongo
Dicrurus atripennis,"Swainson, WJ, 1837",Shining Drongo,Shining Drongo
Dicrurus sharpei,"Oustalet, J-FÉ, 1879",Sharpe's Drongo,Sharpe's Drongo
Dicrurus caerulescens,"(Linnaeus, C, 1758)",White-bellied Drongo,White-bellied Drongo
Dicrurus leucophaeus,"Vieillot, LJP, 1817",Ashy Drongo,Ashy Drongo
Dicrurus adsimilis,"(Bechstein, JM, 1794)",Fork-tailed Drongo,Fork-tailed Drongo
Dicrurus fuscipennis,"(Milne-Edwards, A; Oustalet, J-FÉ, 1887)",Grande Comore Drongo,Grande Comore Drongo
Dicrurus macrocercus,"Vieillot, LJP, 1817",Black Drongo,Black Drongo
Dicrurus modestus,"Hartlaub, KJG, 1849",Velvet-mantled Drongo,Velvet-mantled Drongo
Dicrurus waldenii,"Schlegel, H, 1865",Mayotte Drongo,Mayotte Drongo
Dicrurus aldabranus,"(Ridgway, R, 1893)",Aldabra Drongo,Aldabra Drongo
Dicrurus forficatus,"(Linnaeus, C, 1766)",Crested Drongo,Crested Drongo
Trochocercus nitens,"Cassin, J, 1859",Blue-headed Crested Flycatcher,Blue-headed Crested Flycatcher
Trochocercus cyanomelas,"(Vieillot, LJP, 1818)",Blue-mantled Crested Flycatcher,African Crested Flycatcher
Hypothymis coelestis,"Tweeddale, A, 1877",Celestial Monarch,Celestial Monarch
Hypothymis helenae,"(Steere, JB, 1890)",Short-crested Monarch,Short-crested Monarch
Hypothymis puella,"(Wallace, AR, 1863)",Pale-blue Monarch,Pale-blue Monarch
Hypothymis azurea,"(Boddaert, P, 1783)",Black-naped Monarch,Black-naped Monarch
Terpsiphone cinnamomea,"(Sharpe, RB, 1877)",Rufous Paradise Flycatcher,Rufous Paradise-Flycatcher
Terpsiphone cyanescens,"(Sharpe, RB, 1877)",Blue Paradise Flycatcher,Blue Paradise-Flycatcher
Terpsiphone floris,"Büttikofer, J, 1894",Tenggara Paradise Flycatcher,Tenggara Paradise-Flycatcher
Terpsiphone affinis,"(Blyth, E, 1846)",Blyth's Paradise Flycatcher,Blyth's Paradise-Flycatcher
Terpsiphone incei,"(Gould, J, 1852)",Amur Paradise Flycatcher,Amur Paradise-Flycatcher
Terpsiphone atrocaudata,"(Eyton, TC, 1839)",Black Paradise Flycatcher,Black Paradise-Flycatcher
Terpsiphone bourbonnensis,"(Müller, PLS, 1776)",Mascarene Paradise Flycatcher,Mascarene Paradise-Flycatcher
Terpsiphone paradisi,"(Linnaeus, C, 1758)",Indian Paradise Flycatcher,Indian Paradise-Flycatcher
Terpsiphone atrochalybeia,"(Thomson, TRH, 1842)",Sao Tome Paradise Flycatcher,Sao Tome Paradise-Flycatcher
Terpsiphone mutata,"(Linnaeus, C, 1766)",Malagasy Paradise Flycatcher,Malagasy Paradise-Flycatcher
Terpsiphone corvina,"(Newton, E, 1867)",Seychelles Paradise Flycatcher,Seychelles Paradise-Flycatcher
Terpsiphone rufiventer,"(Swainson, WJ, 1837)",Red-bellied Paradise Flycatcher,Black-headed Paradise-Flycatcher
Terpsiphone rufocinerea,"Cabanis, JL, 1875",Rufous-vented Paradise Flycatcher,Rufous-vented Paradise-Flycatcher
Terpsiphone viridis,"(Müller, PLS, 1776)",African Paradise Flycatcher,African Paradise-Flycatcher
Terpsiphone bedfordi,"(Ogilvie-Grant, WR, 1907)",Bedford's Paradise Flycatcher,Bedford's Paradise-Flycatcher
Terpsiphone batesi,"Chapin, JP, 1921",Bates's Paradise Flycatcher,Bates's Paradise-Flycatcher
Grallina bruijnii,"Salvadori, AT, 1876",Torrent-lark,Torrent-lark
Grallina cyanoleuca,"(Latham, J, 1801)",Magpie-lark,Magpie-lark
Arses telescopthalmus,"(Lesson, RP; Garnot, P, 1827)",Frilled Monarch,Frilled Monarch
Arses lorealis,"De Vis, CW, 1895",Frill-necked Monarch,Frill-necked Monarch
Arses insularis,"(Meyer, AB, 1874)",Ochre-collared Monarch,Ochre-collared Monarch
Arses kaupi,"Gould, J, 1851",Pied Monarch,Pied Monarch
Myiagra erythrops,"Hartlaub, KJG; Finsch, FHO, 1868",Palau Flycatcher,Palau Flycatcher
Myiagra freycineti,"Oustalet, J-FÉ, 1881",Guam Flycatcher,Guam Flycatcher
Myiagra pluto,"Finsch, FHO, 1876",Pohnpei Flycatcher,Pohnpei Flycatcher
Myiagra oceanica,"Pucheran, J, 1853",Chuuk Flycatcher,Chuuk Flycatcher
Myiagra atra,"Meyer, AB, 1874",Biak Black Flycatcher,Biak Flycatcher
Myiagra galeata,"Gray, GR, 1861",Moluccan Flycatcher,Moluccan Flycatcher
Myiagra rubecula,"(Latham, J, 1801)",Leaden Flycatcher,Leaden Flycatcher
Myiagra ferrocyanea,"Ramsay, EP, 1879",Steel-blue Flycatcher,Steel-blue Flycatcher
Myiagra cervinicauda,"Tristram, HB, 1879",Makira Flycatcher,Ochre-headed Flycatcher
Myiagra caledonica,"Bonaparte, CLJL, 1857",Melanesian Flycatcher,Melanesian Flycatcher
Myiagra vanikorensis,"(Quoy, JRC; Gaimard, JP, 1832)",Vanikoro Flycatcher,Vanikoro Flycatcher
Myiagra albiventris,"(Peale, TR, 1849)",Samoan Flycatcher,Samoan Flycatcher
Myiagra azureocapilla,"Layard, EL, 1875",Azure-crested Flycatcher,Azure-crested Flycatcher
Myiagra castaneigularis,"Layard, EL, 1876",Chestnut-throated Flycatcher,Chestnut-throated Flycatcher
Myiagra ruficollis,"(Vieillot, LJP, 1818)",Broad-billed Flycatcher,Broad-billed Flycatcher
Myiagra cyanoleuca,"(Vieillot, LJP, 1818)",Satin Flycatcher,Satin Flycatcher
Myiagra inquieta,"(Latham, J, 1801)",Restless Flycatcher,Restless Flycatcher
Myiagra nana,"(Gould, J, 1870)",Paperbark Flycatcher,Paperbark Flycatcher
Myiagra alecto,"(Temminck, CJ, 1827)",Shining Flycatcher,Shining Flycatcher
Myiagra hebetior,"(Hartert, EJO, 1924)",Mussau Flycatcher,Mussau Flycatcher
Myiagra eichhorni,"(Hartert, EJO, 1924)",Velvet Flycatcher,Velvet Flycatcher
Symposiachrus axillaris,"(Salvadori, AT, 1876)",Black Monarch,Fan-tailed Monarch
Symposiachrus rubiensis,"(Meyer, AB, 1874)",Rufous Monarch,Rufous Monarch
Symposiachrus sacerdotum,"(Mees, GF, 1973)",Flores Monarch,Flores Monarch
Symposiachrus boanensis,"(van Bemmel, ACV, 1939)",Boano Monarch,Boano Monarch
Symposiachrus bimaculatus,"(Gray, GR, 1861)",Moluccan Monarch,Moluccan Spectacled Monarch
Symposiachrus trivirgatus,"(Temminck, CJ, 1826)",Spectacled Monarch,Australian Spectacled Monarch
Symposiachrus melanopterus,"(Gray, GR, 1858)",Louisiade Monarch,Louisiade Spectacled Monarch
Symposiachrus leucurus,"(Gray, GR, 1858)",Kai Monarch,Kai Monarch
Symposiachrus everetti,"(Hartert, EJO, 1896)",Tanahjampea Monarch,Tanahjampea Monarch
Symposiachrus loricatus,"(Wallace, AR, 1863)",Buru Monarch,Buru Monarch
Symposiachrus julianae,"(Ripley, SD, 1959)",Kofiau Monarch,Kofiau Monarch
Symposiachrus brehmii,"(Schlegel, H, 1871)",Biak Monarch,Biak Monarch
Symposiachrus manadensis,"(Quoy, JRC; Gaimard, JP, 1832)",Hooded Monarch,Hooded Monarch
Symposiachrus infelix,"(Sclater, PL, 1877)",Manus Monarch,Manus Monarch
Symposiachrus menckei,"(Heinroth, O, 1902)",Mussau Monarch,Mussau Monarch
Symposiachrus verticalis,"(Sclater, PL, 1877)",Bismarck Monarch,Bismarck Monarch
Symposiachrus barbatus,"(Ramsay, EP, 1879)",Solomons Monarch,Solomons Monarch
Symposiachrus malaitae,"(Mayr, E, 1931)",Malaita Monarch,Malaita Monarch
Symposiachrus browni,"(Ramsay, EP, 1883)",Kolombangara Monarch,Kolombangara Monarch
Symposiachrus nigrotectus,"(Hartert, EJO, 1908)",Vella Lavella Monarch,Vella Lavella Monarch
Symposiachrus mundus,"(Sclater, PL, 1883)",Banda Sea Monarch,Banda Sea Monarch
Symposiachrus vidua,"(Tristram, HB, 1879)",White-collared Monarch,White-collared Monarch
Symposiachrus guttula,"(Lesson, RP; Garnot, P, 1828)",Spot-winged Monarch,Spot-winged Monarch
Carterornis pileatus,"(Salvadori, AT, 1878)",White-naped Monarch,White-naped Monarch
Carterornis castus,"(Sclater, PL, 1883)",Tanimbar Monarch,Tanimbar Monarch
Carterornis leucotis,"(Gould, J, 1850)",White-eared Monarch,White-eared Monarch
Carterornis chrysomela,"(Lesson, RP; Garnot, P, 1827)",Golden Monarch,Golden Monarch
Metabolus rugensis,"(Hombron, JB; Jacquinot, H, 1841)",Chuuk Monarch,Chuuk Monarch
Monarcha godeffroyi,"Hartlaub, KJG, 1868",Yap Monarch,Yap Monarch
Monarcha takatsukasae,"(Yamashina, Y, 1931)",Tinian Monarch,Tinian Monarch
Monarcha cinerascens,"(Temminck, CJ, 1827)",Island Monarch,Island Monarch
Monarcha richardsii,"(Ramsay, EP, 1881)",White-capped Monarch,White-capped Monarch
Monarcha castaneiventris,"Verreaux, JP, 1858",Chestnut-bellied Monarch,Chestnut-bellied Monarch
Monarcha melanopsis,"(Vieillot, LJP, 1818)",Black-faced Monarch,Black-faced Monarch
Monarcha frater,"Sclater, PL, 1874",Black-winged Monarch,Black-winged Monarch
Pomarea nigra,"(Sparrman, A, 1786)",Tahiti Monarch,Tahiti Monarch
Pomarea maupitiensis,"(Garnot, P, 1829)",Maupiti Monarch,Maupiti Monarch
Pomarea dimidiata,"(Hartlaub, KJG; Finsch, FHO, 1871)",Rarotonga Monarch,Rarotonga Monarch
Pomarea fluxa,"Murphy, RC; Mathews, GM, 1928",Eiao Monarch,Eiao Monarch
Pomarea nukuhivae,"Murphy, RC; Mathews, GM, 1928",Nuku Hiva Monarch,Nuku Hiva Monarch
Pomarea iphis,"Murphy, RC; Mathews, GM, 1928",Iphis Monarch,Iphis Monarch
Pomarea mira,"Murphy, RC; Mathews, GM, 1928",Ua Pou Monarch,Ua Pou Monarch
Pomarea mendozae,"(Hartlaub, KJG, 1854)",Marquesan Monarch,Marquesan Monarch
Pomarea whitneyi,"Murphy, RC; Mathews, GM, 1928",Fatu Hiva Monarch,Fatu Hiva Monarch
Chasiempis sandwichensis,"(Gmelin, JF, 1789)",Hawaii Elepaio,Hawaii Elepaio
Chasiempis sclateri,"Ridgway, R, 1882",Kauai Elepaio,Kauai Elepaio
Chasiempis ibidis,"Stejneger, LH, 1887",Oahu Elepaio,Oahu Elepaio
Neolalage banksiana,"(Gray, GR, 1870)",Buff-bellied Monarch,Buff-bellied Monarch
Mayrornis versicolor,"Mayr, E, 1933",Ogea Monarch,Ogea Monarch
Mayrornis lessoni,"(Gray, GR, 1846)",Slaty Monarch,Slaty Monarch
Mayrornis schistaceus,"Mayr, E, 1933",Vanikoro Monarch,Vanikoro Monarch
Clytorhynchus pachycephaloides,"Elliot, DG, 1870",Southern Shrikebill,Southern Shrikebill
Clytorhynchus hamlini,"(Mayr, E, 1931)",Rennell Shrikebill,Rennell Shrikebill
Clytorhynchus vitiensis,"(Hartlaub, KJG, 1866)",Fiji Shrikebill,Fiji Shrikebill
Clytorhynchus nigrogularis,"(Layard, EL, 1875)",Black-throated Shrikebill,Black-throated Shrikebill
Clytorhynchus sanctaecrucis,"Mayr, E, 1933",Santa Cruz Shrikebill,Santa Cruz Shrikebill
Corcorax melanorhamphos,"(Vieillot, LJP, 1817)",White-winged Chough,White-winged Chough
Struthidea cinerea,"Gould, J, 1837",Apostlebird,Apostlebird
Ifrita kowaldi,"(De Vis, CW, 1890)",Blue-capped Ifrit,Blue-capped Ifrita
Lycocorax obiensis,"Bernstein, HA, 1865",Obi Paradise-crow,Obi Paradise-crow
Lycocorax pyrrhopterus,"(Bonaparte, CLJL, 1850)",Halmahera Paradise-crow,Halmahera Paradise-crow
Phonygammus keraudrenii,"(Lesson, RP; Garnot, P, 1826)",Trumpet Manucode,Trumpet Manucode
Manucodia comrii,"Sclater, PL, 1876",Curl-crested Manucode,Curl-crested Manucode
Manucodia chalybatus,"(Pennant, T, 1781)",Crinkle-collared Manucode,Crinkle-collared Manucode
Manucodia jobiensis,"Salvadori, AT, 1876",Jobi Manucode,Jobi Manucode
Manucodia ater,"(Lesson, RP, 1830)",Glossy-mantled Manucode,Glossy-mantled Manucode
Pteridophora alberti,"Meyer, AB, 1894",King of Saxony Bird-of-paradise,King-of-Saxony Bird-of-Paradise
Parotia carolae,"Meyer, AB, 1894",Queen Carola's Parotia,Carola's Parotia
Parotia berlepschi,"Kleinschmidt, O, 1897",Bronze Parotia,Bronze Parotia
Parotia sefilata,"(Pennant, T, 1781)",Western Parotia,Western Parotia
Parotia wahnesi,"Rothschild, LW, 1906",Wahnes's Parotia,Wahnes's Parotia
Parotia lawesii,"Ramsay, EP, 1885",Lawes's Parotia,Lawes's Parotia
Parotia helenae,"De Vis, CW, 1897",Eastern Parotia,Eastern Parotia
Seleucidis melanoleucus,"(Daudin, FM, 1800)",Twelve-wired Bird-of-paradise,Twelve-wired Bird-of-Paradise
Drepanornis bruijnii,"Oustalet, J-FÉ, 1880",Pale-billed Sicklebill,Pale-billed Sicklebill
Drepanornis albertisi,"(Sclater, PL, 1873)",Black-billed Sicklebill,Black-billed Sicklebill
Semioptera wallacii,"Gray, GR, 1859",Standardwing,Standardwing Bird-of-Paradise
Lophorina superba,"(Pennant, T, 1781)",Vogelkop Lophorina,Vogelkop Lophorina
Lophorina latipennis,"Rothschild, LW, 1907",Greater Lophorina,Greater Lophorina
Lophorina minor,"Ramsay, EP, 1885",Lesser Lophorina,Lesser Lophorina
Ptiloris paradiseus,"Swainson, WJ, 1825",Paradise Riflebird,Paradise Riflebird
Ptiloris victoriae,"Gould, J, 1850",Victoria's Riflebird,Victoria's Riflebird
Ptiloris magnificus,"(Vieillot, LJP, 1819)",Magnificent Riflebird,Magnificent Riflebird
Ptiloris intercedens,"Sharpe, RB, 1882",Growling Riflebird,Growling Riflebird
Epimachus fastosus,"(Hermann, J, 1783)",Black Sicklebill,Black Sicklebill
Epimachus meyeri,"Finsch, FHO; Meyer, AB, 1886",Brown Sicklebill,Brown Sicklebill
Paradigalla carunculata,"Lesson, RP, 1835",Long-tailed Paradigalla,Long-tailed Paradigalla
Paradigalla brevicauda,"Rothschild, LW; Hartert, EJO, 1911",Short-tailed Paradigalla,Short-tailed Paradigalla
Astrapia splendidissima,"Rothschild, LW, 1895",Splendid Astrapia,Splendid Astrapia
Astrapia nigra,"(Gmelin, JF, 1788)",Arfak Astrapia,Arfak Astrapia
Astrapia rothschildi,"Förster, JFN, 1906",Huon Astrapia,Huon Astrapia
Astrapia stephaniae,"(Finsch, FHO; Meyer, AB, 1886)",Princess Stephanie's Astrapia,Stephanie's Astrapia
Astrapia mayeri,"Stonor, CR, 1939",Ribbon-tailed Astrapia,Ribbon-tailed Astrapia
Cicinnurus regius,"(Linnaeus, C, 1758)",King Bird-of-paradise,King Bird-of-Paradise
Diphyllodes respublica,"(Bonaparte, CLJL, 1850)",Wilson's Bird-of-paradise,Wilson's Bird-of-Paradise
Diphyllodes magnificus,"(Pennant, T, 1781)",Magnificent Bird-of-paradise,Magnificent Bird-of-Paradise
Paradisornis rudolphi,"Finsch, FHO; Meyer, AB, 1886",Blue Bird-of-paradise,Blue Bird-of-Paradise
Paradisaea guilielmi,"Cabanis, JL, 1888",Emperor Bird-of-paradise,Emperor Bird-of-Paradise
Paradisaea rubra,"Daudin, FM, 1800",Red Bird-of-paradise,Red Bird-of-Paradise
Paradisaea decora,"Salvin, O; Godman, FD, 1883",Goldie's Bird-of-paradise,Goldie's Bird-of-Paradise
Paradisaea minor,"Shaw, G, 1809",Lesser Bird-of-paradise,Lesser Bird-of-Paradise
Paradisaea raggiana,"Sclater, PL, 1873",Raggiana Bird-of-paradise,Raggiana Bird-of-Paradise
Paradisaea apoda,"Linnaeus, C, 1758",Greater Bird-of-paradise,Greater Bird-of-Paradise
Melampitta lugubris,"Schlegel, H, 1871",Lesser Melampitta,Lesser Melampitta
Megalampitta gigantea,"(Rothschild, LW, 1899)",Greater Melampitta,Greater Melampitta
Platylophus galericulatus,"(Cuvier, GLCFD, 1816)",Crested Jayshrike,Crested Jayshrike
Corvinella corvina,"(Shaw, G, 1809)",Yellow-billed Shrike,Yellow-billed Shrike
Urolestes melanoleucus,"(Jardine, W, 1831)",Magpie Shrike,Magpie Shrike
Lanius cabanisi,"Hartert, EJO, 1906",Long-tailed Fiscal,Long-tailed Fiscal
Lanius excubitoroides,"Prévost, F; des Murs, MAPO, 1851",Grey-backed Fiscal,Gray-backed Fiscal
Lanius dorsalis,"Cabanis, JL, 1878",Taita Fiscal,Taita Fiscal
Lanius somalicus,"Hartlaub, KJG, 1859",Somali Fiscal,Somali Fiscal
Lanius excubitor,"Linnaeus, C, 1758",Great Grey Shrike,Great Gray Shrike
Lanius ludovicianus,"Linnaeus, C, 1766",Loggerhead Shrike,Loggerhead Shrike
Lanius sphenocercus,"Cabanis, JL, 1873",Chinese Grey Shrike,Chinese Gray Shrike
Lanius giganteus,"Przevalski, NM, 1887",Giant Grey Shrike,Giant Shrike
Lanius meridionalis,"Temminck, CJ, 1820",Iberian Grey Shrike,Iberian Gray Shrike
Lanius borealis,"Vieillot, LJP, 1808",Northern Shrike,Northern Shrike
Lanius nubicus,"Lichtenstein, MHC, 1823",Masked Shrike,Masked Shrike
Lanius minor,"Gmelin, JF, 1788",Lesser Grey Shrike,Lesser Gray Shrike
Lanius senator,"Linnaeus, C, 1758",Woodchat Shrike,Woodchat Shrike
Lanius gubernator,"Hartlaub, KJG, 1882",Emin's Shrike,Emin's Shrike
Lanius mackinnoni,"Sharpe, RB, 1891",Mackinnon's Shrike,Mackinnon's Shrike
Lanius newtoni,"Bocage, JVB, 1891",Sao Tome Fiscal,Newton's Fiscal
Lanius humeralis,"Stanley, ES, 1814",Northern Fiscal,Northern Fiscal
Lanius souzae,"Bocage, JVB, 1878",Souza's Shrike,Souza's Shrike
Lanius collaris,"Linnaeus, C, 1766",Southern Fiscal,Southern Fiscal
Lanius tigrinus,"Drapiez, PAJ, 1828",Tiger Shrike,Tiger Shrike
Lanius vittatus,"Valenciennes, A, 1826",Bay-backed Shrike,Bay-backed Shrike
Lanius collurioides,"Lesson, RP, 1832",Burmese Shrike,Burmese Shrike
Lanius isabellinus,"Hemprich, WF; Ehrenberg, CG, 1833",Isabelline Shrike,Isabelline Shrike
Lanius collurio,"Linnaeus, C, 1758",Red-backed Shrike,Red-backed Shrike
Lanius phoenicuroides,"(Schalow, H, 1875)",Red-tailed Shrike,Red-tailed Shrike
Lanius schach,"Linnaeus, C, 1758",Long-tailed Shrike,Long-tailed Shrike
Lanius cristatus,"Linnaeus, C, 1758",Brown Shrike,Brown Shrike
Lanius tephronotus,"(Vigors, NA, 1831)",Grey-backed Shrike,Gray-backed Shrike
Lanius validirostris,"Ogilvie-Grant, WR, 1894",Mountain Shrike,Mountain Shrike
Lanius bucephalus,"Temminck, CJ; Schlegel, H, 1845",Bull-headed Shrike,Bull-headed Shrike
Eurocephalus ruppelli,"Bonaparte, CLJL, 1853",Northern White-crowned Shrike,White-rumped Shrike
Eurocephalus anguitimens,"Smith, A, 1836",Southern White-crowned Shrike,White-crowned Shrike
Pyrrhocorax graculus,"(Linnaeus, C, 1766)",Alpine Chough,Yellow-billed Chough
Pyrrhocorax pyrrhocorax,"(Linnaeus, C, 1758)",Red-billed Chough,Red-billed Chough
Crypsirina temia,"(Daudin, FM, 1800)",Racket-tailed Treepie,Racket-tailed Treepie
Crypsirina cucullata,"Jerdon, TC, 1862",Hooded Treepie,Hooded Treepie
Temnurus temnurus,"(Temminck, CJ, 1825)",Ratchet-tailed Treepie,Ratchet-tailed Treepie
Platysmurus leucopterus,"(Temminck, CJ, 1824)",Malayan Black Magpie,Malayan Black Magpie
Platysmurus aterrimus,"(Temminck, CJ, 1825)",Bornean Black Magpie,Bornean Black Magpie
Dendrocitta vagabunda,"(Latham, J, 1790)",Rufous Treepie,Rufous Treepie
Dendrocitta formosae,"Swinhoe, R, 1863",Grey Treepie,Gray Treepie
Dendrocitta occipitalis,"(Müller, S, 1836)",Sumatran Treepie,Sumatran Treepie
Dendrocitta cinerascens,"Sharpe, RB, 1879",Bornean Treepie,Bornean Treepie
Dendrocitta leucogastra,"Gould, J, 1833",White-bellied Treepie,White-bellied Treepie
Dendrocitta frontalis,"Horsfield, T, 1840",Collared Treepie,Collared Treepie
Dendrocitta bayleii,"Tytler, RC, 1863",Andaman Treepie,Andaman Treepie
Cissa chinensis,"(Boddaert, P, 1783)",Common Green Magpie,Common Green-Magpie
Cissa hypoleuca,"Salvadori, AT; Giglioli, EH, 1885",Indochinese Green Magpie,Indochinese Green-Magpie
Cissa thalassina,"(Temminck, CJ, 1826)",Javan Green Magpie,Javan Green-Magpie
Cissa jefferyi,"Sharpe, RB, 1888",Bornean Green Magpie,Bornean Green-Magpie
Urocissa ornata,"(Wagler, JG, 1829)",Sri Lanka Blue Magpie,Sri Lanka Blue-Magpie
Urocissa caerulea,"Gould, J, 1863",Taiwan Blue Magpie,Taiwan Blue-Magpie
Urocissa flavirostris,"(Blyth, E, 1846)",Yellow-billed Blue Magpie,Yellow-billed Blue-Magpie
Urocissa erythroryncha,"(Boddaert, P, 1783)",Red-billed Blue Magpie,Red-billed Blue-Magpie
Urocissa whiteheadi,"Ogilvie-Grant, WR, 1899",White-winged Magpie,White-winged Magpie
Cyanopica cooki,"Bonaparte, CLJL, 1850",Iberian Magpie,Iberian Magpie
Cyanopica cyanus,"(Pallas, PS, 1776)",Azure-winged Magpie,Azure-winged Magpie
Perisoreus infaustus,"(Linnaeus, C, 1758)",Siberian Jay,Siberian Jay
Perisoreus internigrans,"(Thayer, JE; Bangs, O, 1912)",Sichuan Jay,Sichuan Jay
Perisoreus canadensis,"(Linnaeus, C, 1766)",Canada Jay,Canada Jay
Cyanolyca mirabilis,"Nelson, EW, 1903",White-throated Jay,White-throated Jay
Cyanolyca nanus,"(Du Bus de Gisignies, B-AL, 1847)",Dwarf Jay,Dwarf Jay
Cyanolyca pumilo,"(Strickland, HE, 1849)",Black-throated Jay,Black-throated Jay
Cyanolyca argentigula,"(Lawrence, GN, 1875)",Silvery-throated Jay,Silvery-throated Jay
Cyanolyca cucullata,"(Ridgway, R, 1885)",Azure-hooded Jay,Azure-hooded Jay
Cyanolyca pulchra,"(Lawrence, GN, 1876)",Beautiful Jay,Beautiful Jay
Cyanolyca armillata,"(Gray, GR, 1845)",Black-collared Jay,Black-collared Jay
Cyanolyca turcosa,"(Bonaparte, CLJL, 1853)",Turquoise Jay,Turquoise Jay
Cyanolyca viridicyanus,"(d'Orbigny, ACVMD; de Lafresnaye, NFAA, 1838)",White-collared Jay,White-collared Jay
Gymnorhinus cyanocephalus,"Wied-Neuwied, M, 1841",Pinyon Jay,Pinyon Jay
Cyanocitta cristata,"(Linnaeus, C, 1758)",Blue Jay,Blue Jay
Cyanocitta stelleri,"(Gmelin, JF, 1788)",Steller's Jay,Steller's Jay
Aphelocoma coerulescens,"(Bosc, LAG, 1795)",Florida Scrub Jay,Florida Scrub-Jay
Aphelocoma insularis,"Henshaw, HW, 1886",Island Scrub Jay,Island Scrub-Jay
Aphelocoma californica,"(Vigors, NA, 1839)",California Scrub Jay,California Scrub-Jay
Aphelocoma woodhouseii,"(Baird, SF, 1858)",Woodhouse's Scrub Jay,Woodhouse's Scrub-Jay
Aphelocoma wollweberi,"Kaup, JJ, 1855",Mexican Jay,Mexican Jay
Aphelocoma ultramarina,"(Bonaparte, CLJL, 1825)",Transvolcanic Jay,Transvolcanic Jay
Aphelocoma unicolor,"(Du Bus de Gisignies, B-AL, 1847)",Unicolored Jay,Unicolored Jay
Cyanocorax colliei,"(Vigors, NA, 1829)",Black-throated Magpie-Jay,Black-throated Magpie-Jay
Cyanocorax formosus,"(Swainson, WJ, 1827)",White-throated Magpie-Jay,White-throated Magpie-Jay
Cyanocorax morio,"(Wagler, JG, 1829)",Brown Jay,Brown Jay
Cyanocorax coeruleus,"(Vieillot, LJP, 1818)",Azure Jay,Azure Jay
Cyanocorax violaceus,"Du Bus de Gisignies, B-AL, 1847",Violaceous Jay,Violaceous Jay
Cyanocorax cyanomelas,"(Vieillot, LJP, 1818)",Purplish Jay,Purplish Jay
Cyanocorax cristatellus,"(Temminck, CJ, 1823)",Curl-crested Jay,Curl-crested Jay
Cyanocorax yncas,"(Boddaert, P, 1783)",Green Jay,Green Jay
Cyanocorax mystacalis,"(de Sparre, LEG, 1835)",White-tailed Jay,White-tailed Jay
Cyanocorax melanocyaneus,"(Hartlaub, KJG, 1844)",Bushy-crested Jay,Bushy-crested Jay
Cyanocorax yucatanicus,"(Dubois, AJC, 1875)",Yucatan Jay,Yucatan Jay
Cyanocorax beecheii,"(Vigors, NA, 1829)",Purplish-backed Jay,Purplish-backed Jay
Cyanocorax sanblasianus,"(de Lafresnaye, NFAA, 1842)",San Blas Jay,San Blas Jay
Cyanocorax dickeyi,"Moore, RT, 1935",Tufted Jay,Tufted Jay
Cyanocorax affinis,"Pelzeln, A, 1856",Black-chested Jay,Black-chested Jay
Cyanocorax heilprini,"Gentry, AF, 1885",Azure-naped Jay,Azure-naped Jay
Cyanocorax cayanus,"(Linnaeus, C, 1766)",Cayenne Jay,Cayenne Jay
Cyanocorax chrysops,"(Vieillot, LJP, 1818)",Plush-crested Jay,Plush-crested Jay
Cyanocorax cyanopogon,"(Wied-Neuwied, M, 1821)",White-naped Jay,White-naped Jay
Garrulus glandarius,"(Linnaeus, C, 1758)",Eurasian Jay,Eurasian Jay
Garrulus lanceolatus,"Vigors, NA, 1830",Black-headed Jay,Black-headed Jay
Garrulus lidthi,"Bonaparte, CLJL, 1850",Lidth's Jay,Lidth's Jay
Zavattariornis stresemanni,"Moltoni, E, 1938",Ethiopian Bushcrow,Ethiopian Bushcrow
Pica mauritanica,"Malherbe, A, 1845",Maghreb Magpie,Maghreb Magpie
Pica serica,"Gould, J, 1845",Oriental Magpie,Oriental Magpie
Pica bottanensis,"Delessert, AF, 1840",Black-rumped Magpie,Black-rumped Magpie
Pica asirensis,"Bates, GL, 1936",Asir Magpie,Asir Magpie
Pica pica,"(Linnaeus, C, 1758)",Eurasian Magpie,Eurasian Magpie
Pica hudsonia,"(Sabine, J, 1823)",Black-billed Magpie,Black-billed Magpie
Pica nuttallii,"(Audubon, JJ, 1837)",Yellow-billed Magpie,Yellow-billed Magpie
Ptilostomus afer,"(Linnaeus, C, 1766)",Piapiac,Piapiac
Podoces hendersoni,"Hume, AO, 1871",Mongolian Ground Jay,Mongolian Ground-Jay
Podoces biddulphi,"Hume, AO, 1874",Xinjiang Ground Jay,Xinjiang Ground-Jay
Podoces panderi,"Fischer von Waldheim, G, 1821",Turkestan Ground Jay,Turkestan Ground-Jay
Podoces pleskei,"Zarudny, NA, 1896",Iranian Ground Jay,Iranian Ground-Jay
Nucifraga columbiana,"(Wilson, A, 1811)",Clark's Nutcracker,Clark's Nutcracker
Nucifraga caryocatactes,"(Linnaeus, C, 1758)",Northern Nutcracker,Northern Nutcracker
Nucifraga hemispila,"Vigors, NA, 1831",Southern Nutcracker,Southern Nutcracker
Nucifraga multipunctata,"Gould, J, 1849",Kashmir Nutcracker,Kashmir Nutcracker
Coloeus dauuricus,"(Pallas, PS, 1776)",Daurian Jackdaw,Daurian Jackdaw
Coloeus monedula,"(Linnaeus, C, 1758)",Western Jackdaw,Eurasian Jackdaw
Corvus nasicus,"Temminck, CJ, 1826",Cuban Crow,Cuban Crow
Corvus jamaicensis,"Gmelin, JF, 1788",Jamaican Crow,Jamaican Crow
Corvus leucognaphalus,"Daudin, FM, 1800",White-necked Crow,White-necked Crow
Corvus palmarum,"Württemberg, FPW, 1835",Hispaniolan Palm Crow,Hispaniolan Palm-Crow
Corvus minutus,"Gundlach, JC, 1852",Cuban Palm Crow,Cuban Palm-Crow
Corvus ossifragus,"Wilson, A, 1812",Fish Crow,Fish Crow
Corvus imparatus,"Peters, JL, 1929",Tamaulipas Crow,Tamaulipas Crow
Corvus sinaloae,"Davis, LI, 1958",Sinaloa Crow,Sinaloa Crow
Corvus capensis,"Lichtenstein, MHC, 1823",Cape Crow,Cape Crow
Corvus hawaiiensis,"Peale, TR, 1849",Hawaiian Crow,Hawaiian Crow
Corvus frugilegus,"Linnaeus, C, 1758",Rook,Rook
Corvus albicollis,"Latham, J, 1790",White-necked Raven,White-necked Raven
Corvus crassirostris,"Rüppell, WPES, 1836",Thick-billed Raven,Thick-billed Raven
Corvus ruficollis,"Lesson, RP, 1831",Brown-necked Raven,Brown-necked Raven
Corvus albus,"Müller, PLS, 1776",Pied Crow,Pied Crow
Corvus edithae,"Lort Phillips, EE, 1895",Somali Crow,Somali Crow
Corvus cryptoleucus,"Couch, DN, 1854",Chihuahuan Raven,Chihuahuan Raven
Corvus rhipidurus,"Hartert, EJO, 1918",Fan-tailed Raven,Fan-tailed Raven
Corvus corax,"Linnaeus, C, 1758",Northern Raven,Common Raven
Corvus brachyrhynchos,"Brehm, CL, 1822",American Crow,American Crow
Corvus torquatus,"Lesson, RP, 1831",Collared Crow,Collared Crow
Corvus corone,"Linnaeus, C, 1758",Carrion Crow,
Corvus florensis,"Büttikofer, J, 1894",Flores Crow,Flores Crow
Corvus splendens,"Vieillot, LJP, 1817",House Crow,House Crow
Corvus kubaryi,"Reichenow, A, 1885",Mariana Crow,Mariana Crow
Corvus philippinus,"(Bonaparte, CLJL, 1853)",Philippine Jungle Crow,Philippine Jungle Crow
Corvus macrorhynchos,"Wagler, JG, 1827",Large-billed Crow,Large-billed Crow
Corvus typicus,"(Bonaparte, CLJL, 1853)",Piping Crow,Piping Crow
Corvus unicolor,"(Rothschild, LW; Hartert, EJO, 1900)",Banggai Crow,Banggai Crow
Corvus enca,"(Horsfield, T, 1821)",Sunda Crow,Sunda Crow
Corvus sierramadrensis,"Rand, AL; Rabor, DS, 1961",Sierra Madre Crow,Sierra Madre Crow
Corvus samarensis,"Steere, JB, 1890",Samar Crow,Samar Crow
Corvus celebensis,"Stresemann, EFT, 1936",Sulawesi Crow,Sulawesi Crow
Corvus pusillus,"Tweeddale, A, 1878",Palawan Crow,Palawan Crow
Corvus validus,"Bonaparte, CLJL, 1850",Long-billed Crow,Long-billed Crow
Corvus moneduloides,"Lesson, RP, 1831",New Caledonian Crow,New Caledonian Crow
Corvus woodfordi,"(Ogilvie-Grant, WR, 1887)",White-billed Crow,Guadalcanal Crow
Corvus meeki,"Rothschild, LW, 1904",Bougainville Crow,Bougainville Crow
Corvus violaceus,"Bonaparte, CLJL, 1850",Violet Crow,Violet Crow
Corvus fuscicapillus,"Gray, GR, 1859",Brown-headed Crow,Brown-headed Crow
Corvus tristis,"Lesson, RP; Garnot, P, 1827",Grey Crow,Gray Crow
Corvus coronoides,"Vigors, NA; Horsfield, T, 1827",Australian Raven,Australian Raven
Corvus mellori,"Mathews, GM, 1912",Little Raven,Little Raven
Corvus tasmanicus,"Mathews, GM, 1912",Forest Raven,Forest Raven
Corvus insularis,"Heinroth, O, 1903",Bismarck Crow,Bismarck Crow
Corvus bennetti,"North, AJ, 1901",Little Crow,Little Crow
Corvus orru,"Bonaparte, CLJL, 1850",Torresian Crow,Torresian Crow
Loboparadisea sericea,"Rothschild, LW, 1896",Yellow-breasted Satinbird,Yellow-breasted Satinbird
Cnemophilus loriae,"(Salvadori, AT, 1895)",Loria's Satinbird,Loria's Satinbird
Cnemophilus macgregorii,"De Vis, CW, 1890",Crested Satinbird,Crested Satinbird
Toxorhamphus poliopterus,"(Sharpe, RB, 1882)",Slaty-headed Longbill,Slaty-chinned Longbill
Toxorhamphus novaeguineae,"(Lesson, RP, 1827)",Yellow-bellied Longbill,Yellow-bellied Longbill
Oedistoma pygmaeum,"Salvadori, AT, 1876",Pygmy Longbill,Pygmy Longbill
Oedistoma iliolophus,"(Salvadori, AT, 1876)",Spectacled Longbill,Spectacled Longbill
Melanocharis arfakiana,"(Finsch, FHO, 1900)",Obscure Berrypecker,Obscure Berrypecker
Melanocharis nigra,"(Lesson, RP, 1830)",Black Berrypecker,Black Berrypecker
Melanocharis longicauda,"Salvadori, AT, 1876",Mid-mountain Berrypecker,Mid-mountain Berrypecker
Melanocharis versteri,"(Finsch, FHO, 1876)",Fan-tailed Berrypecker,Fan-tailed Berrypecker
Melanocharis citreola,"Milá, B; Ashari, H; Thébaud, C, 2021",Satin Berrypecker,Satin Berrypecker
Melanocharis striativentris,"Salvadori, AT, 1895",Streaked Berrypecker,Streaked Berrypecker
Melanocharis crassirostris,"(Salvadori, AT, 1876)",Thick-billed Berrypecker,Thick-billed Berrypecker
Melanocharis piperata,"(De Vis, CW, 1898)",Spotted Berrypecker,Spotted Berrypecker
Notiomystis cincta,"(Du Bus de Gisignies, B-AL, 1839)",Stitchbird,Stitchbird
Callaeas cinereus,"(Gmelin, JF, 1788)",South Island Kokako,South Island Kokako
Callaeas wilsoni,"(Bonaparte, CLJL, 1850)",North Island Kokako,North Island Kokako
Heteralocha acutirostris,"(Gould, J, 1837)",Huia,Huia
Philesturnus carunculatus,"(Gmelin, JF, 1789)",South Island Saddleback,South Island Saddleback
Philesturnus rufusater,"(Lesson, RP, 1828)",North Island Saddleback,North Island Saddleback
Eupetes macrocerus,"Temminck, CJ, 1831",Rail-babbler,Malaysian Rail-babbler
Chaetops frenatus,"(Temminck, CJ, 1826)",Cape Rockjumper,Cape Rockjumper
Chaetops aurantius,"Layard, EL, 1867",Drakensberg Rockjumper,Drakensberg Rockjumper
Picathartes gymnocephalus,"(Temminck, CJ, 1825)",White-necked Rockfowl,White-necked Rockfowl
Picathartes oreas,"Reichenow, A, 1899",Grey-necked Rockfowl,Gray-necked Rockfowl
Amalocichla incerta,"(Salvadori, AT, 1876)",Lesser Ground Robin,Lesser Ground-Robin
Amalocichla sclateriana,"De Vis, CW, 1892",Greater Ground Robin,Greater Ground-Robin
Pachycephalopsis poliosoma,"Sharpe, RB, 1882",White-eyed Robin,White-eyed Robin
Pachycephalopsis hattamensis,"(Meyer, AB, 1874)",Green-backed Robin,Green-backed Robin
Eugerygone rubra,"(Sharpe, RB, 1879)",Garnet Robin,Garnet Robin
Petroica macrocephala,"(Gmelin, JF, 1789)",Tomtit,Tomtit
Petroica traversi,"(Buller, WL, 1872)",Black Robin,Black Robin
Petroica longipes,"(Lesson, RP; Garnot, P, 1827)",North Island Robin,North Island Robin
Petroica australis,"(Sparrman, A, 1788)",South Island Robin,South Island Robin
Petroica bivittata,"De Vis, CW, 1897",Mountain Robin,Subalpine Robin
Petroica archboldi,"Rand, AL, 1940",Snow Mountain Robin,Snow Mountain Robin
Petroica multicolor,"(Gmelin, JF, 1789)",Norfolk Robin,Norfolk Robin
Petroica goodenovii,"(Vigors, NA; Horsfield, T, 1827)",Red-capped Robin,Red-capped Robin
Petroica polymorpha,"Mayr, E, 1934",Solomons Robin,Solomons Robin
Petroica pusilla,"Peale, TR, 1849",Pacific Robin,Pacific Robin
Petroica rosea,"Gould, J, 1840",Rose Robin,Rose Robin
Petroica rodinogaster,"(Drapiez, PAJ, 1819)",Pink Robin,Pink Robin
Petroica phoenicea,"Gould, J, 1837",Flame Robin,Flame Robin
Petroica boodang,"(Lesson, RP, 1837)",Scarlet Robin,Scarlet Robin
Devioeca papuana,"(Meyer, AB, 1875)",Canary Flyrobin,Canary Flyrobin
Kempiella flavovirescens,"(Gray, GR, 1858)",Olive Flyrobin,Olive Flyrobin
Kempiella griseoceps,"(De Vis, CW, 1894)",Yellow-legged Flyrobin,Yellow-legged Flyrobin
Cryptomicroeca flaviventris,"(Sharpe, RB, 1903)",Yellow-bellied Flyrobin,Yellow-bellied Flyrobin
Monachella muelleriana,"(Schlegel, H, 1871)",Torrent Flyrobin,Torrent Flyrobin
Microeca hemixantha,"Sclater, PL, 1883",Golden-bellied Flyrobin,Golden-bellied Flyrobin
Microeca flavigaster,"Gould, J, 1843",Lemon-bellied Flyrobin,Lemon-bellied Flyrobin
Microeca fascinans,"(Latham, J, 1801)",Jacky Winter,Jacky-winter
Drymodes brunneopygia,"Gould, J, 1841",Southern Scrub Robin,Southern Scrub-Robin
Drymodes superciliaris,"Gould, J, 1850",Northern Scrub Robin,Northern Scrub-Robin
Drymodes beccarii,"Salvadori, AT, 1876",Papuan Scrub Robin,Papuan Scrub-Robin
Heteromyias cinereifrons,"(Ramsay, EP, 1876)",Grey-headed Robin,Gray-headed Robin
Heteromyias armiti,"(De Vis, CW, 1894)",Black-capped Robin,Black-capped Robin
Heteromyias albispecularis,"(Salvadori, AT, 1876)",Ashy Robin,Arfak Robin
Plesiodryas albonotata,"(Salvadori, AT, 1875)",Black-throated Robin,Black-throated Robin
Leucophantes brachyurus,"Sclater, PL, 1874",Black-chinned Robin,Black-chinned Robin
Poecilodryas hypoleuca,"(Gray, GR, 1859)",Black-sided Robin,Black-sided Robin
Poecilodryas superciliosa,"(Gould, J, 1847)",White-browed Robin,White-browed Robin
Poecilodryas cerviniventris,"(Gould, J, 1858)",Buff-sided Robin,Buff-sided Robin
Eopsaltria placens,"Ramsay, EP, 1879",Banded Yellow Robin,Banded Yellow Robin
Eopsaltria australis,"(Shaw, G, 1790)",Eastern Yellow Robin,Eastern Yellow Robin
Eopsaltria griseogularis,"Gould, J, 1838",Western Yellow Robin,Western Yellow Robin
Eopsaltria georgiana,"(Quoy, JRC; Gaimard, JP, 1832)",White-breasted Robin,White-breasted Robin
Eopsaltria capito,"Gould, J, 1854",Pale-yellow Robin,Pale-yellow Robin
Eopsaltria leucops,"(Salvadori, AT, 1876)",White-faced Robin,White-faced Robin
Melanodryas vittata,"(Quoy, JRC; Gaimard, JP, 1832)",Dusky Robin,Dusky Robin
Melanodryas cucullata,"(Latham, J, 1801)",Hooded Robin,Hooded Robin
Melanodryas bimaculata,"(Salvadori, AT, 1874)",White-rumped Robin,White-rumped Robin
Melanodryas pulverulenta,"(Bonaparte, CLJL, 1850)",Mangrove Robin,Mangrove Robin
Melanodryas sigillata,"(De Vis, CW, 1890)",White-winged Robin,White-winged Robin
Melanodryas cyanus,"(Salvadori, AT, 1874)",Slaty Robin,Blue-gray Robin
Melanodryas cryptoleuca,"(Hartert, EJO, 1930)",Smoky Robin,Smoky Robin
Chelidorhynx hypoxanthus,"(Blyth, E, 1843)",Yellow-bellied Fantail,Yellow-bellied Fairy-Fantail
Stenostira scita,"(Vieillot, LJP, 1818)",Fairy Flycatcher,Fairy Flycatcher
Culicicapa ceylonensis,"(Swainson, WJ, 1820)",Grey-headed Canary-flycatcher,Gray-headed Canary-Flycatcher
Culicicapa helianthea,"Wallace, AR, 1865",Citrine Canary-flycatcher,Citrine Canary-Flycatcher
Elminia longicauda,"(Swainson, WJ, 1838)",African Blue Flycatcher,African Blue Flycatcher
Elminia albicauda,"Bocage, JVB, 1877",White-tailed Blue Flycatcher,White-tailed Blue Flycatcher
Elminia nigromitrata,"(Reichenow, A, 1874)",Dusky Crested Flycatcher,Dusky Crested Flycatcher
Elminia albiventris,"(Sjöstedt, BY, 1893)",White-bellied Crested Flycatcher,White-bellied Crested Flycatcher
Elminia albonotata,"(Sharpe, RB, 1891)",White-tailed Crested Flycatcher,White-tailed Crested Flycatcher
Hyliota flavigaster,"Swainson, WJ, 1837",Yellow-bellied Hyliota,Yellow-bellied Hyliota
Hyliota australis,"Shelley, GE, 1882",Southern Hyliota,Southern Hyliota
Hyliota usambara,"Sclater, WL, 1932",Usambara Hyliota,Usambara Hyliota
Hyliota violacea,"Verreaux, JP; Verreaux, JBÉ, 1851",Violet-backed Hyliota,Violet-backed Hyliota
Auriparus flaviceps,"(Sundevall, CJ, 1850)",Verdin,Verdin
Remiz consobrinus,"(Swinhoe, R, 1870)",Chinese Penduline Tit,Chinese Penduline-Tit
Remiz coronatus,"(Severtsov, NA, 1873)",White-crowned Penduline Tit,White-crowned Penduline-Tit
Remiz pendulinus,"(Linnaeus, C, 1758)",Eurasian Penduline Tit,Eurasian Penduline-Tit
Remiz macronyx,"(Severtsov, NA, 1873)",Black-headed Penduline Tit,Black-headed Penduline-Tit
Anthoscopus punctifrons,"(Sundevall, CJ, 1850)",Sennar Penduline Tit,Sennar Penduline-Tit
Anthoscopus musculus,"(Hartlaub, KJG, 1882)",Mouse-colored Penduline Tit,Mouse-colored Penduline-Tit
Anthoscopus parvulus,"(Heuglin, MT, 1864)",Yellow Penduline Tit,Yellow Penduline-Tit
Anthoscopus flavifrons,"(Cassin, J, 1855)",Forest Penduline Tit,Forest Penduline-Tit
Anthoscopus caroli,"(Sharpe, RB, 1871)",Grey Penduline Tit,African Penduline-Tit
Anthoscopus minutus,"(Shaw, G, 1812)",Cape Penduline Tit,Southern Penduline-Tit
Cephalopyrus flammiceps,"(Burton, E, 1836)",Fire-capped Tit,Fire-capped Tit
Sylviparus modestus,"Burton, E, 1836",Yellow-browed Tit,Yellow-browed Tit
Melanochlora sultanea,"(Hodgson, BH, 1837)",Sultan Tit,Sultan Tit
Cyanistes teneriffae,"(Lesson, RP, 1831)",African Blue Tit,African Blue Tit
Cyanistes cyanus,"(Pallas, PS, 1770)",Azure Tit,Azure Tit
Cyanistes caeruleus,"(Linnaeus, C, 1758)",Eurasian Blue Tit,Eurasian Blue Tit
Pseudopodoces humilis,"(Hume, AO, 1871)",Ground Tit,Ground Tit
Parus monticolus,"Vigors, NA, 1831",Green-backed Tit,Green-backed Tit
Parus major,"Linnaeus, C, 1758",Great Tit,Great Tit
Parus cinereus,"Vieillot, LJP, 1818",Cinereous Tit,Asian Tit
Machlolophus nuchalis,"(Jerdon, TC, 1845)",White-naped Tit,White-naped Tit
Machlolophus holsti,"(Seebohm, H, 1894)",Yellow Tit,Taiwan Yellow Tit
Machlolophus xanthogenys,"(Vigors, NA, 1831)",Himalayan Black-lored Tit,Himalayan Black-lored Tit
Machlolophus aplonotus,"(Blyth, E, 1847)",Indian Black-lored Tit,Indian Yellow Tit
Machlolophus spilonotus,"(Bonaparte, CLJL, 1850)",Yellow-cheeked Tit,Yellow-cheeked Tit
Melaniparus guineensis,"(Shelley, GE, 1900)",White-shouldered Black Tit,White-shouldered Black-Tit
Melaniparus leucomelas,"(Rüppell, WPES, 1840)",White-winged Black Tit,White-winged Black-Tit
Melaniparus rufiventris,"(Bocage, JVB, 1877)",Rufous-bellied Tit,Rufous-bellied Tit
Melaniparus albiventris,"(Shelley, GE, 1881)",White-bellied Tit,White-bellied Tit
Melaniparus niger,"(Vieillot, LJP, 1818)",Southern Black Tit,Southern Black-Tit
Melaniparus carpi,"(Macdonald, JD; Hall, BP, 1957)",Carp's Tit,Carp's Tit
Melaniparus funereus,"Verreaux, JP; Verreaux, JBÉ, 1855",Dusky Tit,Dusky Tit
Melaniparus griseiventris,"(Reichenow, A, 1882)",Miombo Tit,Miombo Tit
Melaniparus fasciiventer,"(Reichenow, A, 1893)",Stripe-breasted Tit,Stripe-breasted Tit
Melaniparus thruppi,"(Shelley, GE, 1885)",Acacia Tit,Somali Tit
Melaniparus fringillinus,"(Fischer, GA; Reichenow, A, 1884)",Red-throated Tit,Red-throated Tit
Melaniparus leuconotus,"(Guérin-Méneville, FÉ, 1843)",White-backed Black Tit,White-backed Black-Tit
Melaniparus cinerascens,"(Vieillot, LJP, 1818)",Ashy Tit,Ashy Tit
Melaniparus afer,"(Gmelin, JF, 1789)",Grey Tit,Gray Tit
Periparus venustulus,"(Swinhoe, R, 1870)",Yellow-bellied Tit,Yellow-bellied Tit
Periparus amabilis,"(Sharpe, RB, 1877)",Palawan Tit,Palawan Tit
Periparus elegans,"(Lesson, RP, 1831)",Elegant Tit,Elegant Tit
Periparus ater,"(Linnaeus, C, 1758)",Coal Tit,Coal Tit
Periparus rufonuchalis,"(Blyth, E, 1849)",Rufous-naped Tit,Rufous-naped Tit
Periparus rubidiventris,"(Blyth, E, 1847)",Rufous-vented Tit,Rufous-vented Tit
Lophophanes dichrous,"(Blyth, E, 1845)",Grey-crested Tit,Gray-crested Tit
Lophophanes cristatus,"(Linnaeus, C, 1758)",Crested Tit,Crested Tit
Baeolophus wollweberi,"(Bonaparte, CLJL, 1850)",Bridled Titmouse,Bridled Titmouse
Baeolophus inornatus,"(Gambel, W, 1845)",Oak Titmouse,Oak Titmouse
Baeolophus ridgwayi,"(Richmond, CW, 1902)",Juniper Titmouse,Juniper Titmouse
Baeolophus bicolor,"(Linnaeus, C, 1766)",Tufted Titmouse,Tufted Titmouse
Baeolophus atricristatus,"(Cassin, J, 1850)",Black-crested Titmouse,Black-crested Titmouse
Sittiparus castaneoventris,"(Gould, J, 1863)",Chestnut-bellied Tit,Chestnut-bellied Tit
Sittiparus olivaceus,"Kuroda, Nm, 1923",Iriomote Tit,Iriomote Tit
Sittiparus varius,"(Temminck, CJ; Schlegel, H, 1845)",Varied Tit,Varied Tit
Sittiparus owstoni,"(Ijima, I, 1893)",Owston's Tit,Owston's Tit
Sittiparus semilarvatus,"(Salvadori, AT, 1866)",White-fronted Tit,White-fronted Tit
Poecile superciliosus,"Przevalski, NM, 1876",White-browed Tit,White-browed Tit
Poecile lugubris,"(Temminck, CJ, 1820)",Sombre Tit,Sombre Tit
Poecile davidi,"Berezovski, MM; Bianchi, VL, 1891",Pere David's Tit,Pere David's Tit
Poecile palustris,"(Linnaeus, C, 1758)",Marsh Tit,Marsh Tit
Poecile hyrcanus,"Zarudny, NA; Loudon, HGG, 1905",Caspian Tit,Caspian Tit
Poecile hypermelaenus,"Berezovski, MM; Bianchi, VL, 1891",Black-bibbed Tit,Black-bibbed Tit
Poecile weigoldicus,"(Kleinschmidt, O, 1921)",Sichuan Tit,Sichuan Tit
Poecile montanus,"(Conrad von Baldenstein, T, 1827)",Willow Tit,Willow Tit
Poecile cinctus,"(Boddaert, P, 1783)",Grey-headed Chickadee,Gray-headed Chickadee
Poecile rufescens,"(Townsend, JK, 1837)",Chestnut-backed Chickadee,Chestnut-backed Chickadee
Poecile hudsonicus,"(Forster, JR, 1772)",Boreal Chickadee,Boreal Chickadee
Poecile gambeli,"(Ridgway, R, 1886)",Mountain Chickadee,Mountain Chickadee
Poecile sclateri,"(Kleinschmidt, O, 1897)",Mexican Chickadee,Mexican Chickadee
Poecile carolinensis,"(Audubon, JJ, 1834)",Carolina Chickadee,Carolina Chickadee
Poecile atricapillus,"(Linnaeus, C, 1766)",Black-capped Chickadee,Black-capped Chickadee
Panurus biarmicus,"(Linnaeus, C, 1758)",Bearded Reedling,Bearded Reedling
Alaemon hamertoni,"Witherby, HF, 1905",Lesser Hoopoe-Lark,Lesser Hoopoe-Lark
Alaemon alaudipes,"(Desfontaines, RL, 1789)",Greater Hoopoe-Lark,Greater Hoopoe-Lark
Ammomanopsis grayi,"(Wahlberg, JA, 1855)",Gray's Lark,Gray's Lark
Chersomanes beesleyi,"Benson, CW, 1966",Beesley's Lark,Beesley's Lark
Chersomanes albofasciata,"(de Lafresnaye, NFAA, 1836)",Spike-heeled Lark,Spike-heeled Lark
Certhilauda chuana,"(Smith, A, 1836)",Short-clawed Lark,Short-clawed Lark
Certhilauda subcoronata,"Smith, A, 1843",Karoo Long-billed Lark,Karoo Long-billed Lark
Certhilauda semitorquata,"Smith, A, 1836",Eastern Long-billed Lark,Eastern Long-billed Lark
Certhilauda curvirostris,"(Hermann, J, 1783)",Cape Long-billed Lark,Cape Long-billed Lark
Pinarocorys erythropygia,"(Strickland, HE, 1852)",Rufous-rumped Lark,Rufous-rumped Lark
Pinarocorys nigricans,"(Sundevall, CJ, 1850)",Dusky Lark,Dusky Lark
Ramphocoris clotbey,"(Bonaparte, CLJL, 1850)",Thick-billed Lark,Thick-billed Lark
Ammomanes cinctura,"(Gould, J, 1839)",Bar-tailed Lark,Bar-tailed Lark
Ammomanes phoenicura,"(Franklin, J, 1831)",Rufous-tailed Lark,Rufous-tailed Lark
Ammomanes deserti,"(Lichtenstein, MHC, 1823)",Desert Lark,Desert Lark
Eremopterix australis,"(Smith, A, 1836)",Black-eared Sparrow-Lark,Black-eared Sparrow-Lark
Eremopterix hova,"(Hartlaub, KJG, 1860)",Madagascar Lark,Madagascar Lark
Eremopterix verticalis,"(Smith, A, 1836)",Grey-backed Sparrow-Lark,Gray-backed Sparrow-Lark
Eremopterix leucopareia,"(Fischer, GA; Reichenow, A, 1884)",Fischer's Sparrow-Lark,Fischer's Sparrow-Lark
Eremopterix signatus,"(Oustalet, J-FÉ, 1886)",Chestnut-headed Sparrow-Lark,Chestnut-headed Sparrow-Lark
Eremopterix nigriceps,"(Gould, J, 1839)",Black-crowned Sparrow-Lark,Black-crowned Sparrow-Lark
Eremopterix griseus,"(Scopoli, GA, 1786)",Ashy-crowned Sparrow-Lark,Ashy-crowned Sparrow-Lark
Eremopterix leucotis,"(Stanley, ES, 1814)",Chestnut-backed Sparrow-Lark,Chestnut-backed Sparrow-Lark
Calendulauda rufa,"(Lynes, H, 1920)",Rusty Bush Lark,Rusty Lark
Calendulauda sabota,"(Smith, A, 1836)",Sabota Lark,Sabota Lark
Calendulauda gilletti,"(Sharpe, RB, 1895)",Gillett's Lark,Gillett's Lark
Calendulauda poecilosterna,"(Reichenow, A, 1879)",Pink-breasted Lark,Pink-breasted Lark
Calendulauda africanoides,"(Smith, A, 1836)",Fawn-colored Lark,Fawn-colored Lark
Calendulauda albescens,"(de Lafresnaye, NFAA, 1839)",Karoo Lark,Karoo Lark
Calendulauda burra,"(Bangs, O, 1930)",Red Lark,Red Lark
Calendulauda erythrochlamys,"(Strickland, HE, 1853)",Dune Lark,Dune Lark
Heteromirafra ruddi,"(Grant, CHB, 1908)",Rudd's Lark,Rudd's Lark
Heteromirafra archeri,"Clarke, SR, 1920",Archer's Lark,Liben Lark
Plocealauda microptera,"(Hume, AO, 1873)",Burmese Bush Lark,Burmese Bushlark
Plocealauda erythrocephala,"(Salvadori, AT; Giglioli, EH, 1885)",Indochinese Bush Lark,Indochinese Bushlark
Plocealauda affinis,"(Blyth, E, 1845)",Jerdon's Bush Lark,Jerdon's Bushlark
Plocealauda erythroptera,"(Blyth, E, 1845)",Indian Bush Lark,Indian Bushlark
Plocealauda assamica,"(Horsfield, T, 1840)",Bengal Bush Lark,Bengal Bushlark
Mirafra passerina,"Gyldenstolpe, NCGF, 1926",Monotonous Lark,Monotonous Lark
Mirafra cordofanica,"Strickland, HE, 1852",Kordofan Lark,Kordofan Lark
Mirafra williamsi,"Macdonald, JD, 1956",Williams's Lark,Williams's Lark
Mirafra pulpa,"Friedmann, H, 1930",Friedmann's Lark,Friedmann's Lark
Mirafra albicauda,"Reichenow, A, 1891",White-tailed Lark,White-tailed Lark
Mirafra cheniana,"Smith, A, 1843",Melodious Lark,Melodious Lark
Mirafra javanica,"Horsfield, T, 1821",Singing Bush Lark,Singing Bushlark
Amirafra collaris,"(Sharpe, RB, 1896)",Collared Lark,Collared Lark
Amirafra rufocinnamomea,"(Salvadori, AT, 1866)",Flappet Lark,Flappet Lark
Amirafra angolensis,"(Bocage, JVB, 1880)",Angola Lark,Angola Lark
Corypha kurrae,"(Lynes, H, 1923)",Highland Lark,Highland Lark
Corypha apiata,"(Vieillot, LJP, 1816)",Cape Clapper Lark,Cape Clapper Lark
Corypha fasciolata,"(Sundevall, CJ, 1850)",Eastern Clapper Lark,Eastern Clapper Lark
Corypha kabalii,"(White, CMN, 1943)",Plains Lark,Plains Lark
Corypha nigrescens,"(Reichenow, A, 1900)",Plateau Lark,Plateau Lark
Corypha africana,"(Smith, A, 1836)",Rufous-naped Lark,Rufous-naped Lark
Corypha athi,"(Hartert, EJO, 1900)",Sentinel Lark,Sentinel Lark
Corypha somalica,"(Witherby, HF, 1903)",Somali Lark,Somali Lark
Corypha hypermetra,"(Reichenow, A, 1879)",Red-winged Lark,Red-winged Lark
Corypha sharpii,"(Elliot, DG, 1897)",Russet Lark,Russet Lark
Corypha kidepoensis,"(Macdonald, JD, 1940)",Kidepo Lark,Kidepo Lark
Lullula arborea,"(Linnaeus, C, 1758)",Woodlark,Wood Lark
Spizocorys starki,"(Shelley, GE, 1902)",Stark's Lark,Stark's Lark
Spizocorys personata,"Sharpe, RB, 1895",Masked Lark,Masked Lark
Spizocorys conirostris,"(Sundevall, CJ, 1850)",Pink-billed Lark,Pink-billed Lark
Spizocorys fringillaris,"(Sundevall, CJ, 1850)",Botha's Lark,Botha's Lark
Spizocorys fremantlii,"(Lort Phillips, EE, 1897)",Short-tailed Lark,Short-tailed Lark
Spizocorys obbiensis,"Witherby, HF, 1905",Obbia Lark,Obbia Lark
Spizocorys sclateri,"(Shelley, GE, 1902)",Sclater's Lark,Sclater's Lark
Alauda leucoptera,"Pallas, PS, 1811",White-winged Lark,White-winged Lark
Alauda razae,"(Alexander, B, 1898)",Raso Lark,Raso Skylark
Alauda gulgula,"Franklin, J, 1831",Oriental Skylark,Oriental Skylark
Alauda arvensis,"Linnaeus, C, 1758",Eurasian Skylark,Eurasian Skylark
Galerida magnirostris,"(Stephens, JF, 1826)",Large-billed Lark,Large-billed Lark
Galerida modesta,"Heuglin, MT, 1864",Sun Lark,Sun Lark
Galerida deva,"(Sykes, WH, 1832)",Sykes's Lark,Tawny Lark
Galerida theklae,"Brehm, AE, 1857",Thekla's Lark,Thekla's Lark
Galerida malabarica,"(Scopoli, GA, 1786)",Malabar Lark,Malabar Lark
Galerida cristata,"(Linnaeus, C, 1758)",Crested Lark,Crested Lark
Eremophila bilopha,"(Temminck, CJ, 1823)",Temminck's Lark,Temminck's Lark
Eremophila alpestris,"(Linnaeus, C, 1758)",Horned Lark,Horned Lark
Calandrella blanfordi,"(Shelley, GE, 1902)",Blanford's Lark,Blanford's Lark
Calandrella eremica,"(Reichenow, A; Peters, N, 1932)",Rufous-capped Lark,Rufous-capped Lark
Calandrella brachydactyla,"(Leisler, JPA, 1814)",Greater Short-toed Lark,Greater Short-toed Lark
Calandrella cinerea,"(Gmelin, JF, 1789)",Red-capped Lark,Red-capped Lark
Calandrella dukhunensis,"(Sykes, WH, 1832)",Mongolian Short-toed Lark,Mongolian Short-toed Lark
Calandrella acutirostris,"Hume, AO, 1873",Hume's Short-toed Lark,Hume's Lark
Melanocorypha bimaculata,"(Ménétries, É, 1832)",Bimaculated Lark,Bimaculated Lark
Melanocorypha mongolica,"(Pallas, PS, 1776)",Mongolian Lark,Mongolian Lark
Melanocorypha maxima,"Blyth, E, 1867",Tibetan Lark,Tibetan Lark
Melanocorypha yeltoniensis,"(Forster, JR, 1768)",Black Lark,Black Lark
Melanocorypha calandra,"(Linnaeus, C, 1766)",Calandra Lark,Calandra Lark
Chersophilus duponti,"(Vieillot, LJP, 1824)",Dupont's Lark,Dupont's Lark
Eremalauda dunni,"(Shelley, GE, 1904)",Dunn's Lark,Dunn's Lark
Eremalauda eremodites,"(Meinertzhagen, R, 1923)",Arabian Lark,Arabian Lark
Alaudala somalica,"Sharpe, RB, 1895",Somali Short-toed Lark,Somali Short-toed Lark
Alaudala cheleensis,"Swinhoe, R, 1871",Asian Short-toed Lark,Asian Short-toed Lark
Alaudala rufescens,"(Vieillot, LJP, 1819)",Mediterranean Short-toed Lark,Mediterranean Short-toed Lark
Alaudala raytal,"(Blyth, E, 1845)",Sand Lark,Sand Lark
Alaudala heinei,"(Homeyer, EF, 1873)",Turkestan Short-toed Lark,Turkestan Short-toed Lark
Nicator chloris,"(Valenciennes, A, 1826)",Western Nicator,Western Nicator
Nicator gularis,"Hartlaub, KJG; Finsch, FHO, 1870",Eastern Nicator,Eastern Nicator
Nicator vireo,"Cabanis, JL, 1876",Yellow-throated Nicator,Yellow-throated Nicator
Macrosphenus kempi,"(Sharpe, RB, 1905)",Kemp's Longbill,Kemp's Longbill
Macrosphenus flavicans,"Cassin, J, 1859",Yellow Longbill,Yellow Longbill
Macrosphenus concolor,"(Hartlaub, KJG, 1857)",Grey Longbill,Gray Longbill
Macrosphenus pulitzeri,"Boulton, WR, 1931",Pulitzer's Longbill,Pulitzer's Longbill
Macrosphenus kretschmeri,"(Reichenow, A; Neumann, OR, 1895)",Kretschmer's Longbill,Kretschmer's Longbill
Achaetops pycnopygius,"(Sclater, PL, 1853)",Rockrunner,Rockrunner
Sphenoeacus afer,"(Gmelin, JF, 1789)",Cape Grassbird,Cape Grassbird
Melocichla mentalis,"(Fraser, L, 1843)",Moustached Grass Warbler,Moustached Grass-Warbler
Cryptillas victorini,"(Sundevall, CJ, 1860)",Victorin's Warbler,Victorin's Warbler
Sylvietta virens,"Cassin, J, 1859",Green Crombec,Green Crombec
Sylvietta denti,"Ogilvie-Grant, WR, 1906",Lemon-bellied Crombec,Lemon-bellied Crombec
Sylvietta leucophrys,"Sharpe, RB, 1891",White-browed Crombec,White-browed Crombec
Sylvietta brachyura,"de Lafresnaye, NFAA, 1839",Northern Crombec,Northern Crombec
Sylvietta philippae,"Williams, JG, 1955",Philippa's Crombec,Short-billed Crombec
Sylvietta ruficapilla,"Bocage, JVB, 1877",Red-capped Crombec,Red-capped Crombec
Sylvietta whytii,"Shelley, GE, 1894",Red-faced Crombec,Red-faced Crombec
Sylvietta isabellina,"Elliot, DG, 1897",Somali Crombec,Somali Crombec
Sylvietta rufescens,"(Vieillot, LJP, 1817)",Long-billed Crombec,Long-billed Crombec
Neomixis tenella,"(Hartlaub, KJG, 1866)",Common Jery,Common Jery
Neomixis viridis,"(Sharpe, RB, 1883)",Green Jery,Green Jery
Neomixis striatigula,"Sharpe, RB, 1881",Stripe-throated Jery,Stripe-throated Jery
Micromacronus leytensis,"Amadon, DA, 1962",Visayan Miniature Babbler,Leyte Plumed-Warbler
Micromacronus sordidus,"Ripley, SD; Rabor, DS, 1968",Mindanao Miniature Babbler,Mindanao Plumed-Warbler
Eremomela flavicrissalis,"Sharpe, RB, 1895",Yellow-vented Eremomela,Yellow-vented Eremomela
Eremomela icteropygialis,"(de Lafresnaye, NFAA, 1839)",Yellow-bellied Eremomela,Yellow-bellied Eremomela
Eremomela pusilla,"Hartlaub, KJG, 1857",Senegal Eremomela,Senegal Eremomela
Eremomela canescens,"Antinori, O, 1864",Green-backed Eremomela,Green-backed Eremomela
Eremomela scotops,"Sundevall, CJ, 1850",Green-capped Eremomela,Green-capped Eremomela
Eremomela gregalis,"(Smith, A, 1829)",Karoo Eremomela,Karoo Eremomela
Eremomela badiceps,"(Fraser, L, 1843)",Rufous-crowned Eremomela,Rufous-crowned Eremomela
Eremomela turneri,"Van Someren, VGL, 1920",Turner's Eremomela,Turner's Eremomela
Eremomela atricollis,"Bocage, JVB, 1894",Black-necked Eremomela,Black-necked Eremomela
Eremomela usticollis,"Sundevall, CJ, 1850",Burnt-necked Eremomela,Burnt-neck Eremomela
Drymocichla incana,"Hartlaub, KJG, 1881",Red-winged Grey Warbler,Red-winged Gray Warbler
Schistolais leontica,"(Bates, GL, 1930)",Sierra Leone Prinia,Sierra Leone Prinia
Schistolais leucopogon,"(Cabanis, JL, 1875)",White-chinned Prinia,White-chinned Prinia
Oreophilais robertsi,"(Benson, CW, 1946)",Roberts's Warbler,Roberts's Warbler
Phragmacia substriata,"(Smith, A, 1842)",Namaqua Warbler,Namaqua Warbler
Urolais epichlorus,"(Reichenow, A, 1892)",Green Longtail,Green Longtail
Oreolais ruwenzorii,"(Jackson, FJ, 1904)",Rwenzori Apalis,Rwenzori Apalis
Oreolais pulcher,"(Sharpe, RB, 1891)",Black-collared Apalis,Black-collared Apalis
Artisornis metopias,"(Reichenow, A, 1907)",Red-capped Forest Warbler,African Tailorbird
Artisornis moreaui,"(Sclater, WL, 1931)",Long-billed Forest Warbler,Long-billed Tailorbird
Poliolais lopezi,"(Alexander, B, 1903)",White-tailed Warbler,White-tailed Warbler
Calamonastes undosus,"(Reichenow, A, 1882)",Miombo Wren-Warbler,Miombo Wren-Warbler
Calamonastes stierlingi,"Reichenow, A, 1901",Stierling's Wren-Warbler,Stierling's Wren-Warbler
Calamonastes simplex,"(Cabanis, JL, 1878)",Grey Wren-Warbler,Gray Wren-Warbler
Calamonastes fasciolatus,"(Smith, A, 1847)",Barred Wren-Warbler,Barred Wren-Warbler
Camaroptera brachyura,"(Vieillot, LJP, 1820)",Bleating Camaroptera,Green-backed Camaroptera
Camaroptera harterti,"Zedlitz, OE, 1911",Hartert's Camaroptera,Hartert's Camaroptera
Camaroptera superciliaris,"(Fraser, L, 1843)",Yellow-browed Camaroptera,Yellow-browed Camaroptera
Camaroptera chloronota,"Reichenow, A, 1895",Olive-green Camaroptera,Olive-green Camaroptera
Spiloptila clamans,"(Cretzschmar, PJ, 1826)",Cricket Warbler,Cricket Longtail
Phyllolais pulchella,"(Cretzschmar, PJ, 1830)",Buff-bellied Warbler,Buff-bellied Warbler
Apalis thoracica,"(Shaw, G, 1811)",Bar-throated Apalis,Bar-throated Apalis
Apalis fuscigularis,"Moreau, RE, 1938",Taita Apalis,Taita Apalis
Apalis flavigularis,"Shelley, GE, 1893",Yellow-throated Apalis,Yellow-throated Apalis
Apalis lynesi,"Vincent, J, 1933",Namuli Apalis,Namuli Apalis
Apalis nigriceps,"(Shelley, GE, 1873)",Black-capped Apalis,Black-capped Apalis
Apalis jacksoni,"Sharpe, RB, 1891",Black-throated Apalis,Black-throated Apalis
Apalis chariessa,"Reichenow, A, 1879",White-winged Apalis,White-winged Apalis
Apalis binotata,"Reichenow, A, 1895",Lowland Masked Apalis,Masked Apalis
Apalis personata,"Sharpe, RB, 1902",Mountain Masked Apalis,Black-faced Apalis
Apalis flavida,"(Strickland, HE, 1853)",Yellow-breasted Apalis,Yellow-breasted Apalis
Apalis ruddi,"Grant, CHB, 1908",Rudd's Apalis,Rudd's Apalis
Apalis sharpii,"Shelley, GE, 1884",Sharpe's Apalis,Sharpe's Apalis
Apalis rufogularis,"(Fraser, L, 1843)",Buff-throated Apalis,Buff-throated Apalis
Apalis argentea,"Moreau, RE, 1941",Kungwe Apalis,Kungwe Apalis
Apalis bamendae,"Bannerman, DA, 1922",Bamenda Apalis,Bamenda Apalis
Apalis goslingi,"Alexander, B, 1908",Gosling's Apalis,Gosling's Apalis
Apalis kaboboensis,"Prigogine, AR, 1955",Kabobo Apalis,Kabobo Apalis
Apalis porphyrolaema,"Reichenow, A; Neumann, OR, 1895",Chestnut-throated Apalis,Chestnut-throated Apalis
Apalis chapini,"Friedmann, H, 1928",Chapin's Apalis,Chapin's Apalis
Apalis melanocephala,"(Fischer, GA; Reichenow, A, 1884)",Black-headed Apalis,Black-headed Apalis
Apalis chirindensis,"Shelley, GE, 1906",Chirinda Apalis,Chirinda Apalis
Apalis cinerea,"(Sharpe, RB, 1891)",Grey Apalis,Gray Apalis
Apalis alticola,"(Shelley, GE, 1899)",Brown-headed Apalis,Brown-headed Apalis
Apalis karamojae,"(Van Someren, VGL, 1921)",Karamoja Apalis,Karamoja Apalis
Apalis stronachi,"Stuart, SN; Collar, NJ, 1985",Maasai Apalis,Maasai Apalis
Orthotomus sutorius,"(Pennant, T, 1769)",Common Tailorbird,Common Tailorbird
Orthotomus frontalis,"Sharpe, RB, 1877",Rufous-fronted Tailorbird,Rufous-fronted Tailorbird
Orthotomus atrogularis,"Temminck, CJ, 1836",Dark-necked Tailorbird,Dark-necked Tailorbird
Orthotomus chaktomuk,"Mahood, SP; John, AJI; Eames, JC; Oliveros, CH; Moyle, RG; Hong Chamnan; Poole, CM; Nielsen, H; Sheldon, FH, 2013",Cambodian Tailorbird,Cambodian Tailorbird
Orthotomus ruficeps,"(Lesson, RP, 1830)",Ashy Tailorbird,Ashy Tailorbird
Orthotomus sepium,"Horsfield, T, 1821",Olive-backed Tailorbird,Olive-backed Tailorbird
Orthotomus sericeus,"Temminck, CJ, 1836",Rufous-tailed Tailorbird,Rufous-tailed Tailorbird
Orthotomus castaneiceps,"Walden, A, 1872",Visayan Tailorbird,Visayan Tailorbird
Orthotomus derbianus,"Moore, F, 1855",Grey-backed Tailorbird,Gray-backed Tailorbird
Orthotomus chloronotus,"Ogilvie-Grant, WR, 1895",Green-backed Tailorbird,Green-backed Tailorbird
Orthotomus samarensis,"Steere, JB, 1890",Yellow-breasted Tailorbird,Yellow-breasted Tailorbird
Orthotomus nigriceps,"Tweeddale, A, 1878",Black-headed Tailorbird,White-browed Tailorbird
Orthotomus cinereiceps,"Sharpe, RB, 1877",White-eared Tailorbird,White-eared Tailorbird
Prinia crinigera,"(Hodgson, BH, 1836)",Himalayan Prinia,Himalayan Prinia
Prinia striata,"Swinhoe, R, 1859",Striped Prinia,Striped Prinia
Prinia cooki,"(Harington, HH, 1913)",Burmese Prinia,Burmese Prinia
Prinia rocki,"Deignan, HG, 1957",Annam Prinia,Annam Prinia
Prinia polychroa,"(Temminck, CJ, 1828)",Brown Prinia,Brown Prinia
Prinia atrogularis,"(Moore, F, 1854)",Black-throated Prinia,Black-throated Prinia
Prinia khasiana,"(Godwin-Austen, HH, 1876)",Rufous-crowned Prinia,Rufous-crowned Prinia
Prinia superciliaris,"(Anderson, J, 1871)",Hill Prinia,Hill Prinia
Prinia cinereocapilla,"Moore, F, 1854",Grey-crowned Prinia,Gray-crowned Prinia
Prinia buchanani,"Blyth, E, 1844",Rufous-fronted Prinia,Rufous-fronted Prinia
Prinia rufescens,"Blyth, E, 1847",Rufescent Prinia,Rufescent Prinia
Prinia hodgsonii,"Blyth, E, 1844",Grey-breasted Prinia,Gray-breasted Prinia
Prinia familiaris,"Horsfield, T, 1821",Bar-winged Prinia,Bar-winged Prinia
Prinia gracilis,"(Lichtenstein, MHC, 1823)",Graceful Prinia,Graceful Prinia
Prinia lepida,"Blyth, E, 1844",Delicate Prinia,Delicate Prinia
Prinia sylvatica,"Jerdon, TC, 1840",Jungle Prinia,Jungle Prinia
Prinia flaviventris,"(Delessert, AF, 1840)",Yellow-bellied Prinia,Yellow-bellied Prinia
Prinia socialis,"Sykes, WH, 1832",Ashy Prinia,Ashy Prinia
Prinia subflava,"(Gmelin, JF, 1789)",Tawny-flanked Prinia,Tawny-flanked Prinia
Prinia inornata,"Sykes, WH, 1832",Plain Prinia,Plain Prinia
Prinia somalica,"(Elliot, DG, 1897)",Pale Prinia,Pale Prinia
Prinia fluviatilis,"Chappuis, C, 1974",River Prinia,River Prinia
Prinia flavicans,"(Vieillot, LJP, 1820)",Black-chested Prinia,Black-chested Prinia
Prinia maculosa,"(Boddaert, P, 1783)",Karoo Prinia,Karoo Prinia
Prinia hypoxantha,"(Sharpe, RB, 1877)",Drakensberg Prinia,Drakensberg Prinia
Prinia molleri,"Bocage, JVB, 1887",Sao Tome Prinia,Sao Tome Prinia
Prinia bairdii,"(Cassin, J, 1855)",Banded Prinia,Banded Prinia
Prinia erythroptera,"(Jardine, W, 1849)",Red-winged Prinia,Red-winged Prinia
Prinia rufifrons,"Rüppell, WPES, 1840",Red-fronted Prinia,Red-fronted Prinia
Euryptila subcinnamomea,"(Smith, A, 1847)",Cinnamon-breasted Warbler,Cinnamon-breasted Warbler
Scepomycter winifredae,"(Moreau, RE, 1938)",Winifred's Warbler,Mrs. Moreau's Warbler
Incana incana,"(Sclater, PL; Hartlaub, KJG, 1881)",Socotra Warbler,Socotra Warbler
Malcorus pectoralis,"Smith, A, 1829",Rufous-eared Warbler,Rufous-eared Warbler
Hypergerus atriceps,"(Lesson, RP, 1831)",Oriole Warbler,Oriole Warbler
Eminia lepida,"Hartlaub, KJG, 1881",Grey-capped Warbler,Gray-capped Warbler
Bathmocercus cerviniventris,"(Sharpe, RB, 1877)",Black-headed Rufous Warbler,Black-capped Rufous-Warbler
Bathmocercus rufus,"Reichenow, A, 1895",Black-faced Rufous Warbler,Black-faced Rufous-Warbler
Cisticola erythrops,"(Hartlaub, KJG, 1857)",Red-faced Cisticola,Red-faced Cisticola
Cisticola cantans,"(Heuglin, MT, 1869)",Singing Cisticola,Singing Cisticola
Cisticola lateralis,"(Fraser, L, 1843)",Whistling Cisticola,Whistling Cisticola
Cisticola anonymus,"(Müller, JW, 1855)",Chattering Cisticola,Chattering Cisticola
Cisticola woosnami,"Ogilvie-Grant, WR, 1908",Trilling Cisticola,Trilling Cisticola
Cisticola bulliens,"Lynes, H, 1930",Bubbling Cisticola,Bubbling Cisticola
Cisticola chubbi,"Sharpe, RB, 1892",Chubb's Cisticola,Chubb's Cisticola
Cisticola hunteri,"Shelley, GE, 1889",Hunter's Cisticola,Hunter's Cisticola
Cisticola nigriloris,"Shelley, GE, 1897",Black-lored Cisticola,Black-lored Cisticola
Cisticola bakerorum,"Fjeldså, J; Dinesen, L; Davies, OR; Irestedt, M; Krabbe, NK; Hansen, LA; Bowie, RCK, 2021",Kilombero Cisticola,Kilombero Cisticola
Cisticola aberrans,"(Smith, A, 1843)",Rock-loving Cisticola,Rock-loving Cisticola
Cisticola bailunduensis,"Neumann, OR, 1931",Huambo Cisticola,Huambo Cisticola
Cisticola bodessa,"Mearns, EA, 1913",Boran Cisticola,Boran Cisticola
Cisticola chiniana,"(Smith, A, 1843)",Rattling Cisticola,Rattling Cisticola
Cisticola cinereolus,"Salvadori, AT, 1888",Ashy Cisticola,Ashy Cisticola
Cisticola ruficeps,"(Cretzschmar, PJ, 1830)",Red-pate Cisticola,Red-pate Cisticola
Cisticola guinea,"Lynes, H, 1930",Dorst's Cisticola,Dorst's Cisticola
Cisticola rufilatus,"(Hartlaub, KJG, 1870)",Tinkling Cisticola,Tinkling Cisticola
Cisticola subruficapilla,"(Smith, A, 1843)",Grey-backed Cisticola,Gray-backed Cisticola
Cisticola distinctus,"Lynes, H, 1930",Lynes's Cisticola,Lynes's Cisticola
Cisticola lais,"(Hartlaub, KJG; Finsch, FHO, 1870)",Wailing Cisticola,Wailing Cisticola
Cisticola restrictus,"Traylor, MA, 1967",Tana River Cisticola,Tana River Cisticola
Cisticola njombe,"Lynes, H, 1933",Churring Cisticola,Churring Cisticola
Cisticola haematocephalus,"Cabanis, JL, 1868",Coastal Cisticola,Coastal Cisticola
Cisticola anderseni,"Fjeldså, J; Dinesen, L; Davies, OR; Irestedt, M; Krabbe, NK; Hansen, LA; Bowie, RCK, 2021",White-tailed Cisticola,White-tailed Cisticola
Cisticola luapula,"Lynes, H, 1933",Luapula Cisticola,Luapula Cisticola
Cisticola pipiens,"Lynes, H, 1930",Chirping Cisticola,Chirping Cisticola
Cisticola lugubris,"(Rüppell, WPES, 1840)",Ethiopian Cisticola,Ethiopian Cisticola
Cisticola marginatus,"(Heuglin, MT, 1869)",Winding Cisticola,Winding Cisticola
Cisticola galactotes,"(Temminck, CJ, 1821)",Rufous-winged Cisticola,Rufous-winged Cisticola
Cisticola carruthersi,"Ogilvie-Grant, WR, 1909",Carruthers's Cisticola,Carruthers's Cisticola
Cisticola tinniens,"(Lichtenstein, MHC, 1842)",Levaillant's Cisticola,Levaillant's Cisticola
Cisticola robustus,"(Rüppell, WPES, 1845)",Stout Cisticola,Stout Cisticola
Cisticola natalensis,"(Smith, A, 1843)",Croaking Cisticola,Croaking Cisticola
Cisticola fulvicapilla,"(Vieillot, LJP, 1817)",Neddicky,Piping Cisticola
Cisticola aberdare,"Lynes, H, 1930",Aberdare Cisticola,Aberdare Cisticola
Cisticola angusticauda,"Reichenow, A, 1891",Long-tailed Cisticola,Tabora Cisticola
Cisticola melanurus,"Cabanis, JL, 1882",Black-tailed Cisticola,Slender-tailed Cisticola
Cisticola brachypterus,"(Sharpe, RB, 1870)",Short-winged Cisticola,Siffling Cisticola
Cisticola rufus,"(Fraser, L, 1843)",Rufous Cisticola,Rufous Cisticola
Cisticola troglodytes,"(Antinori, O, 1864)",Foxy Cisticola,Foxy Cisticola
Cisticola nana,"Fischer, GA; Reichenow, A, 1884",Tiny Cisticola,Tiny Cisticola
Cisticola juncidis,"(Rafinesque, CS, 1810)",Zitting Cisticola,Zitting Cisticola
Cisticola haesitatus,"(Sclater, PL; Hartlaub, KJG, 1881)",Socotra Cisticola,Socotra Cisticola
Cisticola cherina,"(Smith, A, 1843)",Madagascar Cisticola,Madagascar Cisticola
Cisticola aridulus,"Witherby, HF, 1900",Desert Cisticola,Desert Cisticola
Cisticola textrix,"(Vieillot, LJP, 1817)",Cloud Cisticola,Cloud Cisticola
Cisticola eximius,"(Heuglin, MT, 1869)",Black-backed Cisticola,Black-backed Cisticola
Cisticola dambo,"Lynes, H, 1931",Dambo Cisticola,Dambo Cisticola
Cisticola brunnescens,"Heuglin, MT, 1862",Pectoral-patch Cisticola,Pectoral-patch Cisticola
Cisticola cinnamomeus,"Reichenow, A, 1904",Pale-crowned Cisticola,Pale-crowned Cisticola
Cisticola ayresii,"Hartlaub, KJG, 1863",Wing-snapping Cisticola,Wing-snapping Cisticola
Cisticola exilis,"(Vigors, NA; Horsfield, T, 1827)",Golden-headed Cisticola,Golden-headed Cisticola
Graueria vittata,"Hartert, EJO, 1908",Grauer's Warbler,Grauer's Warbler
Nesillas aldabrana,"Benson, CW; Penny, MJ, 1968",Aldabra Brush Warbler,Aldabra Brush-Warbler
Nesillas typica,"(Hartlaub, KJG, 1860)",Malagasy Brush Warbler,Malagasy Brush-Warbler
Nesillas lantzii,"(Grandidier, A, 1867)",Subdesert Brush Warbler,Subdesert Brush-Warbler
Nesillas brevicaudata,"(Milne-Edwards, A; Oustalet, J-FÉ, 1888)",Grande Comore Brush Warbler,Grande Comore Brush-Warbler
Nesillas mariae,"Benson, CW, 1960",Moheli Brush Warbler,Moheli Brush-Warbler
Hippolais icterina,"(Vieillot, LJP, 1817)",Icterine Warbler,Icterine Warbler
Hippolais polyglotta,"(Vieillot, LJP, 1817)",Melodious Warbler,Melodious Warbler
Hippolais languida,"(Hemprich, WF; Ehrenberg, CG, 1833)",Upcher's Warbler,Upcher's Warbler
Hippolais olivetorum,"(Strickland, HE, 1837)",Olive-tree Warbler,Olive-tree Warbler
Arundinax aedon,"(Pallas, PS, 1776)",Thick-billed Warbler,Thick-billed Warbler
Iduna caligata,"(Lichtenstein, MHC, 1823)",Booted Warbler,Booted Warbler
Iduna rama,"(Sykes, WH, 1832)",Sykes's Warbler,Sykes's Warbler
Iduna pallida,"(Hemprich, WF; Ehrenberg, CG, 1833)",Eastern Olivaceous Warbler,Eastern Olivaceous Warbler
Iduna opaca,"(Cabanis, JL, 1851)",Western Olivaceous Warbler,Western Olivaceous Warbler
Iduna similis,"(Richmond, CW, 1897)",Mountain Yellow Warbler,Mountain Yellow-Warbler
Iduna natalensis,"(Smith, A, 1847)",African Yellow Warbler,African Yellow-Warbler
Calamonastides gracilirostris,"(Ogilvie-Grant, WR, 1906)",Papyrus Yellow Warbler,Papyrus Yellow-Warbler
Acrocephalus schoenobaenus,"(Linnaeus, C, 1758)",Sedge Warbler,Sedge Warbler
Acrocephalus bistrigiceps,"Swinhoe, R, 1860",Black-browed Reed Warbler,Black-browed Reed Warbler
Acrocephalus sorghophilus,"(Swinhoe, R, 1863)",Speckled Reed Warbler,Streaked Reed Warbler
Acrocephalus paludicola,"(Vieillot, LJP, 1817)",Aquatic Warbler,Aquatic Warbler
Acrocephalus melanopogon,"(Temminck, CJ, 1823)",Moustached Warbler,Moustached Warbler
Acrocephalus agricola,"(Jerdon, TC, 1845)",Paddyfield Warbler,Paddyfield Warbler
Acrocephalus tangorum,"La Touche, JDD, 1912",Manchurian Reed Warbler,Manchurian Reed Warbler
Acrocephalus concinens,"(Swinhoe, R, 1870)",Blunt-winged Warbler,Blunt-winged Warbler
Acrocephalus dumetorum,"Blyth, E, 1849",Blyth's Reed Warbler,Blyth's Reed Warbler
Acrocephalus orinus,"Oberholser, HC, 1905",Large-billed Reed Warbler,Large-billed Reed Warbler
Acrocephalus palustris,"(Bechstein, JM, 1798)",Marsh Warbler,Marsh Warbler
Acrocephalus scirpaceus,"(Hermann, J, 1804)",Common Reed Warbler,Common Reed Warbler
Acrocephalus griseldis,"(Hartlaub, KJG, 1891)",Basra Reed Warbler,Basra Reed Warbler
Acrocephalus sechellensis,"(Oustalet, J-FÉ, 1877)",Seychelles Warbler,Seychelles Warbler
Acrocephalus newtoni,"(Hartlaub, KJG, 1863)",Madagascar Swamp Warbler,Madagascar Swamp Warbler
Acrocephalus rodericanus,"(Newton, A, 1865)",Rodrigues Warbler,Rodrigues Warbler
Acrocephalus gracilirostris,"(Hartlaub, KJG, 1864)",Lesser Swamp Warbler,Lesser Swamp Warbler
Acrocephalus brevipennis,"(Keulemans, JG, 1866)",Cape Verde Warbler,Cape Verde Swamp Warbler
Acrocephalus rufescens,"(Sharpe, RB; Bouvier, A, 1877)",Greater Swamp Warbler,Greater Swamp Warbler
Acrocephalus arundinaceus,"(Linnaeus, C, 1758)",Great Reed Warbler,Great Reed Warbler
Acrocephalus orientalis,"(Temminck, CJ; Schlegel, H, 1847)",Oriental Reed Warbler,Oriental Reed Warbler
Acrocephalus stentoreus,"(Hemprich, WF; Ehrenberg, CG, 1833)",Clamorous Reed Warbler,Clamorous Reed Warbler
Acrocephalus luscinius,"(Quoy, JRC; Gaimard, JP, 1832)",Nightingale Reed Warbler,Nightingale Reed Warbler
Acrocephalus hiwae,"(Yamashina, Y, 1942)",Saipan Reed Warbler,Saipan Reed Warbler
Acrocephalus australis,"(Gould, J, 1838)",Australian Reed Warbler,Australian Reed Warbler
Acrocephalus syrinx,"(Kittlitz, FH, 1833)",Caroline Reed Warbler,Caroline Reed Warbler
Acrocephalus nijoi,"(Yamashina, Y, 1940)",Aguiguan Reed Warbler,Aguiguan Reed Warbler
Acrocephalus aequinoctialis,"(Latham, J, 1790)",Bokikokiko,Kiritimati Reed Warbler
Acrocephalus mendanae,"Tristram, HB, 1883",Southern Marquesan Reed Warbler,Southern Marquesan Reed Warbler
Acrocephalus yamashinae,"(Taka-Tsukasa, N, 1931)",Pagan Reed Warbler,Pagan Reed Warbler
Acrocephalus rehsei,"(Finsch, FHO, 1883)",Nauru Reed Warbler,Nauru Reed Warbler
Acrocephalus familiaris,"(Rothschild, LW, 1892)",Millerbird,Millerbird
Acrocephalus vaughani,"(Sharpe, RB, 1900)",Pitcairn Reed Warbler,Pitcairn Reed Warbler
Acrocephalus taiti,"Ogilvie-Grant, WR, 1913",Henderson Reed Warbler,Henderson Island Reed Warbler
Acrocephalus rimitarae,"(Murphy, RC; Mathews, GM, 1929)",Rimatara Reed Warbler,Rimatara Reed Warbler
Acrocephalus kerearako,"Holyoak, DT, 1974",Cook Reed Warbler,Cook Islands Reed Warbler
Acrocephalus musae,"Forster, JR, 1844",Garrett's Reed Warbler,Society Islands Reed Warbler
Acrocephalus caffer,"(Sparrman, A, 1786)",Tahiti Reed Warbler,Tahiti Reed Warbler
Acrocephalus longirostris,"(Gmelin, JF, 1789)",Moorea Reed Warbler,Moorea Reed Warbler
Acrocephalus percernis,"(Wetmore, A, 1919)",Northern Marquesan Reed Warbler,Northern Marquesan Reed Warbler
Acrocephalus astrolabii,"Holyoak, DT; Thibault, J-C, 1978",Mangareva Reed Warbler,Mangareva Reed Warbler
Acrocephalus atyphus,"(Wetmore, A, 1919)",Tuamotu Reed Warbler,Tuamotu Reed Warbler
Donacobius atricapilla,"(Linnaeus, C, 1766)",Black-capped Donacobius,Black-capped Donacobius
Crossleyia xanthophrys,"(Sharpe, RB, 1875)",Madagascar Yellowbrow,Madagascar Yellowbrow
Crossleyia tenebrosa,"(Stresemann, EFT, 1925)",Dusky Tetraka,Dusky Tetraka
Xanthomixis zosterops,"(Sharpe, RB, 1875)",Spectacled Tetraka,Spectacled Tetraka
Xanthomixis apperti,"(Colston, PR, 1972)",Appert's Tetraka,Appert's Tetraka
Xanthomixis cinereiceps,"(Sharpe, RB, 1881)",Grey-crowned Tetraka,Gray-crowned Tetraka
Hartertula flavoviridis,"(Hartert, EJO, 1924)",Wedge-tailed Jery,Wedge-tailed Jery
Thamnornis chloropetoides,"(Grandidier, A, 1867)",Thamnornis,Thamnornis
Randia pseudozosterops,"Delacour, JT; Berlioz, J, 1931",Rand's Warbler,Rand's Warbler
Cryptosylvicola randrianasoloi,"Goodman, SM; Langrand, O; Whitney, BM, 1996",Cryptic Warbler,Cryptic Warbler
Oxylabes madagascariensis,"(Gmelin, JF, 1789)",White-throated Oxylabes,White-throated Oxylabes
Bernieria madagascariensis,"(Gmelin, JF, 1789)",Long-billed Bernieria,Long-billed Bernieria
Robsonius rabori,"(Rand, AL, 1960)",Cordillera Ground Warbler,Cordillera Ground-Warbler
Robsonius thompsoni,"Hosner, PA; Boggess, NC; Alviola, P; Sánchez-González, LA; Oliveros, CH; Urriza, RC; Moyle, RG, 2013",Sierra Madre Ground Warbler,Sierra Madre Ground-Warbler
Robsonius sorsogonensis,"(Rand, AL; Rabor, DS, 1967)",Bicol Ground Warbler,Bicol Ground-Warbler
Helopsaltes fasciolatus,"(Gray, GR, 1861)",Gray's Grasshopper Warbler,Gray's Grasshopper Warbler
Helopsaltes amnicola,"(Stepanyan, LS, 1972)",Sakhalin Grasshopper Warbler,Sakhalin Grasshopper Warbler
Helopsaltes pryeri,"(Seebohm, H, 1884)",Marsh Grassbird,Marsh Grassbird
Helopsaltes pleskei,"(Taczanowski, W, 1890)",Styan's Grasshopper Warbler,Pleske's Grasshopper Warbler
Helopsaltes ochotensis,"(Middendorff, AT, 1853)",Middendorff's Grasshopper Warbler,Middendorff's Grasshopper Warbler
Helopsaltes certhiola,"(Pallas, PS, 1811)",Pallas's Grasshopper Warbler,Pallas's Grasshopper Warbler
Locustella lanceolata,"(Temminck, CJ, 1840)",Lanceolated Warbler,Lanceolated Warbler
Locustella alfredi,"(Hartlaub, KJG, 1890)",Bamboo Warbler,Bamboo Warbler
Locustella fluviatilis,"(Wolf, J, 1810)",River Warbler,River Warbler
Locustella luscinioides,"(Savi, P, 1824)",Savi's Warbler,Savi's Warbler
Locustella luteoventris,"(Hodgson, BH, 1845)",Brown Bush Warbler,Brown Bush Warbler
Locustella tacsanowskia,"Swinhoe, R, 1871",Chinese Bush Warbler,Chinese Bush Warbler
Locustella major,"(Brooks, WE, 1871)",Long-billed Bush Warbler,Long-billed Bush Warbler
Locustella naevia,"(Boddaert, P, 1783)",Common Grasshopper Warbler,Common Grasshopper Warbler
Locustella accentor,"(Sharpe, RB, 1888)",Friendly Bush Warbler,Friendly Bush Warbler
Locustella caudata,"(Ogilvie-Grant, WR, 1895)",Long-tailed Bush Warbler,Long-tailed Bush Warbler
Locustella castanea,"(Büttikofer, J, 1893)",Sulawesi Bush Warbler,Sulawesi Bush Warbler
Locustella musculus,"(Stresemann, EFT, 1914)",Seram Bush Warbler,Seram Bush Warbler
Locustella disturbans,"(Hartert, EJO, 1900)",Buru Bush Warbler,Buru Bush Warbler
Locustella portenta,"Rheindt, FE; Prawiradilaga, DM; Ashari, H; Suparno; Gwee CY; Lee, GWX, 2020",Taliabu Bush Warbler,Taliabu Bush Warbler
Locustella davidi,"(La Touche, JDD, 1923)",Baikal Bush Warbler,Baikal Bush Warbler
Locustella thoracica,"(Blyth, E, 1845)",Spotted Bush Warbler,Spotted Bush Warbler
Locustella kashmirensis,"(Sushkin, PP, 1925)",West Himalayan Bush Warbler,West Himalayan Bush Warbler
Locustella alishanensis,"(Rasmussen, PC; Round, PD; Dickinson, EC; Rozendaal, FG, 2000)",Taiwan Bush Warbler,Taiwan Bush Warbler
Locustella seebohmi,"(Ogilvie-Grant, WR, 1895)",Benguet Bush Warbler,Benguet Bush Warbler
Locustella montis,"(Hartert, EJO, 1896)",Javan Bush Warbler,Javan Bush Warbler
Locustella chengi,"Alström, P; Xia C; Rasmussen, PC; Olsson, U; Dai B; Zhao J; Leader, PJ; Carey, GJ; Dong L; Cai T; Holt, PI; Hung Le Manh; Song G; Liu Yang; Zhang Y; Lei F, 2015",Sichuan Bush Warbler,Sichuan Bush Warbler
Locustella idonea,"(Riley, JH, 1940)",Dalat Bush Warbler,Dalat Bush Warbler
Locustella mandelli,"(Brooks, WE, 1875)",Russet Bush Warbler,Russet Bush Warbler
Elaphrornis palliseri,"(Blyth, E, 1851)",Sri Lanka Bush Warbler,Sri Lanka Bush Warbler
Schoenicola striatus,"(Jerdon, TC, 1841)",Bristled Grassbird,Bristled Grassbird
Schoenicola platyurus,"(Jerdon, TC, 1841)",Broad-tailed Grassbird,Broad-tailed Grassbird
Catriscus brevirostris,"(Sundevall, CJ, 1850)",Fan-tailed Grassbird,Fan-tailed Grassbird
Megalurus palustris,"Horsfield, T, 1821",Striated Grassbird,Striated Grassbird
Bradypterus sylvaticus,"Sundevall, CJ, 1860",Knysna Warbler,Knysna Warbler
Bradypterus bangwaensis,"Delacour, JT, 1943",Bangwa Forest Warbler,Bangwa Warbler
Bradypterus barratti,"Sharpe, RB, 1876",Barratt's Warbler,Barratt's Warbler
Bradypterus lopezi,"(Alexander, B, 1903)",Evergreen Forest Warbler,Evergreen-forest Warbler
Bradypterus cinnamomeus,"(Rüppell, WPES, 1840)",Cinnamon Bracken Warbler,Cinnamon Bracken-Warbler
Bradypterus seebohmi,"(Sharpe, RB, 1879)",Grey Emutail,Gray Emutail
Bradypterus brunneus,"(Sharpe, RB, 1877)",Brown Emutail,Brown Emutail
Bradypterus grandis,"Ogilvie-Grant, WR, 1917",Dja River Scrub Warbler,Dja River Swamp Warbler
Bradypterus baboecala,"(Vieillot, LJP, 1817)",Little Rush Warbler,Little Rush Warbler
Bradypterus carpalis,"Chapin, JP, 1916",White-winged Swamp Warbler,White-winged Swamp Warbler
Bradypterus graueri,"Neumann, OR, 1908",Grauer's Swamp Warbler,Grauer's Swamp Warbler
Bradypterus centralis,"Neumann, OR, 1908",Highland Rush Warbler,Highland Rush Warbler
Poodytes albolimbatus,"d'Albertis, LM; Salvadori, AT, 1879",Fly River Grassbird,Fly River Grassbird
Poodytes carteri,"(North, AJ, 1900)",Spinifexbird,Spinifexbird
Poodytes gramineus,"(Gould, J, 1845)",Little Grassbird,Little Grassbird
Poodytes punctatus,"(Quoy, JRC; Gaimard, JP, 1832)",New Zealand Fernbird,New Zealand Fernbird
Poodytes rufescens,"(Buller, WL, 1869)",Chatham Islands Fernbird,Chatham Islands Fernbird
Malia grata,"Schlegel, H, 1880",Malia,Malia
Cincloramphus cruralis,"(Vigors, NA; Horsfield, T, 1827)",Brown Songlark,Brown Songlark
Cincloramphus grosvenori,"(Gilliard, ET, 1960)",New Britain Thicketbird,Bismarck Thicketbird
Cincloramphus rubiginosus,"(Sclater, PL, 1881)",Rusty Thicketbird,Rusty Thicketbird
Cincloramphus bivittatus,"(Bonaparte, CLJL, 1850)",Buff-banded Thicketbird,Buff-banded Bushbird
Cincloramphus mathewsi,"Iredale, T, 1911",Rufous Songlark,Rufous Songlark
Cincloramphus timoriensis,"(Wallace, AR, 1864)",Tawny Grassbird,Tawny Grassbird
Cincloramphus macrurus,"(Salvadori, AT, 1876)",Papuan Grassbird,Papuan Grassbird
Cincloramphus whitneyi,"(Mayr, E, 1933)",Santo Thicketbird,Santo Thicketbird
Cincloramphus turipavae,"(Cain, AJ; Galbraith, ICJ, 1955)",Guadalcanal Thicketbird,Guadalcanal Thicketbird
Cincloramphus mariae,"(Verreaux, JP, 1869)",New Caledonian Thicketbird,New Caledonian Thicketbird
Cincloramphus rufus,"(Reichenow, A, 1891)",Long-legged Thicketbird,Long-legged Thicketbird
Cincloramphus llaneae,"(Hadden, DW, 1983)",Bougainville Thicketbird,Bougainville Thicketbird
Pnoepyga albiventer,"(Hodgson, BH, 1837)",Scaly-breasted Cupwing,Scaly-breasted Cupwing
Pnoepyga formosana,"Ingram, C, 1909",Taiwan Cupwing,Taiwan Cupwing
Pnoepyga immaculata,"Martens, J; Eck, S, 1991",Nepal Cupwing,Immaculate Cupwing
Pnoepyga pusilla,"Hodgson, BH, 1845",Pygmy Cupwing,Pygmy Cupwing
Pseudochelidon eurystomina,"Hartlaub, KJG, 1861",African River Martin,African River Martin
Pseudochelidon sirintarae,"Thonglongya, K, 1968",White-eyed River Martin,White-eyed River Martin
Psalidoprocne obscura,"(Hartlaub, KJG, 1855)",Fanti Saw-wing,Fanti Sawwing
Psalidoprocne nitens,"(Cassin, J, 1857)",Square-tailed Saw-wing,Square-tailed Sawwing
Psalidoprocne fuliginosa,"Shelley, GE, 1887",Mountain Saw-wing,Mountain Sawwing
Psalidoprocne albiceps,"Sclater, PL, 1864",White-headed Saw-wing,White-headed Sawwing
Psalidoprocne pristoptera,"(Rüppell, WPES, 1840)",Black Saw-wing,Black Sawwing
Cheramoeca leucosterna,"(Gould, J, 1841)",White-backed Swallow,White-backed Swallow
Pseudhirundo griseopyga,"(Sundevall, CJ, 1850)",Grey-rumped Swallow,Gray-rumped Swallow
Phedina borbonica,"(Gmelin, JF, 1789)",Mascarene Martin,Mascarene Martin
Phedinopsis brazzae,"(Oustalet, J-FÉ, 1886)",Brazza's Martin,Brazza's Martin
Neophedina cincta,"(Boddaert, P, 1783)",Banded Martin,Banded Martin
Riparia congica,"(Reichenow, A, 1888)",Congo Martin,Congo Martin
Riparia riparia,"(Linnaeus, C, 1758)",Sand Martin,Bank Swallow
Riparia diluta,"(Sharpe, RB; Wyatt, CW, 1893)",Pale Martin,Pale Martin
Riparia chinensis,"(Gray, JE, 1830)",Grey-throated Martin,Gray-throated Martin
Riparia cowani,"(Sharpe, RB, 1882)",Madagascar Martin,Madagascar Martin
Riparia paludicola,"(Vieillot, LJP, 1817)",Brown-throated Martin,Plain Martin
Tachycineta bicolor,"(Vieillot, LJP, 1808)",Tree Swallow,Tree Swallow
Tachycineta stolzmanni,"(Philippi, RA, 1902)",Tumbes Swallow,Tumbes Swallow
Tachycineta albiventer,"(Boddaert, P, 1783)",White-winged Swallow,White-winged Swallow
Tachycineta leucorrhoa,"(Vieillot, LJP, 1817)",White-rumped Swallow,White-rumped Swallow
Tachycineta leucopyga,"(Meyen, FJF, 1834)",Chilean Swallow,Chilean Swallow
Tachycineta albilinea,"(Lawrence, GN, 1863)",Mangrove Swallow,Mangrove Swallow
Tachycineta euchrysea,"(Gosse, PH, 1847)",Golden Swallow,Golden Swallow
Tachycineta thalassina,"(Swainson, WJ, 1827)",Violet-green Swallow,Violet-green Swallow
Tachycineta cyaneoviridis,"(Bryant, H, 1859)",Bahama Swallow,Bahama Swallow
Progne subis,"(Linnaeus, C, 1758)",Purple Martin,Purple Martin
Progne cryptoleuca,"Baird, SF, 1865",Cuban Martin,Cuban Martin
Progne dominicensis,"(Gmelin, JF, 1789)",Caribbean Martin,Caribbean Martin
Progne sinaloae,"Nelson, EW, 1898",Sinaloa Martin,Sinaloa Martin
Progne chalybea,"(Gmelin, JF, 1789)",Grey-breasted Martin,Gray-breasted Martin
Progne elegans,"Baird, SF, 1865",Southern Martin,Southern Martin
Progne murphyi,"Chapman, FM, 1925",Peruvian Martin,Peruvian Martin
Progne modesta,"Gould, J, 1838",Galapagos Martin,Galapagos Martin
Progne tapera,"(Linnaeus, C, 1766)",Brown-chested Martin,Brown-chested Martin
Stelgidopteryx ruficollis,"(Vieillot, LJP, 1817)",Southern Rough-winged Swallow,Southern Rough-winged Swallow
Stelgidopteryx serripennis,"(Audubon, JJ, 1838)",Northern Rough-winged Swallow,Northern Rough-winged Swallow
Atticora pileata,"Gould, J, 1858",Black-capped Swallow,Black-capped Swallow
Atticora tibialis,"(Cassin, J, 1853)",White-thighed Swallow,White-thighed Swallow
Atticora fasciata,"(Gmelin, JF, 1789)",White-banded Swallow,White-banded Swallow
Pygochelidon melanoleuca,"(Wied-Neuwied, M, 1820)",Black-collared Swallow,Black-collared Swallow
Pygochelidon cyanoleuca,"(Vieillot, LJP, 1817)",Blue-and-white Swallow,Blue-and-white Swallow
Alopochelidon fucata,"(Temminck, CJ, 1822)",Tawny-headed Swallow,Tawny-headed Swallow
Orochelidon flavipes,"(Chapman, FM, 1922)",Pale-footed Swallow,Pale-footed Swallow
Orochelidon murina,"(Cassin, J, 1853)",Brown-bellied Swallow,Brown-bellied Swallow
Orochelidon andecola,"(d'Orbigny, ACVMD; de Lafresnaye, NFAA, 1837)",Andean Swallow,Andean Swallow
Ptyonoprogne fuligula,"(Lichtenstein, MHC, 1842)",Large Rock Martin,Southern Crag-Martin
Ptyonoprogne concolor,"(Sykes, WH, 1832)",Dusky Crag Martin,Dusky Crag-Martin
Ptyonoprogne rupestris,"(Scopoli, GA, 1769)",Eurasian Crag Martin,Eurasian Crag-Martin
Ptyonoprogne rufigula,"(Fischer, GA; Reichenow, A, 1884)",Red-throated Rock Martin,Red-throated Crag-Martin
Ptyonoprogne obsoleta,"(Cabanis, JL, 1851)",Pale Crag Martin,Pale Crag-Martin
Hirundo atrocaerulea,"Sundevall, CJ, 1850",Blue Swallow,Montane Blue Swallow
Hirundo nigrorufa,"Bocage, JVB, 1877",Black-and-rufous Swallow,Black-and-rufous Swallow
Hirundo leucosoma,"Swainson, WJ, 1837",Pied-winged Swallow,Pied-winged Swallow
Hirundo megaensis,"Benson, CW, 1942",White-tailed Swallow,White-tailed Swallow
Hirundo dimidiata,"Sundevall, CJ, 1850",Pearl-breasted Swallow,Pearl-breasted Swallow
Hirundo neoxena,"Gould, J, 1842",Welcome Swallow,Welcome Swallow
Hirundo domicola,"Jerdon, TC, 1841",Hill Swallow,Hill Swallow
Hirundo javanica,"Sparrman, A, 1789",Pacific Swallow,Pacific Swallow
Hirundo tahitica,"Gmelin, JF, 1789",Tahiti Swallow,Tahiti Swallow
Hirundo smithii,"Leach, WE, 1818",Wire-tailed Swallow,Wire-tailed Swallow
Hirundo nigrita,"Gray, GR, 1845",White-bibbed Swallow,White-throated Blue Swallow
Hirundo albigularis,"Strickland, HE, 1849",White-throated Swallow,White-throated Swallow
Hirundo rustica,"Linnaeus, C, 1758",Barn Swallow,Barn Swallow
Hirundo aethiopica,"Blanford, WT, 1869",Ethiopian Swallow,Ethiopian Swallow
Hirundo angolensis,"Bocage, JVB, 1868",Angola Swallow,Angola Swallow
Hirundo lucida,"Hartlaub, KJG, 1858",Red-chested Swallow,Red-chested Swallow
Atronanus fuliginosus,"(Chapin, JP, 1925)",Forest Swallow,Forest Swallow
Delichon urbicum,"(Linnaeus, C, 1758)",Western House Martin,Western House-Martin
Delichon nipalense,"Moore, F, 1854",Nepal House Martin,Nepal House-Martin
Delichon lagopodum,"(Pallas, PS, 1811)",Siberian House Martin,Siberian House-Martin
Delichon dasypus,"(Bonaparte, CLJL, 1850)",Asian House Martin,Asian House-Martin
Cecropis abyssinica,"(Guérin-Méneville, FÉ, 1843)",Lesser Striped Swallow,Lesser Striped Swallow
Cecropis semirufa,"(Sundevall, CJ, 1850)",Red-breasted Swallow,Rufous-chested Swallow
Cecropis cucullata,"(Boddaert, P, 1783)",Greater Striped Swallow,Greater Striped Swallow
Cecropis senegalensis,"(Linnaeus, C, 1766)",Mosque Swallow,Mosque Swallow
Cecropis melanocrissus,"Rüppell, WPES, 1845",African Red-rumped Swallow,African Red-rumped Swallow
Cecropis rufula,"(Temminck, CJ, 1835)",European Red-rumped Swallow,European Red-rumped Swallow
Cecropis hyperythra,"(Blyth, E, 1849)",Sri Lanka Swallow,Sri Lanka Swallow
Cecropis badia,"Cassin, J, 1853",Rufous-bellied Swallow,Rufous-bellied Swallow
Cecropis daurica,"(Laxmann, E, 1769)",Eastern Red-rumped Swallow,Eastern Red-rumped Swallow
Petrochelidon perdita,"(Fry, CH; Smith, DA, 1985)",Red Sea Cliff Swallow,Red Sea Swallow
Petrochelidon spilodera,"(Sundevall, CJ, 1850)",South African Cliff Swallow,South African Swallow
Petrochelidon rufigula,"(Bocage, JVB, 1878)",Red-throated Cliff Swallow,Red-throated Swallow
Petrochelidon preussi,"(Reichenow, A, 1898)",Preuss's Cliff Swallow,Preuss's Swallow
Petrochelidon nigricans,"(Vieillot, LJP, 1817)",Tree Martin,Tree Martin
Petrochelidon ariel,"(Gould, J, 1842)",Fairy Martin,Fairy Martin
Petrochelidon fluvicola,"(Blyth, E, 1855)",Streak-throated Swallow,Streak-throated Swallow
Petrochelidon pyrrhonota,"(Vieillot, LJP, 1817)",American Cliff Swallow,Cliff Swallow
Petrochelidon rufocollaris,"(Peale, TR, 1849)",Chestnut-collared Swallow,Chestnut-collared Swallow
Petrochelidon fulva,"(Vieillot, LJP, 1808)",Cave Swallow,Cave Swallow
Hylia prasina,"(Cassin, J, 1855)",Green Hylia,Green Hylia
Pholidornis rushiae,"(Cassin, J, 1855)",Tit Hylia,Tit-hylia
Leptopoecile elegans,"Przevalski, NM, 1887",Crested Tit-warbler,Crested Tit-Warbler
Leptopoecile sophiae,"Severtsov, NA, 1873",White-browed Tit-warbler,White-browed Tit-Warbler
Psaltriparus minimus,"(Townsend, JK, 1837)",American Bushtit,Bushtit
Aegithalos caudatus,"(Linnaeus, C, 1758)",Long-tailed Tit,Long-tailed Tit
Aegithalos glaucogularis,"(Gould, J, 1855)",Silver-throated Bushtit,Silver-throated Tit
Aegithalos leucogenys,"(Moore, F, 1854)",White-cheeked Bushtit,White-cheeked Tit
Aegithalos exilis,"(Temminck, CJ, 1836)",Pygmy Bushtit,Pygmy Tit
Aegithalos concinnus,"(Gould, J, 1855)",Black-throated Bushtit,Black-throated Tit
Aegithalos niveogularis,"(Gould, J, 1855)",White-throated Bushtit,White-throated Tit
Aegithalos iouschistos,"(Blyth, E, 1845)",Black-browed Bushtit,Black-browed Tit
Aegithalos fuliginosus,"(Verreaux, JP, 1871)",Sooty Bushtit,Sooty Tit
Erythrocercus mccallii,"(Cassin, J, 1855)",Chestnut-capped Flycatcher,Chestnut-capped Flycatcher
Erythrocercus holochlorus,"Erlanger, C, 1901",Little Yellow Flycatcher,Yellow Flycatcher
Erythrocercus livingstonei,"Gray, GR, 1870",Livingstone's Flycatcher,Livingstone's Flycatcher
Scotocerca inquieta,"(Cretzschmar, PJ, 1830)",Streaked Scrub Warbler,Scrub Warbler
Hemitesia neumanni,"(Rothschild, LW, 1908)",Neumann's Warbler,Neumann's Warbler
Hemitesia pallidipes,"(Blanford, WT, 1872)",Pale-footed Bush Warbler,Pale-footed Bush Warbler
Urosphena subulata,"(Sharpe, RB, 1884)",Timor Stubtail,Timor Stubtail
Urosphena whiteheadi,"(Sharpe, RB, 1888)",Bornean Stubtail,Bornean Stubtail
Urosphena squameiceps,"(Swinhoe, R, 1863)",Asian Stubtail,Asian Stubtail
Tesia cyaniventer,"Hodgson, BH, 1837",Grey-bellied Tesia,Gray-bellied Tesia
Tesia olivea,"(McClelland, J, 1840)",Slaty-bellied Tesia,Slaty-bellied Tesia
Tesia superciliaris,"(Bonaparte, CLJL, 1850)",Javan Tesia,Javan Tesia
Tesia everetti,"(Hartert, EJO, 1897)",Russet-capped Tesia,Russet-capped Tesia
Cettia major,"(Moore, F, 1854)",Chestnut-crowned Bush Warbler,Chestnut-crowned Bush Warbler
Cettia brunnifrons,"(Hodgson, BH, 1845)",Grey-sided Bush Warbler,Gray-sided Bush Warbler
Cettia castaneocoronata,"(Burton, E, 1836)",Chestnut-headed Tesia,Chestnut-headed Tesia
Cettia cetti,"(Temminck, CJ, 1820)",Cetti's Warbler,Cetti's Warbler
Abroscopus superciliaris,"(Blyth, E, 1859)",Yellow-bellied Warbler,Yellow-bellied Warbler
Abroscopus albogularis,"(Moore, F, 1854)",Rufous-faced Warbler,Rufous-faced Warbler
Abroscopus schisticeps,"(Gray, JE; Gray, GR, 1847)",Black-faced Warbler,Black-faced Warbler
Phyllergates heterolaemus,"Mearns, EA, 1905",Rufous-headed Tailorbird,Rufous-headed Tailorbird
Phyllergates cucullatus,"(Temminck, CJ, 1836)",Mountain Tailorbird,Mountain Tailorbird
Tickellia hodgsoni,"(Moore, F, 1854)",Broad-billed Warbler,Broad-billed Warbler
Horornis seebohmi,"(Ogilvie-Grant, WR, 1894)",Philippine Bush Warbler,Philippine Bush Warbler
Horornis diphone,"(Kittlitz, FH, 1830)",Japanese Bush Warbler,Japanese Bush Warbler
Horornis canturians,"(Swinhoe, R, 1860)",Manchurian Bush Warbler,Manchurian Bush Warbler
Horornis annae,"(Hartlaub, KJG; Finsch, FHO, 1868)",Palau Bush Warbler,Palau Bush Warbler
Horornis carolinae,"(Rozendaal, FG, 1987)",Tanimbar Bush Warbler,Tanimbar Bush Warbler
Horornis parens,"(Mayr, E, 1935)",Shade Bush Warbler,Shade Warbler
Horornis haddeni,"(LeCroy, MK; Barker, FK, 2006)",Bougainville Bush Warbler,Odedi
Horornis ruficapilla,"(Ramsay, EP, 1875)",Fiji Bush Warbler,Fiji Bush Warbler
Horornis fortipes,"Hodgson, BH, 1845",Brown-flanked Bush Warbler,Brownish-flanked Bush Warbler
Horornis brunnescens,"(Hume, AO, 1872)",Hume's Bush Warbler,Hume's Bush Warbler
Horornis acanthizoides,"(Verreaux, JP, 1871)",Yellow-bellied Bush Warbler,Yellowish-bellied Bush Warbler
Horornis flavolivaceus,"(Blyth, E, 1845)",Aberrant Bush Warbler,Aberrant Bush Warbler
Phylloscopus sibilatrix,"(Bechstein, JM, 1792)",Wood Warbler,Wood Warbler
Phylloscopus bonelli,"(Vieillot, LJP, 1819)",Western Bonelli's Warbler,Western Bonelli's Warbler
Phylloscopus orientalis,"(Brehm, CL, 1855)",Eastern Bonelli's Warbler,Eastern Bonelli's Warbler
Phylloscopus pulcher,"Blyth, E, 1845",Buff-barred Warbler,Buff-barred Warbler
Phylloscopus maculipennis,"(Blyth, E, 1867)",Ashy-throated Warbler,Ashy-throated Warbler
Phylloscopus inornatus,"(Blyth, E, 1842)",Yellow-browed Warbler,Yellow-browed Warbler
Phylloscopus humei,"(Brooks, WE, 1878)",Hume's Leaf Warbler,Hume's Warbler
Phylloscopus subviridis,"(Brooks, WE, 1872)",Brooks's Leaf Warbler,Brooks's Leaf Warbler
Phylloscopus yunnanensis,"La Touche, JDD, 1922",Chinese Leaf Warbler,Chinese Leaf Warbler
Phylloscopus proregulus,"(Pallas, PS, 1811)",Pallas's Leaf Warbler,Pallas's Leaf Warbler
Phylloscopus kansuensis,"Meise, W, 1933",Gansu Leaf Warbler,Gansu Leaf Warbler
Phylloscopus forresti,"Rothschild, LW, 1921",Sichuan Leaf Warbler,Sichuan Leaf Warbler
Phylloscopus chloronotus,"(Gray, JE; Gray, GR, 1847)",Lemon-rumped Warbler,Lemon-rumped Warbler
Phylloscopus tytleri,"Brooks, WE, 1871",Tytler's Leaf Warbler,Tytler's Leaf Warbler
Phylloscopus schwarzi,"(Radde, GFR, 1863)",Radde's Warbler,Radde's Warbler
Phylloscopus armandii,"(Milne-Edwards, A, 1865)",Yellow-streaked Warbler,Yellow-streaked Warbler
Phylloscopus griseolus,"Blyth, E, 1847",Sulphur-bellied Warbler,Sulphur-bellied Warbler
Phylloscopus affinis,"(Tickell, SR, 1833)",Tickell's Leaf Warbler,Tickell's Leaf Warbler
Phylloscopus fuscatus,"(Blyth, E, 1842)",Dusky Warbler,Dusky Warbler
Phylloscopus fuligiventer,"(Hodgson, BH, 1845)",Smoky Warbler,Smoky Warbler
Phylloscopus neglectus,"Hume, AO, 1870",Plain Leaf Warbler,Plain Leaf Warbler
Phylloscopus subaffinis,"Ogilvie-Grant, WR, 1900",Buff-throated Warbler,Buff-throated Warbler
Phylloscopus trochilus,"(Linnaeus, C, 1758)",Willow Warbler,Willow Warbler
Phylloscopus sindianus,"Brooks, WE, 1880",Mountain Chiffchaff,Mountain Chiffchaff
Phylloscopus canariensis,"(Hartwig, W, 1886)",Canary Islands Chiffchaff,Canary Islands Chiffchaff
Phylloscopus ibericus,"Ticehurst, CB, 1937",Iberian Chiffchaff,Iberian Chiffchaff
Phylloscopus collybita,"(Vieillot, LJP, 1817)",Common Chiffchaff,Common Chiffchaff
Phylloscopus coronatus,"(Temminck, CJ; Schlegel, H, 1847)",Eastern Crowned Warbler,Eastern Crowned Warbler
Phylloscopus ijimae,"(Stejneger, LH, 1892)",Ijima's Leaf Warbler,Ijima's Leaf Warbler
Phylloscopus olivaceus,"(Moseley, EL, 1891)",Philippine Leaf Warbler,Philippine Leaf Warbler
Phylloscopus cebuensis,"(Dubois, AJC, 1900)",Lemon-throated Leaf Warbler,Lemon-throated Leaf Warbler
Phylloscopus ruficapilla,"(Sundevall, CJ, 1850)",Yellow-throated Woodland Warbler,Yellow-throated Woodland-Warbler
Phylloscopus umbrovirens,"(Rüppell, WPES, 1840)",Brown Woodland Warbler,Brown Woodland-Warbler
Phylloscopus budongoensis,"(Seth-Smith, D, 1907)",Uganda Woodland Warbler,Uganda Woodland-Warbler
Phylloscopus herberti,"(Alexander, B, 1903)",Black-capped Woodland Warbler,Black-capped Woodland-Warbler
Phylloscopus laetus,"(Sharpe, RB, 1902)",Red-faced Woodland Warbler,Red-faced Woodland-Warbler
Phylloscopus laurae,"(Boulton, WR, 1931)",Laura's Woodland Warbler,Laura's Woodland-Warbler
Phylloscopus burkii,"(Burton, E, 1836)",Green-crowned Warbler,Green-crowned Warbler
Phylloscopus tephrocephalus,"(Anderson, J, 1871)",Grey-crowned Warbler,Gray-crowned Warbler
Phylloscopus poliogenys,"(Blyth, E, 1847)",Grey-cheeked Warbler,Gray-cheeked Warbler
Phylloscopus intermedius,"(La Touche, JDD, 1898)",White-spectacled Warbler,White-spectacled Warbler
Phylloscopus omeiensis,"(Martens, J; Eck, S; Päckert, M; Sun Y, 1999)",Martens's Warbler,Martens's Warbler
Phylloscopus soror,"(Alström, P; Olsson, U, 1999)",Alström's Warbler,Alström's Warbler
Phylloscopus valentini,"(Hartert, EJO, 1907)",Bianchi's Warbler,Bianchi's Warbler
Phylloscopus whistleri,"(Ticehurst, CB, 1925)",Whistler's Warbler,Whistler's Warbler
Phylloscopus emeiensis,"Alström, P; Olsson, U, 1995",Emei Leaf Warbler,Emei Leaf Warbler
Phylloscopus nitidus,"Blyth, E, 1843",Green Warbler,Green Warbler
Phylloscopus plumbeitarsus,"Swinhoe, R, 1861",Two-barred Warbler,Two-barred Warbler
Phylloscopus trochiloides,"(Sundevall, CJ, 1837)",Greenish Warbler,Greenish Warbler
Phylloscopus magnirostris,"Blyth, E, 1843",Large-billed Leaf Warbler,Large-billed Leaf Warbler
Phylloscopus tenellipes,"Swinhoe, R, 1860",Pale-legged Leaf Warbler,Pale-legged Leaf Warbler
Phylloscopus borealoides,"Portenko, LA, 1950",Sakhalin Leaf Warbler,Sakhalin Leaf Warbler
Phylloscopus xanthodryas,"(Swinhoe, R, 1863)",Japanese Leaf Warbler,Japanese Leaf Warbler
Phylloscopus borealis,"(Blasius, JH, 1858)",Arctic Warbler,Arctic Warbler
Phylloscopus examinandus,"Stresemann, EFT, 1913",Kamchatka Leaf Warbler,Kamchatka Leaf Warbler
Phylloscopus castaniceps,"(Hodgson, BH, 1845)",Chestnut-crowned Warbler,Chestnut-crowned Warbler
Phylloscopus grammiceps,"(Strickland, HE, 1849)",Sunda Warbler,Sunda Warbler
Phylloscopus montis,"(Sharpe, RB, 1887)",Yellow-breasted Warbler,Yellow-breasted Warbler
Phylloscopus calciatilis,"Alström, P; Davidson, PJA; Duckworth, JW; Eames, JC; Trai Trong Le; Cu Nguyen; Olsson, U; Robson, CR; Timmins, RJ, 2009",Limestone Leaf Warbler,Limestone Leaf Warbler
Phylloscopus ricketti,"(Slater, HH, 1897)",Sulphur-breasted Warbler,Sulphur-breasted Warbler
Phylloscopus cantator,"(Tickell, SR, 1833)",Yellow-vented Warbler,Yellow-vented Warbler
Phylloscopus occipitalis,"(Blyth, E, 1845)",Western Crowned Warbler,Western Crowned Warbler
Phylloscopus reguloides,"(Blyth, E, 1842)",Blyth's Leaf Warbler,Blyth's Leaf Warbler
Phylloscopus claudiae,"(La Touche, JDD, 1922)",Claudia's Leaf Warbler,Claudia's Leaf Warbler
Phylloscopus goodsoni,"Hartert, EJO, 1910",Hartert's Leaf Warbler,Hartert's Leaf Warbler
Phylloscopus hainanus,"Olsson, U; Alström, P; Colston, PR, 1993",Hainan Leaf Warbler,Hainan Leaf Warbler
Phylloscopus ogilviegranti,"(La Touche, JDD, 1922)",Kloss's Leaf Warbler,Kloss's Leaf Warbler
Phylloscopus intensior,"Deignan, HG, 1956",Davison's Leaf Warbler,Davison's Leaf Warbler
Phylloscopus xanthoschistos,"(Gray, JE; Gray, GR, 1847)",Grey-hooded Warbler,Gray-hooded Warbler
Phylloscopus rotiensis,"Ng, NSR; Prawiradilaga, DM; Ng, EYX; Suparno; Ashari, H; Trainor, CR; Verbelen, P; Rheindt, FE, 2018",Rote Leaf Warbler,Rote Leaf Warbler
Phylloscopus trivirgatus,"Strickland, HE, 1849",Mountain Leaf Warbler,Mountain Leaf Warbler
Phylloscopus presbytes,"(Blyth, E, 1870)",Timor Leaf Warbler,Timor Leaf Warbler
Phylloscopus nigrorum,"(Moseley, EL, 1891)",Negros Leaf Warbler,Negros Leaf Warbler
Phylloscopus sarasinorum,"(Meyer, AB; Wiglesworth, LW, 1896)",Lompobattang Leaf Warbler,Lompobattang Leaf Warbler
Phylloscopus nesophilus,"(Riley, JH, 1918)",Sulawesi Leaf Warbler,Sulawesi Leaf Warbler
Phylloscopus amoenus,"(Hartert, EJO, 1929)",Kolombangara Leaf Warbler,Kolombangara Leaf Warbler
Phylloscopus maforensis,"(Meyer, AB, 1874)",Numfor Leaf Warbler,Numfor Leaf Warbler
Phylloscopus misoriensis,"Meise, W, 1931",Biak Leaf Warbler,Biak Leaf Warbler
Phylloscopus makirensis,"Mayr, E, 1935",Makira Leaf Warbler,Makira Leaf Warbler
Phylloscopus poliocephalus,"(Salvadori, AT, 1876)",Island Leaf Warbler,Island Leaf Warbler
Andropadus importunus,"(Vieillot, LJP, 1818)",Sombre Greenbul,Sombre Greenbul
Calyptocichla serinus,"(Verreaux, JP; Verreaux, JBÉ, 1855)",Golden Greenbul,Golden Greenbul
Stelgidillas gracilirostris,"(Strickland, HE, 1844)",Slender-billed Greenbul,Slender-billed Greenbul
Neolestes torquatus,"Cabanis, JL, 1875",Black-collared Bulbul,Black-collared Bulbul
Bleda syndactylus,"(Swainson, WJ, 1837)",Red-tailed Bristlebill,Red-tailed Bristlebill
Bleda eximius,"(Hartlaub, KJG, 1855)",Green-tailed Bristlebill,Green-tailed Bristlebill
Bleda notatus,"(Cassin, J, 1856)",Yellow-lored Bristlebill,Yellow-lored Bristlebill
Bleda ugandae,"Van Someren, VGL, 1915",Yellow-eyed Bristlebill,Yellow-eyed Bristlebill
Bleda canicapillus,"(Hartlaub, KJG, 1854)",Grey-headed Bristlebill,Gray-headed Bristlebill
Arizelocichla montana,"(Reichenow, A, 1892)",Cameroon Mountain Greenbul,Cameroon Mountain Greenbul
Arizelocichla masukuensis,"(Shelley, GE, 1897)",Shelley's Greenbul,Shelley's Greenbul
Arizelocichla tephrolaema,"(Gray, GR, 1862)",Western Mountain Greenbul,Western Mountain Greenbul
Arizelocichla kikuyuensis,"(Sharpe, RB, 1891)",Kikuyu Mountain Greenbul,Kikuyu Mountain Greenbul
Arizelocichla nigriceps,"(Shelley, GE, 1889)",Black-headed Mountain Greenbul,Black-headed Mountain Greenbul
Arizelocichla neumanni,"Hartert, EJO, 1922",Uluguru Mountain Greenbul,Uluguru Mountain Greenbul
Arizelocichla fusciceps,"(Shelley, GE, 1893)",Black-browed Mountain Greenbul,Black-browed Mountain Greenbul
Arizelocichla striifacies,"(Reichenow, A; Neumann, OR, 1895)",Olive-headed Greenbul,Olive-headed Greenbul
Arizelocichla milanjensis,"(Shelley, GE, 1894)",Stripe-cheeked Greenbul,Stripe-cheeked Greenbul
Arizelocichla chlorigula,"(Reichenow, A, 1899)",Yellow-throated Mountain Greenbul,Yellow-throated Mountain Greenbul
Ixonotus guttatus,"Verreaux, JP; Verreaux, JBÉ, 1851",Spotted Greenbul,Spotted Greenbul
Thescelocichla leucopleura,"(Cassin, J, 1855)",Swamp Palm Bulbul,Swamp Greenbul
Atimastillas flavicollis,"(Swainson, WJ, 1837)",Yellow-gorgeted Greenbul,Yellow-gorgeted Greenbul
Atimastillas flavigula,"(Cabanis, JL, 1880)",Pale-throated Greenbul,Pale-throated Greenbul
Baeopogon clamans,"(Sjöstedt, BY, 1893)",Sjöstedt's Greenbul,Sjöstedt's Greenbul
Baeopogon indicator,"(Verreaux, JP; Verreaux, JBÉ, 1855)",Honeyguide Greenbul,Honeyguide Greenbul
Chlorocichla laetissima,"(Sharpe, RB, 1899)",Joyful Greenbul,Joyful Greenbul
Chlorocichla prigoginei,"De Roo, AEM, 1967",Prigogine's Greenbul,Prigogine's Greenbul
Chlorocichla falkensteini,"(Reichenow, A, 1874)",Falkenstein's Greenbul,Yellow-necked Greenbul
Chlorocichla flaviventris,"(Smith, A, 1834)",Yellow-bellied Greenbul,Yellow-bellied Greenbul
Chlorocichla simplex,"(Hartlaub, KJG, 1855)",Simple Greenbul,Simple Greenbul
Criniger barbatus,"(Temminck, CJ, 1821)",Western Bearded Greenbul,Western Bearded-Greenbul
Criniger chloronotus,"(Cassin, J, 1859)",Eastern Bearded Greenbul,Eastern Bearded-Greenbul
Criniger calurus,"(Cassin, J, 1856)",Red-tailed Greenbul,Red-tailed Greenbul
Criniger ndussumensis,"Reichenow, A, 1904",White-bearded Greenbul,White-bearded Greenbul
Criniger olivaceus,"(Swainson, WJ, 1837)",Yellow-bearded Greenbul,Yellow-bearded Greenbul
Eurillas virens,"(Cassin, J, 1857)",Little Greenbul,Little Greenbul
Eurillas latirostris,"(Strickland, HE, 1844)",Yellow-whiskered Greenbul,Yellow-whiskered Greenbul
Eurillas curvirostris,"(Cassin, J, 1859)",Plain Greenbul,Plain Greenbul
Eurillas gracilis,"(Cabanis, JL, 1880)",Little Grey Greenbul,Gray Greenbul
Eurillas ansorgei,"(Hartert, EJO, 1907)",Ansorge's Greenbul,Ansorge's Greenbul
Phyllastrephus debilis,"(Sclater, WL, 1899)",Lowland Tiny Greenbul,Tiny Greenbul
Phyllastrephus albigula,"(Grote, H, 1919)",Montane Tiny Greenbul,Usambara Greenbul
Phyllastrephus albigularis,"(Sharpe, RB, 1882)",White-throated Greenbul,White-throated Greenbul
Phyllastrephus viridiceps,"Rand, AL, 1955",Angola Greenbul,Angola Greenbul
Phyllastrephus flavostriatus,"(Sharpe, RB, 1876)",Yellow-streaked Greenbul,Yellow-streaked Greenbul
Phyllastrephus xavieri,"(Oustalet, J-FÉ, 1892)",Xavier's Greenbul,Xavier's Greenbul
Phyllastrephus icterinus,"(Bonaparte, CLJL, 1850)",Icterine Greenbul,Icterine Greenbul
Phyllastrephus terrestris,"Swainson, WJ, 1837",Terrestrial Brownbul,Terrestrial Brownbul
Phyllastrephus poensis,"Alexander, B, 1903",Cameroon Olive Greenbul,Cameroon Olive-Greenbul
Phyllastrephus strepitans,"(Reichenow, A, 1879)",Northern Brownbul,Northern Brownbul
Phyllastrephus cerviniventris,"Shelley, GE, 1894",Grey-olive Greenbul,Gray-olive Greenbul
Phyllastrephus fischeri,"(Reichenow, A, 1879)",Fischer's Greenbul,Fischer's Greenbul
Phyllastrephus cabanisi,"(Sharpe, RB, 1882)",Cabanis's Greenbul,Cabanis's Greenbul
Phyllastrephus scandens,"Swainson, WJ, 1837",Leaf-love,Leaf-love
Phyllastrephus lorenzi,"Sassi, M, 1914",Sassi's Olive Greenbul,Sassi's Greenbul
Phyllastrephus poliocephalus,"(Reichenow, A, 1892)",Grey-headed Greenbul,Gray-headed Greenbul
Phyllastrephus hypochloris,"(Jackson, FJ, 1906)",Toro Olive Greenbul,Toro Olive-Greenbul
Phyllastrephus baumanni,"Reichenow, A, 1895",Baumann's Olive Greenbul,Baumann's Greenbul
Phyllastrephus fulviventris,"Cabanis, JL, 1876",Pale-olive Greenbul,Pale-olive Greenbul
Microtarsus eutilotus,"(Jardine, W; Selby, PJ, 1837)",Puff-backed Bulbul,Puff-backed Bulbul
Microtarsus melanoleucos,"Eyton, TC, 1839",Black-and-white Bulbul,Black-and-white Bulbul
Microtarsus urostictus,"(Salvadori, AT, 1870)",Yellow-wattled Bulbul,Yellow-wattled Bulbul
Microtarsus priocephalus,"(Jerdon, TC, 1839)",Grey-headed Bulbul,Gray-headed Bulbul
Microtarsus melanocephalos,"(Gmelin, JF, 1788)",Black-headed Bulbul,Black-headed Bulbul
Microtarsus fuscoflavescens,"(Hume, AO, 1873)",Andaman Bulbul,Andaman Bulbul
Microtarsus nieuwenhuisii,"(Finsch, FHO, 1901)",Blue-wattled Bulbul,Blue-wattled Bulbul
Rubigula erythropthalmos,"(Hume, AO, 1878)",Spectacled Bulbul,Spectacled Bulbul
Rubigula cyaniventris,"(Blyth, E, 1842)",Grey-bellied Bulbul,Gray-bellied Bulbul
Rubigula squamata,"(Temminck, CJ, 1828)",Scaly-breasted Bulbul,Scaly-breasted Bulbul
Rubigula flaviventris,"(Tickell, SR, 1833)",Black-crested Bulbul,Black-crested Bulbul
Rubigula gularis,"(Gould, J, 1836)",Flame-throated Bulbul,Flame-throated Bulbul
Rubigula melanictera,"(Gmelin, JF, 1789)",Black-capped Bulbul,Black-capped Bulbul
Rubigula dispar,"(Horsfield, T, 1821)",Ruby-throated Bulbul,Ruby-throated Bulbul
Rubigula montis,"Sharpe, RB, 1879",Bornean Bulbul,Bornean Bulbul
Nok hualon,"(Woxvold, IA; Duckworth, JW; Timmins, RJ, 2009)",Bare-faced Bulbul,Bare-faced Bulbul
Spizixos semitorques,"Swinhoe, R, 1861",Collared Finchbill,Collared Finchbill
Spizixos canifrons,"Blyth, E, 1845",Crested Finchbill,Crested Finchbill
Pycnonotus tympanistrigus,"(Müller, S, 1836)",Spot-necked Bulbul,Spot-necked Bulbul
Pycnonotus brunneus,"Blyth, E, 1845",Asian Red-eyed Bulbul,Red-eyed Bulbul
Pycnonotus plumosus,"Blyth, E, 1845",Olive-winged Bulbul,Olive-winged Bulbul
Pycnonotus simplex,"Lesson, RP, 1839",Cream-vented Bulbul,Cream-vented Bulbul
Pycnonotus cinereifrons,"(Tweeddale, A, 1878)",Ashy-fronted Bulbul,Ashy-fronted Bulbul
Pycnonotus pseudosimplex,"Shakya, SB; Lim HC; Moyle, RG; Rahman, MA; Lakim, M; Sheldon, FH, 2019",Cream-eyed Bulbul,Cream-eyed Bulbul
Pycnonotus luteolus,"(Lesson, RP, 1841)",White-browed Bulbul,White-browed Bulbul
Pycnonotus davisoni,"(Hume, AO, 1875)",Pale-eyed Bulbul,Pale-eyed Bulbul
Pycnonotus finlaysoni,"Strickland, HE, 1844",Stripe-throated Bulbul,Stripe-throated Bulbul
Pycnonotus zeylanicus,"(Gmelin, JF, 1789)",Straw-headed Bulbul,Straw-headed Bulbul
Pycnonotus blanfordi,"Jerdon, TC, 1862",Ayeyarwady Bulbul,Ayeyarwady Bulbul
Pycnonotus conradi,"(Finsch, FHO, 1873)",Streak-eared Bulbul,Streak-eared Bulbul
Pycnonotus xantholaemus,"(Jerdon, TC, 1845)",Yellow-throated Bulbul,Yellow-throated Bulbul
Pycnonotus flavescens,"Blyth, E, 1845",Flavescent Bulbul,Flavescent Bulbul
Pycnonotus leucops,"(Sharpe, RB, 1888)",Pale-faced Bulbul,Pale-faced Bulbul
Pycnonotus snouckaerti,"Siebers, HC, 1928",Aceh Bulbul,Aceh Bulbul
Pycnonotus bimaculatus,"(Horsfield, T, 1821)",Orange-spotted Bulbul,Orange-spotted Bulbul
Pycnonotus penicillatus,"Blyth, E, 1851",Yellow-eared Bulbul,Yellow-eared Bulbul
Pycnonotus xanthorrhous,"Anderson, J, 1869",Brown-breasted Bulbul,Brown-breasted Bulbul
Pycnonotus taivanus,"Styan, FW, 1893",Styan's Bulbul,Styan's Bulbul
Pycnonotus sinensis,"(Gmelin, JF, 1789)",Light-vented Bulbul,Light-vented Bulbul
Pycnonotus goiavier,"(Scopoli, GA, 1786)",Yellow-vented Bulbul,Yellow-vented Bulbul
Pycnonotus jocosus,"(Linnaeus, C, 1758)",Red-whiskered Bulbul,Red-whiskered Bulbul
Pycnonotus cafer,"(Linnaeus, C, 1766)",Red-vented Bulbul,Red-vented Bulbul
Pycnonotus aurigaster,"(Vieillot, LJP, 1818)",Sooty-headed Bulbul,Sooty-headed Bulbul
Pycnonotus leucogenys,"(Gray, JE, 1835)",Himalayan Bulbul,Himalayan Bulbul
Pycnonotus leucotis,"(Gould, J, 1836)",White-eared Bulbul,White-eared Bulbul
Pycnonotus xanthopygos,"(Hemprich, WF; Ehrenberg, CG, 1833)",White-spectacled Bulbul,White-spectacled Bulbul
Pycnonotus nigricans,"(Vieillot, LJP, 1818)",African Red-eyed Bulbul,Black-fronted Bulbul
Pycnonotus capensis,"(Linnaeus, C, 1766)",Cape Bulbul,Cape Bulbul
Pycnonotus barbatus,"(Desfontaines, RL, 1789)",Common Bulbul,Common Bulbul
Tricholestes criniger,"(Blyth, E, 1845)",Hairy-backed Bulbul,Hairy-backed Bulbul
Setornis criniger,"Lesson, RP, 1839",Hook-billed Bulbul,Hook-billed Bulbul
Alophoixus phaeocephalus,"(Hartlaub, KJG, 1844)",Yellow-bellied Bulbul,Yellow-bellied Bulbul
Alophoixus frater,"(Sharpe, RB, 1877)",Palawan Bulbul,Gray-throated Bulbul
Alophoixus tephrogenys,"(Jardine, W; Selby, PJ, 1833)",Grey-cheeked Bulbul,Gray-cheeked Bulbul
Alophoixus ruficrissus,"(Sharpe, RB, 1879)",Penan Bulbul,Penan Bulbul
Alophoixus bres,"(Lesson, RP, 1832)",Brown-cheeked Bulbul,Brown-cheeked Bulbul
Alophoixus flaveolus,"(Gould, J, 1836)",White-throated Bulbul,White-throated Bulbul
Alophoixus ochraceus,"(Moore, F, 1854)",Ochraceous Bulbul,Ochraceous Bulbul
Alophoixus pallidus,"(Swinhoe, R, 1870)",Puff-throated Bulbul,Puff-throated Bulbul
Alcurus striatus,"(Blyth, E, 1842)",Striated Bulbul,Striated Bulbul
Iole finschii,"(Salvadori, AT, 1871)",Finsch's Bulbul,Finsch's Bulbul
Iole palawanensis,"(Tweeddale, A, 1878)",Sulphur-bellied Bulbul,Sulphur-bellied Bulbul
Iole viridescens,"Blyth, E, 1867",Olive Bulbul,Olive Bulbul
Iole crypta,"Oberholser, HC, 1918",Buff-vented Bulbul,Buff-vented Bulbul
Iole charlottae,"(Finsch, FHO, 1867)",Charlotte's Bulbul,Charlotte's Bulbul
Iole cacharensis,"(Deignan, HG, 1948)",Cachar Bulbul,Cachar Bulbul
Iole propinqua,"(Oustalet, J-FÉ, 1903)",Grey-eyed Bulbul,Gray-eyed Bulbul
Acritillas indica,"(Jerdon, TC, 1839)",Yellow-browed Bulbul,Yellow-browed Bulbul
Hemixos flavala,"Blyth, E, 1845",Ashy Bulbul,Ashy Bulbul
Hemixos cinereus,"(Blyth, E, 1845)",Cinereous Bulbul,Cinereous Bulbul
Hemixos castanonotus,"Swinhoe, R, 1870",Chestnut Bulbul,Chestnut Bulbul
Ixos leucogrammicus,"Müller, S, 1836",Cream-striped Bulbul,Cream-striped Bulbul
Ixos sumatranus,"(Wardlaw-Ramsay, RG, 1882)",Sumatran Bulbul,Sumatran Bulbul
Ixos virescens,"Temminck, CJ, 1825",Javan Bulbul,Javan Bulbul
Ixos malaccensis,"(Blyth, E, 1845)",Streaked Bulbul,Streaked Bulbul
Ixos mcclellandii,"(Horsfield, T, 1840)",Mountain Bulbul,Mountain Bulbul
Hypsipetes nicobariensis,"Moore, F, 1854",Nicobar Bulbul,Nicobar Bulbul
Hypsipetes philippinus,"(Forster, JR, 1795)",Philippine Bulbul,Philippine Bulbul
Hypsipetes mindorensis,"(Steere, JB, 1890)",Mindoro Bulbul,Mindoro Bulbul
Hypsipetes siquijorensis,"(Steere, JB, 1890)",Streak-breasted Bulbul,Streak-breasted Bulbul
Hypsipetes affinis,"(Hombron, JB; Jacquinot, H, 1841)",Seram Golden Bulbul,Seram Golden-Bulbul
Hypsipetes platenae,"(Blasius, W, 1888)",Sangihe Golden Bulbul,Sangihe Golden-Bulbul
Hypsipetes aureus,"(Walden, A, 1872)",Togian Golden Bulbul,Togian Golden-Bulbul
Hypsipetes harterti,"(Stresemann, EFT, 1912)",Banggai Golden Bulbul,Banggai Golden-Bulbul
Hypsipetes longirostris,"(Wallace, AR, 1862)",Sula Golden Bulbul,Sula Golden-Bulbul
Hypsipetes chloris,"(Finsch, FHO, 1867)",Halmahera Golden Bulbul,Halmahera Golden-Bulbul
Hypsipetes lucasi,"(Hartert, EJO, 1903)",Obi Golden Bulbul,Obi Golden-Bulbul
Hypsipetes mysticalis,"(Wallace, AR, 1863)",Buru Golden Bulbul,Buru Golden-Bulbul
Hypsipetes guimarasensis,"(Steere, JB, 1890)",Visayan Bulbul,Visayan Bulbul
Hypsipetes everetti,"(Tweeddale, A, 1877)",Yellowish Bulbul,Yellowish Bulbul
Hypsipetes catarmanensis,"Rand, AL; Rabor, DS, 1969",Camiguin Bulbul,Camiguin Bulbul
Hypsipetes rufigularis,"Sharpe, RB, 1877",Zamboanga Bulbul,Zamboanga Bulbul
Hypsipetes amaurotis,"(Temminck, CJ, 1830)",Brown-eared Bulbul,Brown-eared Bulbul
Hypsipetes borbonicus,"(Pennant, T, 1781)",Reunion Bulbul,Reunion Bulbul
Hypsipetes madagascariensis,"(Müller, PLS, 1776)",Malagasy Bulbul,Malagasy Bulbul
Hypsipetes olivaceus,"Jardine, W; Selby, PJ, 1837",Mauritius Bulbul,Mauritius Bulbul
Hypsipetes thompsoni,"(Bingham, CT, 1900)",White-headed Bulbul,White-headed Bulbul
Hypsipetes leucocephalus,"(Gmelin, JF, 1789)",Black Bulbul,Black Bulbul
Hypsipetes ganeesa,"Sykes, WH, 1832",Square-tailed Bulbul,Square-tailed Bulbul
Hypsipetes parvirostris,"Milne-Edwards, A; Oustalet, J-FÉ, 1885",Grande Comore Bulbul,Grande Comore Bulbul
Hypsipetes moheliensis,"(Benson, CW, 1960)",Moheli Bulbul,Moheli Bulbul
Hypsipetes crassirostris,"Newton, E, 1867",Seychelles Bulbul,Seychelles Bulbul
Sylvia borin,"(Boddaert, P, 1783)",Garden Warbler,Garden Warbler
Sylvia atricapilla,"(Linnaeus, C, 1758)",Eurasian Blackcap,Eurasian Blackcap
Sylvia dohrni,"(Hartlaub, KJG, 1866)",Dohrn's Warbler,Dohrn's Thrush-Babbler
Sylvia galinieri,"(Guérin-Méneville, FÉ, 1843)",Abyssinian Catbird,Abyssinian Catbird
Sylvia nigricapillus,"(Vieillot, LJP, 1818)",Bush Blackcap,Bush Blackcap
Sylvia atriceps,"(Sharpe, RB, 1902)",Rwenzori Hill Babbler,Rwenzori Hill Babbler
Sylvia abyssinica,"(Rüppell, WPES, 1840)",African Hill Babbler,African Hill Babbler
Curruca nisoria,"(Bechstein, JM, 1792)",Barred Warbler,Barred Warbler
Curruca layardi,"(Hartlaub, KJG, 1862)",Layard's Warbler,Layard's Warbler
Curruca boehmi,"(Reichenow, A, 1882)",Banded Parisoma,Banded Parisoma
Curruca subcoerulea,"(Vieillot, LJP, 1817)",Chestnut-vented Warbler,Chestnut-vented Warbler
Curruca curruca,"(Linnaeus, C, 1758)",Lesser Whitethroat,Lesser Whitethroat
Curruca buryi,"(Ogilvie-Grant, WR, 1913)",Yemen Warbler,Yemen Warbler
Curruca lugens,"(Rüppell, WPES, 1840)",Brown Parisoma,Brown Parisoma
Curruca leucomelaena,"Hemprich, WF; Ehrenberg, CG, 1833",Arabian Warbler,Arabian Warbler
Curruca hortensis,"(Gmelin, JF, 1789)",Western Orphean Warbler,Western Orphean Warbler
Curruca crassirostris,"(Cretzschmar, PJ, 1830)",Eastern Orphean Warbler,Eastern Orphean Warbler
Curruca nana,"Hemprich, WF; Ehrenberg, CG, 1833",Asian Desert Warbler,Asian Desert Warbler
Curruca deserti,"(Loche, V, 1858)",African Desert Warbler,African Desert Warbler
Curruca deserticola,"(Tristram, HB, 1859)",Tristram's Warbler,Tristram's Warbler
Curruca mystacea,"(Ménétries, É, 1832)",Menetries's Warbler,Menetries's Warbler
Curruca communis,"(Latham, J, 1787)",Common Whitethroat,Greater Whitethroat
Curruca conspicillata,"(Temminck, CJ, 1820)",Spectacled Warbler,Spectacled Warbler
Curruca sarda,"(Temminck, CJ, 1820)",Marmora's Warbler,Marmora's Warbler
Curruca balearica,"(Jordans, A, 1913)",Balearic Warbler,Balearic Warbler
Curruca undata,"(Boddaert, P, 1783)",Dartford Warbler,Dartford Warbler
Curruca ruppeli,"(Temminck, CJ, 1823)",Rüppell's Warbler,Rüppell's Warbler
Curruca melanothorax,"(Tristram, HB, 1872)",Cyprus Warbler,Cyprus Warbler
Curruca melanocephala,"(Gmelin, JF, 1789)",Sardinian Warbler,Sardinian Warbler
Curruca subalpina,"(Temminck, CJ, 1820)",Moltoni's Warbler,Moltoni's Warbler
Curruca iberiae,"(Svensson, L, 2013)",Western Subalpine Warbler,Western Subalpine Warbler
Curruca cantillans,"(Pallas, PS, 1764)",Eastern Subalpine Warbler,Eastern Subalpine Warbler
Myzornis pyrrhoura,"Blyth, E, 1843",Fire-tailed Myzornis,Fire-tailed Myzornis
Moupinia poecilotis,"(Verreaux, JP, 1871)",Rufous-tailed Babbler,Rufous-tailed Babbler
Lioparus chrysotis,"(Blyth, E, 1845)",Golden-breasted Fulvetta,Golden-breasted Fulvetta
Chrysomma sinense,"(Gmelin, JF, 1789)",Yellow-eyed Babbler,Yellow-eyed Babbler
Chrysomma altirostre,"Jerdon, TC, 1862",Jerdon's Babbler,Jerdon's Babbler
Rhopophilus pekinensis,"(Swinhoe, R, 1868)",Beijing Babbler,Beijing Babbler
Rhopophilus albosuperciliaris,"(Hume, AO, 1871)",Tarim Babbler,Tarim Babbler
Fulvetta ruficapilla,"(Verreaux, JP, 1871)",Spectacled Fulvetta,Spectacled Fulvetta
Fulvetta danisi,"(Delacour, JT; Greenway, JC, 1941)",Indochinese Fulvetta,Indochinese Fulvetta
Fulvetta striaticollis,"(Verreaux, JP, 1871)",Chinese Fulvetta,Chinese Fulvetta
Fulvetta ludlowi,"Kinnear, NB, 1935",Brown-throated Fulvetta,Brown-throated Fulvetta
Fulvetta vinipectus,"(Hodgson, BH, 1837)",White-browed Fulvetta,White-browed Fulvetta
Fulvetta manipurensis,"(Ogilvie-Grant, WR, 1906)",Manipur Fulvetta,Manipur Fulvetta
Fulvetta cinereiceps,"(Verreaux, JP, 1871)",Grey-hooded Fulvetta,Gray-hooded Fulvetta
Fulvetta formosana,"(Ogilvie-Grant, WR, 1906)",Taiwan Fulvetta,Taiwan Fulvetta
Chamaea fasciata,"(Gambel, W, 1845)",Wrentit,Wrentit
Paradoxornis heudei,"David, A, 1874",Reed Parrotbill,Reed Parrotbill
Paradoxornis flavirostris,"Gould, J, 1836",Black-breasted Parrotbill,Black-breasted Parrotbill
Paradoxornis guttaticollis,"David, A, 1871",Spot-breasted Parrotbill,Spot-breasted Parrotbill
Paradoxornis aemodius,"(Hodgson, BH, 1841)",Great Parrotbill,Great Parrotbill
Paradoxornis unicolor,"(Hodgson, BH, 1843)",Brown Parrotbill,Brown Parrotbill
Paradoxornis paradoxus,"Verreaux, JP, 1871",Three-toed Parrotbill,Three-toed Parrotbill
Paradoxornis gularis,"Gray, GR, 1845",Grey-headed Parrotbill,Gray-headed Parrotbill
Paradoxornis margaritae,"(Delacour, JT, 1927)",Black-headed Parrotbill,Black-headed Parrotbill
Paradoxornis ruficeps,"Blyth, E, 1842",White-breasted Parrotbill,White-breasted Parrotbill
Paradoxornis bakeri,"(Hartert, EJO, 1900)",Rufous-headed Parrotbill,Rufous-headed Parrotbill
Suthora przewalskii,"Berezovski, MM; Bianchi, VL, 1891",Przevalski's Parrotbill,Rusty-throated Parrotbill
Suthora davidiana,"Slater, HH, 1897",Short-tailed Parrotbill,Short-tailed Parrotbill
Suthora fulvifrons,"(Hodgson, BH, 1845)",Fulvous Parrotbill,Fulvous Parrotbill
Suthora verreauxi,"Sharpe, RB, 1883",Golden Parrotbill,Golden Parrotbill
Suthora nipalensis,"(Hodgson, BH, 1837)",Black-throated Parrotbill,Black-throated Parrotbill
Suthora atrosuperciliaris,"(Godwin-Austen, HH, 1877)",Pale-billed Parrotbill,Pale-billed Parrotbill
Suthora conspicillata,"David, A, 1871",Spectacled Parrotbill,Spectacled Parrotbill
Suthora zappeyi,"Thayer, JE; Bangs, O, 1912",Grey-hooded Parrotbill,Gray-hooded Parrotbill
Suthora ricketti,"(Rothschild, LW, 1922)",Eye-ringed Parrotbill,Eye-ringed Parrotbill
Suthora brunnea,"Anderson, J, 1871",Brown-winged Parrotbill,Brown-winged Parrotbill
Suthora alphonsiana,"Verreaux, JP, 1871",Ashy-throated Parrotbill,Ashy-throated Parrotbill
Suthora webbiana,"Gould, J, 1852",Vinous-throated Parrotbill,Vinous-throated Parrotbill
Parayuhina diademata,"(Verreaux, JP, 1869)",White-collared Yuhina,White-collared Yuhina
Staphida everetti,"Sharpe, RB, 1887",Chestnut-crested Yuhina,Chestnut-crested Yuhina
Staphida castaniceps,"(Moore, F, 1854)",Striated Yuhina,Striated Yuhina
Staphida torqueola,"(Swinhoe, R, 1870)",Indochinese Yuhina,Indochinese Yuhina
Yuhina nigrimenta,"Blyth, E, 1845",Black-chinned Yuhina,Black-chinned Yuhina
Yuhina brunneiceps,"Ogilvie-Grant, WR, 1906",Taiwan Yuhina,Taiwan Yuhina
Yuhina flavicollis,"Hodgson, BH, 1836",Whiskered Yuhina,Whiskered Yuhina
Yuhina humilis,"(Hume, AO, 1877)",Burmese Yuhina,Burmese Yuhina
Yuhina bakeri,"Rothschild, LW, 1926",White-naped Yuhina,White-naped Yuhina
Yuhina gularis,"Hodgson, BH, 1836",Stripe-throated Yuhina,Stripe-throated Yuhina
Yuhina occipitalis,"Hodgson, BH, 1836",Rufous-vented Yuhina,Rufous-vented Yuhina
Cleptornis marchei,"(Oustalet, J-FÉ, 1889)",Golden White-eye,Golden White-eye
Apalopteron familiare,"(Kittlitz, FH, 1830)",Bonin White-eye,Bonin White-eye
Dasycrotapha speciosa,"Tweeddale, A, 1878",Flame-templed Babbler,Flame-templed Babbler
Dasycrotapha pygmaea,"(Ogilvie-Grant, WR, 1896)",Visayan Pygmy Babbler,Visayan Pygmy-Babbler
Dasycrotapha plateni,"(Blasius, W, 1890)",Mindanao Pygmy Babbler,Mindanao Pygmy-Babbler
Sterrhoptilus capitalis,"(Tweeddale, A, 1877)",Rusty-crowned Babbler,Rusty-crowned Babbler
Sterrhoptilus dennistouni,"(Ogilvie-Grant, WR, 1895)",Golden-crowned Babbler,Golden-crowned Babbler
Sterrhoptilus affinis,"(McGregor, RC, 1907)",Calabarzon Babbler,Calabarzon Babbler
Sterrhoptilus nigrocapitatus,"(Steere, JB, 1890)",Visayan Babbler,Visayan Babbler
Zosterornis hypogrammicus,"(Salomonsen, F, 1961)",Palawan Striped Babbler,Palawan Striped-Babbler
Zosterornis striatus,"Ogilvie-Grant, WR, 1894",Luzon Striped Babbler,Luzon Striped-Babbler
Zosterornis whiteheadi,"Ogilvie-Grant, WR, 1894",Chestnut-faced Babbler,Chestnut-faced Babbler
Zosterornis latistriatus,"(Gonzales, PC; Kennedy, RS, 1990)",Panay Striped Babbler,Panay Striped-Babbler
Zosterornis nigrorum,"(Rand, AL; Rabor, DS, 1952)",Negros Striped Babbler,Negros Striped-Babbler
Megazosterops palauensis,"(Reichenow, A, 1915)",Giant White-eye,Giant White-eye
Heleia javanica,"(Horsfield, T, 1821)",Javan Heleia,Javan Heleia
Heleia pinaiae,"(Stresemann, EFT, 1912)",Grey-hooded Heleia,Gray-hooded Heleia
Heleia squamifrons,"(Sharpe, RB, 1892)",Pygmy Heleia,Pygmy Heleia
Heleia goodfellowi,"(Hartert, EJO, 1903)",Mindanao Heleia,Mindanao Heleia
Heleia squamiceps,"(Hartert, EJO, 1896)",Sulawesi Heleia,Sulawesi Heleia
Heleia superciliaris,"(Hartert, EJO, 1897)",Eyebrowed Heleia,Eyebrowed Heleia
Heleia dohertyi,"(Hartert, EJO, 1896)",Crested Heleia,Dark-crowned Heleia
Heleia muelleri,"Hartlaub, KJG, 1865",Timor Heleia,Timor Heleia
Heleia crassirostris,"(Hartert, EJO, 1897)",Thick-billed Heleia,Flores Heleia
Heleia wallacei,"(Finsch, FHO, 1901)",Yellow-spectacled Heleia,Yellow-spectacled Heleia
Tephrozosterops stalkeri,"(Ogilvie-Grant, WR, 1910)",Rufescent Darkeye,Rufescent White-eye
Rukia ruki,"(Hartert, EJO, 1897)",Teardrop White-eye,Teardrop White-eye
Rukia longirostra,"(Taka-Tsukasa, N; Yamashina, Y, 1931)",Long-billed White-eye,Long-billed White-eye
Zosterops ceylonensis,"Holdsworth, EWH, 1872",Sri Lanka White-eye,Sri Lanka White-eye
Zosterops nigrorum,"Tweeddale, A, 1878",Yellowish White-eye,Yellowish White-eye
Zosterops atricapilla,"Salvadori, AT, 1879",Black-capped White-eye,Black-capped White-eye
Zosterops flavilateralis,"Reichenow, A, 1892",Pale White-eye,Pale White-eye
Zosterops mbuluensis,"Sclater, WL; Moreau, RE, 1935",Mbulu White-eye,Mbulu White-eye
Zosterops erythropleurus,"Swinhoe, R, 1863",Chestnut-flanked White-eye,Chestnut-flanked White-eye
Zosterops simplex,"Swinhoe, R, 1861",Swinhoe's White-eye,Swinhoe's White-eye
Zosterops emiliae,"(Sharpe, RB, 1888)",Mountain Blackeye,Mountain Black-eye
Zosterops japonicus,"Temminck, CJ; Schlegel, H, 1845",Warbling White-eye,Warbling White-eye
Zosterops palpebrosus,"(Temminck, CJ, 1824)",Indian White-eye,Indian White-eye
Zosterops meyeni,"Bonaparte, CLJL, 1850",Lowland White-eye,Lowland White-eye
Zosterops semiflavus,"Newton, E, 1867",Marianne White-eye,Marianne White-eye
Zosterops mouroniensis,"Milne-Edwards, A; Oustalet, J-FÉ, 1885",Karthala White-eye,Comoro White-eye
Zosterops olivaceus,"(Linnaeus, C, 1766)",Reunion Olive White-eye,Reunion White-eye
Zosterops chloronothos,"(Vieillot, LJP, 1817)",Mauritius Olive White-eye,Mauritius White-eye
Zosterops borbonicus,"(Pennant, T, 1781)",Reunion Grey White-eye,Reunion Gray White-eye
Zosterops mauritianus,"(Gmelin, JF, 1789)",Mauritius Grey White-eye,Mauritius Gray White-eye
Zosterops abyssinicus,"Guérin-Méneville, FÉ, 1843",Abyssinian White-eye,Abyssinian White-eye
Zosterops socotranus,"Neumann, OR, 1908",Socotra White-eye,Socotra White-eye
Zosterops melanocephalus,"Gray, GR, 1862",Mount Cameroon Speirops,Cameroon Speirops
Zosterops stenocricotus,"Reichenow, A, 1892",Forest White-eye,Forest White-eye
Zosterops stuhlmanni,"Reichenow, A, 1892",Green White-eye,Green White-eye
Zosterops eurycricotus,"Fischer, GA; Reichenow, A, 1884",Broad-ringed White-eye,Kilimanjaro White-eye
Zosterops brunneus,"(Salvadori, AT, 1903)",Fernando Po Speirops,Bioko Speirops
Zosterops poliogastrus,"Heuglin, MT, 1861",Ethiopian White-eye,Ethiopian White-eye
Zosterops kaffensis,"Neumann, OR, 1902",Kafa White-eye,Kafa White-eye
Zosterops kikuyuensis,"Sharpe, RB, 1891",Kikuyu White-eye,Kikuyu White-eye
Zosterops ficedulinus,"Hartlaub, KJG, 1866",Principe White-eye,Principe White-eye
Zosterops griseovirescens,"Bocage, JVB, 1893",Annobon White-eye,Annobon White-eye
Zosterops feae,"Salvadori, AT, 1901",Sao Tome White-eye,Sao Tome White-eye
Zosterops lugubris,"Hartlaub, KJG, 1848",Black-capped Speirops,Black-capped Speirops
Zosterops leucophaeus,"(Hartlaub, KJG, 1857)",Principe Speirops,Principe Speirops
Zosterops silvanus,"Peters, JL; Loveridge, A, 1935",Taita White-eye,Taita White-eye
Zosterops senegalensis,"Bonaparte, CLJL, 1850",Northern Yellow White-eye,Northern Yellow White-eye
Zosterops kasaicus,"Chapin, JP, 1932",Angola White-eye,Angola White-eye
Zosterops pallidus,"Swainson, WJ, 1838",Orange River White-eye,Orange River White-eye
Zosterops winifredae,"Moreau, RE; Sclater, WL, 1934",South Pare White-eye,South Pare White-eye
Zosterops virens,"Sundevall, CJ, 1850",Cape White-eye,Cape White-eye
Zosterops anderssoni,"Shelley, GE, 1892",Southern Yellow White-eye,Southern Yellow White-eye
Zosterops vaughani,"Bannerman, DA, 1924",Pemba White-eye,Pemba White-eye
Zosterops modestus,"Newton, E, 1867",Seychelles White-eye,Seychelles White-eye
Zosterops maderaspatanus,"(Linnaeus, C, 1766)",Malagasy White-eye,
Zosterops kirki,"Shelley, GE, 1880",Kirk's White-eye,Kirk's White-eye
Zosterops mayottensis,"Schlegel, H, 1867",Mayotte White-eye,Mayotte White-eye
Zosterops chloris,"Bonaparte, CLJL, 1850",Lemon-bellied White-eye,Lemon-bellied White-eye
Zosterops meratusensis,"Irham, M; Haryoko, T; Shakya, SB; Mitchell, SL; Burner, RC; Bocos, C; Eaton, JA; Rheindt, FE; Suparno; Sheldon, FH; Prawiradilaga, DM, 2022",Meratus White-eye,Meratus White-eye
Zosterops flavissimus,"Hartert, EJO, 1903",Wakatobi White-eye,Wakatobi White-eye
Zosterops atrifrons,"Wallace, AR, 1864",Black-crowned White-eye,Black-crowned White-eye
Zosterops nehrkorni,"Blasius, W, 1888",Sangihe White-eye,Sangihe White-eye
Zosterops somadikartai,"Indrawan, M; Rasmussen, PC; Sunarto, 2008",Togian White-eye,Togian White-eye
Zosterops consobrinorum,"Meyer, AB, 1904",Pale-bellied White-eye,Sulawesi White-eye
Zosterops anomalus,"Meyer, AB; Wiglesworth, LW, 1896",Black-ringed White-eye,Black-ringed White-eye
Zosterops minor,"Meyer, AB, 1874",Black-fronted White-eye,Black-fronted White-eye
Zosterops meeki,"Hartert, EJO, 1898",Tagula White-eye,Tagula White-eye
Zosterops dehaani,"van Bemmel, ACV, 1939",Morotai White-eye,Morotai White-eye
Zosterops atriceps,"Gray, GR, 1861",Cream-throated White-eye,Cream-throated White-eye
Zosterops buruensis,"Salvadori, AT, 1878",Buru White-eye,Buru White-eye
Zosterops stalkeri,"Ogilvie-Grant, WR, 1910",Seram White-eye,Seram White-eye
Zosterops flavus,"(Horsfield, T, 1821)",Javan White-eye,Javan White-eye
Zosterops citrinella,"Bonaparte, CLJL, 1850",Ashy-bellied White-eye,Ashy-bellied White-eye
Zosterops luteus,"Gould, J, 1843",Canary White-eye,Australian Yellow White-eye
Zosterops lateralis,"(Latham, J, 1801)",Silvereye,Silvereye
Zosterops paruhbesar,"Irham, M; Prawiradilaga, DM; Menner, JK; O'Connell, DP; Kelly, DJ; Analuddin, K; Karya, A; Meads, M; Marples, NM; Rheindt, FE, 2023",Wangi-wangi White-eye,Wangi-wangi White-eye
Zosterops auriventer,"Hume, AO, 1878",Hume's White-eye,Hume's White-eye
Zosterops melanurus,"Hartlaub, KJG, 1865",Sangkar White-eye,Sangkar White-eye
Zosterops everetti,"Tweeddale, A, 1878",Everett's White-eye,Everett's White-eye
Zosterops vellalavella,"Hartert, EJO, 1908",Vella Lavella White-eye,Banded White-eye
Zosterops sanctaecrucis,"Tristram, HB, 1894",Santa Cruz White-eye,Santa Cruz White-eye
Zosterops fuscicapilla,"Salvadori, AT, 1876",Capped White-eye,Capped White-eye
Zosterops flavifrons,"(Gmelin, JF, 1789)",Vanuatu White-eye,Yellow-fronted White-eye
Zosterops superciliosus,"(North, AJ, 1906)",Bare-eyed White-eye,Bare-eyed White-eye
Zosterops lacertosus,"(Murphy, RC; Mathews, GM, 1929)",Sanford's White-eye,Sanford's White-eye
Zosterops gibbsi,"Dutson, G, 2008",Vanikoro White-eye,Vanikoro White-eye
Zosterops explorator,"Layard, EL, 1875",Fiji White-eye,Fiji White-eye
Zosterops hypoxanthus,"Salvadori, AT, 1881",Bismarck White-eye,Black-headed White-eye
Zosterops mysorensis,"Meyer, AB, 1874",Biak White-eye,Biak White-eye
Zosterops hamlini,"Murphy, RC, 1929",Bougainville White-eye,Bougainville White-eye
Zosterops oblitus,"Hartert, EJO, 1929",Guadalcanal White-eye,Guadalcanal White-eye
Zosterops rendovae,"Tristram, HB, 1882",Makira White-eye,Makira White-eye
Zosterops oleagineus,"Hartlaub, KJG; Finsch, FHO, 1872",Olive-colored White-eye,Yap White-eye
Zosterops finschii,"(Hartlaub, KJG, 1868)",Dusky White-eye,Dusky White-eye
Zosterops ponapensis,"Finsch, FHO, 1876",Grey-brown White-eye,Pohnpei White-eye
Zosterops cinereus,"(Kittlitz, FH, 1832)",Kosrae White-eye,Kosrae White-eye
Zosterops rotensis,"Taka-Tsukasa, N; Yamashina, Y, 1931",Rota White-eye,Rota White-eye
Zosterops metcalfii,"Tristram, HB, 1894",Yellow-throated White-eye,Yellow-throated White-eye
Zosterops stresemanni,"Mayr, E, 1931",Malaita White-eye,Malaita White-eye
Zosterops novaeguineae,"Salvadori, AT, 1878",Papuan White-eye,New Guinea White-eye
Zosterops kuehni,"Hartert, EJO, 1906",Ambon White-eye,Ambon White-eye
Zosterops grayi,"Wallace, AR, 1864",Kai Besar White-eye,Kai Besar White-eye
Zosterops luteirostris,"Hartert, EJO, 1904",Gizo White-eye,Splendid White-eye
Zosterops uropygialis,"Salvadori, AT, 1874",Kai Kecil White-eye,Kai Kecil White-eye
Zosterops splendidus,"Hartert, EJO, 1929",Ranongga White-eye,Ranongga White-eye
Zosterops kulambangrae,"Rothschild, LW; Hartert, EJO, 1901",Solomons White-eye,Solomons White-eye
Zosterops tetiparius,"Murphy, RC, 1929",Dark-eyed White-eye,Dark-eyed White-eye
Zosterops natalis,"(Lister, JJ, 1889)",Christmas White-eye,Christmas Island White-eye
Zosterops conspicillatus,"(Kittlitz, FH, 1833)",Bridled White-eye,Bridled White-eye
Zosterops semperi,"Hartlaub, KJG, 1868",Citrine White-eye,Caroline Islands White-eye
Zosterops hypolais,"Hartlaub, KJG; Finsch, FHO, 1872",Plain White-eye,Plain White-eye
Zosterops griseotinctus,"Gray, GR, 1858",Louisiade White-eye,Louisiade White-eye
Zosterops murphyi,"Hartert, EJO, 1929",Kolombangara White-eye,Kolombangara White-eye
Zosterops inornatus,"Layard, EL, 1878",Large Lifou White-eye,Large Lifou White-eye
Zosterops albogularis,"Gould, J, 1837",White-chested White-eye,White-chested White-eye
Zosterops samoensis,"Murphy, RC; Mathews, GM, 1929",Samoan White-eye,Samoan White-eye
Zosterops strenuus,"Gould, J, 1855",Robust White-eye,Robust White-eye
Zosterops tenuirostris,"Gould, J, 1837",Slender-billed White-eye,Slender-billed White-eye
Zosterops minutus,"Layard, EL, 1878",Small Lifou White-eye,Small Lifou White-eye
Zosterops xanthochroa,"Gray, GR, 1859",Green-backed White-eye,Green-backed White-eye
Zosterops rennellianus,"Murphy, RC, 1929",Rennell White-eye,Rennell White-eye
Timalia pileata,"Horsfield, T, 1821",Chestnut-capped Babbler,Chestnut-capped Babbler
Dumetia hyperythra,"(Franklin, J, 1831)",Tawny-bellied Babbler,Tawny-bellied Babbler
Dumetia atriceps,"(Jerdon, TC, 1839)",Dark-fronted Babbler,Dark-fronted Babbler
Mixornis kelleyi,"Delacour, JT, 1932",Grey-faced Tit-Babbler,Gray-faced Tit-Babbler
Mixornis flavicollis,"Bonaparte, CLJL, 1850",Grey-cheeked Tit-Babbler,Gray-cheeked Tit-Babbler
Mixornis prillwitzi,"Hartert, EJO, 1901",Kangean Tit-Babbler,Kangean Tit-Babbler
Mixornis gularis,"(Horsfield, T, 1822)",Pin-striped Tit-Babbler,Pin-striped Tit-Babbler
Mixornis bornensis,"Bonaparte, CLJL, 1850",Bold-striped Tit-Babbler,Bold-striped Tit-Babbler
Macronus ptilosus,"Jardine, W; Selby, PJ, 1835",Fluffy-backed Tit-Babbler,Fluffy-backed Tit-Babbler
Macronus striaticeps,"Sharpe, RB, 1877",Brown Tit-Babbler,Brown Tit-Babbler
Cyanoderma chrysaeum,"(Blyth, E, 1844)",Golden Babbler,Golden Babbler
Cyanoderma erythropterum,"(Blyth, E, 1842)",Chestnut-winged Babbler,Chestnut-winged Babbler
Cyanoderma bicolor,"(Blyth, E, 1865)",Bicolored Babbler,Gray-hooded Babbler
Cyanoderma melanothorax,"(Temminck, CJ, 1823)",Crescent-chested Babbler,Crescent-chested Babbler
Cyanoderma rufifrons,"(Hume, AO, 1873)",Rufous-fronted Babbler,Rufous-fronted Babbler
Cyanoderma pyrrhops,"(Blyth, E, 1844)",Black-chinned Babbler,Black-chinned Babbler
Cyanoderma ruficeps,"(Blyth, E, 1847)",Rufous-capped Babbler,Rufous-capped Babbler
Spelaeornis caudatus,"(Blyth, E, 1845)",Rufous-throated Wren-Babbler,Rufous-throated Wren-Babbler
Spelaeornis badeigularis,"Ripley, SD, 1948",Mishmi Wren-Babbler,Mishmi Wren-Babbler
Spelaeornis troglodytoides,"(Verreaux, JP, 1871)",Bar-winged Wren-Babbler,Bar-winged Wren-Babbler
Spelaeornis kinneari,"Delacour, JT; Jabouille, P, 1930",Pale-throated Wren-Babbler,Pale-throated Wren-Babbler
Spelaeornis chocolatinus,"(Godwin-Austen, HH; Walden, A, 1875)",Naga Wren-Babbler,Naga Wren-Babbler
Spelaeornis oatesi,"(Rippon, G, 1904)",Chin Hills Wren-Babbler,Chin Hills Wren-Babbler
Spelaeornis longicaudatus,"(Moore, F, 1854)",Tawny-breasted Wren-Babbler,Tawny-breasted Wren-Babbler
Spelaeornis reptatus,"(Bingham, CT, 1903)",Grey-bellied Wren-Babbler,Gray-bellied Wren-Babbler
Melanocichla lugubris,"(Müller, S, 1836)",Black Laughingthrush,Black Laughingthrush
Melanocichla calva,"(Sharpe, RB, 1888)",Bare-headed Laughingthrush,Bare-headed Laughingthrush
Pomatorhinus ferruginosus,"Blyth, E, 1845",Black-crowned Scimitar Babbler,Black-crowned Scimitar-Babbler
Pomatorhinus phayrei,"Blyth, E, 1847",Brown-crowned Scimitar Babbler,Brown-crowned Scimitar-Babbler
Pomatorhinus ochraceiceps,"Walden, A, 1873",Red-billed Scimitar Babbler,Red-billed Scimitar-Babbler
Pomatorhinus superciliaris,"(Blyth, E, 1842)",Slender-billed Scimitar Babbler,Slender-billed Scimitar-Babbler
Pomatorhinus ruficollis,"Hodgson, BH, 1836",Streak-breasted Scimitar Babbler,Streak-breasted Scimitar-Babbler
Pomatorhinus musicus,"Swinhoe, R, 1859",Taiwan Scimitar Babbler,Taiwan Scimitar-Babbler
Pomatorhinus schisticeps,"Hodgson, BH, 1836",White-browed Scimitar Babbler,White-browed Scimitar-Babbler
Pomatorhinus horsfieldii,"Sykes, WH, 1832",Indian Scimitar Babbler,Indian Scimitar-Babbler
Pomatorhinus melanurus,"Blyth, E, 1847",Sri Lanka Scimitar Babbler,Sri Lanka Scimitar-Babbler
Pomatorhinus bornensis,"Cabanis, JL, 1851",Sunda Scimitar Babbler,Sunda Scimitar-Babbler
Pomatorhinus montanus,"Horsfield, T, 1821",Javan Scimitar Babbler,Javan Scimitar-Babbler
Erythrogenys hypoleucos,"(Blyth, E, 1844)",Large Scimitar Babbler,Large Scimitar-Babbler
Erythrogenys erythrogenys,"(Vigors, NA, 1831)",Rusty-cheeked Scimitar Babbler,Rusty-cheeked Scimitar-Babbler
Erythrogenys imberbis,"(Salvadori, AT, 1889)",Red-eyed Scimitar Babbler,Red-eyed Scimitar-Babbler
Erythrogenys mcclellandi,"(Godwin-Austen, HH, 1870)",Spot-breasted Scimitar Babbler,Spot-breasted Scimitar-Babbler
Erythrogenys gravivox,"(David, A, 1873)",Black-streaked Scimitar Babbler,Black-streaked Scimitar-Babbler
Erythrogenys swinhoei,"(David, A, 1874)",Grey-sided Scimitar Babbler,Gray-sided Scimitar-Babbler
Erythrogenys erythrocnemis,"(Gould, J, 1863)",Black-necklaced Scimitar Babbler,Black-necklaced Scimitar-Babbler
Stachyris nigricollis,"(Temminck, CJ, 1836)",Black-throated Babbler,Black-throated Babbler
Stachyris grammiceps,"(Temminck, CJ, 1828)",White-breasted Babbler,White-breasted Babbler
Stachyris maculata,"(Temminck, CJ, 1836)",Chestnut-rumped Babbler,Chestnut-rumped Babbler
Stachyris nigriceps,"Blyth, E, 1844",Grey-throated Babbler,Gray-throated Babbler
Stachyris poliocephala,"(Temminck, CJ, 1836)",Grey-headed Babbler,Gray-headed Babbler
Stachyris nonggangensis,"Zhou F; Jiang A, 2008",Nonggang Babbler,Nonggang Babbler
Stachyris herberti,"(Baker, ECS, 1920)",Sooty Babbler,Sooty Babbler
Stachyris humei,"(Mandelli, LH, 1873)",Sikkim Wedge-billed Babbler,Sikkim Wedge-billed Babbler
Stachyris roberti,"(Godwin-Austen, HH; Walden, A, 1875)",Cachar Wedge-billed Babbler,Cachar Wedge-billed Babbler
Stachyris leucotis,"(Strickland, HE, 1848)",White-necked Babbler,White-necked Babbler
Stachyris thoracica,"(Temminck, CJ, 1821)",White-bibbed Babbler,White-bibbed Babbler
Stachyris oglei,"(Godwin-Austen, HH, 1877)",Snowy-throated Babbler,Snowy-throated Babbler
Stachyris strialata,"(Müller, S, 1836)",Spot-necked Babbler,Spot-necked Babbler
Graminicola bengalensis,"Jerdon, TC, 1863",Indian Grassbird,Indian Grassbird
Graminicola striatus,"Styan, FW, 1892",Chinese Grassbird,Chinese Grassbird
Turdinus macrodactylus,"(Strickland, HE, 1844)",Large Wren-Babbler,Large Wren-Babbler
Turdinus marmoratus,"Wardlaw-Ramsay, RG, 1880",Marbled Wren-Babbler,Marbled Wren-Babbler
Turdinus atrigularis,"(Bonaparte, CLJL, 1850)",Black-throated Wren-Babbler,Black-throated Wren-Babbler
Malacopteron affine,"(Blyth, E, 1842)",Sooty-capped Babbler,Sooty-capped Babbler
Malacopteron albogulare,"(Blyth, E, 1844)",Grey-breasted Babbler,Gray-breasted Babbler
Malacopteron cinereum,"Eyton, TC, 1839",Scaly-crowned Babbler,Scaly-crowned Babbler
Malacopteron magnum,"Eyton, TC, 1839",Rufous-crowned Babbler,Rufous-crowned Babbler
Malacopteron magnirostre,"(Moore, F, 1854)",Moustached Babbler,Moustached Babbler
Malacopteron palawanense,"Büttikofer, J, 1895",Melodious Babbler,Palawan Babbler
Gampsorhynchus rufulus,"Blyth, E, 1844",White-hooded Babbler,White-hooded Babbler
Gampsorhynchus torquatus,"Hume, AO, 1874",Collared Babbler,Collared Babbler
Schoeniparus cinereus,"(Blyth, E, 1847)",Yellow-throated Fulvetta,Yellow-throated Fulvetta
Schoeniparus castaneceps,"(Hodgson, BH, 1837)",Rufous-winged Fulvetta,Rufous-winged Fulvetta
Schoeniparus klossi,"(Delacour, JT; Jabouille, P, 1931)",Black-crowned Fulvetta,Black-crowned Fulvetta
Schoeniparus variegaticeps,"(Yen KY, 1932)",Golden-fronted Fulvetta,Gold-fronted Fulvetta
Schoeniparus rufogularis,"(Mandelli, LH, 1873)",Rufous-throated Fulvetta,Rufous-throated Fulvetta
Schoeniparus dubius,"(Hume, AO, 1874)",Rusty-capped Fulvetta,Rusty-capped Fulvetta
Schoeniparus brunneus,"(Gould, J, 1863)",Dusky Fulvetta,Dusky Fulvetta
Pellorneum ruficeps,"Swainson, WJ, 1832",Puff-throated Babbler,Puff-throated Babbler
Pellorneum fuscocapillus,"(Blyth, E, 1849)",Brown-capped Babbler,Brown-capped Babbler
Pellorneum palustre,"Gould, J, 1872",Marsh Babbler,Marsh Babbler
Pellorneum nigrocapitatum,"(Eyton, TC, 1839)",Malayan Black-capped Babbler,Malayan Black-capped Babbler
Pellorneum capistratoides,"(Strickland, HE, 1849)",Bornean Black-capped Babbler,Bornean Black-capped Babbler
Pellorneum capistratum,"(Temminck, CJ, 1823)",Javan Black-capped Babbler,Javan Black-capped Babbler
Pellorneum malaccense,"(Hartlaub, KJG, 1844)",Short-tailed Babbler,Short-tailed Babbler
Pellorneum cinereiceps,"(Tweeddale, A, 1878)",Ashy-headed Babbler,Ashy-headed Babbler
Pellorneum albiventre,"(Godwin-Austen, HH, 1877)",Spot-throated Babbler,Spot-throated Babbler
Pellorneum tickelli,"Blyth, E, 1859",Buff-breasted Babbler,Buff-breasted Babbler
Pellorneum buettikoferi,"(Vorderman, AG, 1892)",Sumatran Babbler,Sumatran Babbler
Pellorneum pyrrogenys,"(Temminck, CJ, 1827)",Temminck's Babbler,Temminck's Babbler
Pellorneum rostratum,"(Blyth, E, 1842)",White-chested Babbler,White-chested Babbler
Pellorneum bicolor,"(Lesson, RP, 1839)",Ferruginous Babbler,Ferruginous Babbler
Pellorneum celebense,"(Strickland, HE, 1849)",Sulawesi Babbler,Sulawesi Babbler
Laticilla cinerascens,"(Walden, A, 1874)",Swamp Grass Babbler,Swamp Grass Babbler
Laticilla burnesii,"(Blyth, E, 1844)",Rufous-vented Grass Babbler,Rufous-vented Grass Babbler
Illadopsis fulvescens,"(Cassin, J, 1859)",Brown Illadopsis,Brown Illadopsis
Illadopsis rufipennis,"(Sharpe, RB, 1872)",Pale-breasted Illadopsis,Pale-breasted Illadopsis
Illadopsis distans,"(Friedmann, H, 1928)",Tanzanian Illadopsis,Tanzanian Illadopsis
Illadopsis pyrrhoptera,"(Reichenow, A; Neumann, OR, 1895)",Mountain Illadopsis,Mountain Illadopsis
Illadopsis cleaveri,"(Shelley, GE, 1874)",Blackcap Illadopsis,Blackcap Illadopsis
Illadopsis albipectus,"(Reichenow, A, 1888)",Scaly-breasted Illadopsis,Scaly-breasted Illadopsis
Illadopsis turdina,"(Hartlaub, KJG, 1883)",Spotted Thrush-Babbler,Thrush Babbler
Illadopsis puveli,"(Salvadori, AT, 1901)",Puvel's Illadopsis,Puvel's Illadopsis
Illadopsis rufescens,"(Reichenow, A, 1878)",Rufous-winged Illadopsis,Rufous-winged Illadopsis
Kenopia striata,"(Blyth, E, 1842)",Striped Wren-Babbler,Striped Wren-Babbler
Ptilocichla mindanensis,"(Blasius, W, 1890)",Striated Wren-Babbler,Striated Wren-Babbler
Ptilocichla leucogrammica,"(Bonaparte, CLJL, 1850)",Bornean Wren-Babbler,Bornean Wren-Babbler
Ptilocichla falcata,"Sharpe, RB, 1877",Falcated Wren-Babbler,Falcated Wren-Babbler
Napothera epilepidota,"(Temminck, CJ, 1828)",Eyebrowed Wren-Babbler,Eyebrowed Wren-Babbler
Napothera malacoptila,"(Blyth, E, 1847)",Long-billed Wren-Babbler,Long-billed Wren-Babbler
Napothera albostriata,"(Salvadori, AT, 1879)",Sumatran Wren-Babbler,Sumatran Wren-Babbler
Napothera pasquieri,"(Delacour, JT; Jabouille, P, 1930)",White-throated Wren-Babbler,White-throated Wren-Babbler
Napothera naungmungensis,"(Rappole, JH; Renner, SC; Nay Myo Shwe; Sweet, PR, 2005)",Naung Mung Scimitar Babbler,Naung Mung Scimitar-Babbler
Napothera danjoui,"(Robinson, HC; Kloss, CB, 1919)",Short-tailed Scimitar Babbler,Short-tailed Scimitar-Babbler
Malacocincla abbotti,"Blyth, E, 1845",Abbott's Babbler,Abbott's Babbler
Malacocincla sepiaria,"(Horsfield, T, 1821)",Horsfield's Babbler,Horsfield's Babbler
Malacocincla perspicillata,"(Bonaparte, CLJL, 1850)",Black-browed Babbler,Black-browed Babbler
Gypsophila crassa,"(Sharpe, RB, 1888)",Mountain Wren-Babbler,Mountain Wren-Babbler
Gypsophila brevicaudata,"(Blyth, E, 1855)",Streaked Wren-Babbler,Streaked Wren-Babbler
Gypsophila annamensis,"(Delacour, JT; Jabouille, P, 1928)",Annam Limestone Babbler,Annam Limestone Babbler
Gypsophila calcicola,"(Deignan, HG, 1939)",Rufous Limestone Babbler,Rufous Limestone Babbler
Gypsophila crispifrons,"(Blyth, E, 1855)",Variable Limestone Babbler,Variable Limestone Babbler
Gypsophila rufipectus,"(Salvadori, AT, 1879)",Rusty-breasted Wren-Babbler,Rusty-breasted Wren-Babbler
Alcippe poioicephala,"(Jerdon, TC, 1841)",Brown-cheeked Fulvetta,Brown-cheeked Fulvetta
Alcippe grotei,"Delacour, JT, 1936",Black-browed Fulvetta,Black-browed Fulvetta
Alcippe brunneicauda,"(Salvadori, AT, 1879)",Brown Fulvetta,Brown Fulvetta
Alcippe pyrrhoptera,"(Bonaparte, CLJL, 1850)",Javan Fulvetta,Javan Fulvetta
Alcippe nipalensis,"(Hodgson, BH, 1837)",Nepal Fulvetta,Nepal Fulvetta
Alcippe davidi,"Styan, FW, 1896",David's Fulvetta,David's Fulvetta
Alcippe hueti,"David, A, 1874",Huet's Fulvetta,Huet's Fulvetta
Alcippe morrisonia,"Swinhoe, R, 1863",Grey-cheeked Fulvetta,Morrison's Fulvetta
Alcippe fratercula,"Rippon, G, 1900",Yunnan Fulvetta,Yunnan Fulvetta
Alcippe peracensis,"Sharpe, RB, 1887",Mountain Fulvetta,Mountain Fulvetta
Grammatoptila striata,"(Vigors, NA, 1831)",Striated Laughingthrush,Striated Laughingthrush
Laniellus albonotatus,"(Lesson, RP, 1832)",Spotted Crocias,Spotted Crocias
Laniellus langbianis,"(Gyldenstolpe, NCGF, 1939)",Grey-crowned Crocias,Gray-crowned Crocias
Cutia legalleni,"Robinson, HC; Kloss, CB, 1919",Vietnamese Cutia,Vietnamese Cutia
Cutia nipalensis,"Hodgson, BH, 1837",Himalayan Cutia,Himalayan Cutia
Trochalopteron subunicolor,"Blyth, E, 1843",Scaly Laughingthrush,Scaly Laughingthrush
Trochalopteron austeni,"Godwin-Austen, HH, 1870",Brown-capped Laughingthrush,Brown-capped Laughingthrush
Trochalopteron squamatum,"(Gould, J, 1835)",Blue-winged Laughingthrush,Blue-winged Laughingthrush
Trochalopteron lineatum,"(Vigors, NA, 1831)",Streaked Laughingthrush,Streaked Laughingthrush
Trochalopteron imbricatum,"(Blyth, E, 1843)",Bhutan Laughingthrush,Bhutan Laughingthrush
Trochalopteron virgatum,"Godwin-Austen, HH, 1874",Striped Laughingthrush,Striped Laughingthrush
Trochalopteron variegatum,"(Vigors, NA, 1831)",Variegated Laughingthrush,Variegated Laughingthrush
Trochalopteron affine,"(Blyth, E, 1843)",Black-faced Laughingthrush,Black-faced Laughingthrush
Trochalopteron morrisonianum,"Ogilvie-Grant, WR, 1906",White-whiskered Laughingthrush,White-whiskered Laughingthrush
Trochalopteron henrici,"Oustalet, J-FÉ, 1892",Brown-cheeked Laughingthrush,Prince Henry's Laughingthrush
Trochalopteron elliotii,"Verreaux, JP, 1871",Elliot's Laughingthrush,Elliot's Laughingthrush
Trochalopteron milnei,"David, A, 1874",Red-tailed Laughingthrush,Red-tailed Laughingthrush
Trochalopteron yersini,"Robinson, HC; Kloss, CB, 1919",Collared Laughingthrush,Collared Laughingthrush
Trochalopteron erythrocephalum,"(Vigors, NA, 1832)",Chestnut-crowned Laughingthrush,Chestnut-crowned Laughingthrush
Trochalopteron chrysopterum,"(Gould, J, 1835)",Assam Laughingthrush,Assam Laughingthrush
Trochalopteron formosum,"Verreaux, JP, 1869",Red-winged Laughingthrush,Red-winged Laughingthrush
Trochalopteron melanostigma,"(Blyth, E, 1855)",Silver-eared Laughingthrush,Silver-eared Laughingthrush
Trochalopteron ngoclinhense,"(Eames, JC; Trai Trong Le; Cu Nguyen, 1999)",Golden-winged Laughingthrush,Golden-winged Laughingthrush
Trochalopteron peninsulae,"Sharpe, RB, 1887",Malayan Laughingthrush,Malayan Laughingthrush
Montecincla jerdoni,"(Blyth, E, 1851)",Banasura Laughingthrush,Banasura Laughingthrush
Montecincla cachinnans,"(Jerdon, TC, 1839)",Nilgiri Laughingthrush,Nilgiri Laughingthrush
Montecincla fairbanki,"(Blanford, WT, 1869)",Palani Laughingthrush,Palani Laughingthrush
Montecincla meridionalis,"(Blanford, WT, 1880)",Ashambu Laughingthrush,Ashambu Laughingthrush
Heterophasia picaoides,"(Hodgson, BH, 1839)",Long-tailed Sibia,Long-tailed Sibia
Heterophasia auricularis,"(Swinhoe, R, 1864)",White-eared Sibia,White-eared Sibia
Heterophasia capistrata,"(Vigors, NA, 1831)",Rufous Sibia,Rufous Sibia
Heterophasia pulchella,"(Godwin-Austen, HH, 1874)",Beautiful Sibia,Beautiful Sibia
Heterophasia gracilis,"(Horsfield, T, 1840)",Grey Sibia,Gray Sibia
Heterophasia melanoleuca,"(Blyth, E, 1859)",Dark-backed Sibia,Black-backed Sibia
Heterophasia desgodinsi,"(David, A; Oustalet, J-FÉ, 1877)",Black-headed Sibia,Black-headed Sibia
Actinodura nipalensis,"(Hodgson, BH, 1836)",Hoary-throated Barwing,Hoary-throated Barwing
Actinodura morrisoniana,"Ogilvie-Grant, WR, 1906",Taiwan Barwing,Taiwan Barwing
Actinodura waldeni,"Godwin-Austen, HH, 1874",Streak-throated Barwing,Streak-throated Barwing
Actinodura souliei,"Oustalet, J-FÉ, 1897",Streaked Barwing,Streaked Barwing
Actinodura cyanouroptera,"(Hodgson, BH, 1837)",Blue-winged Minla,Blue-winged Minla
Actinodura strigula,"(Hodgson, BH, 1837)",Bar-throated Minla,Chestnut-tailed Minla
Actinodura egertoni,"Gould, J, 1836",Rusty-fronted Barwing,Rusty-fronted Barwing
Actinodura ramsayi,"Walden, A, 1875",Spectacled Barwing,Spectacled Barwing
Actinodura sodangorum,"Eames, JC; Trai Trong Le; Cu Nguyen; Eve, R, 1998",Black-crowned Barwing,Black-crowned Barwing
Leiothrix lutea,"(Scopoli, GA, 1786)",Red-billed Leiothrix,Red-billed Leiothrix
Leiothrix argentauris,"(Hodgson, BH, 1837)",Silver-eared Mesia,Silver-eared Mesia
Minla ignotincta,"Hodgson, BH, 1837",Red-tailed Minla,Red-tailed Minla
Leioptila annectens,"Blyth, E, 1847",Rufous-backed Sibia,Rufous-backed Sibia
Liocichla bugunorum,"Athreya, R, 2006",Bugun Liocichla,Bugun Liocichla
Liocichla omeiensis,"Riley, JH, 1926",Emei Shan Liocichla,Emei Shan Liocichla
Liocichla steerii,"Swinhoe, R, 1877",Taiwan Liocichla,Taiwan Liocichla
Liocichla phoenicea,"(Gould, J, 1837)",Red-faced Liocichla,Red-faced Liocichla
Liocichla ripponi,"(Oates, EW, 1900)",Scarlet-faced Liocichla,Scarlet-faced Liocichla
Argya malcolmi,"(Sykes, WH, 1832)",Large Grey Babbler,Large Gray Babbler
Argya cinereifrons,"(Blyth, E, 1851)",Ashy-headed Laughingthrush,Ashy-headed Laughingthrush
Argya longirostris,"(Moore, F, 1854)",Slender-billed Babbler,Slender-billed Babbler
Argya subrufa,"(Jerdon, TC, 1839)",Rufous Babbler,Rufous Babbler
Argya rufescens,"(Blyth, E, 1847)",Orange-billed Babbler,Orange-billed Babbler
Argya affinis,"(Jerdon, TC, 1845)",Yellow-billed Babbler,Yellow-billed Babbler
Argya striata,"(Dumont, CHF, 1823)",Jungle Babbler,Jungle Babbler
Argya rubiginosa,"(Rüppell, WPES, 1845)",Rufous Chatterer,Rufous Chatterer
Argya aylmeri,"Shelley, GE, 1885",Scaly Chatterer,Scaly Chatterer
Argya altirostris,"(Hartert, EJO, 1909)",Iraq Babbler,Iraq Babbler
Argya caudata,"(Dumont, CHF, 1823)",Common Babbler,Common Babbler
Argya huttoni,"(Blyth, E, 1847)",Afghan Babbler,Afghan Babbler
Argya gularis,"(Blyth, E, 1855)",White-throated Babbler,White-throated Babbler
Argya earlei,"(Blyth, E, 1844)",Striated Babbler,Striated Babbler
Argya squamiceps,"(Cretzschmar, PJ, 1827)",Arabian Babbler,Arabian Babbler
Argya fulva,"(Desfontaines, RL, 1789)",Fulvous Babbler,Fulvous Chatterer
Turdoides nipalensis,"(Hodgson, BH, 1836)",Spiny Babbler,Spiny Babbler
Turdoides atripennis,"(Swainson, WJ, 1837)",Capuchin Babbler,Capuchin Babbler
Turdoides gilberti,"(Serle, W, 1949)",White-throated Mountain Babbler,White-throated Mountain-Babbler
Turdoides chapini,"(Schouteden, H, 1949)",Chapin's Babbler,Chapin's Mountain-Babbler
Turdoides rufocinctus,"(Rothschild, LW, 1908)",Red-collared Babbler,Red-collared Mountain-Babbler
Turdoides plebejus,"(Cretzschmar, PJ, 1828)",Brown Babbler,Brown Babbler
Turdoides leucopygia,"(Rüppell, WPES, 1837)",White-rumped Babbler,White-rumped Babbler
Turdoides hindei,"(Sharpe, RB, 1900)",Hinde's Babbler,Hinde's Pied-Babbler
Turdoides squamulata,"(Shelley, GE, 1884)",Scaly Babbler,Scaly Babbler
Turdoides jardineii,"(Smith, A, 1836)",Arrow-marked Babbler,Arrow-marked Babbler
Turdoides gymnogenys,"(Hartlaub, KJG, 1865)",Bare-cheeked Babbler,Bare-cheeked Babbler
Turdoides leucocephala,"Cretzschmar, PJ, 1826",White-headed Babbler,Cretzschmar's Babbler
Turdoides reinwardtii,"(Swainson, WJ, 1831)",Blackcap Babbler,Blackcap Babbler
Turdoides tenebrosa,"(Hartlaub, KJG, 1883)",Dusky Babbler,Dusky Babbler
Turdoides bicolor,"(Jardine, W, 1831)",Southern Pied Babbler,Southern Pied-Babbler
Turdoides hartlaubii,"(Bocage, JVB, 1868)",Hartlaub's Babbler,Hartlaub's Babbler
Turdoides sharpei,"(Reichenow, A, 1891)",Black-lored Babbler,Black-lored Babbler
Turdoides melanops,"(Hartlaub, KJG, 1867)",Black-faced Babbler,Black-faced Babbler
Turdoides hypoleuca,"(Cabanis, JL, 1878)",Northern Pied Babbler,Northern Pied-Babbler
Garrulax merulinus,"Blyth, E, 1851",Spot-breasted Laughingthrush,Spot-breasted Laughingthrush
Garrulax annamensis,"(Robinson, HC; Kloss, CB, 1919)",Orange-breasted Laughingthrush,Orange-breasted Laughingthrush
Garrulax canorus,"(Linnaeus, C, 1758)",Chinese Hwamei,Chinese Hwamei
Garrulax taewanus,"Swinhoe, R, 1859",Taiwan Hwamei,Taiwan Hwamei
Garrulax monileger,"(Hodgson, BH, 1836)",Lesser Necklaced Laughingthrush,Lesser Necklaced Laughingthrush
Garrulax rufifrons,"Lesson, RP, 1831",Rufous-fronted Laughingthrush,Rufous-fronted Laughingthrush
Garrulax palliatus,"(Bonaparte, CLJL, 1850)",Sunda Laughingthrush,Sunda Laughingthrush
Garrulax leucolophus,"(Hardwicke, T, 1816)",White-crested Laughingthrush,White-crested Laughingthrush
Garrulax bicolor,"Hartlaub, KJG, 1844",Sumatran Laughingthrush,Sumatran Laughingthrush
Garrulax milleti,"Robinson, HC; Kloss, CB, 1919",Black-hooded Laughingthrush,Black-hooded Laughingthrush
Garrulax strepitans,"Blyth, E, 1855",White-necked Laughingthrush,White-necked Laughingthrush
Garrulax ferrarius,"Riley, JH, 1930",Cambodian Laughingthrush,Cambodian Laughingthrush
Garrulax maesi,"(Oustalet, J-FÉ, 1890)",Grey Laughingthrush,Gray Laughingthrush
Garrulax castanotis,"(Ogilvie-Grant, WR, 1899)",Rufous-cheeked Laughingthrush,Rufous-cheeked Laughingthrush
Ianthocincla sukatschewi,"(Berezovski, MM; Bianchi, VL, 1891)",Snowy-cheeked Laughingthrush,Snowy-cheeked Laughingthrush
Ianthocincla rufogularis,"Gould, J, 1835",Rufous-chinned Laughingthrush,Rufous-chinned Laughingthrush
Ianthocincla konkakinhensis,"(Eames, JC; Eames, C, 2001)",Chestnut-eared Laughingthrush,Chestnut-eared Laughingthrush
Ianthocincla cineracea,"(Godwin-Austen, HH, 1874)",Moustached Laughingthrush,Moustached Laughingthrush
Ianthocincla ocellata,"(Vigors, NA, 1831)",Spotted Laughingthrush,Spotted Laughingthrush
Ianthocincla maxima,"(Verreaux, JP, 1871)",Giant Laughingthrush,Giant Laughingthrush
Ianthocincla bieti,"Oustalet, J-FÉ, 1897",White-speckled Laughingthrush,Biet's Laughingthrush
Ianthocincla lunulata,"Verreaux, JP, 1871",Barred Laughingthrush,Barred Laughingthrush
Pterorhinus delesserti,"(Jerdon, TC, 1839)",Wayanad Laughingthrush,Wayanad Laughingthrush
Pterorhinus gularis,"(McClelland, J, 1840)",Rufous-vented Laughingthrush,Rufous-vented Laughingthrush
Pterorhinus vassali,"(Ogilvie-Grant, WR, 1906)",White-cheeked Laughingthrush,White-cheeked Laughingthrush
Pterorhinus galbanus,"(Godwin-Austen, HH, 1874)",Yellow-throated Laughingthrush,Yellow-throated Laughingthrush
Pterorhinus courtoisi,"(Ménégaux, HA, 1923)",Blue-crowned Laughingthrush,Blue-crowned Laughingthrush
Pterorhinus mitratus,"(Müller, S, 1836)",Chestnut-capped Laughingthrush,Chestnut-capped Laughingthrush
Pterorhinus treacheri,"(Sharpe, RB, 1879)",Chestnut-hooded Laughingthrush,Chestnut-hooded Laughingthrush
Pterorhinus ruficollis,"(Jardine, W; Selby, PJ, 1838)",Rufous-necked Laughingthrush,Rufous-necked Laughingthrush
Pterorhinus nuchalis,"(Godwin-Austen, HH, 1876)",Chestnut-backed Laughingthrush,Chestnut-backed Laughingthrush
Pterorhinus chinensis,"(Scopoli, GA, 1786)",Black-throated Laughingthrush,Black-throated Laughingthrush
Pterorhinus sannio,"(Swinhoe, R, 1867)",White-browed Laughingthrush,White-browed Laughingthrush
Pterorhinus perspicillatus,"(Gmelin, JF, 1789)",Masked Laughingthrush,Masked Laughingthrush
Pterorhinus pectoralis,"(Gould, J, 1836)",Greater Necklaced Laughingthrush,Greater Necklaced Laughingthrush
Pterorhinus davidi,"Swinhoe, R, 1868",Plain Laughingthrush,Pere David's Laughingthrush
Pterorhinus woodi,"(Finn, F, 1902)",Mount Victoria Babax,Mount Victoria Babax
Pterorhinus lanceolatus,"Verreaux, JP, 1871",Chinese Babax,Chinese Babax
Pterorhinus waddelli,"(Dresser, HE, 1905)",Giant Babax,Giant Babax
Pterorhinus koslowi,"(Bianchi, VL, 1905)",Tibetan Babax,Tibetan Babax
Pterorhinus albogularis,"(Gould, J, 1836)",White-throated Laughingthrush,White-throated Laughingthrush
Pterorhinus ruficeps,"(Gould, J, 1863)",Rufous-crowned Laughingthrush,Rufous-crowned Laughingthrush
Pterorhinus caerulatus,"(Hodgson, BH, 1836)",Grey-sided Laughingthrush,Gray-sided Laughingthrush
Pterorhinus berthemyi,"(Oustalet, J-FÉ, 1876)",Buffy Laughingthrush,Buffy Laughingthrush
Pterorhinus poecilorhynchus,"(Gould, J, 1863)",Rusty Laughingthrush,Rusty Laughingthrush
Dulus dominicus,"(Linnaeus, C, 1766)",Palmchat,Palmchat
Bombycilla cedrorum,"Vieillot, LJP, 1808",Cedar Waxwing,Cedar Waxwing
Bombycilla japonica,"(Siebold, H, 1824)",Japanese Waxwing,Japanese Waxwing
Bombycilla garrulus,"(Linnaeus, C, 1758)",Bohemian Waxwing,Bohemian Waxwing
Phainoptila melanoxantha,"Salvin, O, 1877",Black-and-yellow Phainoptila,Black-and-yellow Silky-flycatcher
Phainopepla nitens,"(Swainson, WJ, 1838)",Phainopepla,Phainopepla
Ptiliogonys caudatus,"Cabanis, JL, 1861",Long-tailed Silky-flycatcher,Long-tailed Silky-flycatcher
Ptiliogonys cinereus,"Swainson, WJ, 1827",Grey Silky-flycatcher,Gray Silky-flycatcher
Hylocitrea bonensis,"(Meyer, AB; Wiglesworth, LW, 1894)",Hylocitrea,Hylocitrea
Hypocolius ampelinus,"Bonaparte, CLJL, 1850",Grey Hypocolius,Hypocolius
Chaetoptila angustipluma,"(Peale, TR, 1849)",Kioea,Kioea
Moho braccatus,"Cassin, J, 1855",Kauai Oo,Kauai Oo
Moho apicalis,"Gould, J, 1861",Oahu Oo,Oahu Oo
Moho bishopi,"(Rothschild, LW, 1893)",Bishop's Oo,Bishop's Oo
Moho nobilis,"(Merrem, B, 1786)",Hawaii Oo,Hawaii Oo
Corthylio calendula,"(Linnaeus, C, 1766)",Ruby-crowned Kinglet,Ruby-crowned Kinglet
Regulus madeirensis,"Harcourt, EWV, 1851",Madeira Firecrest,Madeira Firecrest
Regulus ignicapilla,"(Temminck, CJ, 1820)",Common Firecrest,Common Firecrest
Regulus satrapa,"Lichtenstein, MHC, 1823",Golden-crowned Kinglet,Golden-crowned Kinglet
Regulus goodfellowi,"Ogilvie-Grant, WR, 1906",Flamecrest,Flamecrest
Regulus regulus,"(Linnaeus, C, 1758)",Goldcrest,Goldcrest
Tichodroma muraria,"(Linnaeus, C, 1766)",Wallcreeper,Wallcreeper
Sitta leucopsis,"Gould, J, 1850",White-cheeked Nuthatch,White-cheeked Nuthatch
Sitta przewalskii,"Berezovski, MM; Bianchi, VL, 1891",Przevalski's Nuthatch,Przevalski's Nuthatch
Sitta magna,"Wardlaw-Ramsay, RG, 1876",Giant Nuthatch,Giant Nuthatch
Sitta carolinensis,"Latham, J, 1790",White-breasted Nuthatch,White-breasted Nuthatch
Sitta formosa,"Blyth, E, 1843",Beautiful Nuthatch,Beautiful Nuthatch
Sitta azurea,"Lesson, RP, 1830",Blue Nuthatch,Blue Nuthatch
Sitta frontalis,"Swainson, WJ, 1820",Velvet-fronted Nuthatch,Velvet-fronted Nuthatch
Sitta solangiae,"(Delacour, JT; Jabouille, P, 1930)",Yellow-billed Nuthatch,Yellow-billed Nuthatch
Sitta oenochlamys,"(Sharpe, RB, 1877)",Sulphur-billed Nuthatch,Sulphur-billed Nuthatch
Sitta pygmaea,"Vigors, NA, 1839",Pygmy Nuthatch,Pygmy Nuthatch
Sitta pusilla,"Latham, J, 1790",Brown-headed Nuthatch,Brown-headed Nuthatch
Sitta insularis,"Bond, J, 1931",Bahama Nuthatch,Bahama Nuthatch
Sitta yunnanensis,"Ogilvie-Grant, WR, 1900",Yunnan Nuthatch,Yunnan Nuthatch
Sitta krueperi,"Pelzeln, A, 1863",Krüper's Nuthatch,Krüper's Nuthatch
Sitta ledanti,"Vielliard, JME, 1976",Algerian Nuthatch,Algerian Nuthatch
Sitta canadensis,"Linnaeus, C, 1766",Red-breasted Nuthatch,Red-breasted Nuthatch
Sitta whiteheadi,"Sharpe, RB, 1884",Corsican Nuthatch,Corsican Nuthatch
Sitta villosa,"Verreaux, JP, 1865",Chinese Nuthatch,Snowy-browed Nuthatch
Sitta neumayer,"Michahelles, K, 1830",Western Rock Nuthatch,Western Rock Nuthatch
Sitta tephronota,"Sharpe, RB, 1872",Eastern Rock Nuthatch,Eastern Rock Nuthatch
Sitta arctica,"Buturlin, SA, 1907",Siberian Nuthatch,Siberian Nuthatch
Sitta himalayensis,"Jardine, W; Selby, PJ, 1835",White-tailed Nuthatch,White-tailed Nuthatch
Sitta victoriae,"Rippon, G, 1904",White-browed Nuthatch,White-browed Nuthatch
Sitta europaea,"Linnaeus, C, 1758",Eurasian Nuthatch,Eurasian Nuthatch
Sitta nagaensis,"Godwin-Austen, HH, 1874",Chestnut-vented Nuthatch,Chestnut-vented Nuthatch
Sitta cashmirensis,"Brooks, WE, 1871",Kashmir Nuthatch,Kashmir Nuthatch
Sitta castanea,"Lesson, RP, 1830",Indian Nuthatch,Indian Nuthatch
Sitta neglecta,"Walden, A, 1870",Burmese Nuthatch,Burmese Nuthatch
Sitta cinnamoventris,"Blyth, E, 1842",Chestnut-bellied Nuthatch,Chestnut-bellied Nuthatch
Salpornis spilonota,"(Franklin, J, 1831)",Indian Spotted Creeper,Indian Spotted Creeper
Salpornis salvadori,"(Bocage, JVB, 1878)",African Spotted Creeper,African Spotted Creeper
Certhia hodgsoni,"Brooks, WE, 1871",Hodgson's Treecreeper,Hodgson's Treecreeper
Certhia familiaris,"Linnaeus, C, 1758",Eurasian Treecreeper,Eurasian Treecreeper
Certhia brachydactyla,"Brehm, CL, 1820",Short-toed Treecreeper,Short-toed Treecreeper
Certhia americana,"Bonaparte, CLJL, 1838",Brown Creeper,Brown Creeper
Certhia himalayana,"Vigors, NA, 1832",Bar-tailed Treecreeper,Bar-tailed Treecreeper
Certhia nipalensis,"Blyth, E, 1845",Rusty-flanked Treecreeper,Rusty-flanked Treecreeper
Certhia tianquanensis,"Li G, 1995",Sichuan Treecreeper,Sichuan Treecreeper
Certhia discolor,"Blyth, E, 1845",Sikkim Treecreeper,Sikkim Treecreeper
Certhia manipurensis,"Hume, AO, 1881",Hume's Treecreeper,Hume's Treecreeper
Microbates collaris,"(Pelzeln, A, 1868)",Collared Gnatwren,Collared Gnatwren
Microbates cinereiventris,"(Sclater, PL, 1855)",Tawny-faced Gnatwren,Tawny-faced Gnatwren
Ramphocaenus sticturus,"Hellmayr, CE, 1902",Chattering Gnatwren,Chattering Gnatwren
Ramphocaenus melanurus,"Vieillot, LJP, 1819",Trilling Gnatwren,Long-billed Gnatwren
Polioptila guianensis,"Todd, WEC, 1920",Guianan Gnatcatcher,Guianan Gnatcatcher
Polioptila schistaceigula,"Hartert, EJO, 1898",Slate-throated Gnatcatcher,Slate-throated Gnatcatcher
Polioptila clementsi,"Whitney, BM; Álvarez A, J, 2005",Iquitos Gnatcatcher,Iquitos Gnatcatcher
Polioptila paraensis,"Todd, WEC, 1937",Para Gnatcatcher,
Polioptila dumicola,"(Vieillot, LJP, 1817)",Masked Gnatcatcher,Masked Gnatcatcher
Polioptila lactea,"Sharpe, RB, 1885",Creamy-bellied Gnatcatcher,Creamy-bellied Gnatcatcher
Polioptila lembeyei,"(Gundlach, JC, 1858)",Cuban Gnatcatcher,Cuban Gnatcatcher
Polioptila plumbea,"(Gmelin, JF, 1788)",Tropical Gnatcatcher,Tropical Gnatcatcher
Polioptila maior,"Hellmayr, CE, 1900",Maranon Gnatcatcher,Marañon Gnatcatcher
Polioptila albiventris,"Lawrence, GN, 1885",Yucatan Gnatcatcher,Yucatan Gnatcatcher
Polioptila bilineata,"(Bonaparte, CLJL, 1850)",White-browed Gnatcatcher,White-browed Gnatcatcher
Polioptila caerulea,"(Linnaeus, C, 1766)",Blue-grey Gnatcatcher,Blue-gray Gnatcatcher
Polioptila melanura,"Lawrence, GN, 1856",Black-tailed Gnatcatcher,Black-tailed Gnatcatcher
Polioptila californica,"Brewster, W, 1881",California Gnatcatcher,California Gnatcatcher
Polioptila nigriceps,"Baird, SF, 1864",Black-capped Gnatcatcher,Black-capped Gnatcatcher
Polioptila albiloris,"Sclater, PL; Salvin, O, 1860",White-lored Gnatcatcher,White-lored Gnatcatcher
Salpinctes obsoletus,"(Say, T, 1822)",Rock Wren,Rock Wren
Catherpes mexicanus,"(Swainson, WJ, 1829)",Canyon Wren,Canyon Wren
Hylorchilus sumichrasti,"(Lawrence, GN, 1871)",Sumichrast's Wren,Sumichrast's Wren
Hylorchilus navai,"Crossin, RS; Ely, CA, 1973",Nava's Wren,Nava's Wren
Microcerculus philomela,"(Salvin, O, 1861)",Northern Nightingale-Wren,Nightingale Wren
Microcerculus marginatus,"(Sclater, PL, 1855)",Southern Nightingale-Wren,Scaly-breasted Wren
Microcerculus ustulatus,"Salvin, O; Godman, FD, 1883",Flutist Wren,Flutist Wren
Microcerculus bambla,"(Boddaert, P, 1783)",Wing-banded Wren,Wing-banded Wren
Thryothorus ludovicianus,"(Latham, J, 1790)",Carolina Wren,Carolina Wren
Thryomanes bewickii,"(Audubon, JJ, 1827)",Bewick's Wren,Bewick's Wren
Campylorhynchus albobrunneus,"(Lawrence, GN, 1862)",White-headed Wren,White-headed Wren
Campylorhynchus zonatus,"(Lesson, RP, 1832)",Band-backed Wren,Band-backed Wren
Campylorhynchus megalopterus,"de Lafresnaye, NFAA, 1845",Grey-barred Wren,Gray-barred Wren
Campylorhynchus chiapensis,"Salvin, O; Godman, FD, 1891",Giant Wren,Giant Wren
Campylorhynchus humilis,"Sclater, PL, 1857",Russet-naped Wren,Russet-naped Wren
Campylorhynchus rufinucha,"(Lesson, RP, 1838)",Veracruz Wren,Veracruz Wren
Campylorhynchus capistratus,"(Lesson, RP, 1842)",Rufous-backed Wren,Rufous-backed Wren
Campylorhynchus gularis,"Sclater, PL, 1861",Spotted Wren,Spotted Wren
Campylorhynchus jocosus,"Sclater, PL, 1860",Boucard's Wren,Boucard's Wren
Campylorhynchus yucatanicus,"(Hellmayr, CE, 1934)",Yucatan Wren,Yucatan Wren
Campylorhynchus brunneicapillus,"(de Lafresnaye, NFAA, 1835)",Cactus Wren,Cactus Wren
Campylorhynchus nuchalis,"Cabanis, JL, 1847",Stripe-backed Wren,Stripe-backed Wren
Campylorhynchus fasciatus,"(Swainson, WJ, 1838)",Fasciated Wren,Fasciated Wren
Campylorhynchus griseus,"(Swainson, WJ, 1838)",Bicolored Wren,Bicolored Wren
Campylorhynchus turdinus,"(Wied-Neuwied, M, 1821)",Thrush-like Wren,Thrush-like Wren
Cistothorus stellaris,"(Naumann, JF, 1823)",Sedge Wren,Sedge Wren
Cistothorus platensis,"(Latham, J, 1790)",Grass Wren,Grass Wren
Cistothorus meridae,"Hellmayr, CE, 1907",Merida Wren,Merida Wren
Cistothorus apolinari,"Chapman, FM, 1914",Apolinar's Wren,Apolinar's Wren
Cistothorus palustris,"(Wilson, A, 1810)",Marsh Wren,Marsh Wren
Ferminia cerverai,"Barbour, T, 1926",Zapata Wren,Zapata Wren
Thryorchilus browni,"(Bangs, O, 1902)",Timberline Wren,Timberline Wren
Troglodytes aedon,"Vieillot, LJP, 1809",Northern House Wren,Northern House Wren
Troglodytes beani,"Ridgway, R, 1885",Cozumel Wren,Cozumel Wren
Troglodytes martinicensis,"(Sclater, PL, 1866)",Kalinago Wren,Kalinago Wren
Troglodytes mesoleucus,"(Sclater, PL, 1876)",St. Lucia Wren,St. Lucia Wren
Troglodytes musicus,"(Lawrence, GN, 1878)",St. Vincent Wren,St. Vincent Wren
Troglodytes grenadensis,"(Lawrence, GN, 1878)",Grenada Wren,Grenada Wren
Troglodytes musculus,"Naumann, JF, 1823",Southern House Wren,Southern House Wren
Troglodytes cobbi,"Chubb, C, 1909",Cobb's Wren,Cobb's Wren
Troglodytes sissonii,"(Grayson, AJ, 1868)",Socorro Wren,Socorro Wren
Troglodytes tanneri,"Townsend, CH, 1890",Clarion Wren,Clarion Wren
Troglodytes rufociliatus,"Sharpe, RB, 1882",Rufous-browed Wren,Rufous-browed Wren
Troglodytes ochraceus,"Ridgway, R, 1882",Ochraceous Wren,Ochraceous Wren
Troglodytes solstitialis,"Sclater, PL, 1859",Mountain Wren,Mountain Wren
Troglodytes monticola,"Bangs, O, 1899",Santa Marta Wren,Santa Marta Wren
Troglodytes rufulus,"Cabanis, JL, 1849",Tepui Wren,Tepui Wren
Troglodytes troglodytes,"(Linnaeus, C, 1758)",Eurasian Wren,Eurasian Wren
Troglodytes pacificus,"Baird, SF, 1864",Pacific Wren,Pacific Wren
Troglodytes hiemalis,"Vieillot, LJP, 1819",Winter Wren,Winter Wren
Odontorchilus cinereus,"(Pelzeln, A, 1868)",Tooth-billed Wren,Tooth-billed Wren
Odontorchilus branickii,"(Taczanowski, W; Berlepsch, HHCL, 1885)",Grey-mantled Wren,Gray-mantled Wren
Uropsila leucogastra,"(Gould, J, 1837)",White-bellied Wren,White-bellied Wren
Pheugopedius spadix,"Bangs, O, 1910",Sooty-headed Wren,Sooty-headed Wren
Pheugopedius fasciatoventris,"(de Lafresnaye, NFAA, 1845)",Black-bellied Wren,Black-bellied Wren
Pheugopedius euophrys,"(Sclater, PL, 1860)",Plain-tailed Wren,Plain-tailed Wren
Pheugopedius schulenbergi,"(Parker, TA; O'Neill, JP, 1985)",Grey-browed Wren,Gray-browed Wren
Pheugopedius eisenmanni,"(Parker, TA; O'Neill, JP, 1985)",Inca Wren,Inca Wren
Pheugopedius mystacalis,"(Sclater, PL, 1860)",Whiskered Wren,Whiskered Wren
Pheugopedius genibarbis,"(Swainson, WJ, 1838)",Moustached Wren,Moustached Wren
Pheugopedius coraya,"(Gmelin, JF, 1789)",Coraya Wren,Coraya Wren
Pheugopedius rutilus,"(Vieillot, LJP, 1819)",Rufous-breasted Wren,Rufous-breasted Wren
Pheugopedius maculipectus,"(de Lafresnaye, NFAA, 1845)",Spot-breasted Wren,Spot-breasted Wren
Pheugopedius sclateri,"(Taczanowski, W, 1879)",Speckle-breasted Wren,Speckle-breasted Wren
Pheugopedius felix,"(Sclater, PL, 1860)",Happy Wren,Happy Wren
Pheugopedius atrogularis,"(Salvin, O, 1865)",Black-throated Wren,Black-throated Wren
Cinnycerthia unirufa,"(de Lafresnaye, NFAA, 1840)",Rufous Wren,Rufous Wren
Cinnycerthia olivascens,"Sharpe, RB, 1882",Sepia-brown Wren,Sharpe's Wren
Cinnycerthia peruana,"(Cabanis, JL, 1873)",Peruvian Wren,Peruvian Wren
Cinnycerthia fulva,"(Sclater, PL, 1874)",Fulvous Wren,Fulvous Wren
Cantorchilus thoracicus,"(Salvin, O, 1865)",Stripe-breasted Wren,Stripe-breasted Wren
Cantorchilus leucopogon,"(Salvadori, AT; Festa, E, 1899)",Stripe-throated Wren,Stripe-throated Wren
Cantorchilus modestus,"(Cabanis, JL, 1861)",Cabanis's Wren,Cabanis's Wren
Cantorchilus zeledoni,"(Ridgway, R, 1878)",Canebrake Wren,Canebrake Wren
Cantorchilus elutus,"(Bangs, O, 1902)",Isthmian Wren,Isthmian Wren
Cantorchilus semibadius,"(Salvin, O, 1870)",Riverside Wren,Riverside Wren
Cantorchilus nigricapillus,"(Sclater, PL, 1860)",Bay Wren,Bay Wren
Cantorchilus superciliaris,"(Lawrence, GN, 1869)",Superciliated Wren,Superciliated Wren
Cantorchilus leucotis,"(de Lafresnaye, NFAA, 1845)",Buff-breasted Wren,Buff-breasted Wren
Cantorchilus longirostris,"(Vieillot, LJP, 1819)",Long-billed Wren,Long-billed Wren
Cantorchilus guarayanus,"(d'Orbigny, ACVMD; de Lafresnaye, NFAA, 1837)",Fawn-breasted Wren,Fawn-breasted Wren
Cantorchilus griseus,"(Todd, WEC, 1925)",Grey Wren,Gray Wren
Henicorhina leucosticta,"(Cabanis, JL, 1847)",White-breasted Wood Wren,White-breasted Wood-Wren
Henicorhina leucoptera,"Fitzpatrick, JW; Terborgh, JW; Willard, DE, 1977",Bar-winged Wood Wren,Bar-winged Wood-Wren
Henicorhina leucophrys,"(Tschudi, JJ, 1844)",Grey-breasted Wood Wren,Gray-breasted Wood-Wren
Henicorhina anachoreta,"Bangs, O, 1899",Hermit Wood Wren,Hermit Wood-Wren
Henicorhina negreti,"Salaman, PGW; Coopmans, P; Donegan, TM; Mulligan, M; Cortés D, A; Hilty, SL; Ortega, LA, 2003",Munchique Wood Wren,Munchique Wood-Wren
Cyphorhinus dichrous,"Sclater, PL; Salvin, O, 1879",Northern Chestnut-breasted Wren,Northern Chestnut-breasted Wren
Cyphorhinus thoracicus,"Tschudi, JJ, 1844",Southern Chestnut-breasted Wren,Southern Chestnut-breasted Wren
Cyphorhinus phaeocephalus,"Sclater, PL, 1860",Song Wren,Song Wren
Cyphorhinus arada,"(Hermann, J, 1783)",Musician Wren,Musician Wren
Thryophilus sinaloa,"Baird, SF, 1864",Sinaloa Wren,Sinaloa Wren
Thryophilus pleurostictus,"Sclater, PL, 1860",Banded Wren,Banded Wren
Thryophilus rufalbus,"de Lafresnaye, NFAA, 1845",Rufous-and-white Wren,Rufous-and-white Wren
Thryophilus sernai,"Lara, CE; Cuervo, AM; Valderrama, SV; Calderón-Franco, D; Cadena, CD, 2012",Antioquia Wren,Antioquia Wren
Thryophilus nicefori,"Meyer de Schauensee, R, 1946",Niceforo's Wren,Niceforo's Wren
Elachura formosa,"(Walden, A, 1874)",Spotted Elachura,Spotted Elachura
Buphagus erythroryncha,"(Stanley, ES, 1814)",Red-billed Oxpecker,Red-billed Oxpecker
Buphagus africanus,"Linnaeus, C, 1766",Yellow-billed Oxpecker,Yellow-billed Oxpecker
Melanotis hypoleucus,"Hartlaub, KJG, 1852",Blue-and-white Mockingbird,Blue-and-white Mockingbird
Melanotis caerulescens,"(Swainson, WJ, 1827)",Blue Mockingbird,Blue Mockingbird
Melanoptila glabrirostris,"Sclater, PL, 1858",Black Catbird,Black Catbird
Dumetella carolinensis,"(Linnaeus, C, 1766)",Grey Catbird,Gray Catbird
Ramphocinclus brachyurus,"(Vieillot, LJP, 1818)",Martinique Thrasher,Martinique Thrasher
Ramphocinclus sanctaeluciae,"Cory, CB, 1887",St. Lucia Thrasher,St. Lucia Thrasher
Allenia fusca,"(Müller, PLS, 1776)",Scaly-breasted Thrasher,Scaly-breasted Thrasher
Margarops fuscatus,"(Vieillot, LJP, 1808)",Pearly-eyed Thrasher,Pearly-eyed Thrasher
Cinclocerthia gutturalis,"(de Lafresnaye, NFAA, 1843)",Grey Trembler,Gray Trembler
Cinclocerthia ruficauda,"(Gould, J, 1836)",Brown Trembler,Brown Trembler
Toxostoma curvirostre,"(Swainson, WJ, 1827)",Curve-billed Thrasher,Curve-billed Thrasher
Toxostoma ocellatum,"(Sclater, PL, 1862)",Ocellated Thrasher,Ocellated Thrasher
Toxostoma rufum,"(Linnaeus, C, 1758)",Brown Thrasher,Brown Thrasher
Toxostoma longirostre,"(de Lafresnaye, NFAA, 1838)",Long-billed Thrasher,Long-billed Thrasher
Toxostoma guttatum,"(Ridgway, R, 1885)",Cozumel Thrasher,Cozumel Thrasher
Toxostoma bendirei,"(Coues, E, 1873)",Bendire's Thrasher,Bendire's Thrasher
Toxostoma cinereum,"(Xántus, J, 1860)",Grey Thrasher,Gray Thrasher
Toxostoma redivivum,"(Gambel, W, 1845)",California Thrasher,California Thrasher
Toxostoma lecontei,"Lawrence, GN, 1851",LeConte's Thrasher,LeConte's Thrasher
Toxostoma crissale,"Henry, TC, 1858",Crissal Thrasher,Crissal Thrasher
Oreoscoptes montanus,"(Townsend, JK, 1837)",Sage Thrasher,Sage Thrasher
Mimus thenca,"(Molina, GI, 1782)",Chilean Mockingbird,Chilean Mockingbird
Mimus patagonicus,"(d'Orbigny, ACVMD; de Lafresnaye, NFAA, 1837)",Patagonian Mockingbird,Patagonian Mockingbird
Mimus saturninus,"(Lichtenstein, MHC, 1823)",Chalk-browed Mockingbird,Chalk-browed Mockingbird
Mimus triurus,"(Vieillot, LJP, 1818)",White-banded Mockingbird,White-banded Mockingbird
Mimus dorsalis,"(d'Orbigny, ACVMD; de Lafresnaye, NFAA, 1837)",Brown-backed Mockingbird,Brown-backed Mockingbird
Mimus gundlachii,"Cabanis, JL, 1855",Bahama Mockingbird,Bahama Mockingbird
Mimus parvulus,"(Gould, J, 1837)",Galapagos Mockingbird,Galapagos Mockingbird
Mimus trifasciatus,"(Gould, J, 1837)",Floreana Mockingbird,Floreana Mockingbird
Mimus macdonaldi,"(Ridgway, R, 1890)",Espanola Mockingbird,Española Mockingbird
Mimus melanotis,"(Gould, J, 1837)",San Cristobal Mockingbird,San Cristobal Mockingbird
Mimus longicaudatus,"Tschudi, JJ, 1844",Long-tailed Mockingbird,Long-tailed Mockingbird
Mimus graysoni,"(Lawrence, GN, 1871)",Socorro Mockingbird,Socorro Mockingbird
Mimus gilvus,"(Vieillot, LJP, 1808)",Tropical Mockingbird,Tropical Mockingbird
Mimus polyglottos,"(Linnaeus, C, 1758)",Northern Mockingbird,Northern Mockingbird
Rhabdornis mystacalis,"(Temminck, CJ, 1825)",Stripe-headed Rhabdornis,Stripe-sided Rhabdornis
Rhabdornis grandis,"Salomonsen, F, 1953",Grand Rhabdornis,Long-billed Rhabdornis
Rhabdornis inornatus,"Ogilvie-Grant, WR, 1896",Stripe-breasted Rhabdornis,Stripe-breasted Rhabdornis
Rhabdornis rabori,"Rand, AL, 1950",Visayan Rhabdornis,Visayan Rhabdornis
Enodes erythrophris,"(Temminck, CJ, 1824)",Fiery-browed Starling,Fiery-browed Myna
Scissirostrum dubium,"(Latham, J, 1801)",Grosbeak Starling,Finch-billed Myna
Basilornis celebensis,"Gray, GR, 1861",Sulawesi Myna,Sulawesi Myna
Basilornis galeatus,"Meyer, AB, 1894",Helmeted Myna,Helmeted Myna
Basilornis corythaix,"(Wagler, JG, 1827)",Long-crested Myna,Long-crested Myna
Goodfellowia miranda,"Hartert, EJO, 1903",Apo Myna,Apo Myna
Sarcops calvus,"(Linnaeus, C, 1766)",Coleto,Coleto
Streptocitta albertinae,"(Schlegel, H, 1865)",Bare-eyed Myna,Bare-eyed Myna
Streptocitta albicollis,"(Vieillot, LJP, 1818)",White-necked Myna,White-necked Myna
Mino dumontii,"(Lesson, RP, 1827)",Yellow-faced Myna,Yellow-faced Myna
Mino anais,"(Lesson, RP, 1839)",Golden Myna,Golden Myna
Mino kreffti,"(Sclater, PL, 1869)",Long-tailed Myna,Long-tailed Myna
Ampeliceps coronatus,"Blyth, E, 1842",Golden-crested Myna,Golden-crested Myna
Gracula ptilogenys,"Blyth, E, 1846",Sri Lanka Hill Myna,Sri Lanka Myna
Gracula religiosa,"Linnaeus, C, 1758",Common Hill Myna,Common Hill Myna
Gracula venerata,"Bonaparte, CLJL, 1850",Tenggara Hill Myna,Tenggara Hill Myna
Gracula indica,"(Cuvier, GLCFD, 1829)",Southern Hill Myna,Southern Hill Myna
Aplonis metallica,"(Temminck, CJ, 1824)",Metallic Starling,Metallic Starling
Aplonis mystacea,"(Ogilvie-Grant, WR, 1911)",Yellow-eyed Starling,Yellow-eyed Starling
Aplonis crassa,"(Sclater, PL, 1883)",Tanimbar Starling,Tanimbar Starling
Aplonis feadensis,"(Ramsay, EP, 1882)",Atoll Starling,Atoll Starling
Aplonis insularis,"Mayr, E, 1931",Rennell Starling,Rennell Starling
Aplonis magna,"(Schlegel, H, 1871)",Long-tailed Starling,Long-tailed Starling
Aplonis brunneicapillus,"(Danis, V, 1938)",White-eyed Starling,White-eyed Starling
Aplonis grandis,"(Salvadori, AT, 1881)",Brown-winged Starling,Brown-winged Starling
Aplonis dichroa,"(Tristram, HB, 1895)",Makira Starling,Makira Starling
Aplonis zelandica,"(Quoy, JRC; Gaimard, JP, 1832)",Rusty-winged Starling,Rusty-winged Starling
Aplonis striata,"(Gmelin, JF, 1788)",Striated Starling,Striated Starling
Aplonis pelzelni,"Finsch, FHO, 1876",Pohnpei Starling,Pohnpei Starling
Aplonis cantoroides,"(Gray, GR, 1862)",Singing Starling,Singing Starling
Aplonis santovestris,"Harrisson, TH; Marshall, AJ, 1937",Mountain Starling,Mountain Starling
Aplonis panayensis,"(Scopoli, GA, 1786)",Asian Glossy Starling,Asian Glossy Starling
Aplonis mysolensis,"(Gray, GR, 1862)",Moluccan Starling,Moluccan Starling
Aplonis minor,"(Bonaparte, CLJL, 1850)",Short-tailed Starling,Short-tailed Starling
Aplonis opaca,"(Kittlitz, FH, 1833)",Micronesian Starling,Micronesian Starling
Aplonis tabuensis,"(Gmelin, JF, 1788)",Polynesian Starling,Polynesian Starling
Aplonis atrifusca,"(Peale, TR, 1849)",Samoan Starling,Samoan Starling
Aplonis corvina,"(Kittlitz, FH, 1833)",Kosrae Starling,Kosrae Starling
Aplonis cinerascens,"Hartlaub, KJG; Finsch, FHO, 1871",Rarotonga Starling,Rarotonga Starling
Aplonis mavornata,"Buller, WL, 1887",Mauke Starling,Mysterious Starling
Aplonis fusca,"Gould, J, 1836",Tasman Starling,Tasman Starling
Sturnus unicolor,"Temminck, CJ, 1820",Spotless Starling,Spotless Starling
Sturnus vulgaris,"Linnaeus, C, 1758",Common Starling,European Starling
Creatophora cinerea,"(Meuschen, FC, 1787)",Wattled Starling,Wattled Starling
Pastor roseus,"(Linnaeus, C, 1758)",Rosy Starling,Rosy Starling
Agropsar sturninus,"(Pallas, PS, 1776)",Daurian Starling,Daurian Starling
Agropsar philippensis,"(Pennant, T, 1781)",Chestnut-cheeked Starling,Chestnut-cheeked Starling
Gracupica nigricollis,"(Paykull, G, 1807)",Black-collared Starling,Black-collared Starling
Gracupica contra,"(Linnaeus, C, 1758)",Indian Pied Myna,Indian Pied Starling
Gracupica floweri,"(Sharpe, RB, 1897)",Siamese Pied Myna,Siamese Pied Starling
Gracupica jalla,"(Horsfield, T, 1821)",Javan Pied Myna,Javan Pied Starling
Necropsar rodericanus,"Slater, HH, 1879",Rodrigues Starling,Rodrigues Starling
Leucopsar rothschildi,"Stresemann, EFT, 1912",Bali Starling,Bali Myna
Fregilupus varius,"(Boddaert, P, 1783)",Hoopoe Starling,Reunion Starling
Sturnornis albofrontatus,"(Layard, EL, 1854)",White-faced Starling,White-faced Starling
Sturnia sinensis,"(Gmelin, JF, 1788)",White-shouldered Starling,White-shouldered Starling
Sturnia pagodarum,"(Gmelin, JF, 1789)",Brahminy Starling,Brahminy Starling
Sturnia malabarica,"(Gmelin, JF, 1789)",Chestnut-tailed Starling,
Sturnia erythropygia,"Blyth, E, 1846",White-headed Starling,White-headed Starling
Spodiopsar sericeus,"(Gmelin, JF, 1789)",Red-billed Starling,Red-billed Starling
Spodiopsar cineraceus,"(Temminck, CJ, 1835)",White-cheeked Starling,White-cheeked Starling
Acridotheres ginginianus,"(Latham, J, 1790)",Bank Myna,Bank Myna
Acridotheres tristis,"(Linnaeus, C, 1766)",Common Myna,Common Myna
Acridotheres melanopterus,"(Daudin, FM, 1800)",Black-winged Myna,Black-winged Myna
Acridotheres burmannicus,"(Jerdon, TC, 1862)",Burmese Myna,Burmese Myna
Acridotheres leucocephalus,"Giglioli, EH; Salvadori, AT, 1870",Vinous-breasted Myna,Vinous-breasted Myna
Acridotheres albocinctus,"Godwin-Austen, HH; Walden, A, 1875",Collared Myna,Collared Myna
Acridotheres grandis,"Moore, F, 1858",Great Myna,Great Myna
Acridotheres cristatellus,"(Linnaeus, C, 1758)",Crested Myna,Crested Myna
Acridotheres cinereus,"Bonaparte, CLJL, 1850",Pale-bellied Myna,Pale-bellied Myna
Acridotheres javanicus,"Cabanis, JL, 1851",Javan Myna,Javan Myna
Acridotheres fuscus,"(Wagler, JG, 1827)",Jungle Myna,Jungle Myna
Hartlaubius auratus,"(Müller, PLS, 1776)",Madagascar Starling,Madagascar Starling
Cinnyricinclus leucogaster,"(Boddaert, P, 1783)",Violet-backed Starling,Violet-backed Starling
Onychognathus tenuirostris,"(Rüppell, WPES, 1836)",Slender-billed Starling,Slender-billed Starling
Onychognathus nabouroup,"(Daudin, FM, 1800)",Pale-winged Starling,Pale-winged Starling
Onychognathus morio,"(Linnaeus, C, 1766)",Red-winged Starling,Red-winged Starling
Onychognathus neumanni,"(Alexander, B, 1908)",Neumann's Starling,Neumann's Starling
Onychognathus fulgidus,"Hartlaub, KJG, 1849",Chestnut-winged Starling,Chestnut-winged Starling
Onychognathus walleri,"(Shelley, GE, 1880)",Waller's Starling,Waller's Starling
Onychognathus albirostris,"(Rüppell, WPES, 1836)",White-billed Starling,White-billed Starling
Onychognathus tristramii,"(Sclater, PL, 1858)",Tristram's Starling,Tristram's Starling
Onychognathus salvadorii,"(Sharpe, RB, 1891)",Bristle-crowned Starling,Bristle-crowned Starling
Onychognathus blythii,"(Hartlaub, KJG, 1859)",Somali Starling,Somali Starling
Onychognathus frater,"(Sclater, PL; Hartlaub, KJG, 1881)",Socotra Starling,Socotra Starling
Notopholia corusca,"(Nordmann, AD, 1835)",Black-bellied Starling,Black-bellied Starling
Hylopsar purpureiceps,"(Verreaux, JP; Verreaux, JBÉ, 1851)",Purple-headed Starling,Purple-headed Starling
Hylopsar cupreocauda,"(Hartlaub, KJG, 1857)",Copper-tailed Starling,Copper-tailed Starling
Saroglossa spilopterus,"(Vigors, NA, 1831)",Spot-winged Starling,Spot-winged Starling
Neocichla gutturalis,"(Bocage, JVB, 1871)",Babbling Starling,Babbling Starling
Speculipastor bicolor,"Reichenow, A, 1879",Magpie Starling,Magpie Starling
Grafisia torquata,"(Reichenow, A, 1909)",White-collared Starling,White-collared Starling
Pholia sharpii,"(Jackson, FJ, 1898)",Sharpe's Starling,Sharpe's Starling
Arizelopsar femoralis,"(Richmond, CW, 1897)",Abbott's Starling,Abbott's Starling
Poeoptera lugubris,"Bonaparte, CLJL, 1854",Narrow-tailed Starling,Narrow-tailed Starling
Poeoptera stuhlmanni,"(Reichenow, A, 1893)",Stuhlmann's Starling,Stuhlmann's Starling
Poeoptera kenricki,"Shelley, GE, 1894",Kenrick's Starling,Kenrick's Starling
Lamprotornis hildebrandti,"(Cabanis, JL, 1878)",Hildebrandt's Starling,Hildebrandt's Starling
Lamprotornis shelleyi,"(Sharpe, RB, 1890)",Shelley's Starling,Shelley's Starling
Lamprotornis australis,"(Smith, A, 1836)",Burchell's Starling,Burchell's Starling
Lamprotornis caudatus,"(Müller, PLS, 1776)",Long-tailed Glossy Starling,Long-tailed Glossy Starling
Lamprotornis purpuroptera,"Rüppell, WPES, 1845",Rüppell's Starling,Rüppell's Starling
Lamprotornis unicolor,"(Shelley, GE, 1881)",Ashy Starling,Ashy Starling
Lamprotornis mevesii,"(Wahlberg, JA, 1856)",Meves's Starling,Meves's Starling
Lamprotornis chloropterus,"Swainson, WJ, 1838",Lesser Blue-eared Starling,Lesser Blue-eared Starling
Lamprotornis acuticaudus,"(Bocage, JVB, 1869)",Sharp-tailed Starling,Sharp-tailed Starling
Lamprotornis iris,"(Oustalet, J-FÉ, 1879)",Emerald Starling,Emerald Starling
Lamprotornis chalybaeus,"Hemprich, WF; Ehrenberg, CG, 1828",Greater Blue-eared Starling,Greater Blue-eared Starling
Lamprotornis purpureus,"(Müller, PLS, 1776)",Purple Starling,Purple Starling
Lamprotornis nitens,"(Linnaeus, C, 1766)",Cape Starling,Cape Starling
Lamprotornis chalcurus,"Nordmann, AD, 1835",Bronze-tailed Starling,Bronze-tailed Starling
Lamprotornis regius,"(Reichenow, A, 1879)",Golden-breasted Starling,Golden-breasted Starling
Lamprotornis ornatus,"(Daudin, FM, 1800)",Principe Starling,Principe Starling
Lamprotornis splendidus,"(Vieillot, LJP, 1822)",Splendid Starling,Splendid Starling
Lamprotornis bicolor,"(Gmelin, JF, 1789)",Pied Starling,African Pied Starling
Lamprotornis pulcher,"(Müller, PLS, 1776)",Chestnut-bellied Starling,Chestnut-bellied Starling
Lamprotornis superbus,"Rüppell, WPES, 1845",Superb Starling,Superb Starling
Lamprotornis fischeri,"(Reichenow, A, 1884)",Fischer's Starling,Fischer's Starling
Lamprotornis albicapillus,"(Blyth, E, 1855)",White-crowned Starling,White-crowned Starling
Cinclus cinclus,"(Linnaeus, C, 1758)",White-throated Dipper,White-throated Dipper
Cinclus pallasii,"Temminck, CJ, 1820",Brown Dipper,Brown Dipper
Cinclus mexicanus,"Swainson, WJ, 1827",American Dipper,American Dipper
Cinclus leucocephalus,"Tschudi, JJ, 1844",White-capped Dipper,White-capped Dipper
Cinclus schulzii,"Cabanis, JL, 1882",Rufous-throated Dipper,Rufous-throated Dipper
Grandala coelicolor,"Hodgson, BH, 1843",Grandala,Grandala
Sialia sialis,"(Linnaeus, C, 1758)",Eastern Bluebird,Eastern Bluebird
Sialia mexicana,"Swainson, WJ, 1832",Western Bluebird,Western Bluebird
Sialia currucoides,"(Bechstein, JM, 1798)",Mountain Bluebird,Mountain Bluebird
Pinarornis plumosus,"Sharpe, RB, 1876",Boulder Chat,Boulder Chat
Stizorhina finschi,"(Sharpe, RB, 1870)",Finsch's Rufous Thrush,Finsch's Flycatcher-Thrush
Stizorhina fraseri,"(Strickland, HE, 1844)",Fraser's Rufous Thrush,Rufous Flycatcher-Thrush
Neocossyphus poensis,"(Strickland, HE, 1844)",White-tailed Ant Thrush,White-tailed Ant-Thrush
Neocossyphus rufus,"(Fischer, GA; Reichenow, A, 1884)",Red-tailed Ant Thrush,Red-tailed Ant-Thrush
Myadestes townsendi,"(Audubon, JJ, 1838)",Townsend's Solitaire,Townsend's Solitaire
Myadestes occidentalis,"Stejneger, LH, 1882",Brown-backed Solitaire,Brown-backed Solitaire
Myadestes elisabeth,"(Lembeye, J, 1850)",Cuban Solitaire,Cuban Solitaire
Myadestes genibarbis,"Swainson, WJ, 1838",Rufous-throated Solitaire,Rufous-throated Solitaire
Myadestes melanops,"Salvin, O, 1865",Black-faced Solitaire,Black-faced Solitaire
Myadestes coloratus,"Nelson, EW, 1912",Varied Solitaire,Varied Solitaire
Myadestes unicolor,"Sclater, PL, 1857",Slate-colored Solitaire,Slate-colored Solitaire
Myadestes ralloides,"(d'Orbigny, ACVMD, 1840)",Andean Solitaire,Andean Solitaire
Myadestes myadestinus,"(Stejneger, LH, 1887)",Kamao,Kamao
Myadestes woahensis,"(Bloxam, A, 1899)",Amaui,Amaui
Myadestes lanaiensis,"(Wilson, SB, 1891)",Olomao,Olomao
Myadestes obscurus,"(Gmelin, JF, 1789)",Omao,Omao
Myadestes palmeri,"(Rothschild, LW, 1893)",Puaiohi,Puaiohi
Zoothera dixoni,"(Seebohm, H, 1881)",Long-tailed Thrush,Long-tailed Thrush
Zoothera mollissima,"(Blyth, E, 1842)",Alpine Thrush,Alpine Thrush
Zoothera salimalii,"Alström, P; Rasmussen, PC; Zhao C; Xu J; Dalvi, S; Cai T; Guan Y; Zhang R; Kalyakin, MV; Lei F; Olsson, U, 2016",Himalayan Thrush,Himalayan Thrush
Zoothera griseiceps,"(Delacour, JT, 1930)",Sichuan Thrush,Sichuan Thrush
Zoothera heinrichi,"(Stresemann, EFT, 1931)",Geomalia,Geomalia
Zoothera marginata,"Blyth, E, 1847",Dark-sided Thrush,Dark-sided Thrush
Zoothera monticola,"Vigors, NA, 1832",Long-billed Thrush,Long-billed Thrush
Zoothera everetti,"(Sharpe, RB, 1892)",Everett's Thrush,Everett's Thrush
Zoothera andromedae,"(Temminck, CJ, 1826)",Sunda Thrush,Sunda Thrush
Zoothera aurea,"(Holandre, JJJ, 1825)",White's Thrush,White's Thrush
Zoothera dauma,"(Latham, J, 1790)",Scaly Thrush,Scaly Thrush
Zoothera major,"(Ogawa, M, 1905)",Amami Thrush,Amami Thrush
Zoothera neilgherriensis,"(Blyth, E, 1847)",Nilgiri Thrush,Nilgiri Thrush
Zoothera imbricata,"Layard, EL, 1854",Sri Lanka Thrush,Sri Lanka Thrush
Zoothera terrestris,"(Kittlitz, FH, 1830)",Bonin Thrush,Bonin Thrush
Zoothera margaretae,"(Mayr, E, 1935)",Makira Thrush,Makira Thrush
Zoothera turipavae,"Cain, AJ; Galbraith, ICJ, 1955",Guadalcanal Thrush,Guadalcanal Thrush
Zoothera lunulata,"(Latham, J, 1801)",Bassian Thrush,Bassian Thrush
Zoothera talaseae,"(Rothschild, LW; Hartert, EJO, 1926)",New Britain Thrush,New Britain Thrush
Zoothera atrigena,"Ripley, SD; Hadden, DW, 1982",Bougainville Thrush,Bougainville Thrush
Zoothera heinei,"(Cabanis, JL, 1851)",Russet-tailed Thrush,Russet-tailed Thrush
Zoothera machiki,"(Forbes, HO, 1884)",Fawn-breasted Thrush,Fawn-breasted Thrush
Chlamydochaera jefferyi,"Sharpe, RB, 1887",Fruithunter,Fruit-hunter
Cochoa purpurea,"Hodgson, BH, 1836",Purple Cochoa,Purple Cochoa
Cochoa viridis,"Hodgson, BH, 1836",Green Cochoa,Green Cochoa
Cochoa beccarii,"Salvadori, AT, 1879",Sumatran Cochoa,Sumatran Cochoa
Cochoa azurea,"(Temminck, CJ, 1824)",Javan Cochoa,Javan Cochoa
Ixoreus naevius,"(Gmelin, JF, 1789)",Varied Thrush,Varied Thrush
Cichlopsis leucogenys,"Cabanis, JL, 1851",Rufous-brown Solitaire,Rufous-brown Solitaire
Entomodestes leucotis,"(Tschudi, JJ, 1844)",White-eared Solitaire,White-eared Solitaire
Entomodestes coracinus,"(Berlepsch, HHCL, 1897)",Black Solitaire,Black Solitaire
Hylocichla mustelina,"(Gmelin, JF, 1789)",Wood Thrush,Wood Thrush
Ridgwayia pinicola,"(Sclater, PL, 1859)",Aztec Thrush,Aztec Thrush
Catharus mexicanus,"(Bonaparte, CLJL, 1856)",Black-headed Nightingale-Thrush,Black-headed Nightingale-Thrush
Catharus aurantiirostris,"(Hartlaub, KJG, 1850)",Orange-billed Nightingale-Thrush,Orange-billed Nightingale-Thrush
Catharus maculatus,"(Sclater, PL, 1858)",Speckled Nightingale-Thrush,Speckled Nightingale-Thrush
Catharus dryas,"(Gould, J, 1855)",Yellow-throated Nightingale-Thrush,Yellow-throated Nightingale-Thrush
Catharus fuscater,"(de Lafresnaye, NFAA, 1845)",Slaty-backed Nightingale-Thrush,Slaty-backed Nightingale-Thrush
Catharus ustulatus,"(Nuttall, T, 1840)",Swainson's Thrush,Swainson's Thrush
Catharus fuscescens,"(Stephens, JF, 1817)",Veery,Veery
Catharus bicknelli,"(Ridgway, R, 1882)",Bicknell's Thrush,Bicknell's Thrush
Catharus minimus,"(de Lafresnaye, NFAA, 1848)",Grey-cheeked Thrush,Gray-cheeked Thrush
Catharus gracilirostris,"Salvin, O, 1865",Black-billed Nightingale-Thrush,Black-billed Nightingale-Thrush
Catharus frantzii,"Cabanis, JL, 1861",Ruddy-capped Nightingale-Thrush,Ruddy-capped Nightingale-Thrush
Catharus occidentalis,"Sclater, PL, 1859",Russet Nightingale-Thrush,Russet Nightingale-Thrush
Catharus guttatus,"(Pallas, PS, 1811)",Hermit Thrush,Hermit Thrush
Geokichla sibirica,"(Pallas, PS, 1776)",Siberian Thrush,Siberian Thrush
Geokichla wardii,"(Blyth, E, 1843)",Pied Thrush,Pied Thrush
Geokichla guttata,"(Vigors, NA, 1831)",Spotted Ground Thrush,Spotted Ground-Thrush
Geokichla camaronensis,"Sharpe, RB, 1905",Black-eared Ground Thrush,Black-eared Ground-Thrush
Geokichla princei,"(Sharpe, RB, 1874)",Grey Ground Thrush,Gray Ground-Thrush
Geokichla crossleyi,"(Sharpe, RB, 1871)",Crossley's Ground Thrush,Crossley's Ground-Thrush
Geokichla oberlaenderi,"Sassi, M, 1914",Oberländer's Ground Thrush,Oberländer's Ground-Thrush
Geokichla piaggiae,"(Bouvier, A, 1877)",Abyssinian Ground Thrush,Abyssinian Ground-Thrush
Geokichla gurneyi,"(Hartlaub, KJG, 1864)",Orange Ground Thrush,Orange Ground-Thrush
Geokichla spiloptera,"(Blyth, E, 1847)",Spot-winged Thrush,Spot-winged Thrush
Geokichla cinerea,"Bourns, FS; Worcester, DC, 1894",Ashy Thrush,Ashy Thrush
Geokichla dumasi,"Rothschild, LW, 1899",Buru Thrush,Buru Thrush
Geokichla joiceyi,"(Rothschild, LW; Hartert, EJO, 1921)",Seram Thrush,Seram Thrush
Geokichla interpres,"(Temminck, CJ, 1828)",Chestnut-capped Thrush,Chestnut-capped Thrush
Geokichla leucolaema,"Salvadori, AT, 1892",Enggano Thrush,Enggano Thrush
Geokichla dohertyi,"Hartert, EJO, 1896",Chestnut-backed Thrush,Chestnut-backed Thrush
Geokichla peronii,"(Vieillot, LJP, 1818)",Orange-sided Thrush,Orange-banded Thrush
Geokichla schistacea,"Meyer, AB, 1884",Slaty-backed Thrush,Slaty-backed Thrush
Geokichla erythronota,"Sclater, PL, 1859",Red-backed Thrush,Rusty-backed Thrush
Geokichla mendeni,"(Neumann, OR, 1939)",Red-and-black Thrush,Red-and-black Thrush
Geokichla citrina,"(Latham, J, 1790)",Orange-headed Thrush,Orange-headed Thrush
Turdus mupinensis,"Laubmann, AL, 1920",Chinese Thrush,Chinese Thrush
Turdus simensis,"(Rüppell, WPES, 1837)",Ethiopian Thrush,Ethiopian Thrush
Turdus litsitsirupa,"(Smith, A, 1836)",Groundscraper Thrush,Groundscraper Thrush
Turdus viscivorus,"Linnaeus, C, 1758",Mistle Thrush,Mistle Thrush
Turdus philomelos,"Brehm, CL, 1831",Song Thrush,Song Thrush
Turdus pelios,"Bonaparte, CLJL, 1850",African Thrush,African Thrush
Turdus olivaceofuscus,"Hartlaub, KJG, 1852",Sao Tome Thrush,Sao Tome Thrush
Turdus xanthorhynchus,"Salvadori, AT, 1901",Principe Thrush,Principe Thrush
Turdus abyssinicus,"Gmelin, JF, 1789",Abyssinian Thrush,Abyssinian Thrush
Turdus roehli,"Reichenow, A, 1905",Usambara Thrush,Usambara Thrush
Turdus helleri,"(Mearns, EA, 1913)",Taita Thrush,Taita Thrush
Turdus ludoviciae,"(Lort Phillips, EE, 1895)",Somali Thrush,Somali Thrush
Turdus tephronotus,"Cabanis, JL, 1878",Bare-eyed Thrush,African Bare-eyed Thrush
Turdus smithi,"Bonaparte, CLJL, 1850",Karoo Thrush,Karoo Thrush
Turdus olivaceus,"Linnaeus, C, 1766",Olive Thrush,Olive Thrush
Turdus bewsheri,"Newton, E, 1877",Comoro Thrush,Comoro Thrush
Turdus libonyana,"(Smith, A, 1836)",Kurrichane Thrush,Kurrichane Thrush
Turdus turdoides,"(Hartert, EJO, 1896)",Sulawesi Thrush,Sulawesi Thrush
Turdus mandarinus,"Bonaparte, CLJL, 1850",Chinese Blackbird,Chinese Blackbird
Turdus menachensis,"Ogilvie-Grant, WR, 1913",Yemen Thrush,Yemen Thrush
Turdus iliacus,"Linnaeus, C, 1758",Redwing,Redwing
Turdus merula,"Linnaeus, C, 1758",Common Blackbird,Eurasian Blackbird
Turdus kessleri,"(Przevalski, NM, 1876)",White-backed Thrush,White-backed Thrush
Turdus maximus,"(Seebohm, H, 1881)",Tibetan Blackbird,Tibetan Blackbird
Turdus pilaris,"Linnaeus, C, 1758",Fieldfare,Fieldfare
Turdus albocinctus,"Royle, JF, 1840",White-collared Blackbird,White-collared Blackbird
Turdus rubrocanus,"Gray, JE; Gray, GR, 1847",Chestnut Thrush,Chestnut Thrush
Turdus torquatus,"Linnaeus, C, 1758",Ring Ouzel,Ring Ouzel
Turdus ruficollis,"Pallas, PS, 1776",Red-throated Thrush,Red-throated Thrush
Turdus atrogularis,"Jarocki, F, 1819",Black-throated Thrush,Black-throated Thrush
Turdus naumanni,"Temminck, CJ, 1820",Naumann's Thrush,Naumann's Thrush
Turdus eunomus,"Temminck, CJ, 1831",Dusky Thrush,Dusky Thrush
Turdus niveiceps,"(Hellmayr, CE, 1919)",Taiwan Thrush,Taiwan Thrush
Turdus boulboul,"(Latham, J, 1790)",Grey-winged Blackbird,Gray-winged Blackbird
Turdus simillimus,"Jerdon, TC, 1839",Indian Blackbird,Indian Blackbird
Turdus cardis,"Temminck, CJ, 1831",Japanese Thrush,Japanese Thrush
Turdus hortulorum,"Sclater, PL, 1863",Grey-backed Thrush,Gray-backed Thrush
Turdus unicolor,"Tickell, SR, 1833",Tickell's Thrush,Tickell's Thrush
Turdus dissimilis,"Blyth, E, 1847",Black-breasted Thrush,Black-breasted Thrush
Turdus celaenops,"Stejneger, LH, 1887",Izu Thrush,Izu Thrush
Turdus chrysolaus,"Temminck, CJ, 1832",Brown-headed Thrush,Brown-headed Thrush
Turdus obscurus,"Gmelin, JF, 1789",Eyebrowed Thrush,Eyebrowed Thrush
Turdus pallidus,"Gmelin, JF, 1789",Pale Thrush,Pale Thrush
Turdus feae,"(Salvadori, AT, 1887)",Grey-sided Thrush,Gray-sided Thrush
Turdus mindorensis,"Ogilvie-Grant, WR, 1896",Mindoro Island Thrush,Mindoro Island-Thrush
Turdus thomassoni,"(Seebohm, H, 1894)",Luzon Island Thrush,Luzon Island-Thrush
Turdus nigrorum,"Ogilvie-Grant, WR, 1896",Negros Island Thrush,Mindanao Island-Thrush
Turdus erythropleurus,"Sharpe, RB, 1887",Christmas Island Thrush,Christmas Island-Thrush
Turdus schlegelii,"Sclater, PL, 1861",Sulawesi Island Thrush,Wallacean Island-Thrush
Turdus javanicus,"Horsfield, T, 1821",Sunda Island Thrush,Sundaic Island-Thrush
Turdus deningeri,"Stresemann, EFT, 1912",Sula Island Thrush,Moluccan Island-Thrush
Turdus papuensis,"(De Vis, CW, 1890)",Papuan Island Thrush,Papuan Island-Thrush
Turdus heinrothi,"Rothschild, LW; Hartert, EJO, 1924",Bismarck Island Thrush,Bismarck Island-Thrush
Turdus bougainvillei,"Mayr, E, 1941",Bougainville Island Thrush,Bougainville Island-Thrush
Turdus kulambangrae,"Mayr, E, 1941",Guadalcanal Island Thrush,Solomons Island-Thrush
Turdus vanikorensis,"Quoy, JRC; Gaimard, JP, 1832",Vanuatu Island Thrush,Vanikoro Island-Thrush
Turdus pritzbueri,"Layard, EL, 1878",Loyalty Island Thrush,White-headed Island-Thrush
Turdus xanthopus,"Forster, JR, 1844",New Caledonian Island Thrush,New Caledonian Island-Thrush
Turdus poliocephalus,"Latham, J, 1801",Tasman Sea Island Thrush,Tasman Sea Island-Thrush
Turdus samoensis,"Tristram, HB, 1879",Samoan Island Thrush,Samoan Island-Thrush
Turdus ruficeps,"(Ramsay, EP, 1875)",Fiji Island Thrush,Fiji Island-Thrush
Turdus aurantius,"Gmelin, JF, 1789",White-chinned Thrush,White-chinned Thrush
Turdus ravidus,"(Cory, CB, 1886)",Grand Cayman Thrush,Grand Cayman Thrush
Turdus ardosiaceus,"Vieillot, LJP, 1822",Eastern Red-legged Thrush,Eastern Red-legged Thrush
Turdus plumbeus,"Linnaeus, C, 1758",Western Red-legged Thrush,Western Red-legged Thrush
Turdus rufitorques,"Hartlaub, KJG, 1844",Rufous-collared Thrush,Rufous-collared Robin
Turdus migratorius,"Linnaeus, C, 1766",American Robin,American Robin
Turdus infuscatus,"(de Lafresnaye, NFAA, 1844)",Black Thrush,Black Thrush
Turdus nigrescens,"Cabanis, JL, 1861",Sooty Thrush,Sooty Thrush
Turdus plebejus,"Cabanis, JL, 1861",Mountain Thrush,Mountain Thrush
Turdus jamaicensis,"Gmelin, JF, 1789",White-eyed Thrush,White-eyed Thrush
Turdus swalesi,"(Wetmore, A, 1927)",La Selle Thrush,La Selle Thrush
Turdus lherminieri,"de Lafresnaye, NFAA, 1844",Forest Thrush,Forest Thrush
Turdus leucops,"Taczanowski, W, 1877",Pale-eyed Thrush,Pale-eyed Thrush
Turdus fulviventris,"Sclater, PL, 1858",Chestnut-bellied Thrush,Chestnut-bellied Thrush
Turdus reevei,"Lawrence, GN, 1869",Plumbeous-backed Thrush,Plumbeous-backed Thrush
Turdus nigriceps,"Cabanis, JL, 1874",Andean Slaty Thrush,Andean Slaty Thrush
Turdus chiguanco,"d'Orbigny, ACVMD; de Lafresnaye, NFAA, 1837",Chiguanco Thrush,Chiguanco Thrush
Turdus serranus,"Tschudi, JJ, 1844",Glossy-black Thrush,Glossy-black Thrush
Turdus fuscater,"d'Orbigny, ACVMD; de Lafresnaye, NFAA, 1837",Great Thrush,Great Thrush
Turdus olivater,"(de Lafresnaye, NFAA, 1848)",Black-hooded Thrush,Black-hooded Thrush
Turdus subalaris,"(Seebohm, H, 1887)",Blacksmith Thrush,Blacksmith Thrush
Turdus falcklandii,"Quoy, JRC; Gaimard, JP, 1824",Austral Thrush,Austral Thrush
Turdus eremita,"(Gould, J, 1855)",Tristan Thrush,Tristan Thrush
Turdus amaurochalinus,"Cabanis, JL, 1851",Creamy-bellied Thrush,Creamy-bellied Thrush
Turdus arthuri,"(Chubb, C, 1914)",Campina Thrush,Campina Thrush
Turdus maranonicus,"Taczanowski, W, 1880",Maranon Thrush,Marañon Thrush
Turdus ignobilis,"Sclater, PL, 1858",Black-billed Thrush,Black-billed Thrush
Turdus flavipes,"Vieillot, LJP, 1818",Yellow-legged Thrush,Yellow-legged Thrush
Turdus albicollis,"Vieillot, LJP, 1818",White-necked Thrush,White-necked Thrush
Turdus obsoletus,"Lawrence, GN, 1862",Pale-vented Thrush,Pale-vented Thrush
Turdus daguae,"Berlepsch, HHCL, 1897",Dagua Thrush,Dagua Thrush
Turdus murinus,"Salvin, O, 1885",Pantepui Thrush,Pantepui Thrush
Turdus lawrencii,"Coues, E, 1880",Lawrence's Thrush,Lawrence's Thrush
Turdus assimilis,"Cabanis, JL, 1851",White-throated Thrush,White-throated Thrush
Turdus rufopalliatus,"de Lafresnaye, NFAA, 1840",Rufous-backed Thrush,Rufous-backed Robin
Turdus leucomelas,"Vieillot, LJP, 1818",Pale-breasted Thrush,Pale-breasted Thrush
Turdus hauxwelli,"Lawrence, GN, 1869",Hauxwell's Thrush,Hauxwell's Thrush
Turdus fumigatus,"Lichtenstein, MHC, 1823",Cocoa Thrush,Cocoa Thrush
Turdus rufiventris,"Vieillot, LJP, 1818",Rufous-bellied Thrush,Rufous-bellied Thrush
Turdus nudigenis,"de Lafresnaye, NFAA, 1848",Spectacled Thrush,Spectacled Thrush
Turdus haplochrous,"Todd, WEC, 1931",Unicolored Thrush,Unicolored Thrush
Turdus sanchezorum,"O'Neill, JP; Lane, DF; Naka, LN, 2011",Varzea Thrush,Varzea Thrush
Turdus maculirostris,"Berlepsch, HHCL; Taczanowski, W, 1884",Ecuadorian Thrush,Ecuadorian Thrush
Turdus grayi,"Bonaparte, CLJL, 1838",Clay-colored Thrush,Clay-colored Thrush
Alethe diademata,"(Bonaparte, CLJL, 1850)",White-tailed Alethe,White-tailed Alethe
Alethe castanea,"(Cassin, J, 1856)",Fire-crested Alethe,Fire-crested Alethe
Tychaedon coryphoeus,"(Vieillot, LJP, 1817)",Karoo Scrub Robin,Karoo Scrub-Robin
Tychaedon leucosticta,"(Sharpe, RB, 1883)",Forest Scrub Robin,Forest Scrub-Robin
Tychaedon signata,"(Sundevall, CJ, 1850)",Brown Scrub Robin,Brown Scrub-Robin
Tychaedon quadrivirgata,"(Reichenow, A, 1879)",Bearded Scrub Robin,Bearded Scrub-Robin
Tychaedon barbata,"(Hartlaub, KJG; Finsch, FHO, 1870)",Miombo Scrub Robin,Miombo Scrub-Robin
Cercotrichas podobe,"(Müller, PLS, 1776)",Black Scrub Robin,Black Scrub-Robin
Cercotrichas galactotes,"(Temminck, CJ, 1820)",Rufous-tailed Scrub Robin,Rufous-tailed Scrub-Robin
Cercotrichas paena,"(Smith, A, 1836)",Kalahari Scrub Robin,Kalahari Scrub-Robin
Cercotrichas hartlaubi,"(Reichenow, A, 1891)",Brown-backed Scrub Robin,Brown-backed Scrub-Robin
Cercotrichas leucophrys,"(Vieillot, LJP, 1817)",White-browed Scrub Robin,White-browed Scrub-Robin
Copsychus fulicatus,"(Linnaeus, C, 1766)",Indian Robin,Indian Robin
Copsychus saularis,"(Linnaeus, C, 1758)",Oriental Magpie-Robin,Oriental Magpie-Robin
Copsychus pyrropygus,"(Lesson, RP, 1839)",Rufous-tailed Shama,Rufous-tailed Shama
Copsychus albospecularis,"(Eydoux, JFT; Gervais, FLP, 1836)",Madagascar Magpie-Robin,Madagascar Magpie-Robin
Copsychus sechellarum,"Newton, A, 1865",Seychelles Magpie-Robin,Seychelles Magpie-Robin
Copsychus mindanensis,"(Boddaert, P, 1783)",Philippine Magpie-Robin,Philippine Magpie-Robin
Copsychus malabaricus,"(Scopoli, GA, 1786)",White-rumped Shama,White-rumped Shama
Copsychus leggei,"(Whistler, H, 1941)",Sri Lanka Shama,Sri Lanka Shama
Copsychus stricklandii,"Motley, J; Dillwyn, LL, 1855",White-crowned Shama,White-crowned Shama
Copsychus barbouri,"(Bangs, O; Peters, JL, 1927)",Maratua Shama,Maratua Shama
Copsychus nigricauda,"(Vorderman, AG, 1893)",Kangean Shama,Kangean Shama
Copsychus albiventris,"(Blyth, E, 1858)",Andaman Shama,Andaman Shama
Copsychus omissus,"(Hartert, EJO, 1902)",Larwo Shama,Larwo Shama
Copsychus luzoniensis,"(Kittlitz, FH, 1832)",White-browed Shama,White-browed Shama
Copsychus superciliaris,"(Bourns, FS; Worcester, DC, 1894)",Visayan Shama,Visayan Shama
Copsychus niger,"(Sharpe, RB, 1877)",White-vented Shama,White-vented Shama
Copsychus cebuensis,"(Steere, JB, 1890)",Black Shama,Black Shama
Agricola infuscatus,"(Smith, A, 1839)",Chat Flycatcher,Chat Flycatcher
Agricola pallidus,"(Müller, JW, 1851)",Pale Flycatcher,Pale Flycatcher
Fraseria cinerascens,"Hartlaub, KJG, 1857",White-browed Forest Flycatcher,White-browed Forest-Flycatcher
Fraseria ocreata,"(Strickland, HE, 1844)",Fraser's Forest Flycatcher,African Forest-Flycatcher
Fraseria griseigularis,"(Jackson, FJ, 1906)",Grey-throated Tit-Flycatcher,Gray-throated Tit-Flycatcher
Fraseria plumbea,"(Hartlaub, KJG, 1858)",Grey Tit-Flycatcher,Gray Tit-Flycatcher
Fraseria olivascens,"(Cassin, J, 1859)",Olivaceous Flycatcher,Olivaceous Flycatcher
Fraseria lendu,"(Chapin, JP, 1932)",Chapin's Flycatcher,Chapin's Flycatcher
Fraseria tessmanni,"(Reichenow, A, 1907)",Tessmann's Flycatcher,Tessmann's Flycatcher
Fraseria caerulescens,"(Hartlaub, KJG, 1865)",Ashy Flycatcher,Ashy Flycatcher
Namibornis herero,"(Meyer de Schauensee, R, 1931)",Herero Chat,Herero Chat
Empidornis semipartitus,"(Rüppell, WPES, 1840)",Silverbird,Silverbird
Sigelus silens,"(Shaw, G, 1809)",Fiscal Flycatcher,Fiscal Flycatcher
Melaenornis ardesiacus,"Berlioz, J, 1936",Yellow-eyed Black Flycatcher,Yellow-eyed Black-Flycatcher
Melaenornis annamarulae,"Forbes-Watson, AD, 1970",Nimba Flycatcher,Nimba Flycatcher
Melaenornis edolioides,"(Swainson, WJ, 1837)",Northern Black Flycatcher,Northern Black-Flycatcher
Melaenornis pammelaina,"(Stanley, ES, 1814)",Southern Black Flycatcher,Southern Black-Flycatcher
Melaenornis fischeri,"(Reichenow, A, 1884)",White-eyed Slaty Flycatcher,White-eyed Slaty-Flycatcher
Melaenornis brunneus,"(Cabanis, JL, 1886)",Angola Slaty Flycatcher,Angola Slaty-Flycatcher
Melaenornis chocolatinus,"(Rüppell, WPES, 1840)",Abyssinian Slaty Flycatcher,Abyssinian Slaty-Flycatcher
Myopornis boehmi,"(Reichenow, A, 1884)",Böhm's Flycatcher,Böhm's Flycatcher
Artomyias ussheri,"Sharpe, RB, 1871",Ussher's Flycatcher,Ussher's Flycatcher
Artomyias fuliginosa,"Verreaux, JP; Verreaux, JBÉ, 1855",Sooty Flycatcher,Sooty Flycatcher
Bradornis comitatus,"(Cassin, J, 1857)",Dusky-blue Flycatcher,Dusky-blue Flycatcher
Bradornis mariquensis,"Smith, A, 1847",Marico Flycatcher,Marico Flycatcher
Bradornis microrhynchus,"Reichenow, A, 1887",African Grey Flycatcher,African Gray Flycatcher
Humblotia flavirostris,"Milne-Edwards, A; Oustalet, J-FÉ, 1885",Humblot's Flycatcher,Grande Comore Flycatcher
Muscicapa griseisticta,"(Swinhoe, R, 1861)",Grey-streaked Flycatcher,Gray-streaked Flycatcher
Muscicapa ferruginea,"(Hodgson, BH, 1845)",Ferruginous Flycatcher,Ferruginous Flycatcher
Muscicapa sibirica,"Gmelin, JF, 1789",Dark-sided Flycatcher,Dark-sided Flycatcher
Muscicapa dauurica,"Pallas, PS, 1811",Asian Brown Flycatcher,Asian Brown Flycatcher
Muscicapa randi,"Amadon, DA; du Pont, JE, 1970",Ashy-breasted Flycatcher,Ashy-breasted Flycatcher
Muscicapa segregata,"(Siebers, HC, 1928)",Sumba Brown Flycatcher,Sumba Brown Flycatcher
Muscicapa muttui,"(Layard, EL, 1854)",Brown-breasted Flycatcher,Brown-breasted Flycatcher
Muscicapa sodhii,"Harris, JBC; Rasmussen, PC; Yong DL; Prawiradilaga, DM; Putra, DD; Round, PD; Rheindt, FE, 2014",Sulawesi Streaked Flycatcher,Sulawesi Brown Flycatcher
Muscicapa williamsoni,"Deignan, HG, 1957",Brown-streaked Flycatcher,Brown-streaked Flycatcher
Muscicapa adusta,"(Boie, F, 1828)",African Dusky Flycatcher,African Dusky Flycatcher
Muscicapa epulata,"(Cassin, J, 1855)",Little Grey Flycatcher,Little Flycatcher
Muscicapa sethsmithi,"(Van Someren, VGL, 1922)",Yellow-footed Flycatcher,Yellow-footed Flycatcher
Muscicapa striata,"(Pallas, PS, 1764)",Spotted Flycatcher,Spotted Flycatcher
Muscicapa gambagae,"(Alexander, B, 1901)",Gambaga Flycatcher,Gambaga Flycatcher
Muscicapa cassini,"Heine, F, 1860",Cassin's Flycatcher,Cassin's Flycatcher
Muscicapa aquatica,"Heuglin, MT, 1864",Swamp Flycatcher,Swamp Flycatcher
Leucoptilon concretum,"(Müller, S, 1836)",White-tailed Flycatcher,White-tailed Flycatcher
Sholicola major,"(Jerdon, TC, 1841)",Nilgiri Blue Robin,Nilgiri Sholakili
Sholicola albiventris,"(Blanford, WT, 1868)",White-bellied Blue Robin,White-bellied Sholakili
Niltava grandis,"(Blyth, E, 1842)",Large Niltava,Large Niltava
Niltava macgrigoriae,"(Burton, E, 1836)",Small Niltava,Small Niltava
Niltava davidi,"La Touche, JDD, 1907",Fujian Niltava,Fujian Niltava
Niltava sundara,"Hodgson, BH, 1837",Rufous-bellied Niltava,Rufous-bellied Niltava
Niltava sumatrana,"Salvadori, AT, 1879",Rufous-vented Niltava,Rufous-vented Niltava
Niltava oatesi,"Salvadori, AT, 1887",Chinese Vivid Niltava,Chinese Vivid Niltava
Niltava vivida,"(Swinhoe, R, 1864)",Taiwan Vivid Niltava,Taiwan Vivid Niltava
Cyanoptila cumatilis,"Thayer, JE; Bangs, O, 1909",Zappey's Flycatcher,Zappey's Flycatcher
Cyanoptila cyanomelana,"(Temminck, CJ, 1829)",Blue-and-white Flycatcher,Blue-and-white Flycatcher
Eumyias sanfordi,"(Stresemann, EFT, 1931)",Matinan Blue Flycatcher,Matinan Flycatcher
Eumyias hoevelli,"(Meyer, AB, 1903)",Blue-fronted Blue Flycatcher,Blue-fronted Flycatcher
Eumyias hyacinthinus,"(Temminck, CJ, 1820)",Timor Blue Flycatcher,Timor Blue Flycatcher
Eumyias oscillans,"(Hartert, EJO, 1897)",Flores Jungle Flycatcher,Flores Jungle Flycatcher
Eumyias stresemanni,"(Siebers, HC, 1928)",Sumba Jungle Flycatcher,Sumba Jungle Flycatcher
Eumyias sordidus,"(Walden, A, 1870)",Dull-blue Flycatcher,Dull-blue Flycatcher
Eumyias albicaudatus,"(Jerdon, TC, 1840)",Nilgiri Flycatcher,Nilgiri Flycatcher
Eumyias indigo,"(Horsfield, T, 1821)",Indigo Flycatcher,Indigo Flycatcher
Eumyias thalassinus,"(Swainson, WJ, 1838)",Verditer Flycatcher,Verditer Flycatcher
Eumyias additus,"(Hartert, EJO, 1900)",Buru Jungle Flycatcher,Buru Jungle Flycatcher
Eumyias panayensis,"Sharpe, RB, 1877",Turquoise Flycatcher,Turquoise Flycatcher
Anthipes solitaris,"(Müller, S, 1836)",Rufous-browed Flycatcher,Rufous-browed Flycatcher
Anthipes monileger,"(Hodgson, BH, 1845)",White-gorgeted Flycatcher,White-gorgeted Flycatcher
Cyornis ruckii,"(Oustalet, J-FÉ, 1881)",Rück's Blue Flycatcher,Rück's Blue Flycatcher
Cyornis herioti,"Wardlaw-Ramsay, RG, 1886",Blue-breasted Blue Flycatcher,Blue-breasted Blue Flycatcher
Cyornis camarinensis,"(Rand, AL; Rabor, DS, 1967)",Rufous-breasted Blue Flycatcher,Rufous-breasted Blue Flycatcher
Cyornis hainanus,"(Ogilvie-Grant, WR, 1900)",Hainan Blue Flycatcher,Hainan Blue Flycatcher
Cyornis pallidipes,"(Jerdon, TC, 1840)",White-bellied Blue Flycatcher,White-bellied Blue Flycatcher
Cyornis poliogenys,"Brooks, WE, 1880",Pale-chinned Flycatcher,Pale-chinned Flycatcher
Cyornis unicolor,"Blyth, E, 1843",Pale Blue Flycatcher,Pale Blue Flycatcher
Cyornis rubeculoides,"(Vigors, NA, 1831)",Blue-throated Blue Flycatcher,Blue-throated Flycatcher
Cyornis glaucicomans,"Thayer, JE; Bangs, O, 1909",Chinese Blue Flycatcher,Chinese Blue Flycatcher
Cyornis magnirostris,"Blyth, E, 1849",Large Blue Flycatcher,Large Blue Flycatcher
Cyornis whitei,"Harington, HH, 1908",Hill Blue Flycatcher,Hill Blue Flycatcher
Cyornis banyumas,"(Horsfield, T, 1821)",Javan Blue Flycatcher,Javan Blue Flycatcher
Cyornis montanus,"Robinson, HC; Kinnear, NB, 1928",Dayak Blue Flycatcher,Dayak Blue Flycatcher
Cyornis kadayangensis,"Irham, M; Haryoko, T; Shakya, SB; Mitchell, SL; Burner, RC; Bocos, C; Eaton, JA; Rheindt, FE; Suparno; Sheldon, FH; Prawiradilaga, DM, 2022",Meratus Blue Flycatcher,Meratus Blue Flycatcher
Cyornis caerulatus,"(Bonaparte, CLJL, 1857)",Sunda Blue Flycatcher,Sunda Blue Flycatcher
Cyornis turcosus,"Brüggemann, F, 1877",Malaysian Blue Flycatcher,Malaysian Blue Flycatcher
Cyornis lemprieri,"(Sharpe, RB, 1884)",Palawan Blue Flycatcher,Palawan Blue Flycatcher
Cyornis superbus,"Stresemann, EFT, 1925",Bornean Blue Flycatcher,Bornean Blue Flycatcher
Cyornis tickelliae,"Blyth, E, 1843",Tickell's Blue Flycatcher,Tickell's Blue Flycatcher
Cyornis sumatrensis,"(Sharpe, RB, 1879)",Indochinese Blue Flycatcher,Indochinese Blue Flycatcher
Cyornis rufigastra,"(Raffles, TS, 1822)",Mangrove Blue Flycatcher,Mangrove Blue Flycatcher
Cyornis omissus,"(Hartert, EJO, 1896)",Sulawesi Blue Flycatcher,Sulawesi Blue Flycatcher
Cyornis kalaoensis,"(Hartert, EJO, 1896)",Kalao Blue Flycatcher,Kalao Blue Flycatcher
Cyornis brunneatus,"(Slater, HH, 1897)",Brown-chested Jungle Flycatcher,Brown-chested Jungle Flycatcher
Cyornis nicobaricus,"(Richmond, CW, 1902)",Nicobar Jungle Flycatcher,Nicobar Jungle Flycatcher
Cyornis umbratilis,"(Strickland, HE, 1849)",Grey-chested Jungle Flycatcher,Gray-chested Jungle Flycatcher
Cyornis olivaceus,"Hume, AO, 1877",Fulvous-chested Jungle Flycatcher,Fulvous-chested Jungle Flycatcher
Cyornis ruficauda,"(Sharpe, RB, 1877)",Philippine Jungle Flycatcher,Philippine Jungle Flycatcher
Cyornis ocularis,"(Bourns, FS; Worcester, DC, 1894)",Sulu Jungle Flycatcher,Sulu Jungle Flycatcher
Cyornis ruficrissa,"(Sharpe, RB, 1887)",Crocker Jungle Flycatcher,Crocker Jungle Flycatcher
Cyornis pelingensis,"(Vaurie, C, 1952)",Banggai Jungle Flycatcher,Banggai Jungle Flycatcher
Cyornis colonus,"(Hartert, EJO, 1898)",Sula Jungle Flycatcher,Sula Jungle Flycatcher
Erithacus rubecula,"(Linnaeus, C, 1758)",European Robin,European Robin
Swynnertonia swynnertoni,"(Shelley, GE, 1906)",Swynnerton's Robin,Swynnerton's Robin
Pogonocichla stellata,"(Vieillot, LJP, 1818)",White-starred Robin,White-starred Robin
Stiphrornis pyrrholaemus,"Schmidt, BK; Angehr, GR, 2008",Olive-backed Forest Robin,Olive-backed Forest Robin
Stiphrornis erythrothorax,"Hartlaub, KJG, 1855",Orange-breasted Forest Robin,Orange-breasted Forest Robin
Stiphrornis mabirae,"Jackson, FJ, 1910",Yellow-breasted Forest Robin,Yellow-breasted Forest Robin
Cossyphicula roberti,"(Alexander, B, 1903)",White-bellied Robin-Chat,White-bellied Robin-Chat
Cossyphicula isabellae,"(Gray, GR, 1862)",Mountain Robin-Chat,Mountain Robin-Chat
Chamaetylas poliocephala,"(Bonaparte, CLJL, 1850)",Brown-chested Alethe,Brown-chested Alethe
Chamaetylas poliophrys,"(Sharpe, RB, 1902)",Red-throated Alethe,Red-throated Alethe
Chamaetylas choloensis,"(Sclater, WL, 1927)",Thyolo Alethe,Thyolo Alethe
Chamaetylas fuelleborni,"(Reichenow, A, 1900)",White-chested Alethe,White-chested Alethe
Cossypha cyanocampter,"(Bonaparte, CLJL, 1850)",Blue-shouldered Robin-Chat,Blue-shouldered Robin-Chat
Cossypha semirufa,"(Rüppell, WPES, 1840)",Rüppell's Robin-Chat,Rüppell's Robin-Chat
Cossypha heuglini,"Hartlaub, KJG, 1866",White-browed Robin-Chat,White-browed Robin-Chat
Cossypha natalensis,"Smith, A, 1840",Red-capped Robin-Chat,Red-capped Robin-Chat
Cossypha dichroa,"(Gmelin, JF, 1789)",Chorister Robin-Chat,Chorister Robin-Chat
Cossypha heinrichi,"Rand, AL, 1955",White-headed Robin-Chat,White-headed Robin-Chat
Cossypha niveicapilla,"(de Lafresnaye, NFAA, 1838)",Snowy-crowned Robin-Chat,Snowy-crowned Robin-Chat
Cossypha albicapillus,"(Vieillot, LJP, 1818)",White-crowned Robin-Chat,White-crowned Robin-Chat
Cichladusa arquata,"Peters, WKH, 1863",Collared Palm Thrush,Collared Palm-Thrush
Cichladusa ruficauda,"(Hartlaub, KJG, 1857)",Rufous-tailed Palm Thrush,Rufous-tailed Palm-Thrush
Cichladusa guttata,"(Heuglin, MT, 1862)",Spotted Palm Thrush,Spotted Morning-Thrush
Xenocopsychus ansorgei,"Hartert, EJO, 1907",Angola Cave Chat,Angola Cave-Chat
Dessonornis archeri,"(Sharpe, RB, 1902)",Archer's Ground Robin,Archer's Robin-Chat
Dessonornis anomalus,"(Shelley, GE, 1893)",Olive-flanked Ground Robin,Olive-flanked Robin-Chat
Dessonornis caffer,"(Linnaeus, C, 1771)",Cape Robin-Chat,Cape Robin-Chat
Dessonornis humeralis,"Smith, A, 1836",White-throated Robin-Chat,White-throated Robin-Chat
Sheppardia polioptera,"(Reichenow, A, 1892)",Grey-winged Robin-Chat,Gray-winged Robin-Chat
Sheppardia poensis,"(Alexander, B, 1903)",Short-tailed Akalat,Short-tailed Akalat
Sheppardia bocagei,"(Finsch, FHO; Hartlaub, KJG, 1870)",Bocage's Akalat,Bocage's Akalat
Sheppardia cyornithopsis,"(Sharpe, RB, 1901)",Lowland Akalat,Lowland Akalat
Sheppardia aequatorialis,"(Jackson, FJ, 1906)",Equatorial Akalat,Equatorial Akalat
Sheppardia sharpei,"(Shelley, GE, 1903)",Sharpe's Akalat,Sharpe's Akalat
Sheppardia gunningi,"Haagner, AK, 1909",East Coast Akalat,East Coast Akalat
Sheppardia gabela,"(Rand, AL, 1957)",Gabela Akalat,Gabela Akalat
Sheppardia montana,"(Reichenow, A, 1907)",Usambara Akalat,Usambara Akalat
Sheppardia lowei,"(Grant, CHB; Mackworth-Praed, CW, 1941)",Iringa Akalat,Iringa Akalat
Sheppardia aurantiithorax,"Beresford, P; Fjeldså, J; Kiure, J, 2004",Rubeho Akalat,Rubeho Akalat
Irania gutturalis,"(Guérin-Méneville, FÉ, 1843)",White-throated Robin,White-throated Robin
Luscinia luscinia,"(Linnaeus, C, 1758)",Thrush Nightingale,Thrush Nightingale
Luscinia megarhynchos,"Brehm, CL, 1831",Common Nightingale,Common Nightingale
Luscinia phaenicuroides,"(Gray, JE; Gray, GR, 1847)",White-bellied Redstart,White-bellied Redstart
Luscinia svecica,"(Linnaeus, C, 1758)",Bluethroat,Bluethroat
Calliope pectardens,"David, A, 1877",Firethroat,Firethroat
Calliope obscura,"(Berezovski, MM; Bianchi, VL, 1891)",Blackthroat,Blackthroat
Calliope calliope,"(Pallas, PS, 1776)",Siberian Rubythroat,Siberian Rubythroat
Calliope pectoralis,"Gould, J, 1837",Himalayan Rubythroat,Himalayan Rubythroat
Calliope tschebaiewi,"Przevalski, NM, 1876",Chinese Rubythroat,Chinese Rubythroat
Myiomela leucura,"(Hodgson, BH, 1845)",White-tailed Robin,White-tailed Robin
Myiomela sumatrana,"(Robinson, HC; Kloss, CB, 1918)",Sumatran Blue Robin,Sumatran Robin
Myiomela diana,"(Lesson, RP, 1832)",Javan Blue Robin,Javan Robin
Enicurus scouleri,"Vigors, NA, 1832",Little Forktail,Little Forktail
Enicurus leschenaulti,"(Vieillot, LJP, 1818)",White-crowned Forktail,White-crowned Forktail
Enicurus borneensis,"(Sharpe, RB, 1889)",Bornean Forktail,Bornean Forktail
Enicurus maculatus,"Vigors, NA, 1831",Spotted Forktail,Spotted Forktail
Enicurus velatus,"Temminck, CJ, 1822",Sunda Forktail,Sunda Forktail
Enicurus ruficapillus,"Temminck, CJ, 1832",Chestnut-naped Forktail,Chestnut-naped Forktail
Enicurus immaculatus,"(Hodgson, BH, 1836)",Black-backed Forktail,Black-backed Forktail
Enicurus schistaceus,"(Hodgson, BH, 1836)",Slaty-backed Forktail,Slaty-backed Forktail
Cinclidium frontale,"Blyth, E, 1842",Blue-fronted Robin,Blue-fronted Robin
Myophonus blighi,"(Holdsworth, EWH, 1872)",Sri Lanka Whistling Thrush,Sri Lanka Whistling-Thrush
Myophonus melanurus,"(Salvadori, AT, 1879)",Shiny Whistling Thrush,Shiny Whistling-Thrush
Myophonus glaucinus,"(Temminck, CJ, 1823)",Javan Whistling Thrush,Javan Whistling-Thrush
Myophonus castaneus,"Wardlaw-Ramsay, RG, 1880",Brown-winged Whistling Thrush,Sumatran Whistling-Thrush
Myophonus borneensis,"Slater, HH, 1885",Bornean Whistling Thrush,Bornean Whistling-Thrush
Myophonus robinsoni,"Ogilvie-Grant, WR, 1905",Malayan Whistling Thrush,Malayan Whistling-Thrush
Myophonus horsfieldii,"Vigors, NA, 1831",Malabar Whistling Thrush,Malabar Whistling-Thrush
Myophonus insularis,"Gould, J, 1863",Taiwan Whistling Thrush,Taiwan Whistling-Thrush
Myophonus caeruleus,"(Scopoli, GA, 1786)",Blue Whistling Thrush,Blue Whistling-Thrush
Heinrichia calligyna,"Stresemann, EFT, 1931",Great Shortwing,Great Shortwing
Leonardina woodi,"(Mearns, EA, 1905)",Bagobo Babbler,Bagobo Robin
Vauriella gularis,"(Sharpe, RB, 1888)",Eyebrowed Jungle Flycatcher,Eyebrowed Jungle Flycatcher
Vauriella insignis,"(Ogilvie-Grant, WR, 1895)",White-browed Jungle Flycatcher,Rusty-flanked Jungle Flycatcher
Vauriella albigularis,"(Bourns, FS; Worcester, DC, 1894)",White-throated Jungle Flycatcher,Negros Jungle Flycatcher
Vauriella goodfellowi,"(Ogilvie-Grant, WR, 1905)",Slaty-backed Jungle Flycatcher,Mindanao Jungle Flycatcher
Larvivora brunnea,"Hodgson, BH, 1837",Indian Blue Robin,Indian Blue Robin
Larvivora cyane,"(Pallas, PS, 1776)",Siberian Blue Robin,Siberian Blue Robin
Larvivora akahige,"(Temminck, CJ, 1835)",Japanese Robin,Japanese Robin
Larvivora tanensis,"(Kuroda, Nm, 1923)",Izu Robin,Izu Robin
Larvivora komadori,"(Temminck, CJ, 1835)",Ryukyu Robin,Ryukyu Robin
Larvivora namiyei,"(Stejneger, LH, 1887)",Okinawa Robin,Okinawa Robin
Larvivora sibilans,"Swinhoe, R, 1863",Rufous-tailed Robin,Rufous-tailed Robin
Larvivora ruficeps,"Hartert, EJO, 1907",Rufous-headed Robin,Rufous-headed Robin
Brachypteryx hyperythra,"Blyth, E, 1861",Rusty-bellied Shortwing,Rusty-bellied Shortwing
Brachypteryx leucophris,"(Temminck, CJ, 1828)",Lesser Shortwing,Lesser Shortwing
Brachypteryx cruralis,"(Blyth, E, 1843)",Himalayan Shortwing,Himalayan Shortwing
Brachypteryx sinensis,"Rickett, CB, 1897",Chinese Shortwing,Chinese Shortwing
Brachypteryx goodfellowi,"Ogilvie-Grant, WR, 1912",Taiwan Shortwing,Taiwan Shortwing
Brachypteryx poliogyna,"Ogilvie-Grant, WR, 1895",Philippine Shortwing,Philippine Shortwing
Brachypteryx erythrogyna,"Sharpe, RB, 1888",Bornean Shortwing,Bornean Shortwing
Brachypteryx saturata,"Salvadori, AT, 1879",Sumatran Shortwing,Sumatran Shortwing
Brachypteryx montana,"Horsfield, T, 1821",Javan Shortwing,Javan Shortwing
Brachypteryx floris,"Hartert, EJO, 1897",Flores Shortwing,Flores Shortwing
Ficedula zanthopygia,"(Hay, A, 1845)",Yellow-rumped Flycatcher,Yellow-rumped Flycatcher
Ficedula elisae,"(Weigold, MH, 1922)",Green-backed Flycatcher,Green-backed Flycatcher
Ficedula narcissina,"(Temminck, CJ, 1836)",Narcissus Flycatcher,Narcissus Flycatcher
Ficedula owstoni,"(Bangs, O, 1901)",Ryukyu Flycatcher,Ryukyu Flycatcher
Ficedula mugimaki,"(Temminck, CJ, 1836)",Mugimaki Flycatcher,Mugimaki Flycatcher
Ficedula erithacus,"(Jerdon, TC; Blyth, E, 1861)",Slaty-backed Flycatcher,Slaty-backed Flycatcher
Ficedula hyperythra,"(Blyth, E, 1843)",Snowy-browed Flycatcher,Snowy-browed Flycatcher
Ficedula tricolor,"(Hodgson, BH, 1845)",Slaty-blue Flycatcher,Slaty-blue Flycatcher
Ficedula henrici,"(Hartert, EJO, 1899)",Damar Flycatcher,Damar Flycatcher
Ficedula hodgsoni,"(Moore, F, 1854)",Pygmy Flycatcher,Pygmy Flycatcher
Ficedula strophiata,"(Hodgson, BH, 1837)",Rufous-gorgeted Flycatcher,Rufous-gorgeted Flycatcher
Ficedula sapphira,"(Blyth, E, 1843)",Sapphire Flycatcher,Sapphire Flycatcher
Ficedula superciliaris,"(Jerdon, TC, 1840)",Ultramarine Flycatcher,Ultramarine Flycatcher
Ficedula westermanni,"(Sharpe, RB, 1888)",Little Pied Flycatcher,Little Pied Flycatcher
Ficedula ruficauda,"(Swainson, WJ, 1838)",Rusty-tailed Flycatcher,Rusty-tailed Flycatcher
Ficedula subrubra,"(Hartert, EJO; Steinbacher, F, 1934)",Kashmir Flycatcher,Kashmir Flycatcher
Ficedula parva,"(Bechstein, JM, 1792)",Red-breasted Flycatcher,Red-breasted Flycatcher
Ficedula albicilla,"(Pallas, PS, 1811)",Taiga Flycatcher,Taiga Flycatcher
Ficedula speculigera,"(Bonaparte, CLJL, 1850)",Atlas Pied Flycatcher,Atlas Flycatcher
Ficedula semitorquata,"(Homeyer, EF, 1885)",Semicollared Flycatcher,Semicollared Flycatcher
Ficedula albicollis,"(Temminck, CJ, 1815)",Collared Flycatcher,Collared Flycatcher
Ficedula hypoleuca,"(Pallas, PS, 1764)",European Pied Flycatcher,European Pied Flycatcher
Ficedula nigrorufa,"(Jerdon, TC, 1839)",Black-and-orange Flycatcher,Black-and-orange Flycatcher
Ficedula riedeli,"(Büttikofer, J, 1886)",Tanimbar Flycatcher,Tanimbar Flycatcher
Ficedula dumetoria,"(Wallace, AR, 1864)",Rufous-chested Flycatcher,Rufous-chested Flycatcher
Ficedula platenae,"(Blasius, W, 1888)",Palawan Flycatcher,Palawan Flycatcher
Ficedula disposita,"(Ripley, SD; Marshall, JT, 1967)",Furtive Flycatcher,Furtive Flycatcher
Ficedula rufigula,"(Wallace, AR, 1865)",Rufous-throated Flycatcher,Rufous-throated Flycatcher
Ficedula buruensis,"(Hartert, EJO, 1899)",Cinnamon-chested Flycatcher,Cinnamon-chested Flycatcher
Ficedula bonthaina,"(Hartert, EJO, 1896)",Lompobattang Flycatcher,Lompobattang Flycatcher
Ficedula timorensis,"(Hellmayr, CE, 1919)",Black-banded Flycatcher,Black-banded Flycatcher
Ficedula harterti,"(Siebers, HC, 1928)",Sumba Flycatcher,Sumba Flycatcher
Ficedula basilanica,"(Sharpe, RB, 1877)",Little Slaty Flycatcher,Little Slaty Flycatcher
Ficedula crypta,"(Vaurie, C, 1951)",Cryptic Flycatcher,Cryptic Flycatcher
Ficedula luzoniensis,"(Ogilvie-Grant, WR, 1894)",Bundok Flycatcher,Bundok Flycatcher
Tarsiger cyanurus,"(Pallas, PS, 1773)",Red-flanked Bluetail,Red-flanked Bluetail
Tarsiger albocoeruleus,"Meise, W, 1937",Qilian Bluetail,Qilian Bluetail
Tarsiger rufilatus,"(Hodgson, BH, 1845)",Himalayan Bluetail,Himalayan Bluetail
Tarsiger hyperythrus,"(Blyth, E, 1847)",Rufous-breasted Bush Robin,Rufous-breasted Bush-Robin
Tarsiger indicus,"(Vieillot, LJP, 1817)",White-browed Bush Robin,White-browed Bush-Robin
Tarsiger formosanus,"Hartert, EJO, 1910",Taiwan Bush Robin,Taiwan Bush-Robin
Tarsiger chrysaeus,"Hodgson, BH, 1845",Golden Bush Robin,Golden Bush-Robin
Tarsiger johnstoniae,"(Ogilvie-Grant, WR, 1906)",Collared Bush Robin,Collared Bush-Robin
Heteroxenicus stellatus,"(Gould, J, 1868)",Gould's Shortwing,Gould's Shortwing
Phoenicurus erythronotus,"(Eversmann, E, 1841)",Eversmann's Redstart,Rufous-backed Redstart
Phoenicurus alaschanicus,"(Przevalski, NM, 1876)",Przevalski's Redstart,Ala Shan Redstart
Phoenicurus frontalis,"Vigors, NA, 1831",Blue-fronted Redstart,Blue-fronted Redstart
Phoenicurus coeruleocephala,"Vigors, NA, 1831",Blue-capped Redstart,Blue-capped Redstart
Phoenicurus schisticeps,"(Gray, JE; Gray, GR, 1847)",White-throated Redstart,White-throated Redstart
Phoenicurus leucocephalus,"Vigors, NA, 1831",White-capped Redstart,White-capped Redstart
Phoenicurus bicolor,"(Ogilvie-Grant, WR, 1894)",Luzon Water Redstart,Luzon Redstart
Phoenicurus fuliginosus,"Vigors, NA, 1831",Plumbeous Water Redstart,Plumbeous Redstart
Phoenicurus auroreus,"(Pallas, PS, 1776)",Daurian Redstart,Daurian Redstart
Phoenicurus hodgsoni,"(Moore, F, 1854)",Hodgson's Redstart,Hodgson's Redstart
Phoenicurus erythrogastrus,"(Güldenstädt, JA, 1775)",Güldenstädt's Redstart,White-winged Redstart
Phoenicurus ochruros,"(Gmelin, SG, 1774)",Black Redstart,Black Redstart
Phoenicurus moussieri,"(Olphe-Galliard, L, 1852)",Moussier's Redstart,Moussier's Redstart
Phoenicurus phoenicurus,"(Linnaeus, C, 1758)",Common Redstart,Common Redstart
Monticola cinclorhyncha,"(Vigors, NA, 1831)",Blue-capped Rock Thrush,Blue-capped Rock-Thrush
Monticola rufiventris,"(Jardine, W; Selby, PJ, 1833)",Chestnut-bellied Rock Thrush,Chestnut-bellied Rock-Thrush
Monticola gularis,"(Swinhoe, R, 1863)",White-throated Rock Thrush,White-throated Rock-Thrush
Monticola brevipes,"(Waterhouse, GR, 1838)",Short-toed Rock Thrush,Short-toed Rock-Thrush
Monticola explorator,"(Vieillot, LJP, 1818)",Sentinel Rock Thrush,Sentinel Rock-Thrush
Monticola imerina,"(Hartlaub, KJG, 1860)",Littoral Rock Thrush,Littoral Rock-Thrush
Monticola erythronotus,"(Lavauden, AJL, 1929)",Amber Mountain Rock Thrush,Amber Mountain Rock-Thrush
Monticola sharpei,"(Gray, GR, 1871)",Forest Rock Thrush,Forest Rock-Thrush
Monticola rufocinereus,"(Rüppell, WPES, 1837)",Little Rock Thrush,Little Rock-Thrush
Monticola saxatilis,"(Linnaeus, C, 1766)",Common Rock Thrush,Rufous-tailed Rock-Thrush
Monticola solitarius,"(Linnaeus, C, 1758)",Blue Rock Thrush,Blue Rock-Thrush
Monticola semirufus,"(Rüppell, WPES, 1837)",White-winged Cliff Chat,White-winged Cliff-Chat
Monticola rupestris,"(Vieillot, LJP, 1818)",Cape Rock Thrush,Cape Rock-Thrush
Monticola angolensis,"Sousa, JA, 1888",Miombo Rock Thrush,Miombo Rock-Thrush
Saxicola jerdoni,"(Blyth, E, 1867)",Jerdon's Bush Chat,Jerdon's Bushchat
Saxicola ferreus,"Gray, JE; Gray, GR, 1847",Grey Bush Chat,Gray Bushchat
Saxicola gutturalis,"(Vieillot, LJP, 1818)",White-bellied Bush Chat,Timor Bushchat
Saxicola rubetra,"(Linnaeus, C, 1758)",Whinchat,Whinchat
Saxicola macrorhynchus,"(Stoliczka, F, 1872)",White-browed Bush Chat,White-browed Bushchat
Saxicola caprata,"(Linnaeus, C, 1766)",Pied Bush Chat,Pied Bushchat
Saxicola insignis,"Gray, JE; Gray, GR, 1847",White-throated Bush Chat,White-throated Bushchat
Saxicola leucurus,"(Blyth, E, 1847)",White-tailed Stonechat,White-tailed Stonechat
Saxicola maurus,"(Pallas, PS, 1773)",Siberian Stonechat,
Saxicola tectes,"(Gmelin, JF, 1789)",Reunion Stonechat,Reunion Stonechat
Saxicola torquatus,"(Linnaeus, C, 1766)",African Stonechat,African Stonechat
Saxicola dacotiae,"(Meade-Waldo, EGB, 1889)",Canary Islands Stonechat,Fuerteventura Stonechat
Saxicola rubicola,"(Linnaeus, C, 1766)",European Stonechat,European Stonechat
Campicoloides bifasciatus,"(Temminck, CJ, 1829)",Buff-streaked Chat,Buff-streaked Chat
Emarginata sinuata,"(Sundevall, CJ, 1858)",Sickle-winged Chat,Sickle-winged Chat
Emarginata schlegelii,"(Wahlberg, JA, 1855)",Karoo Chat,Karoo Chat
Emarginata tractrac,"(Wilkes, J, 1817)",Tractrac Chat,Tractrac Chat
Pinarochroa sordida,"(Rüppell, WPES, 1837)",Moorland Chat,Moorland Chat
Thamnolaea cinnamomeiventris,"(de Lafresnaye, NFAA, 1836)",Mocking Cliff Chat,Mocking Cliff-Chat
Myrmecocichla nigra,"(Vieillot, LJP, 1818)",Sooty Chat,Sooty Chat
Myrmecocichla aethiops,"Cabanis, JL, 1851",Anteater Chat,Northern Anteater-Chat
Myrmecocichla formicivora,"(Wilkes, J, 1817)",Ant-eating Chat,Southern Anteater-Chat
Myrmecocichla tholloni,"(Oustalet, J-FÉ, 1886)",Congo Moor Chat,Congo Moor Chat
Myrmecocichla monticola,"(Vieillot, LJP, 1818)",Mountain Chat,Mountain Chat
Myrmecocichla melaena,"(Rüppell, WPES, 1837)",Rüppell's Black Chat,Rüppell's Chat
Myrmecocichla arnotti,"(Tristram, HB, 1869)",Arnot's Chat,Arnot's Chat
Oenanthe monacha,"(Temminck, CJ, 1825)",Hooded Wheatear,Hooded Wheatear
Oenanthe deserti,"(Temminck, CJ, 1825)",Desert Wheatear,Desert Wheatear
Oenanthe hispanica,"(Linnaeus, C, 1758)",Western Black-eared Wheatear,Western Black-eared Wheatear
Oenanthe pleschanka,"(Lepekhin, II, 1770)",Pied Wheatear,Pied Wheatear
Oenanthe melanoleuca,"(Güldenstädt, JA, 1775)",Eastern Black-eared Wheatear,Eastern Black-eared Wheatear
Oenanthe cypriaca,"(Homeyer, EF, 1885)",Cyprus Wheatear,Cyprus Wheatear
Oenanthe seebohmi,"(Dixon, C, 1882)",Atlas Wheatear,Atlas Wheatear
Oenanthe oenanthe,"(Linnaeus, C, 1758)",Northern Wheatear,Northern Wheatear
Oenanthe pileata,"(Gmelin, JF, 1789)",Capped Wheatear,Capped Wheatear
Oenanthe bottae,"(Bonaparte, CLJL, 1854)",Buff-breasted Wheatear,Buff-breasted Wheatear
Oenanthe frenata,"(Heuglin, MT, 1869)",Rusty-breasted Wheatear,Rusty-breasted Wheatear
Oenanthe isabellina,"(Temminck, CJ, 1829)",Isabelline Wheatear,Isabelline Wheatear
Oenanthe heuglinii,"(Heuglin, MT, 1869)",Heuglin's Wheatear,Heuglin's Wheatear
Oenanthe phillipsi,"(Shelley, GE, 1885)",Somali Wheatear,Somali Wheatear
Oenanthe albifrons,"(Rüppell, WPES, 1837)",White-fronted Black Chat,White-fronted Black-Chat
Oenanthe moesta,"(Lichtenstein, MHC, 1823)",Red-rumped Wheatear,Red-rumped Wheatear
Oenanthe melanura,"(Temminck, CJ, 1824)",Blackstart,Blackstart
Oenanthe familiaris,"(Wilkes, J, 1817)",Familiar Chat,Familiar Chat
Oenanthe dubia,"(Blundell, HJW; Lovat, 1899)",Sombre Rock Chat,Sombre Rock Chat
Oenanthe scotocerca,"(Heuglin, MT, 1873)",Brown-tailed Rock Chat,Brown-tailed Chat
Oenanthe fusca,"(Blyth, E, 1851)",Brown Rock Chat,Brown Rock Chat
Oenanthe picata,"(Blyth, E, 1847)",Variable Wheatear,Variable Wheatear
Oenanthe albonigra,"(Hume, AO, 1872)",Hume's Wheatear,Hume's Wheatear
Oenanthe finschii,"(Heuglin, MT, 1869)",Finsch's Wheatear,Finsch's Wheatear
Oenanthe lugens,"(Lichtenstein, MHC, 1823)",Mourning Wheatear,Mourning Wheatear
Oenanthe xanthoprymna,"(Hemprich, WF; Ehrenberg, CG, 1833)",Kurdish Wheatear,Kurdish Wheatear
Oenanthe chrysopygia,"(de Filippi, F, 1863)",Red-tailed Wheatear,Persian Wheatear
Oenanthe leucura,"(Gmelin, JF, 1789)",Black Wheatear,Black Wheatear
Oenanthe leucopyga,"(Brehm, CL, 1855)",White-crowned Wheatear,White-crowned Wheatear
Oenanthe lugentoides,"(Seebohm, H, 1881)",Arabian Wheatear,Arabian Wheatear
Oenanthe lugubris,"(Rüppell, WPES, 1837)",Abyssinian Wheatear,Abyssinian Wheatear
Promerops cafer,"(Linnaeus, C, 1758)",Cape Sugarbird,Cape Sugarbird
Promerops gurneyi,"Verreaux, JP, 1871",Gurney's Sugarbird,Gurney's Sugarbird
Modulatrix stictigula,"(Reichenow, A, 1906)",Spot-throat,Spot-throat
Kakamega poliothorax,"(Reichenow, A, 1900)",Grey-chested Babbler,Gray-chested Babbler
Arcanator orostruthus,"(Vincent, J, 1933)",Dapple-throat,Dapple-throat
Prionochilus maculatus,"(Temminck, CJ, 1836)",Yellow-breasted Flowerpecker,Yellow-breasted Flowerpecker
Prionochilus percussus,"(Temminck, CJ, 1826)",Crimson-breasted Flowerpecker,Crimson-breasted Flowerpecker
Prionochilus plateni,"Blasius, W, 1888",Palawan Flowerpecker,Palawan Flowerpecker
Prionochilus xanthopygius,"Salvadori, AT, 1868",Yellow-rumped Flowerpecker,Yellow-rumped Flowerpecker
Prionochilus thoracicus,"(Temminck, CJ, 1836)",Scarlet-breasted Flowerpecker,Scarlet-breasted Flowerpecker
Pachyglossa olivacea,"(Tweeddale, A, 1877)",Olive-backed Flowerpecker,Olive-backed Flowerpecker
Pachyglossa agilis,"(Tickell, SR, 1833)",Thick-billed Flowerpecker,Thick-billed Flowerpecker
Pachyglossa everetti,"(Sharpe, RB, 1877)",Brown-backed Flowerpecker,Brown-backed Flowerpecker
Pachyglossa propria,"(Ripley, SD; Rabor, DS, 1966)",Whiskered Flowerpecker,Whiskered Flowerpecker
Pachyglossa chrysorrhea,"(Temminck, CJ, 1829)",Yellow-vented Flowerpecker,Yellow-vented Flowerpecker
Pachyglossa melanozantha,"Blyth, E, 1843",Yellow-bellied Flowerpecker,Yellow-bellied Flowerpecker
Pachyglossa vincens,"(Sclater, PL, 1872)",Legge's Flowerpecker,White-throated Flowerpecker
Dicaeum dayakorum,"Saucier, JR; Milensky, CM; Caraballo-Ortiz, MA; Ragai, R; Dahlan, NF; Edwards, DP, 2019",Spectacled Flowerpecker,Spectacled Flowerpecker
Dicaeum annae,"(Büttikofer, J, 1894)",Golden-rumped Flowerpecker,Golden-rumped Flowerpecker
Dicaeum aureolimbatum,"(Wallace, AR, 1865)",Yellow-sided Flowerpecker,Yellow-sided Flowerpecker
Dicaeum nigrilore,"Hartert, EJO, 1904",Olive-capped Flowerpecker,Olive-capped Flowerpecker
Dicaeum anthonyi,"(McGregor, RC, 1914)",Yellow-crowned Flowerpecker,Yellow-crowned Flowerpecker
Dicaeum kampalili,"Manuel, CG; Gilliard, ET, 1953",Flame-crowned Flowerpecker,Flame-crowned Flowerpecker
Dicaeum bicolor,"(Bourns, FS; Worcester, DC, 1894)",Bicolored Flowerpecker,Bicolored Flowerpecker
Dicaeum quadricolor,"(Tweeddale, A, 1878)",Cebu Flowerpecker,Cebu Flowerpecker
Dicaeum australe,"(Hermann, J, 1783)",Red-keeled Flowerpecker,Red-keeled Flowerpecker
Dicaeum haematostictum,"Sharpe, RB, 1876",Black-belted Flowerpecker,Black-belted Flowerpecker
Dicaeum retrocinctum,"Gould, J, 1872",Scarlet-collared Flowerpecker,Scarlet-collared Flowerpecker
Dicaeum trigonostigma,"(Scopoli, GA, 1786)",Orange-bellied Flowerpecker,Orange-bellied Flowerpecker
Dicaeum hypoleucum,"Sharpe, RB, 1876",Buzzing Flowerpecker,Buzzing Flowerpecker
Dicaeum erythrorhynchos,"(Latham, J, 1790)",Pale-billed Flowerpecker,Pale-billed Flowerpecker
Dicaeum concolor,"Jerdon, TC, 1840",Nilgiri Flowerpecker,Nilgiri Flowerpecker
Dicaeum minullum,"Swinhoe, R, 1870",Plain Flowerpecker,Plain Flowerpecker
Dicaeum virescens,"Hume, AO, 1873",Andaman Flowerpecker,Andaman Flowerpecker
Dicaeum pygmaeum,"(Kittlitz, FH, 1833)",Pygmy Flowerpecker,Pygmy Flowerpecker
Dicaeum nehrkorni,"Blasius, W, 1886",Crimson-crowned Flowerpecker,Crimson-crowned Flowerpecker
Dicaeum schistaceiceps,"Gray, GR, 1861",Halmahera Flowerpecker,Halmahera Flowerpecker
Dicaeum erythrothorax,"Lesson, RP; Garnot, P, 1828",Buru Flowerpecker,Buru Flowerpecker
Dicaeum vulneratum,"Wallace, AR, 1863",Ashy Flowerpecker,Ashy Flowerpecker
Dicaeum pectorale,"Müller, S, 1843",Olive-crowned Flowerpecker,Olive-crowned Flowerpecker
Dicaeum geelvinkianum,"Meyer, AB, 1874",Red-capped Flowerpecker,Red-capped Flowerpecker
Dicaeum nitidum,"Tristram, HB, 1889",Louisiade Flowerpecker,Louisiade Flowerpecker
Dicaeum eximium,"Sclater, PL, 1877",Red-banded Flowerpecker,Red-banded Flowerpecker
Dicaeum aeneum,"Pucheran, J, 1853",Midget Flowerpecker,Midget Flowerpecker
Dicaeum tristrami,"Sharpe, RB, 1884",Mottled Flowerpecker,Mottled Flowerpecker
Dicaeum igniferum,"Wallace, AR, 1864",Black-fronted Flowerpecker,Black-fronted Flowerpecker
Dicaeum maugei,"Lesson, RP, 1830",Red-chested Flowerpecker,Red-chested Flowerpecker
Dicaeum ignipectus,"(Blyth, E, 1843)",Fire-breasted Flowerpecker,Fire-breasted Flowerpecker
Dicaeum cambodianum,"Delacour, JT; Jabouille, P, 1928",Cambodian Flowerpecker,Cambodian Flowerpecker
Dicaeum luzoniense,"Ogilvie-Grant, WR, 1894",Fire-throated Flowerpecker,Fire-throated Flowerpecker
Dicaeum beccarii,"Robinson, HC; Kloss, CB, 1916",Sumatran Flowerpecker,Sumatran Flowerpecker
Dicaeum monticolum,"Sharpe, RB, 1887",Black-sided Flowerpecker,Black-sided Flowerpecker
Dicaeum celebicum,"Müller, S, 1843",Grey-sided Flowerpecker,Gray-sided Flowerpecker
Dicaeum sanguinolentum,"Temminck, CJ, 1829",Javan Flowerpecker,Javan Flowerpecker
Dicaeum rhodopygiale,"Rensch, B, 1928",Flores Flowerpecker,Flores Flowerpecker
Dicaeum wilhelminae,"Büttikofer, J, 1892",Sumba Flowerpecker,Sumba Flowerpecker
Dicaeum hanieli,"Hellmayr, CE, 1912",Timor Flowerpecker,Timor Flowerpecker
Dicaeum keiense,"Salvadori, AT, 1874",Pink-breasted Flowerpecker,Pink-breasted Flowerpecker
Dicaeum hirundinaceum,"(Shaw, G, 1792)",Mistletoebird,Mistletoebird
Dicaeum cruentatum,"(Linnaeus, C, 1758)",Scarlet-backed Flowerpecker,Scarlet-backed Flowerpecker
Dicaeum trochileum,"(Sparrman, A, 1789)",Scarlet-headed Flowerpecker,Scarlet-headed Flowerpecker
Kurochkinegramma hypogrammicum,"(Müller, S, 1843)",Purple-naped Spiderhunter,Purple-naped Spiderhunter
Arachnothera crassirostris,"(Reichenbach, HGL, 1853)",Thick-billed Spiderhunter,Thick-billed Spiderhunter
Arachnothera robusta,"Müller, S; Schlegel, H, 1845",Long-billed Spiderhunter,Long-billed Spiderhunter
Arachnothera flammifera,"Tweeddale, A, 1878",Orange-tufted Spiderhunter,Orange-tufted Spiderhunter
Arachnothera dilutior,"Sharpe, RB, 1876",Pale Spiderhunter,Pale Spiderhunter
Arachnothera longirostra,"(Latham, J, 1790)",Little Spiderhunter,Little Spiderhunter
Arachnothera juliae,"Sharpe, RB, 1887",Whitehead's Spiderhunter,Whitehead's Spiderhunter
Arachnothera clarae,"Blasius, W, 1890",Naked-faced Spiderhunter,Naked-faced Spiderhunter
Arachnothera chrysogenys,"(Temminck, CJ, 1826)",Yellow-eared Spiderhunter,Yellow-eared Spiderhunter
Arachnothera flavigaster,"(Eyton, TC, 1839)",Spectacled Spiderhunter,Spectacled Spiderhunter
Arachnothera magna,"(Hodgson, BH, 1836)",Streaked Spiderhunter,Streaked Spiderhunter
Arachnothera affinis,"(Horsfield, T, 1821)",Streaky-breasted Spiderhunter,Streaky-breasted Spiderhunter
Arachnothera modesta,"(Eyton, TC, 1839)",Grey-breasted Spiderhunter,Gray-breasted Spiderhunter
Arachnothera everetti,"(Sharpe, RB, 1893)",Bornean Spiderhunter,Bornean Spiderhunter
Chalcoparia singalensis,"(Gmelin, JF, 1789)",Ruby-cheeked Sunbird,Ruby-cheeked Sunbird
Anthreptes reichenowi,"Gunning, JWB, 1909",Plain-backed Sunbird,Plain-backed Sunbird
Anthreptes anchietae,"(Bocage, JVB, 1878)",Anchieta's Sunbird,Anchieta's Sunbird
Anthreptes simplex,"(Müller, S, 1843)",Plain Sunbird,Plain Sunbird
Anthreptes malacensis,"(Scopoli, GA, 1786)",Brown-throated Sunbird,Brown-throated Sunbird
Anthreptes griseigularis,"(Tweeddale, A, 1878)",Grey-throated Sunbird,Gray-throated Sunbird
Anthreptes rhodolaemus,"Shelley, GE, 1878",Red-throated Sunbird,Red-throated Sunbird
Anthreptes gabonicus,"(Hartlaub, KJG, 1861)",Mangrove Sunbird,Mouse-brown Sunbird
Anthreptes longuemarei,"(Lesson, RP, 1831)",Western Violet-backed Sunbird,Western Violet-backed Sunbird
Anthreptes orientalis,"Hartlaub, KJG, 1880",Eastern Violet-backed Sunbird,Eastern Violet-backed Sunbird
Anthreptes neglectus,"Neumann, OR, 1922",Uluguru Violet-backed Sunbird,Uluguru Violet-backed Sunbird
Anthreptes aurantius,"Verreaux, JP; Verreaux, JBÉ, 1851",Violet-tailed Sunbird,Violet-tailed Sunbird
Anthreptes seimundi,"(Ogilvie-Grant, WR, 1908)",Little Green Sunbird,Little Green Sunbird
Anthreptes rectirostris,"(Shaw, G, 1812)",Yellow-chinned Sunbird,Yellow-chinned Sunbird
Anthreptes tephrolaemus,"(Jardine, W; Fraser, L, 1852)",Grey-chinned Sunbird,Gray-chinned Sunbird
Anthreptes rubritorques,"Reichenow, A, 1905",Banded Green Sunbird,Banded Sunbird
Leptocoma zeylonica,"(Linnaeus, C, 1766)",Purple-rumped Sunbird,Purple-rumped Sunbird
Leptocoma minima,"(Sykes, WH, 1832)",Crimson-backed Sunbird,Crimson-backed Sunbird
Leptocoma brasiliana,"(Gmelin, JF, 1788)",Van Hasselt's Sunbird,Van Hasselt's Sunbird
Leptocoma sperata,"(Linnaeus, C, 1766)",Purple-throated Sunbird,Purple-throated Sunbird
Leptocoma aspasia,"(Lesson, RP; Garnot, P, 1828)",Black Sunbird,Black Sunbird
Leptocoma calcostetha,"(Jardine, W, 1843)",Copper-throated Sunbird,Copper-throated Sunbird
Aethopyga duyvenbodei,"(Schlegel, H, 1871)",Elegant Sunbird,Elegant Sunbird
Aethopyga ignicauda,"(Hodgson, BH, 1836)",Fire-tailed Sunbird,Fire-tailed Sunbird
Aethopyga saturata,"(Hodgson, BH, 1836)",Black-throated Sunbird,Black-throated Sunbird
Aethopyga gouldiae,"(Vigors, NA, 1831)",Mrs. Gould's Sunbird,Mrs. Gould's Sunbird
Aethopyga nipalensis,"(Hodgson, BH, 1836)",Green-tailed Sunbird,Green-tailed Sunbird
Aethopyga shelleyi,"Sharpe, RB, 1876",Lovely Sunbird,Lovely Sunbird
Aethopyga temminckii,"(Müller, S, 1843)",Temminck's Sunbird,Temminck's Sunbird
Aethopyga mystacalis,"(Temminck, CJ, 1822)",Javan Sunbird,Javan Sunbird
Aethopyga vigorsii,"(Sykes, WH, 1832)",Vigors's Sunbird,Vigors's Sunbird
Aethopyga siparaja,"(Raffles, TS, 1822)",Crimson Sunbird,Crimson Sunbird
Aethopyga magnifica,"Sharpe, RB, 1878",Magnificent Sunbird,Magnificent Sunbird
Aethopyga christinae,"Swinhoe, R, 1869",Fork-tailed Sunbird,Fork-tailed Sunbird
Aethopyga bella,"Tweeddale, A, 1877",Handsome Sunbird,Handsome Sunbird
Aethopyga eximia,"(Horsfield, T, 1821)",White-flanked Sunbird,White-flanked Sunbird
Aethopyga flagrans,"Oustalet, J-FÉ, 1876",Flaming Sunbird,Flaming Sunbird
Aethopyga guimarasensis,"(Steere, JB, 1890)",Maroon-naped Sunbird,Maroon-naped Sunbird
Aethopyga pulcherrima,"Sharpe, RB, 1876",Metallic-winged Sunbird,Metallic-winged Sunbird
Aethopyga linaraborae,"Kennedy, RS; Gonzales, PC; Miranda, HC, 1997",Lina's Sunbird,Lina's Sunbird
Aethopyga primigenia,"(Hachisuka, M, 1941)",Grey-hooded Sunbird,Gray-hooded Sunbird
Aethopyga boltoni,"Mearns, EA, 1905",Apo Sunbird,Apo Sunbird
Aethopyga tibolii,"Kennedy, RS; Gonzales, PC; Miranda, HC, 1997",Tboli Sunbird,Tboli Sunbird
Hedydipna collaris,"(Vieillot, LJP, 1819)",Collared Sunbird,Collared Sunbird
Hedydipna platura,"(Vieillot, LJP, 1819)",Pygmy Sunbird,Pygmy Sunbird
Hedydipna metallica,"(Lichtenstein, MHC, 1823)",Nile Valley Sunbird,Nile Valley Sunbird
Hedydipna pallidigaster,"(Sclater, WL; Moreau, RE, 1935)",Amani Sunbird,Amani Sunbird
Anabathmis reichenbachii,"(Hartlaub, KJG, 1857)",Reichenbach's Sunbird,Reichenbach's Sunbird
Anabathmis hartlaubii,"(Hartlaub, KJG, 1857)",Principe Sunbird,Principe Sunbird
Anabathmis newtonii,"(Bocage, JVB, 1887)",Newton's Sunbird,Newton's Sunbird
Anthobaphes violacea,"(Linnaeus, C, 1766)",Orange-breasted Sunbird,Orange-breasted Sunbird
Cyanomitra verticalis,"(Latham, J, 1790)",Green-headed Sunbird,Green-headed Sunbird
Cyanomitra bannermani,"Grant, CHB; Mackworth-Praed, CW, 1943",Bannerman's Sunbird,Bannerman's Sunbird
Cyanomitra cyanolaema,"(Jardine, W; Fraser, L, 1852)",Blue-throated Brown Sunbird,Blue-throated Brown Sunbird
Cyanomitra oritis,"(Reichenow, A, 1892)",Cameroon Sunbird,Cameroon Sunbird
Cyanomitra alinae,"Jackson, FJ, 1904",Blue-headed Sunbird,Blue-headed Sunbird
Cyanomitra olivacea,"(Smith, A, 1840)",Olive Sunbird,Olive Sunbird
Cyanomitra veroxii,"(Smith, A, 1832)",Grey Sunbird,Mouse-colored Sunbird
Deleornis axillaris,"(Reichenow, A, 1893)",Grey-headed Sunbird,Gray-headed Sunbird
Deleornis fraseri,"(Jardine, W; Selby, PJ, 1843)",Fraser's Sunbird,Fraser's Sunbird
Dreptes thomensis,"(Bocage, JVB, 1889)",Giant Sunbird,Sao Tome Sunbird
Nectarinia bocagii,"Shelley, GE, 1879",Bocage's Sunbird,Bocage's Sunbird
Nectarinia purpureiventris,"(Reichenow, A, 1893)",Purple-breasted Sunbird,Purple-breasted Sunbird
Nectarinia tacazze,"(Stanley, ES, 1814)",Tacazze Sunbird,Tacazze Sunbird
Nectarinia kilimensis,"Shelley, GE, 1885",Bronze Sunbird,Bronze Sunbird
Nectarinia famosa,"(Linnaeus, C, 1766)",Malachite Sunbird,Malachite Sunbird
Nectarinia johnstoni,"Shelley, GE, 1885",Scarlet-tufted Sunbird,Red-tufted Sunbird
Drepanorhynchus reichenowi,"Fischer, GA, 1884",Golden-winged Sunbird,Golden-winged Sunbird
Chalcomitra adelberti,"(Gervais, FLP, 1834)",Buff-throated Sunbird,Buff-throated Sunbird
Chalcomitra fuliginosa,"(Bechstein, JM, 1811)",Carmelite Sunbird,Carmelite Sunbird
Chalcomitra rubescens,"(Vieillot, LJP, 1819)",Green-throated Sunbird,Green-throated Sunbird
Chalcomitra amethystina,"(Shaw, G, 1812)",Amethyst Sunbird,Amethyst Sunbird
Chalcomitra senegalensis,"(Linnaeus, C, 1766)",Scarlet-chested Sunbird,Scarlet-chested Sunbird
Chalcomitra hunteri,"(Shelley, GE, 1889)",Hunter's Sunbird,Hunter's Sunbird
Chalcomitra balfouri,"(Sclater, PL; Hartlaub, KJG, 1881)",Socotra Sunbird,Socotra Sunbird
Cinnyris chloropygius,"(Jardine, W, 1842)",Olive-bellied Sunbird,Olive-bellied Sunbird
Cinnyris minullus,"Reichenow, A, 1899",Tiny Sunbird,Tiny Sunbird
Cinnyris gertrudis,"Grote, H, 1926",Western Miombo Sunbird,Western Miombo Sunbird
Cinnyris manoensis,"Reichenow, A, 1907",Eastern Miombo Sunbird,Eastern Miombo Sunbird
Cinnyris chalybeus,"(Linnaeus, C, 1766)",Southern Double-collared Sunbird,Southern Double-collared Sunbird
Cinnyris neergaardi,"Grant, CHB, 1908",Neergaard's Sunbird,Neergaard's Sunbird
Cinnyris stuhlmanni,"Reichenow, A, 1893",Rwenzori Double-collared Sunbird,
Cinnyris prigoginei,"Macdonald, JD, 1958",Prigogine's Double-collared Sunbird,Prigogine's Sunbird
Cinnyris ludovicensis,"(Bocage, JVB, 1868)",Ludwig's Double-collared Sunbird,
Cinnyris reichenowi,"Sharpe, RB, 1891",Northern Double-collared Sunbird,Northern Double-collared Sunbird
Cinnyris afer,"(Linnaeus, C, 1766)",Greater Double-collared Sunbird,Greater Double-collared Sunbird
Cinnyris regius,"Reichenow, A, 1893",Regal Sunbird,Regal Sunbird
Cinnyris rockefelleri,"Chapin, JP, 1932",Rockefeller's Sunbird,Rockefeller's Sunbird
Cinnyris mediocris,"Shelley, GE, 1885",Eastern Double-collared Sunbird,Eastern Double-collared Sunbird
Cinnyris usambaricus,"Grote, H, 1922",Usambara Double-collared Sunbird,Usambara Double-collared Sunbird
Cinnyris fuelleborni,"Reichenow, A, 1899",Forest Double-collared Sunbird,Forest Double-collared Sunbird
Cinnyris moreaui,"Sclater, WL, 1933",Moreau's Sunbird,Moreau's Sunbird
Cinnyris loveridgei,"Hartert, EJO, 1922",Loveridge's Sunbird,Loveridge's Sunbird
Cinnyris pulchellus,"(Linnaeus, C, 1766)",Beautiful Sunbird,Beautiful Sunbird
Cinnyris melanogastrus,"(Fischer, GA; Reichenow, A, 1884)",Gorgeous Sunbird,Gorgeous Sunbird
Cinnyris mariquensis,"Smith, A, 1836",Marico Sunbird,Marico Sunbird
Cinnyris shelleyi,"Alexander, B, 1899",Shelley's Sunbird,Shelley's Sunbird
Cinnyris congensis,"(van Oort, ED, 1910)",Congo Sunbird,Congo Sunbird
Cinnyris erythrocercus,"(Hartlaub, KJG, 1857)",Red-chested Sunbird,Red-chested Sunbird
Cinnyris nectarinioides,"Richmond, CW, 1897",Black-bellied Sunbird,Black-bellied Sunbird
Cinnyris bifasciatus,"(Shaw, G, 1812)",Purple-banded Sunbird,Purple-banded Sunbird
Cinnyris tsavoensis,"Van Someren, VGL, 1922",Tsavo Sunbird,Tsavo Sunbird
Cinnyris chalcomelas,"Reichenow, A, 1905",Violet-breasted Sunbird,Violet-breasted Sunbird
Cinnyris pembae,"Reichenow, A, 1905",Pemba Sunbird,Pemba Sunbird
Cinnyris bouvieri,"Shelley, GE, 1877",Orange-tufted Sunbird,Orange-tufted Sunbird
Cinnyris osea,"Bonaparte, CLJL, 1856",Palestine Sunbird,Palestine Sunbird
Cinnyris habessinicus,"(Hemprich, WF; Ehrenberg, CG, 1828)",Abyssinian Sunbird,Abyssinian Sunbird
Cinnyris hellmayri,"Neumann, OR, 1904",Arabian Sunbird,Arabian Sunbird
Cinnyris coccinigastrus,"(Latham, J, 1801)",Splendid Sunbird,Splendid Sunbird
Cinnyris johannae,"Verreaux, JP; Verreaux, JBÉ, 1851",Johanna's Sunbird,Johanna's Sunbird
Cinnyris superbus,"(Shaw, G, 1809)",Superb Sunbird,Superb Sunbird
Cinnyris rufipennis,"(Jensen, FP, 1983)",Rufous-winged Sunbird,Rufous-winged Sunbird
Cinnyris oustaleti,"(Bocage, JVB, 1878)",Oustalet's Sunbird,Oustalet's Sunbird
Cinnyris talatala,"Smith, A, 1836",White-bellied Sunbird,White-bellied Sunbird
Cinnyris venustus,"(Shaw, G, 1799)",Variable Sunbird,Variable Sunbird
Cinnyris fuscus,"Vieillot, LJP, 1819",Dusky Sunbird,Dusky Sunbird
Cinnyris ursulae,"(Alexander, B, 1903)",Ursula's Sunbird,Ursula's Sunbird
Cinnyris batesi,"Ogilvie-Grant, WR, 1908",Bates's Sunbird,Bates's Sunbird
Cinnyris cupreus,"(Shaw, G, 1812)",Copper Sunbird,Copper Sunbird
Cinnyris asiaticus,"(Latham, J, 1790)",Purple Sunbird,Purple Sunbird
Cinnyris ornatus,"Lesson, RP, 1827",Ornate Sunbird,Ornate Sunbird
Cinnyris infrenatus,"Hartert, EJO, 1903",Tukangbesi Sunbird,Tukangbesi Sunbird
Cinnyris frenatus,"(Müller, S, 1843)",Sahul Sunbird,Sahul Sunbird
Cinnyris jugularis,"(Linnaeus, C, 1766)",Garden Sunbird,Garden Sunbird
Cinnyris aurora,"(Tweeddale, A, 1878)",Palawan Sunbird,Palawan Sunbird
Cinnyris clementiae,"Lesson, RP, 1827",South Moluccan Sunbird,South Moluccan Sunbird
Cinnyris teysmanni,"Büttikofer, J, 1893",Flores Sea Sunbird,Flores Sea Sunbird
Cinnyris idenburgi,"Rand, AL, 1940",Mamberamo Sunbird,Mamberamo Sunbird
Cinnyris buettikoferi,"Hartert, EJO, 1896",Apricot-breasted Sunbird,Apricot-breasted Sunbird
Cinnyris solaris,"(Temminck, CJ, 1825)",Flame-breasted Sunbird,Flame-breasted Sunbird
Cinnyris sovimanga,"(Gmelin, JF, 1788)",Souimanga Sunbird,Souimanga Sunbird
Cinnyris notatus,"(Müller, PLS, 1776)",Malagasy Green Sunbird,Malagasy Sunbird
Cinnyris dussumieri,"(Hartlaub, KJG, 1861)",Seychelles Sunbird,Seychelles Sunbird
Cinnyris humbloti,"Milne-Edwards, A; Oustalet, J-FÉ, 1885",Humblot's Sunbird,Humblot's Sunbird
Cinnyris comorensis,"Peters, WKH, 1864",Anjouan Sunbird,Anjouan Sunbird
Cinnyris coquerellii,"(Hartlaub, KJG, 1860)",Mayotte Sunbird,Mayotte Sunbird
Cinnyris lotenius,"(Linnaeus, C, 1766)",Loten's Sunbird,Loten's Sunbird
Chloropsis flavipennis,"(Tweeddale, A, 1878)",Philippine Leafbird,Philippine Leafbird
Chloropsis palawanensis,"(Sharpe, RB, 1877)",Yellow-throated Leafbird,Yellow-throated Leafbird
Chloropsis sonnerati,"Jardine, W; Selby, PJ, 1827",Greater Green Leafbird,Greater Green Leafbird
Chloropsis cyanopogon,"(Temminck, CJ, 1830)",Lesser Green Leafbird,Lesser Green Leafbird
Chloropsis moluccensis,"Gray, JE, 1831",Blue-winged Leafbird,Blue-winged Leafbird
Chloropsis cochinchinensis,"(Gmelin, JF, 1789)",Javan Leafbird,Javan Leafbird
Chloropsis kinabaluensis,"Sharpe, RB, 1887",Bornean Leafbird,Bornean Leafbird
Chloropsis jerdoni,"(Blyth, E, 1844)",Jerdon's Leafbird,Jerdon's Leafbird
Chloropsis aurifrons,"(Temminck, CJ, 1829)",Golden-fronted Leafbird,Golden-fronted Leafbird
Chloropsis media,"(Bonaparte, CLJL, 1850)",Sumatran Leafbird,Sumatran Leafbird
Chloropsis hardwickii,"Jardine, W; Selby, PJ, 1830",Orange-bellied Leafbird,Orange-bellied Leafbird
Chloropsis venusta,"(Bonaparte, CLJL, 1850)",Blue-masked Leafbird,Blue-masked Leafbird
Irena puella,"(Latham, J, 1790)",Asian Fairy-bluebird,Asian Fairy-bluebird
Irena tweeddalii,"Sharpe, RB, 1877",Palawan Fairy-bluebird,Palawan Fairy-bluebird
Irena cyanogastra,"Vigors, NA, 1831",Philippine Fairy-bluebird,Philippine Fairy-bluebird
Peucedramus taeniatus,"(Du Bus de Gisignies, B-AL, 1847)",Olive Warbler,Olive Warbler
Urocynchramus pylzowi,"Przevalski, NM, 1876",Przevalski's Finch,Przevalski's Pinktail
Amblyospiza albifrons,"(Vigors, NA, 1831)",Thick-billed Weaver,Grosbeak Weaver
Histurgops ruficauda,"Reichenow, A, 1887",Rufous-tailed Weaver,Rufous-tailed Weaver
Sporopipes frontalis,"(Daudin, FM, 1800)",Speckle-fronted Weaver,Speckle-fronted Weaver
Sporopipes squamifrons,"(Smith, A, 1836)",Scaly-feathered Weaver,Scaly Weaver
Philetairus socius,"(Latham, J, 1790)",Sociable Weaver,Sociable Weaver
Pseudonigrita cabanisi,"(Fischer, GA; Reichenow, A, 1884)",Black-capped Social Weaver,Black-capped Social-Weaver
Pseudonigrita arnaudi,"(Bonaparte, CLJL, 1850)",Grey-capped Social Weaver,Gray-capped Social-Weaver
Plocepasser mahali,"Smith, A, 1836",White-browed Sparrow-Weaver,White-browed Sparrow-Weaver
Plocepasser superciliosus,"(Cretzschmar, PJ, 1827)",Chestnut-crowned Sparrow-Weaver,Chestnut-crowned Sparrow-Weaver
Plocepasser rufoscapulatus,"Büttikofer, J, 1888",Chestnut-backed Sparrow-Weaver,Chestnut-backed Sparrow-Weaver
Plocepasser donaldsoni,"Sharpe, RB, 1895",Donaldson Smith's Sparrow-Weaver,Donaldson Smith's Sparrow-Weaver
Dinemellia dinemelli,"(Rüppell, WPES, 1845)",White-headed Buffalo Weaver,White-headed Buffalo-Weaver
Bubalornis albirostris,"(Vieillot, LJP, 1817)",White-billed Buffalo Weaver,White-billed Buffalo-Weaver
Bubalornis niger,"Smith, A, 1836",Red-billed Buffalo Weaver,Red-billed Buffalo-Weaver
Ploceus flavipes,"(Chapin, JP, 1916)",Yellow-legged Weaver,Yellow-legged Weaver
Ploceus bertrandi,"(Shelley, GE, 1893)",Bertram's Weaver,Bertram's Weaver
Ploceus baglafecht,"(Daudin, FM, 1802)",Baglafecht Weaver,Baglafecht Weaver
Ploceus nigrimentus,"Reichenow, A, 1904",Black-chinned Weaver,Black-chinned Weaver
Ploceus bannermani,"Chapin, JP, 1932",Bannerman's Weaver,Bannerman's Weaver
Ploceus batesi,"(Sharpe, RB, 1908)",Bates's Weaver,Bates's Weaver
Ploceus luteolus,"(Lichtenstein, MHC, 1823)",Little Weaver,Little Weaver
Ploceus pelzelni,"(Hartlaub, KJG, 1887)",Slender-billed Weaver,Slender-billed Weaver
Ploceus subpersonatus,"(Cabanis, JL, 1876)",Loango Weaver,Loango Weaver
Ploceus brachypterus,"Swainson, WJ, 1837",Olive-naped Weaver,Olive-naped Weaver
Ploceus nigricollis,"(Vieillot, LJP, 1808)",Black-necked Weaver,Black-necked Weaver
Ploceus ocularis,"Smith, A, 1828",Spectacled Weaver,Spectacled Weaver
Ploceus melanogaster,"Shelley, GE, 1887",Black-billed Weaver,Black-billed Weaver
Ploceus alienus,"(Sharpe, RB, 1902)",Strange Weaver,Strange Weaver
Ploceus capensis,"(Linnaeus, C, 1766)",Cape Weaver,Cape Weaver
Ploceus temporalis,"(Bocage, JVB, 1880)",Bocage's Weaver,Bocage's Weaver
Ploceus subaureus,"Smith, A, 1839",Eastern Golden Weaver,African Golden-Weaver
Ploceus xanthops,"(Hartlaub, KJG, 1862)",Holub's Golden Weaver,Holub's Golden-Weaver
Ploceus aurantius,"(Vieillot, LJP, 1805)",Orange Weaver,Orange Weaver
Ploceus bojeri,"(Cabanis, JL, 1869)",Golden Palm Weaver,Golden Palm Weaver
Ploceus castaneiceps,"(Sharpe, RB, 1890)",Taveta Weaver,Taveta Golden-Weaver
Ploceus princeps,"(Bonaparte, CLJL, 1850)",Principe Weaver,Principe Golden-Weaver
Ploceus xanthopterus,"(Hartlaub, KJG; Finsch, FHO, 1870)",Southern Brown-throated Weaver,Southern Brown-throated Weaver
Ploceus castanops,"Shelley, GE, 1888",Northern Brown-throated Weaver,Northern Brown-throated Weaver
Ploceus burnieri,"Baker, NE; Baker, EM, 1990",Kilombero Weaver,Kilombero Weaver
Ploceus holoxanthus,"Hartlaub, KJG, 1891",Ruvu Weaver,Ruvu Weaver
Ploceus taeniopterus,"Reichenbach, HGL, 1863",Northern Masked Weaver,Northern Masked-Weaver
Ploceus intermedius,"Rüppell, WPES, 1845",Lesser Masked Weaver,Lesser Masked-Weaver
Ploceus velatus,"Vieillot, LJP, 1819",Southern Masked Weaver,Southern Masked-Weaver
Ploceus vitellinus,"(Lichtenstein, MHC, 1823)",Vitelline Masked Weaver,Vitelline Masked-Weaver
Ploceus reichardi,"Reichenow, A, 1886",Tanzanian Masked Weaver,Tanganyika Masked-Weaver
Ploceus katangae,"(Verheyen, RK, 1947)",Katanga Masked Weaver,Katanga Masked-Weaver
Ploceus ruweti,"Louette, M; Benson, CW, 1982",Lufira Masked Weaver,Lake Lufira Masked-Weaver
Ploceus heuglini,"Reichenow, A, 1886",Heuglin's Masked Weaver,Heuglin's Masked-Weaver
Ploceus galbula,"Rüppell, WPES, 1840",Rüppell's Weaver,Rüppell's Weaver
Ploceus spekei,"(Heuglin, MT, 1861)",Speke's Weaver,Speke's Weaver
Ploceus spekeoides,"Grant, CHB; Mackworth-Praed, CW, 1947",Fox's Weaver,Fox's Weaver
Ploceus castaneofuscus,"Lesson, RP, 1840",Chestnut-and-black Weaver,Chestnut-and-black Weaver
Ploceus nigerrimus,"Vieillot, LJP, 1819",Vieillot's Black Weaver,Vieillot's Black Weaver
Ploceus cucullatus,"(Müller, PLS, 1776)",Village Weaver,Village Weaver
Ploceus grandis,"(Gray, GR, 1844)",Giant Weaver,Giant Weaver
Ploceus weynsi,"(Dubois, AJC, 1900)",Weyns's Weaver,Weyns's Weaver
Ploceus golandi,"(Clarke, SR, 1913)",Kilifi Weaver,Kilifi Weaver
Ploceus dichrocephalus,"(Salvadori, AT, 1896)",Juba Weaver,Juba Weaver
Ploceus melanocephalus,"(Linnaeus, C, 1758)",Black-headed Weaver,Black-headed Weaver
Ploceus jacksoni,"Shelley, GE, 1888",Golden-backed Weaver,Golden-backed Weaver
Ploceus rubiginosus,"Rüppell, WPES, 1840",Chestnut Weaver,Chestnut Weaver
Ploceus badius,"(Cassin, J, 1850)",Cinnamon Weaver,Cinnamon Weaver
Ploceus aureonucha,"Sassi, M, 1920",Golden-naped Weaver,Golden-naped Weaver
Ploceus tricolor,"(Hartlaub, KJG, 1854)",Yellow-mantled Weaver,Yellow-mantled Weaver
Ploceus albinucha,"(Bocage, JVB, 1876)",Maxwell's Black Weaver,Maxwell's Black Weaver
Ploceus bicolor,"Vieillot, LJP, 1819",Dark-backed Weaver,Dark-backed Weaver
Ploceus insignis,"(Sharpe, RB, 1891)",Brown-capped Weaver,Brown-capped Weaver
Ploceus dorsomaculatus,"(Reichenow, A, 1893)",Yellow-capped Weaver,Yellow-capped Weaver
Ploceus preussi,"(Reichenow, A, 1893)",Preuss's Weaver,Preuss's Weaver
Ploceus olivaceiceps,"(Reichenow, A, 1899)",Olive-headed Weaver,Olive-headed Weaver
Ploceus nicolli,"Sclater, WL, 1931",Usambara Weaver,Usambara Weaver
Ploceus angolensis,"(Bocage, JVB, 1878)",Bar-winged Weaver,Bar-winged Weaver
Ploceus sanctithomae,"(Hartlaub, KJG, 1848)",Sao Tome Weaver,Sao Tome Weaver
Ploceus nelicourvi,"(Scopoli, GA, 1786)",Nelicourvi Weaver,Nelicourvi Weaver
Ploceus sakalava,"Hartlaub, KJG, 1861",Sakalava Weaver,Sakalava Weaver
Ploceus manyar,"(Horsfield, T, 1821)",Streaked Weaver,Streaked Weaver
Ploceus philippinus,"(Linnaeus, C, 1766)",Baya Weaver,Baya Weaver
Ploceus hypoxanthus,"(Sparrman, A, 1788)",Asian Golden Weaver,Asian Golden Weaver
Ploceus megarhynchus,"Hume, AO, 1869",Finn's Weaver,Finn's Weaver
Ploceus benghalensis,"(Linnaeus, C, 1758)",Black-breasted Weaver,Black-breasted Weaver
Pachyphantes superciliosus,"(Shelley, GE, 1873)",Compact Weaver,Compact Weaver
Quelea cardinalis,"(Hartlaub, KJG, 1880)",Cardinal Quelea,Cardinal Quelea
Quelea erythrops,"(Hartlaub, KJG, 1848)",Red-headed Quelea,Red-headed Quelea
Quelea quelea,"(Linnaeus, C, 1758)",Red-billed Quelea,Red-billed Quelea
Foudia madagascariensis,"(Linnaeus, C, 1766)",Red Fody,Red Fody
Foudia aldabrana,"Ridgway, R, 1893",Aldabra Fody,Aldabra Fody
Foudia eminentissima,"Bonaparte, CLJL, 1850",Comoro Fody,Red-headed Fody
Foudia omissa,"Rothschild, LW, 1912",Forest Fody,Forest Fody
Foudia rubra,"(Gmelin, JF, 1789)",Mauritius Fody,Mauritius Fody
Foudia sechellarum,"Newton, E, 1867",Seychelles Fody,Seychelles Fody
Foudia flavicans,"Newton, A, 1865",Rodrigues Fody,Rodrigues Fody
Brachycope anomala,"(Reichenow, A, 1887)",Bob-tailed Weaver,Bob-tailed Weaver
Euplectes franciscanus,"(Isert, PE, 1789)",Northern Red Bishop,Northern Red Bishop
Euplectes orix,"(Linnaeus, C, 1758)",Southern Red Bishop,Southern Red Bishop
Euplectes nigroventris,"Cassin, J, 1848",Zanzibar Red Bishop,Zanzibar Red Bishop
Euplectes hordeaceus,"(Linnaeus, C, 1758)",Black-winged Red Bishop,Black-winged Bishop
Euplectes gierowii,"Cabanis, JL, 1880",Black Bishop,Black Bishop
Euplectes afer,"(Gmelin, JF, 1789)",Yellow-crowned Bishop,Yellow-crowned Bishop
Euplectes diadematus,"Fischer, GA; Reichenow, A, 1878",Fire-fronted Bishop,Fire-fronted Bishop
Euplectes aureus,"(Gmelin, JF, 1789)",Golden-backed Bishop,Golden-backed Bishop
Euplectes capensis,"(Linnaeus, C, 1766)",Yellow Bishop,Yellow Bishop
Euplectes albonotatus,"(Cassin, J, 1848)",White-winged Widowbird,White-winged Widowbird
Euplectes macroura,"(Gmelin, JF, 1789)",Yellow-mantled Widowbird,Yellow-mantled Widowbird
Euplectes laticauda,"(Lichtenstein, MHC, 1823)",Red-cowled Widowbird,Red-cowled Widowbird
Euplectes ardens,"(Boddaert, P, 1783)",Red-collared Widowbird,Red-collared Widowbird
Euplectes axillaris,"(Smith, A, 1838)",Fan-tailed Widowbird,Fan-tailed Widowbird
Euplectes hartlaubi,"(Bocage, JVB, 1878)",Marsh Widowbird,Marsh Widowbird
Euplectes psammacromius,"(Reichenow, A, 1900)",Montane Widowbird,Buff-shouldered Widowbird
Euplectes progne,"(Boddaert, P, 1783)",Long-tailed Widowbird,Long-tailed Widowbird
Euplectes jacksoni,"(Sharpe, RB, 1891)",Jackson's Widowbird,Jackson's Widowbird
Anaplectes jubaensis,"Van Someren, VGL, 1920",Red Weaver,Red Weaver
Anaplectes rubriceps,"(Sundevall, CJ, 1850)",Red-headed Weaver,Red-headed Weaver
Malimbus coronatus,"Sharpe, RB, 1906",Red-crowned Malimbe,Red-crowned Malimbe
Malimbus cassini,"(Elliot, DG, 1859)",Cassin's Malimbe,Black-throated Malimbe
Malimbus ballmanni,"Wolters, HE, 1974",Gola Malimbe,Gola Malimbe
Malimbus racheliae,"(Cassin, J, 1857)",Rachel's Malimbe,Rachel's Malimbe
Malimbus scutatus,"(Cassin, J, 1849)",Red-vented Malimbe,Red-vented Malimbe
Malimbus ibadanensis,"Elgood, JH, 1958",Ibadan Malimbe,Ibadan Malimbe
Malimbus erythrogaster,"Reichenow, A, 1893",Red-bellied Malimbe,Red-bellied Malimbe
Malimbus nitens,"(Gray, JE, 1831)",Blue-billed Malimbe,Blue-billed Malimbe
Malimbus malimbicus,"(Daudin, FM, 1802)",Crested Malimbe,Crested Malimbe
Malimbus rubricollis,"(Swainson, WJ, 1838)",Red-headed Malimbe,Red-headed Malimbe
Anomalospiza imberbis,"(Cabanis, JL, 1868)",Cuckoo-finch,Parasitic Weaver
Vidua paradisaea,"(Linnaeus, C, 1758)",Long-tailed Paradise Whydah,Eastern Paradise-Whydah
Vidua obtusa,"(Chapin, JP, 1922)",Broad-tailed Paradise Whydah,Broad-tailed Paradise-Whydah
Vidua togoensis,"(Grote, H, 1923)",Togo Paradise Whydah,Togo Paradise-Whydah
Vidua interjecta,"(Grote, H, 1922)",Exclamatory Paradise Whydah,Exclamatory Paradise-Whydah
Vidua orientalis,"Heuglin, MT, 1870",Sahel Paradise Whydah,Sahel Paradise-Whydah
Vidua macroura,"(Pallas, PS, 1764)",Pin-tailed Whydah,Pin-tailed Whydah
Vidua hypocherina,"Verreaux, JP; Verreaux, JBÉ, 1856",Steel-blue Whydah,Steel-blue Whydah
Vidua regia,"(Linnaeus, C, 1766)",Shaft-tailed Whydah,Shaft-tailed Whydah
Vidua fischeri,"(Reichenow, A, 1882)",Straw-tailed Whydah,Straw-tailed Whydah
Vidua chalybeata,"(Müller, PLS, 1776)",Village Indigobird,Village Indigobird
Vidua codringtoni,"(Neave, SA, 1907)",Zambezi Indigobird,Green Indigobird
Vidua purpurascens,"(Reichenow, A, 1883)",Purple Indigobird,Purple Indigobird
Vidua funerea,"(de Tarragon, L, 1847)",Dusky Indigobird,Dusky Indigobird
Vidua wilsoni,"(Hartert, EJO, 1901)",Wilson's Indigobird,Wilson's Indigobird
Vidua nigeriae,"(Alexander, B, 1908)",Quailfinch Indigobird,Quailfinch Indigobird
Vidua maryae,"Payne, RB, 1982",Jos Plateau Indigobird,Jos Plateau Indigobird
Vidua raricola,"Payne, RB, 1982",Jambandu Indigobird,Jambandu Indigobird
Vidua larvaticola,"Payne, RB, 1982",Barka Indigobird,Barka Indigobird
Vidua camerunensis,"(Grote, H, 1922)",Cameroon Indigobird,Cameroon Indigobird
Heteromunia pectoralis,"(Gould, J, 1841)",Pictorella Mannikin,Pictorella Munia
Oreostruthus fuliginosus,"(De Vis, CW, 1897)",Mountain Firetail,Mountain Firetail
Stagonopleura guttata,"(Shaw, G, 1796)",Diamond Firetail,Diamond Firetail
Stagonopleura oculata,"(Quoy, JRC; Gaimard, JP, 1832)",Red-eared Firetail,Red-eared Firetail
Stagonopleura bella,"(Latham, J, 1801)",Beautiful Firetail,Beautiful Firetail
Neochmia phaeton,"(Hombron, JB; Jacquinot, H, 1841)",Crimson Finch,Crimson Finch
Neochmia temporalis,"(Latham, J, 1801)",Red-browed Finch,Red-browed Firetail
Emblema pictum,"Gould, J, 1842",Painted Finch,Painted Firetail
Emblema ruficauda,"(Gould, J, 1837)",Star Finch,Star Finch
Emblema modestum,"(Gould, J, 1837)",Plum-headed Finch,Plum-headed Finch
Stizoptera bichenovii,"(Vigors, NA; Horsfield, T, 1827)",Double-barred Finch,Double-barred Finch
Taeniopygia guttata,"(Vieillot, LJP, 1817)",Zebra Finch,Zebra Finch
Poephila personata,"Gould, J, 1842",Masked Finch,Masked Finch
Poephila acuticauda,"(Gould, J, 1840)",Long-tailed Finch,Long-tailed Finch
Poephila cincta,"(Gould, J, 1837)",Black-throated Finch,Black-throated Finch
Spermestes griseicapilla,"(Delacour, JT, 1943)",Grey-headed Silverbill,Gray-headed Silverbill
Spermestes cucullata,"Swainson, WJ, 1837",Bronze Mannikin,Bronze Mannikin
Spermestes fringilloides,"(de Lafresnaye, NFAA, 1835)",Magpie Mannikin,Magpie Mannikin
Spermestes bicolor,"(Fraser, L, 1843)",Black-and-white Mannikin,Black-and-white Mannikin
Lepidopygia nana,"(Pucheran, J, 1845)",Madagascar Mannikin,Madagascar Munia
Euodice malabarica,"(Linnaeus, C, 1758)",Indian Silverbill,Indian Silverbill
Euodice cantans,"(Gmelin, JF, 1789)",African Silverbill,African Silverbill
Padda oryzivora,"(Linnaeus, C, 1758)",Java Sparrow,Java Sparrow
Padda fuscata,"(Vieillot, LJP, 1807)",Timor Sparrow,Timor Sparrow
Mayrimunia leucosticta,"(d'Albertis, LM; Salvadori, AT, 1879)",White-spotted Mannikin,White-spotted Munia
Mayrimunia tristissima,"(Wallace, AR, 1865)",Streak-headed Mannikin,Streak-headed Munia
Lonchura punctulata,"(Linnaeus, C, 1758)",Scaly-breasted Munia,Scaly-breasted Munia
Lonchura kelaarti,"(Jerdon, TC, 1863)",Black-throated Munia,Black-throated Munia
Lonchura molucca,"(Linnaeus, C, 1766)",Black-faced Munia,Black-faced Munia
Lonchura striata,"(Linnaeus, C, 1766)",White-rumped Munia,White-rumped Munia
Lonchura fuscans,"(Cassin, J, 1852)",Dusky Munia,Dusky Munia
Lonchura leucogastra,"(Blyth, E, 1846)",White-bellied Munia,White-bellied Munia
Lonchura leucogastroides,"(Moore, F, 1858)",Javan Munia,Javan Munia
Lonchura malacca,"(Linnaeus, C, 1766)",Tricolored Munia,Tricolored Munia
Lonchura atricapilla,"(Vieillot, LJP, 1807)",Chestnut Munia,Chestnut Munia
Lonchura ferruginosa,"(Sparrman, A, 1789)",White-capped Munia,White-capped Munia
Lonchura maja,"(Linnaeus, C, 1766)",White-headed Munia,White-headed Munia
Lonchura pallida,"(Wallace, AR, 1864)",Pale-headed Munia,Pale-headed Munia
Lonchura grandis,"(Sharpe, RB, 1882)",Great-billed Mannikin,Grand Munia
Lonchura teerinki,"Rand, AL, 1940",Black-breasted Mannikin,Black-breasted Munia
Lonchura montana,"Junge, GCA, 1939",Western Alpine Mannikin,Snow Mountain Munia
Lonchura monticola,"(De Vis, CW, 1897)",Eastern Alpine Mannikin,Alpine Munia
Lonchura vana,"(Hartert, EJO, 1930)",Grey-banded Mannikin,Gray-banded Munia
Lonchura nevermanni,"Stresemann, EFT, 1934",Grey-crowned Mannikin,Gray-crowned Munia
Lonchura caniceps,"(Salvadori, AT, 1876)",Grey-headed Mannikin,Gray-headed Munia
Lonchura spectabilis,"(Sclater, PL, 1879)",Hooded Mannikin,Hooded Munia
Lonchura forbesi,"(Sclater, PL, 1879)",Forbes's Mannikin,New Ireland Munia
Lonchura hunsteini,"(Finsch, FHO, 1886)",Mottled Mannikin,Mottled Munia
Lonchura nigerrima,"(Rothschild, LW; Hartert, EJO, 1899)",New Hanover Mannikin,New Hanover Munia
Lonchura flaviprymna,"(Gould, J, 1845)",Yellow-rumped Mannikin,Yellow-rumped Munia
Lonchura quinticolor,"(Vieillot, LJP, 1807)",Five-colored Munia,Five-colored Munia
Lonchura castaneothorax,"(Gould, J, 1837)",Chestnut-breasted Mannikin,Chestnut-breasted Munia
Lonchura stygia,"Stresemann, EFT, 1934",Black Mannikin,Black Munia
Lonchura melaena,"(Sclater, PL, 1880)",Buff-bellied Mannikin,Bismarck Munia
Chloebia gouldiae,"(Gould, J, 1844)",Gouldian Finch,Gouldian Finch
Erythrura prasina,"(Sparrman, A, 1788)",Pin-tailed Parrotfinch,Pin-tailed Parrotfinch
Erythrura viridifacies,"Hachisuka, M; Delacour, JT, 1937",Green-faced Parrotfinch,Green-faced Parrotfinch
Erythrura hyperythra,"(Reichenbach, HGL, 1862)",Tawny-breasted Parrotfinch,Tawny-breasted Parrotfinch
Erythrura psittacea,"(Gmelin, JF, 1789)",Red-throated Parrotfinch,Red-throated Parrotfinch
Erythrura pealii,"Hartlaub, KJG, 1852",Fiji Parrotfinch,Fiji Parrotfinch
Erythrura cyaneovirens,"(Peale, TR, 1849)",Royal Parrotfinch,Royal Parrotfinch
Erythrura kleinschmidti,"(Finsch, FHO, 1878)",Pink-billed Parrotfinch,Pink-billed Parrotfinch
Erythrura tricolor,"(Vieillot, LJP, 1817)",Tricolored Parrotfinch,Tricolored Parrotfinch
Erythrura coloria,"Ripley, SD; Rabor, DS, 1961",Red-eared Parrotfinch,Red-eared Parrotfinch
Erythrura papuana,"Rothschild, LW; Hartert, EJO, 1900",Papuan Parrotfinch,Papuan Parrotfinch
Erythrura trichroa,"(Kittlitz, FH, 1833)",Blue-faced Parrotfinch,Blue-faced Parrotfinch
Nesocharis ansorgei,"(Hartert, EJO, 1899)",White-collared Oliveback,White-collared Oliveback
Nesocharis shelleyi,"Alexander, B, 1903",Shelley's Oliveback,Shelley's Oliveback
Coccopygia quartinia,"(Bonaparte, CLJL, 1850)",Yellow-bellied Waxbill,Yellow-bellied Waxbill
Coccopygia bocagei,"Shelley, GE, 1903",Angola Waxbill,Angola Waxbill
Coccopygia melanotis,"(Temminck, CJ, 1823)",Swee Waxbill,Swee Waxbill
Mandingoa nitidula,"(Hartlaub, KJG, 1865)",Green Twinspot,Green-backed Twinspot
Cryptospiza shelleyi,"Sharpe, RB, 1902",Shelley's Crimsonwing,Shelley's Crimsonwing
Cryptospiza jacksoni,"Sharpe, RB, 1902",Dusky Crimsonwing,Dusky Crimsonwing
Cryptospiza salvadorii,"Reichenow, A, 1892",Abyssinian Crimsonwing,Abyssinian Crimsonwing
Cryptospiza reichenovii,"(Hartlaub, KJG, 1874)",Red-faced Crimsonwing,Red-faced Crimsonwing
Parmoptila rubrifrons,"(Sharpe, RB; Ussher, HT, 1872)",Red-fronted Antpecker,Red-fronted Antpecker
Parmoptila woodhousei,"Cassin, J, 1859",Woodhouse's Antpecker,Woodhouse's Antpecker
Parmoptila jamesoni,"(Shelley, GE, 1890)",Jameson's Antpecker,Jameson's Antpecker
Nigrita fusconotus,"Fraser, L, 1843",White-breasted Nigrita,White-breasted Nigrita
Nigrita bicolor,"(Hartlaub, KJG, 1844)",Chestnut-breasted Nigrita,Chestnut-breasted Nigrita
Nigrita canicapillus,"(Strickland, HE, 1841)",Grey-headed Nigrita,Gray-headed Nigrita
Nigrita luteifrons,"Verreaux, JP; Verreaux, JBÉ, 1851",Pale-fronted Nigrita,Pale-fronted Nigrita
Delacourella capistrata,"(Hartlaub, KJG, 1861)",Grey-headed Oliveback,Gray-headed Oliveback
Brunhilda erythronotos,"(Vieillot, LJP, 1817)",Black-faced Waxbill,Black-faced Waxbill
Brunhilda charmosyna,"(Reichenow, A, 1881)",Black-cheeked Waxbill,Black-cheeked Waxbill
Glaucestrilda caerulescens,"(Vieillot, LJP, 1817)",Lavender Waxbill,Lavender Waxbill
Glaucestrilda perreini,"(Vieillot, LJP, 1817)",Grey Waxbill,Black-tailed Waxbill
Glaucestrilda thomensis,"(Sousa, JA, 1888)",Cinderella Waxbill,Cinderella Waxbill
Estrilda nonnula,"Hartlaub, KJG, 1883",Black-crowned Waxbill,Black-crowned Waxbill
Estrilda kandti,"Reichenow, A, 1902",Kandt's Waxbill,Kandt's Waxbill
Estrilda atricapilla,"Verreaux, JP; Verreaux, JBÉ, 1851",Black-headed Waxbill,Black-headed Waxbill
Estrilda melpoda,"(Vieillot, LJP, 1817)",Orange-cheeked Waxbill,Orange-cheeked Waxbill
Estrilda poliopareia,"Reichenow, A, 1902",Anambra Waxbill,Anambra Waxbill
Estrilda paludicola,"Heuglin, MT, 1863",Fawn-breasted Waxbill,Fawn-breasted Waxbill
Estrilda nigriloris,"Chapin, JP, 1928",Black-lored Waxbill,Black-lored Waxbill
Estrilda astrild,"(Linnaeus, C, 1758)",Common Waxbill,Common Waxbill
Estrilda troglodytes,"(Lichtenstein, MHC, 1823)",Black-rumped Waxbill,Black-rumped Waxbill
Estrilda rufibarba,"(Cabanis, JL, 1851)",Arabian Waxbill,Arabian Waxbill
Estrilda rhodopyga,"Sundevall, CJ, 1850",Crimson-rumped Waxbill,Crimson-rumped Waxbill
Paludipasser locustella,"Neave, SA, 1909",Locust Finch,Locustfinch
Ortygospiza atricollis,"(Vieillot, LJP, 1817)",Quailfinch,Quailfinch
Amadina erythrocephala,"(Linnaeus, C, 1758)",Red-headed Finch,Red-headed Finch
Amadina fasciata,"(Gmelin, JF, 1789)",Cut-throat Finch,Cut-throat
Amandava formosa,"(Latham, J, 1790)",Green Avadavat,Green Avadavat
Amandava subflava,"(Vieillot, LJP, 1819)",Orange-breasted Waxbill,Zebra Waxbill
Amandava amandava,"(Linnaeus, C, 1758)",Red Avadavat,Red Avadavat
Granatina granatina,"(Linnaeus, C, 1766)",Violet-eared Waxbill,Violet-eared Waxbill
Granatina ianthinogaster,"(Reichenow, A, 1879)",Purple Grenadier,Purple Grenadier
Uraeginthus angolensis,"(Linnaeus, C, 1758)",Blue Waxbill,Southern Cordonbleu
Uraeginthus bengalus,"(Linnaeus, C, 1766)",Red-cheeked Cordon-bleu,Red-cheeked Cordonbleu
Uraeginthus cyanocephalus,"(Richmond, CW, 1897)",Blue-capped Cordon-bleu,Blue-capped Cordonbleu
Pyrenestes minor,"Shelley, GE, 1894",Lesser Seedcracker,Lesser Seedcracker
Pyrenestes sanguineus,"Swainson, WJ, 1837",Crimson Seedcracker,Crimson Seedcracker
Pyrenestes ostrinus,"(Vieillot, LJP, 1805)",Black-bellied Seedcracker,Black-bellied Seedcracker
Spermophaga poliogenys,"(Ogilvie-Grant, WR, 1906)",Grant's Bluebill,Grant's Bluebill
Spermophaga haematina,"(Vieillot, LJP, 1807)",Western Bluebill,Western Bluebill
Spermophaga ruficapilla,"(Shelley, GE, 1888)",Red-headed Bluebill,Red-headed Bluebill
Pytilia melba,"(Linnaeus, C, 1758)",Green-winged Pytilia,Green-winged Pytilia
Pytilia afra,"(Gmelin, JF, 1789)",Orange-winged Pytilia,Orange-winged Pytilia
Pytilia phoenicoptera,"Swainson, WJ, 1837",Red-winged Pytilia,Red-winged Pytilia
Pytilia lineata,"Heuglin, MT, 1863",Red-billed Pytilia,Red-billed Pytilia
Pytilia hypogrammica,"Sharpe, RB, 1870",Yellow-winged Pytilia,Red-faced Pytilia
Hypargos margaritatus,"(Strickland, HE, 1844)",Pink-throated Twinspot,Pink-throated Twinspot
Hypargos niveoguttatus,"(Peters, WKH, 1868)",Red-throated Twinspot,Red-throated Twinspot
Euschistospiza dybowskii,"(Oustalet, J-FÉ, 1892)",Dybowski's Twinspot,Dybowski's Twinspot
Euschistospiza cinereovinacea,"(Sousa, JA, 1889)",Dusky Twinspot,Dusky Twinspot
Clytospiza monteiri,"(Hartlaub, KJG, 1860)",Brown Twinspot,Brown Twinspot
Lagonosticta senegala,"(Linnaeus, C, 1766)",Red-billed Firefinch,Red-billed Firefinch
Lagonosticta nitidula,"Hartlaub, KJG, 1886",Brown Firefinch,Brown Firefinch
Lagonosticta rufopicta,"(Fraser, L, 1843)",Bar-breasted Firefinch,Bar-breasted Firefinch
Lagonosticta rara,"(Antinori, O, 1864)",Black-bellied Firefinch,Black-bellied Firefinch
Lagonosticta larvata,"(Rüppell, WPES, 1840)",Black-faced Firefinch,Black-faced Firefinch
Lagonosticta rubricata,"(Lichtenstein, MHC, 1823)",African Firefinch,African Firefinch
Lagonosticta virata,"Bates, GL, 1932",Mali Firefinch,Mali Firefinch
Lagonosticta rhodopareia,"(Heuglin, MT, 1868)",Jameson's Firefinch,Jameson's Firefinch
Lagonosticta umbrinodorsalis,"Reichenow, A, 1910",Chad Firefinch,Chad Firefinch
Lagonosticta sanguinodorsalis,"Payne, RB, 1998",Rock Firefinch,Rock Firefinch
Prunella himalayana,"(Blyth, E, 1842)",Altai Accentor,Altai Accentor
Prunella collaris,"(Scopoli, GA, 1769)",Alpine Accentor,Alpine Accentor
Prunella immaculata,"(Hodgson, BH, 1845)",Maroon-backed Accentor,Maroon-backed Accentor
Prunella rubeculoides,"(Moore, F, 1854)",Robin Accentor,Robin Accentor
Prunella atrogularis,"(Brandt, JF, 1843)",Black-throated Accentor,Black-throated Accentor
Prunella ocularis,"(Radde, GFR, 1884)",Radde's Accentor,Radde's Accentor
Prunella modularis,"(Linnaeus, C, 1758)",Dunnock,Dunnock
Prunella rubida,"(Temminck, CJ; Schlegel, H, 1845)",Japanese Accentor,Japanese Accentor
Prunella montanella,"(Pallas, PS, 1776)",Siberian Accentor,Siberian Accentor
Prunella strophiata,"(Blyth, E, 1843)",Rufous-breasted Accentor,Rufous-breasted Accentor
Prunella koslowi,"(Przevalski, NM, 1887)",Kozlov's Accentor,Mongolian Accentor
Prunella fulvescens,"(Severtsov, NA, 1873)",Brown Accentor,Brown Accentor
Hypocryptadius cinnamomeus,"Hartert, EJO, 1903",Cinnamon Ibon,Cinnamon Ibon
Petronia petronia,"(Linnaeus, C, 1766)",Rock Sparrow,Rock Sparrow
Montifringilla nivalis,"(Linnaeus, C, 1766)",White-winged Snowfinch,White-winged Snowfinch
Montifringilla henrici,"(Oustalet, J-FÉ, 1892)",Tibetan Snowfinch,Tibetan Snowfinch
Montifringilla adamsi,"Adams, AL, 1859",Black-winged Snowfinch,Black-winged Snowfinch
Onychostruthus taczanowskii,"(Przevalski, NM, 1876)",White-rumped Snowfinch,White-rumped Snowfinch
Pyrgilauda davidiana,"Verreaux, JP, 1871",Pere David's Snowfinch,Pere David's Snowfinch
Pyrgilauda ruficollis,"(Blanford, WT, 1871)",Rufous-necked Snowfinch,Rufous-necked Snowfinch
Pyrgilauda blanfordi,"(Hume, AO, 1876)",Blanford's Snowfinch,Blanford's Snowfinch
Pyrgilauda theresae,"(Meinertzhagen, R, 1937)",Afghan Snowfinch,Afghan Snowfinch
Carpospiza brachydactyla,"(Bonaparte, CLJL, 1850)",Pale Rockfinch,Pale Rockfinch
Gymnoris pyrgita,"(Heuglin, MT, 1862)",Yellow-spotted Bush Sparrow,Yellow-spotted Bush Sparrow
Gymnoris xanthocollis,"(Burton, E, 1838)",Yellow-throated Sparrow,Yellow-throated Sparrow
Gymnoris superciliaris,"Blyth, E, 1845",Yellow-throated Bush Sparrow,Yellow-throated Bush Sparrow
Gymnoris dentata,"(Sundevall, CJ, 1850)",Sahel Bush Sparrow,Sahel Bush Sparrow
Passer griseus,"(Vieillot, LJP, 1817)",Northern Grey-headed Sparrow,Northern Gray-headed Sparrow
Passer swainsonii,"(Rüppell, WPES, 1840)",Swainson's Sparrow,Swainson's Sparrow
Passer gongonensis,"(Oustalet, J-FÉ, 1890)",Parrot-billed Sparrow,Parrot-billed Sparrow
Passer suahelicus,"Reichenow, A, 1904",Swahili Sparrow,Swahili Sparrow
Passer diffusus,"(Smith, A, 1836)",Southern Grey-headed Sparrow,Southern Gray-headed Sparrow
Passer melanurus,"(Müller, PLS, 1776)",Cape Sparrow,Cape Sparrow
Passer eminibey,"(Hartlaub, KJG, 1880)",Chestnut Sparrow,Chestnut Sparrow
Passer motitensis,"Smith, A, 1836",Great Sparrow,Great Rufous Sparrow
Passer rufocinctus,"Fischer, GA; Reichenow, A, 1884",Kenya Sparrow,Kenya Rufous Sparrow
Passer shelleyi,"Sharpe, RB, 1891",Shelley's Sparrow,Shelley's Rufous Sparrow
Passer cordofanicus,"Heuglin, MT, 1874",Kordofan Sparrow,Kordofan Rufous Sparrow
Passer cinnamomeus,"(Gould, J, 1836)",Russet Sparrow,Russet Sparrow
Passer montanus,"(Linnaeus, C, 1758)",Eurasian Tree Sparrow,Eurasian Tree Sparrow
Passer ammodendri,"Gould, J, 1872",Saxaul Sparrow,Saxaul Sparrow
Passer iagoensis,"(Gould, J, 1838)",Iago Sparrow,Cape Verde Sparrow
Passer zarudnyi,"Pleske, TE, 1896",Zarudny's Sparrow,Zarudny's Sparrow
Passer simplex,"(Lichtenstein, MHC, 1823)",Desert Sparrow,Desert Sparrow
Passer moabiticus,"Tristram, HB, 1864",Dead Sea Sparrow,Dead Sea Sparrow
Passer luteus,"(Lichtenstein, MHC, 1823)",Sudan Golden Sparrow,Sudan Golden Sparrow
Passer euchlorus,"(Bonaparte, CLJL, 1850)",Arabian Golden Sparrow,Arabian Golden Sparrow
Passer flaveolus,"Blyth, E, 1845",Plain-backed Sparrow,Plain-backed Sparrow
Passer insularis,"Sclater, PL; Hartlaub, KJG, 1881",Socotra Sparrow,Socotra Sparrow
Passer hemileucus,"Ogilvie-Grant, WR; Forbes, HO, 1899",Abd al-Kuri Sparrow,Abd al Kuri Sparrow
Passer hispaniolensis,"(Temminck, CJ, 1820)",Spanish Sparrow,Spanish Sparrow
Passer pyrrhonotus,"Blyth, E, 1845",Sind Sparrow,Sind Sparrow
Passer castanopterus,"Blyth, E, 1855",Somali Sparrow,Somali Sparrow
Passer italiae,"(Vieillot, LJP, 1817)",Italian Sparrow,Italian Sparrow
Passer domesticus,"(Linnaeus, C, 1758)",House Sparrow,House Sparrow
Dendronanthus indicus,"(Gmelin, JF, 1789)",Forest Wagtail,Forest Wagtail
Motacilla flaviventris,"Hartlaub, KJG, 1860",Madagascar Wagtail,Madagascar Wagtail
Motacilla bocagii,"(Sharpe, RB, 1892)",Sao Tome Shorttail,Sao Tome Short-tail
Motacilla capensis,"Linnaeus, C, 1766",Cape Wagtail,Cape Wagtail
Motacilla clara,"Sharpe, RB, 1908",Mountain Wagtail,Mountain Wagtail
Motacilla cinerea,"Tunstall, M, 1771",Grey Wagtail,Gray Wagtail
Motacilla flava,"Linnaeus, C, 1758",Western Yellow Wagtail,Western Yellow Wagtail
Motacilla citreola,"Pallas, PS, 1776",Citrine Wagtail,Citrine Wagtail
Motacilla tschutschensis,"Gmelin, JF, 1789",Eastern Yellow Wagtail,Eastern Yellow Wagtail
Motacilla aguimp,"Temminck, CJ, 1820",African Pied Wagtail,African Pied Wagtail
Motacilla maderaspatensis,"Gmelin, JF, 1789",White-browed Wagtail,White-browed Wagtail
Motacilla alba,"Linnaeus, C, 1758",White Wagtail,White Wagtail
Motacilla grandis,"Sharpe, RB, 1885",Japanese Wagtail,Japanese Wagtail
Motacilla samveasnae,"Duckworth, JW; Alström, P; Davidson, PJA; Evans, TD; Poole, CM; Setha, T; Timmins, RJ, 2001",Mekong Wagtail,Mekong Wagtail
Tmetothylacus tenellus,"(Cabanis, JL, 1878)",Golden Pipit,Golden Pipit
Hemimacronyx chloris,"(Lichtenstein, MHC, 1842)",Yellow-breasted Pipit,Yellow-breasted Pipit
Macronyx sharpei,"Jackson, FJ, 1904",Sharpe's Longclaw,Sharpe's Longclaw
Macronyx capensis,"(Linnaeus, C, 1766)",Cape Longclaw,Orange-throated Longclaw
Macronyx croceus,"(Vieillot, LJP, 1816)",Yellow-throated Longclaw,Yellow-throated Longclaw
Macronyx fuelleborni,"Reichenow, A, 1900",Fülleborn's Longclaw,Fülleborn's Longclaw
Macronyx flavicollis,"Rüppell, WPES, 1840",Abyssinian Longclaw,Abyssinian Longclaw
Macronyx aurantiigula,"Reichenow, A, 1891",Pangani Longclaw,Pangani Longclaw
Macronyx ameliae,"de Tarragon, L, 1849",Rosy-throated Longclaw,Rosy-throated Longclaw
Macronyx grimwoodi,"Benson, CW, 1955",Grimwood's Longclaw,Grimwood's Longclaw
Anthus sylvanus,"(Hodgson, BH, 1845)",Upland Pipit,Upland Pipit
Anthus godlewskii,"(Taczanowski, W, 1876)",Blyth's Pipit,Blyth's Pipit
Anthus hoeschi,"Stresemann, EFT, 1938",Mountain Pipit,Mountain Pipit
Anthus campestris,"(Linnaeus, C, 1758)",Tawny Pipit,Tawny Pipit
Anthus berthelotii,"Bolle, CA, 1862",Berthelot's Pipit,Berthelot's Pipit
Anthus similis,"(Jerdon, TC, 1840)",Long-billed Pipit,Long-billed Pipit
Anthus vaalensis,"Shelley, GE, 1900",Buffy Pipit,Buffy Pipit
Anthus nyassae,"Neumann, OR, 1906",Wood Pipit,Woodland Pipit
Anthus nicholsoni,"Sharpe, RB, 1884",Nicholson's Pipit,Nicholson's Pipit
Anthus novaeseelandiae,"(Gmelin, JF, 1789)",New Zealand Pipit,New Zealand Pipit
Anthus australis,"Vieillot, LJP, 1818",Australian Pipit,Australian Pipit
Anthus pallidiventris,"Sharpe, RB, 1885",Long-legged Pipit,Long-legged Pipit
Anthus melindae,"Shelley, GE, 1900",Malindi Pipit,Malindi Pipit
Anthus leucophrys,"Vieillot, LJP, 1818",Plain-backed Pipit,Plain-backed Pipit
Anthus cinnamomeus,"Rüppell, WPES, 1840",African Pipit,African Pipit
Anthus richardi,"Vieillot, LJP, 1818",Richard's Pipit,Richard's Pipit
Anthus rufulus,"Vieillot, LJP, 1818",Paddyfield Pipit,Paddyfield Pipit
Anthus lineiventris,"Sundevall, CJ, 1850",Striped Pipit,Striped Pipit
Anthus crenatus,"Finsch, FHO; Hartlaub, KJG, 1870",African Rock Pipit,Yellow-tufted Pipit
Anthus sokokensis,"Van Someren, VGL, 1921",Sokoke Pipit,Sokoke Pipit
Anthus brachyurus,"Sundevall, CJ, 1850",Short-tailed Pipit,Short-tailed Pipit
Anthus caffer,"Sundevall, CJ, 1850",Bushveld Pipit,Bush Pipit
Anthus spragueii,"(Audubon, JJ, 1844)",Sprague's Pipit,Sprague's Pipit
Anthus chii,"Vieillot, LJP, 1818",Yellowish Pipit,Yellowish Pipit
Anthus furcatus,"d'Orbigny, ACVMD; de Lafresnaye, NFAA, 1837",Short-billed Pipit,Short-billed Pipit
Anthus brevirostris,"Taczanowski, W, 1875",Puna Pipit,Puna Pipit
Anthus peruvianus,"Nicholson, F, 1878",Peruvian Pipit,Peruvian Pipit
Anthus chacoensis,"Zimmer, JT, 1952",Pampas Pipit,Pampas Pipit
Anthus hellmayri,"Hartert, EJO, 1909",Hellmayr's Pipit,Hellmayr's Pipit
Anthus bogotensis,"Sclater, PL, 1855",Paramo Pipit,Paramo Pipit
Anthus nattereri,"Sclater, PL, 1878",Ochre-breasted Pipit,Ochre-breasted Pipit
Anthus antarcticus,"Cabanis, JL, 1884",South Georgia Pipit,South Georgia Pipit
Anthus correndera,"Vieillot, LJP, 1818",Correndera Pipit,Correndera Pipit
Anthus gustavi,"Swinhoe, R, 1863",Pechora Pipit,Pechora Pipit
Anthus ruficollis,"(Rothschild, LW; Hartert, EJO, 1923)",Madanga,Madanga
Anthus gutturalis,"De Vis, CW, 1894",Alpine Pipit,Alpine Pipit
Anthus nilghiriensis,"Sharpe, RB, 1885",Nilgiri Pipit,Nilgiri Pipit
Anthus trivialis,"(Linnaeus, C, 1758)",Tree Pipit,Tree Pipit
Anthus hodgsoni,"Richmond, CW, 1907",Olive-backed Pipit,Olive-backed Pipit
Anthus cervinus,"(Pallas, PS, 1811)",Red-throated Pipit,Red-throated Pipit
Anthus roseatus,"Blyth, E, 1847",Rosy Pipit,Rosy Pipit
Anthus japonicus,"Temminck, CJ; Schlegel, H, 1847",Siberian Pipit,Siberian Pipit
Anthus rubescens,"(Tunstall, M, 1771)",American Pipit,American Pipit
Anthus pratensis,"(Linnaeus, C, 1758)",Meadow Pipit,Meadow Pipit
Anthus petrosus,"(Montagu, G, 1798)",European Rock Pipit,Rock Pipit
Anthus spinoletta,"(Linnaeus, C, 1758)",Water Pipit,Water Pipit
Fringilla montifringilla,"Linnaeus, C, 1758",Brambling,Brambling
Fringilla teydea,"Barker-Webb, P; Berthelot, S; Moquin-Tandon, A, 1836",Tenerife Blue Chaffinch,Tenerife Blue Chaffinch
Fringilla polatzeki,"Hartert, EJO, 1905",Gran Canaria Blue Chaffinch,Gran Canaria Blue Chaffinch
Fringilla spodiogenys,"Bonaparte, CLJL, 1841",African Chaffinch,African Chaffinch
Fringilla coelebs,"Linnaeus, C, 1758",Eurasian Chaffinch,Common Chaffinch
Fringilla moreletti,"Pucheran, J, 1859",Azores Chaffinch,Azores Chaffinch
Fringilla maderensis,"Sharpe, RB, 1888",Madeira Chaffinch,Madeira Chaffinch
Fringilla canariensis,"Vieillot, LJP, 1817",Canary Islands Chaffinch,Canary Islands Chaffinch
Chlorophonia elegantissima,"(Bonaparte, CLJL, 1838)",Elegant Euphonia,Elegant Euphonia
Chlorophonia musica,"(Gmelin, JF, 1789)",Hispaniolan Euphonia,Hispaniolan Euphonia
Chlorophonia sclateri,"(Sclater, PL, 1854)",Puerto Rican Euphonia,Puerto Rican Euphonia
Chlorophonia flavifrons,"(Sparrman, A, 1789)",Lesser Antillean Euphonia,Lesser Antillean Euphonia
Chlorophonia cyanocephala,"(Vieillot, LJP, 1818)",Golden-rumped Euphonia,Golden-rumped Euphonia
Chlorophonia cyanea,"(Thunberg, CP, 1822)",Blue-naped Chlorophonia,Blue-naped Chlorophonia
Chlorophonia pyrrhophrys,"(Sclater, PL, 1851)",Chestnut-breasted Chlorophonia,Chestnut-breasted Chlorophonia
Chlorophonia flavirostris,"Sclater, PL, 1861",Yellow-collared Chlorophonia,Yellow-collared Chlorophonia
Chlorophonia occipitalis,"(Du Bus de Gisignies, B-AL, 1847)",Blue-crowned Chlorophonia,Blue-crowned Chlorophonia
Chlorophonia callophrys,"(Cabanis, JL, 1861)",Golden-browed Chlorophonia,Golden-browed Chlorophonia
Euphonia jamaica,"(Linnaeus, C, 1766)",Jamaican Euphonia,Jamaican Euphonia
Euphonia saturata,"(Cabanis, JL, 1861)",Orange-crowned Euphonia,Orange-crowned Euphonia
Euphonia plumbea,"Du Bus de Gisignies, B-AL, 1855",Plumbeous Euphonia,Plumbeous Euphonia
Euphonia chlorotica,"(Linnaeus, C, 1766)",Purple-throated Euphonia,Purple-throated Euphonia
Euphonia finschi,"Sclater, PL; Salvin, O, 1877",Finsch's Euphonia,Finsch's Euphonia
Euphonia concinna,"Sclater, PL, 1855",Velvet-fronted Euphonia,Velvet-fronted Euphonia
Euphonia trinitatis,"Strickland, HE, 1851",Trinidad Euphonia,Trinidad Euphonia
Euphonia godmani,"Brewster, W, 1889",West Mexican Euphonia,West Mexican Euphonia
Euphonia affinis,"(Lesson, RP, 1842)",Scrub Euphonia,Scrub Euphonia
Euphonia luteicapilla,"(Cabanis, JL, 1861)",Yellow-crowned Euphonia,Yellow-crowned Euphonia
Euphonia chrysopasta,"Sclater, PL; Salvin, O, 1869",White-lored Euphonia,Golden-bellied Euphonia
Euphonia minuta,"Cabanis, JL, 1849",White-vented Euphonia,White-vented Euphonia
Euphonia chalybea,"(Mikan, JC, 1825)",Green-chinned Euphonia,Green-throated Euphonia
Euphonia violacea,"(Linnaeus, C, 1758)",Violaceous Euphonia,Violaceous Euphonia
Euphonia hirundinacea,"Bonaparte, CLJL, 1838",Yellow-throated Euphonia,Yellow-throated Euphonia
Euphonia laniirostris,"d'Orbigny, ACVMD; de Lafresnaye, NFAA, 1837",Thick-billed Euphonia,Thick-billed Euphonia
Euphonia imitans,"(Hellmayr, CE, 1936)",Spot-crowned Euphonia,Spot-crowned Euphonia
Euphonia gouldi,"Sclater, PL, 1857",Olive-backed Euphonia,Olive-backed Euphonia
Euphonia fulvicrissa,"Sclater, PL, 1857",Fulvous-vented Euphonia,Fulvous-vented Euphonia
Euphonia anneae,"Cassin, J, 1865",Tawny-capped Euphonia,Tawny-capped Euphonia
Euphonia xanthogaster,"Sundevall, CJ, 1834",Orange-bellied Euphonia,Orange-bellied Euphonia
Euphonia mesochrysa,"Salvadori, AT, 1873",Bronze-green Euphonia,Bronze-green Euphonia
Euphonia cayennensis,"(Gmelin, JF, 1789)",Golden-sided Euphonia,Golden-sided Euphonia
Euphonia rufiventris,"(Vieillot, LJP, 1819)",Rufous-bellied Euphonia,Rufous-bellied Euphonia
Euphonia pectoralis,"(Latham, J, 1801)",Chestnut-bellied Euphonia,Chestnut-bellied Euphonia
Mycerobas icterioides,"(Vigors, NA, 1831)",Black-and-yellow Grosbeak,Black-and-yellow Grosbeak
Mycerobas affinis,"(Blyth, E, 1855)",Collared Grosbeak,Collared Grosbeak
Mycerobas melanozanthos,"(Hodgson, BH, 1836)",Spot-winged Grosbeak,Spot-winged Grosbeak
Mycerobas carnipes,"(Hodgson, BH, 1836)",White-winged Grosbeak,White-winged Grosbeak
Hesperiphona vespertina,"(Cooper, W, 1825)",Evening Grosbeak,Evening Grosbeak
Hesperiphona abeillei,"(Lesson, RP, 1839)",Hooded Grosbeak,Hooded Grosbeak
Coccothraustes coccothraustes,"(Linnaeus, C, 1758)",Hawfinch,Hawfinch
Eophona personata,"(Temminck, CJ; Schlegel, H, 1845)",Japanese Grosbeak,Japanese Grosbeak
Eophona migratoria,"Hartert, EJO, 1903",Chinese Grosbeak,Yellow-billed Grosbeak
Carpodacus sipahi,"(Hodgson, BH, 1836)",Scarlet Finch,Scarlet Finch
Carpodacus erythrinus,"(Pallas, PS, 1770)",Common Rosefinch,Common Rosefinch
Carpodacus ferreorostris,"(Vigors, NA, 1829)",Bonin Grosbeak,Bonin Grosbeak
Carpodacus rhodochlamys,"(Brandt, JF, 1843)",Red-mantled Rosefinch,Red-mantled Rosefinch
Carpodacus grandis,"Blyth, E, 1849",Blyth's Rosefinch,Blyth's Rosefinch
Carpodacus waltoni,"(Sharpe, RB, 1905)",Pink-rumped Rosefinch,Pink-rumped Rosefinch
Carpodacus davidianus,"Milne-Edwards, A, 1865",Chinese Beautiful Rosefinch,Chinese Beautiful Rosefinch
Carpodacus pulcherrimus,"(Moore, F, 1856)",Himalayan Beautiful Rosefinch,Himalayan Beautiful Rosefinch
Carpodacus edwardsii,"Verreaux, JP, 1871",Dark-rumped Rosefinch,Dark-rumped Rosefinch
Carpodacus rodochroa,"(Vigors, NA, 1831)",Pink-browed Rosefinch,Pink-browed Rosefinch
Carpodacus verreauxii,"(David, A; Oustalet, J-FÉ, 1877)",Sharpe's Rosefinch,Sharpe's Rosefinch
Carpodacus rodopeplus,"(Vigors, NA, 1831)",Spot-winged Rosefinch,Spot-winged Rosefinch
Carpodacus vinaceus,"Verreaux, JP, 1871",Vinaceous Rosefinch,Vinaceous Rosefinch
Carpodacus formosanus,"Ogilvie-Grant, WR, 1911",Taiwan Rosefinch,Taiwan Rosefinch
Carpodacus synoicus,"(Temminck, CJ, 1825)",Sinai Rosefinch,Sinai Rosefinch
Carpodacus stoliczkae,"(Hume, AO, 1874)",Pale Rosefinch,Pale Rosefinch
Carpodacus roborowskii,"(Przevalski, NM, 1887)",Tibetan Rosefinch,Tibetan Rosefinch
Carpodacus sillemi,"(Roselaar, CS, 1992)",Sillem's Rosefinch,Sillem's Rosefinch
Carpodacus rubicilloides,"Przevalski, NM, 1876",Streaked Rosefinch,Streaked Rosefinch
Carpodacus rubicilla,"(Güldenstädt, JA, 1775)",Great Rosefinch,Great Rosefinch
Carpodacus sibiricus,"(Pallas, PS, 1773)",Long-tailed Rosefinch,Long-tailed Rosefinch
Carpodacus subhimachalus,"(Hodgson, BH, 1836)",Crimson-browed Finch,Crimson-browed Finch
Carpodacus puniceus,"(Blyth, E, 1845)",Red-fronted Rosefinch,Red-fronted Rosefinch
Carpodacus roseus,"(Pallas, PS, 1776)",Pallas's Rosefinch,Pallas's Rosefinch
Carpodacus trifasciatus,"Verreaux, JP, 1871",Three-banded Rosefinch,Three-banded Rosefinch
Carpodacus thura,"Bonaparte, CLJL; Schlegel, H, 1850",Himalayan White-browed Rosefinch,Himalayan White-browed Rosefinch
Carpodacus dubius,"Przevalski, NM, 1876",Chinese White-browed Rosefinch,Chinese White-browed Rosefinch
Melamprosops phaeosoma,"Casey, TLC; Jacobi, JD, 1974",Poo-uli,Poo-uli
Oreomystis bairdi,"(Stejneger, LH, 1887)",Akikiki,Akikiki
Paroreomyza maculata,"(Cabanis, JL, 1851)",Oahu Alauahio,Oahu Alauahio
Paroreomyza flammea,"(Wilson, SB, 1890)",Kakawahie,Kakawahie
Paroreomyza montana,"(Wilson, SB, 1890)",Maui Alauahio,Maui Alauahio
Loxioides bailleui,"Oustalet, J-FÉ, 1877",Palila,Palila
Telespiza cantans,"Wilson, SB, 1890",Laysan Finch,Laysan Finch
Telespiza ultima,"Bryan, WA, 1917",Nihoa Finch,Nihoa Finch
Chloridops kona,"Wilson, SB, 1888",Kona Grosbeak,Kona Grosbeak
Rhodacanthis palmeri,"Rothschild, LW, 1892",Greater Koa Finch,Greater Koa-Finch
Rhodacanthis flaviceps,"Rothschild, LW, 1892",Lesser Koa Finch,Lesser Koa-Finch
Ciridops anna,"(Dole, SB, 1878)",Ula-ai-hawane,Ula-ai-hawane
Akialoa obscura,"(Gmelin, JF, 1788)",Lesser Akialoa,Lesser Akialoa
Akialoa ellisiana,"(Gray, GR, 1860)",Oahu Akialoa,Oahu Akialoa
Akialoa stejnegeri,"(Wilson, SB, 1889)",Kauai Akialoa,Kauai Akialoa
Akialoa lanaiensis,"(Rothschild, LW, 1893)",Maui-nui Akialoa,Maui-nui Akialoa
Palmeria dolei,"(Wilson, SB, 1891)",Akohekohe,Akohekohe
Himatione sanguinea,"(Gmelin, JF, 1788)",Apapane,Apapane
Himatione fraithii,"Rothschild, LW, 1892",Laysan Honeycreeper,Laysan Honeycreeper
Drepanis coccinea,"(Forster, JGA, 1780)",Iiwi,Iiwi
Drepanis pacifica,"(Gmelin, JF, 1788)",Hawaii Mamo,Hawaii Mamo
Drepanis funerea,"Newton, A, 1894",Black Mamo,Black Mamo
Psittirostra psittacea,"(Gmelin, JF, 1789)",Ou,Ou
Dysmorodrepanis munroi,"Perkins, RCL, 1919",Lanai Hookbill,Lanai Hookbill
Pseudonestor xanthophrys,"Rothschild, LW, 1893",Maui Parrotbill,Maui Parrotbill
Hemignathus hanapepe,"Wilson, SB, 1889",Kauai Nukupuu,Kauai Nukupuu
Hemignathus lucidus,"Lichtenstein, MHC, 1839",Oahu Nukupuu,Oahu Nukupuu
Hemignathus affinis,"Rothschild, LW, 1893",Maui Nukupuu,Maui Nukupuu
Hemignathus wilsoni,"(Rothschild, LW, 1893)",Akiapolaau,Akiapolaau
Magumma parva,"(Stejneger, LH, 1887)",Anianiau,Anianiau
Chlorodrepanis virens,"(Gmelin, JF, 1788)",Hawaii Amakihi,Hawaii Amakihi
Chlorodrepanis flava,"(Bloxam, A, 1827)",Oahu Amakihi,Oahu Amakihi
Chlorodrepanis stejnegeri,"(Wilson, SB, 1890)",Kauai Amakihi,Kauai Amakihi
Viridonia sagittirostris,"Rothschild, LW, 1892",Greater Amakihi,Greater Amakihi
Loxops mana,"(Wilson, SB, 1891)",Hawaii Creeper,Hawaii Creeper
Loxops caeruleirostris,"(Wilson, SB, 1890)",Akekee,Akekee
Loxops coccineus,"(Gmelin, JF, 1789)",Hawaii Akepa,Hawaii Akepa
Loxops wolstenholmei,"Rothschild, LW, 1893",Oahu Akepa,Oahu Akepa
Loxops ochraceus,"Rothschild, LW, 1893",Maui Akepa,Maui Akepa
Pinicola enucleator,"(Linnaeus, C, 1758)",Pine Grosbeak,Pine Grosbeak
Pyrrhula leucogenis,"Ogilvie-Grant, WR, 1895",White-cheeked Bullfinch,White-cheeked Bullfinch
Pyrrhula nipalensis,"Hodgson, BH, 1836",Brown Bullfinch,Brown Bullfinch
Pyrrhula murina,"Godman, FD, 1866",Azores Bullfinch,Azores Bullfinch
Pyrrhula pyrrhula,"(Linnaeus, C, 1758)",Eurasian Bullfinch,Eurasian Bullfinch
Pyrrhula aurantiaca,"Gould, J, 1858",Orange Bullfinch,Orange Bullfinch
Pyrrhula erythrocephala,"Vigors, NA, 1832",Red-headed Bullfinch,Red-headed Bullfinch
Pyrrhula erythaca,"Blyth, E, 1862",Grey-headed Bullfinch,Gray-headed Bullfinch
Pyrrhula owstoni,"Rothschild, LW; Hartert, EJO, 1907",Taiwan Bullfinch,Taiwan Bullfinch
Rhodopechys sanguineus,"(Gould, J, 1838)",Crimson-winged Finch,Crimson-winged Finch
Bucanetes mongolicus,"(Swinhoe, R, 1870)",Mongolian Finch,Mongolian Finch
Bucanetes githagineus,"(Lichtenstein, MHC, 1823)",Trumpeter Finch,Trumpeter Finch
Agraphospiza rubescens,"(Blanford, WT, 1872)",Blanford's Rosefinch,Blanford's Rosefinch
Pyrrhoplectes epauletta,"(Hodgson, BH, 1836)",Golden-naped Finch,Gold-naped Finch
Callacanthis burtoni,"(Gould, J, 1838)",Spectacled Finch,Spectacled Finch
Procarduelis nipalensis,"(Hodgson, BH, 1836)",Dark-breasted Rosefinch,Dark-breasted Rosefinch
Leucosticte nemoricola,"(Hodgson, BH, 1836)",Plain Mountain Finch,Plain Mountain Finch
Leucosticte brandti,"Bonaparte, CLJL, 1850",Brandt's Mountain Finch,Black-headed Mountain Finch
Leucosticte arctoa,"(Pallas, PS, 1811)",Asian Rosy Finch,Asian Rosy-Finch
Leucosticte tephrocotis,"(Swainson, WJ, 1832)",Grey-crowned Rosy Finch,Gray-crowned Rosy-Finch
Leucosticte atrata,"Ridgway, R, 1874",Black Rosy Finch,Black Rosy-Finch
Leucosticte australis,"Ridgway, R, 1874",Brown-capped Rosy Finch,Brown-capped Rosy-Finch
Haemorhous mexicanus,"(Müller, PLS, 1776)",House Finch,House Finch
Haemorhous purpureus,"(Gmelin, JF, 1789)",Purple Finch,Purple Finch
Haemorhous cassinii,"(Baird, SF, 1854)",Cassin's Finch,Cassin's Finch
Rhodospiza obsoleta,"(Lichtenstein, MHC, 1823)",Desert Finch,Desert Finch
Rhynchostruthus percivali,"Ogilvie-Grant, WR, 1900",Arabian Golden-winged Grosbeak,Arabian Grosbeak
Rhynchostruthus socotranus,"Sclater, PL; Hartlaub, KJG, 1881",Socotra Golden-winged Grosbeak,Socotra Grosbeak
Rhynchostruthus louisae,"Lort Phillips, EE, 1897",Somali Golden-winged Grosbeak,Somali Grosbeak
Chloris chloris,"(Linnaeus, C, 1758)",European Greenfinch,European Greenfinch
Chloris sinica,"(Linnaeus, C, 1766)",Oriental Greenfinch,Oriental Greenfinch
Chloris spinoides,"(Vigors, NA, 1831)",Yellow-breasted Greenfinch,Yellow-breasted Greenfinch
Chloris monguilloti,"(Delacour, JT, 1926)",Vietnamese Greenfinch,Vietnamese Greenfinch
Chloris ambigua,"(Oustalet, J-FÉ, 1896)",Black-headed Greenfinch,Black-headed Greenfinch
Linurgus olivaceus,"(Fraser, L, 1843)",Oriole Finch,Oriole Finch
Crithagra leucopygia,"Sundevall, CJ, 1850",White-rumped Seedeater,White-rumped Seedeater
Crithagra mozambica,"(Müller, PLS, 1776)",Yellow-fronted Canary,Yellow-fronted Canary
Crithagra citrinelloides,"(Rüppell, WPES, 1840)",African Citril,African Citril
Crithagra frontalis,"(Reichenow, A, 1904)",Western Citril,Western Citril
Crithagra hyposticta,"(Reichenow, A, 1904)",Southern Citril,Southern Citril
Crithagra capistrata,"Finsch, FHO, 1870",Black-faced Canary,Black-faced Canary
Crithagra koliensis,"(Grant, CHB; Mackworth-Praed, CW, 1952)",Papyrus Canary,Papyrus Canary
Crithagra scotops,"Sundevall, CJ, 1850",Forest Canary,Forest Canary
Crithagra rothschildi,"(Ogilvie-Grant, WR, 1902)",Arabian Serin,Arabian Serin
Crithagra atrogularis,"(Smith, A, 1836)",Black-throated Canary,Black-throated Canary
Crithagra reichenowi,"(Salvadori, AT, 1888)",Reichenow's Seedeater,Reichenow's Seedeater
Crithagra xanthopygia,"(Rüppell, WPES, 1840)",Yellow-rumped Seedeater,Yellow-rumped Serin
Crithagra citrinipectus,"(Clancey, PA; Lawson, WJ, 1960)",Lemon-breasted Canary,Lemon-breasted Seedeater
Crithagra dorsostriata,"Reichenow, A, 1887",White-bellied Canary,White-bellied Canary
Crithagra flavigula,"(Salvadori, AT, 1888)",Yellow-throated Seedeater,Yellow-throated Serin
Crithagra xantholaema,"(Salvadori, AT, 1896)",Salvadori's Seedeater,Salvadori's Serin
Crithagra donaldsoni,"(Sharpe, RB, 1895)",Northern Grosbeak-Canary,Northern Grosbeak-Canary
Crithagra buchanani,"(Hartert, EJO, 1919)",Southern Grosbeak-Canary,Southern Grosbeak-Canary
Crithagra sulphurata,"(Linnaeus, C, 1766)",Brimstone Canary,Brimstone Canary
Crithagra flaviventris,"(Gmelin, JF, 1789)",Yellow Canary,Yellow Canary
Crithagra albogularis,"Smith, A, 1833",White-throated Canary,White-throated Canary
Crithagra striolata,"(Rüppell, WPES, 1840)",Streaky Seedeater,Streaky Seedeater
Crithagra whytii,"(Shelley, GE, 1897)",Yellow-browed Seedeater,Yellow-browed Seedeater
Crithagra burtoni,"(Gray, GR, 1862)",Thick-billed Seedeater,Thick-billed Seedeater
Crithagra melanochroa,"(Reichenow, A, 1900)",Kipengere Seedeater,Kipengere Seedeater
Crithagra rufobrunnea,"(Gray, GR, 1862)",Principe Seedeater,Principe Seedeater
Crithagra concolor,"(Bocage, JVB, 1888)",Sao Tome Grosbeak,Sao Tome Grosbeak
Crithagra leucoptera,"Sharpe, RB, 1871",Protea Canary,Protea Canary
Crithagra mennelli,"(Chubb, EC, 1908)",Black-eared Seedeater,Black-eared Seedeater
Crithagra canicapilla,"(Du Bus de Gisignies, B-AL, 1855)",West African Seedeater,West African Seedeater
Crithagra gularis,"(Smith, A, 1836)",Streaky-headed Seedeater,Streaky-headed Seedeater
Crithagra striatipectus,"(Sharpe, RB, 1891)",Stripe-breasted Seedeater,Stripe-breasted Seedeater
Crithagra reichardi,"(Reichenow, A, 1882)",Reichard's Seedeater,Reichard's Seedeater
Crithagra tristriata,"(Rüppell, WPES, 1840)",Brown-rumped Seedeater,Brown-rumped Seedeater
Crithagra menachensis,"(Ogilvie-Grant, WR, 1913)",Yemen Serin,Yemen Serin
Crithagra ankoberensis,"(Ash, JS, 1979)",Ankober Serin,Ankober Serin
Crithagra totta,"(Sparrman, A, 1786)",Cape Siskin,Cape Siskin
Crithagra symonsi,"(Roberts, A, 1916)",Drakensberg Siskin,Drakensberg Siskin
Linaria flavirostris,"(Linnaeus, C, 1758)",Twite,Twite
Linaria cannabina,"(Linnaeus, C, 1758)",Common Linnet,Eurasian Linnet
Linaria yemenensis,"(Ogilvie-Grant, WR, 1913)",Yemen Linnet,Yemen Linnet
Linaria johannis,"(Clarke, SR, 1919)",Warsangli Linnet,Warsangli Linnet
Acanthis flammea,"(Linnaeus, C, 1758)",Redpoll,Redpoll
Loxia megaplaga,"Riley, JH, 1916",Hispaniolan Crossbill,Hispaniolan Crossbill
Loxia leucoptera,"Gmelin, JF, 1789",Two-barred Crossbill,White-winged Crossbill
Loxia pytyopsittacus,"Borkhausen, MB, 1793",Parrot Crossbill,Parrot Crossbill
Loxia scotica,"Hartert, EJO, 1904",Scottish Crossbill,Scottish Crossbill
Loxia sinesciuris,"Benkman, CW, 2009",Cassia Crossbill,Cassia Crossbill
Loxia curvirostra,"Linnaeus, C, 1758",Red Crossbill,Red Crossbill
Chrysocorythus mindanensis,"(Ripley, SD; Rabor, DS, 1961)",Mindanao Serin,Mindanao Serin
Chrysocorythus estherae,"(Finsch, FHO, 1902)",Indonesian Serin,Indonesian Serin
Carduelis citrinella,"(Pallas, PS, 1764)",Citril Finch,Citril Finch
Carduelis corsicana,"(Koenig, AF, 1899)",Corsican Finch,Corsican Finch
Carduelis caniceps,"Vigors, NA, 1831",Grey-crowned Goldfinch,Gray-crowned Goldfinch
Carduelis carduelis,"(Linnaeus, C, 1758)",European Goldfinch,European Goldfinch
Serinus canaria,"(Linnaeus, C, 1758)",Atlantic Canary,Island Canary
Serinus serinus,"(Linnaeus, C, 1766)",European Serin,European Serin
Serinus pusillus,"(Pallas, PS, 1811)",Red-fronted Serin,Fire-fronted Serin
Serinus syriacus,"Bonaparte, CLJL, 1850",Syrian Serin,Syrian Serin
Serinus nigriceps,"Rüppell, WPES, 1840",Ethiopian Siskin,Ethiopian Siskin
Serinus alario,"(Linnaeus, C, 1758)",Black-headed Canary,Black-headed Canary
Serinus canicollis,"(Swainson, WJ, 1838)",Cape Canary,Cape Canary
Serinus flavivertex,"(Blanford, WT, 1869)",Yellow-crowned Canary,Yellow-crowned Canary
Spinus thibetanus,"(Hume, AO, 1872)",Tibetan Serin,Tibetan Serin
Spinus spinus,"(Linnaeus, C, 1758)",Eurasian Siskin,Eurasian Siskin
Spinus pinus,"(Wilson, A, 1810)",Pine Siskin,Pine Siskin
Spinus atriceps,"(Salvin, O, 1863)",Black-capped Siskin,Black-capped Siskin
Spinus notatus,"(Du Bus de Gisignies, B-AL, 1847)",Black-headed Siskin,Black-headed Siskin
Spinus dominicensis,"(Bryant, H, 1867)",Antillean Siskin,Antillean Siskin
Spinus psaltria,"(Say, T, 1822)",Lesser Goldfinch,Lesser Goldfinch
Spinus lawrencei,"(Cassin, J, 1850)",Lawrence's Goldfinch,Lawrence's Goldfinch
Spinus tristis,"(Linnaeus, C, 1758)",American Goldfinch,American Goldfinch
Spinus spinescens,"(Bonaparte, CLJL, 1850)",Andean Siskin,Andean Siskin
Spinus yarrellii,"(Audubon, JJ, 1839)",Yellow-faced Siskin,Yellow-faced Siskin
Spinus xanthogastrus,"(Du Bus de Gisignies, B-AL, 1855)",Yellow-bellied Siskin,Yellow-bellied Siskin
Spinus cucullatus,"(Swainson, WJ, 1820)",Red Siskin,Red Siskin
Spinus crassirostris,"(Landbeck, CL, 1877)",Thick-billed Siskin,Thick-billed Siskin
Spinus magellanicus,"(Vieillot, LJP, 1805)",Hooded Siskin,Hooded Siskin
Spinus siemiradzkii,"(Berlepsch, HHCL; Taczanowski, W, 1884)",Saffron Siskin,Saffron Siskin
Spinus olivaceus,"Berlepsch, HHCL; Sztolcman, JS, 1894",Olivaceous Siskin,Olivaceous Siskin
Spinus atratus,"(d'Orbigny, ACVMD; de Lafresnaye, NFAA, 1837)",Black Siskin,Black Siskin
Spinus uropygialis,"(Sclater, PL, 1862)",Yellow-rumped Siskin,Yellow-rumped Siskin
Spinus barbatus,"(Molina, GI, 1782)",Black-chinned Siskin,Black-chinned Siskin
Rhodinocichla rosea,"(Lesson, RP, 1832)",Rosy Thrush-tanager,Rosy Thrush-Tanager
Rhynchophanes mccownii,"(Lawrence, GN, 1851)",Thick-billed Longspur,Thick-billed Longspur
Plectrophenax hyperboreus,"Ridgway, R, 1884",McKay's Bunting,McKay's Bunting
Plectrophenax nivalis,"(Linnaeus, C, 1758)",Snow Bunting,Snow Bunting
Calcarius lapponicus,"(Linnaeus, C, 1758)",Lapland Longspur,Lapland Longspur
Calcarius ornatus,"(Townsend, JK, 1837)",Chestnut-collared Longspur,Chestnut-collared Longspur
Calcarius pictus,"(Swainson, WJ, 1832)",Smith's Longspur,Smith's Longspur
Emberiza cabanisi,"(Reichenow, A, 1875)",Cabanis's Bunting,Cabanis's Bunting
Emberiza flaviventris,"Stephens, JF, 1815",Golden-breasted Bunting,Golden-breasted Bunting
Emberiza poliopleura,"(Salvadori, AT, 1888)",Somali Bunting,Somali Bunting
Emberiza affinis,"Heuglin, MT, 1867",Brown-rumped Bunting,Brown-rumped Bunting
Emberiza capensis,"Linnaeus, C, 1766",Cape Bunting,Cape Bunting
Emberiza impetuani,"Smith, A, 1836",Lark-like Bunting,Lark-like Bunting
Emberiza socotrana,"(Ogilvie-Grant, WR; Forbes, HO, 1899)",Socotra Bunting,Socotra Bunting
Emberiza sahari,"Levaillant, JJR, 1850",House Bunting,House Bunting
Emberiza striolata,"(Lichtenstein, MHC, 1823)",Striolated Bunting,Striolated Bunting
Emberiza goslingi,"(Alexander, B, 1906)",Gosling's Bunting,Gosling's Bunting
Emberiza tahapisi,"Smith, A, 1836",Cinnamon-breasted Bunting,Cinnamon-breasted Bunting
Emberiza siemsseni,"(Martens, GH, 1906)",Slaty Bunting,Slaty Bunting
Emberiza elegans,"Temminck, CJ, 1836",Yellow-throated Bunting,Yellow-throated Bunting
Emberiza yessoensis,"(Swinhoe, R, 1874)",Ochre-rumped Bunting,Ochre-rumped Bunting
Emberiza pallasi,"(Cabanis, JL, 1851)",Pallas's Reed Bunting,Pallas's Bunting
Emberiza schoeniclus,"(Linnaeus, C, 1758)",Common Reed Bunting,Reed Bunting
Emberiza chrysophrys,"Pallas, PS, 1776",Yellow-browed Bunting,Yellow-browed Bunting
Emberiza tristrami,"Swinhoe, R, 1870",Tristram's Bunting,Tristram's Bunting
Emberiza variabilis,"Temminck, CJ, 1836",Grey Bunting,Gray Bunting
Emberiza rutila,"Pallas, PS, 1776",Chestnut Bunting,Chestnut Bunting
Emberiza aureola,"Pallas, PS, 1773",Yellow-breasted Bunting,Yellow-breasted Bunting
Emberiza pusilla,"Pallas, PS, 1776",Little Bunting,Little Bunting
Emberiza rustica,"Pallas, PS, 1776",Rustic Bunting,Rustic Bunting
Emberiza sulphurata,"Temminck, CJ; Schlegel, H, 1848",Yellow Bunting,Yellow Bunting
Emberiza personata,"Temminck, CJ, 1836",Masked Bunting,Masked Bunting
Emberiza spodocephala,"Pallas, PS, 1776",Black-faced Bunting,Black-faced Bunting
Emberiza lathami,"Gray, JE, 1831",Crested Bunting,Crested Bunting
Emberiza melanocephala,"Scopoli, GA, 1769",Black-headed Bunting,Black-headed Bunting
Emberiza bruniceps,"Brandt, JF, 1841",Red-headed Bunting,Red-headed Bunting
Emberiza calandra,"Linnaeus, C, 1758",Corn Bunting,Corn Bunting
Emberiza fucata,"Pallas, PS, 1776",Chestnut-eared Bunting,Chestnut-eared Bunting
Emberiza koslowi,"Bianchi, VL, 1904",Tibetan Bunting,Tibetan Bunting
Emberiza jankowskii,"Taczanowski, W, 1888",Jankowski's Bunting,Rufous-backed Bunting
Emberiza cioides,"Brandt, JF, 1843",Meadow Bunting,Meadow Bunting
Emberiza godlewskii,"Taczanowski, W, 1874",Godlewski's Bunting,Godlewski's Bunting
Emberiza cia,"Linnaeus, C, 1766",Rock Bunting,Rock Bunting
Emberiza buchanani,"Blyth, E, 1845",Grey-necked Bunting,Gray-necked Bunting
Emberiza cineracea,"Brehm, CL, 1855",Cinereous Bunting,Cinereous Bunting
Emberiza hortulana,"Linnaeus, C, 1758",Ortolan Bunting,Ortolan Bunting
Emberiza caesia,"Cretzschmar, PJ, 1827",Cretzschmar's Bunting,Cretzschmar's Bunting
Emberiza cirlus,"Linnaeus, C, 1766",Cirl Bunting,Cirl Bunting
Emberiza stewarti,"(Blyth, E, 1854)",White-capped Bunting,White-capped Bunting
Emberiza leucocephalos,"Gmelin, SG, 1771",Pine Bunting,Pine Bunting
Emberiza citrinella,"Linnaeus, C, 1758",Yellowhammer,Yellowhammer
Amphispizopsis quinquestriata,"(Sclater, PL; Salvin, O, 1868)",Five-striped Sparrow,Five-striped Sparrow
Amphispiza bilineata,"(Cassin, J, 1850)",Black-throated Sparrow,Black-throated Sparrow
Calamospiza melanocorys,"Stejneger, LH, 1885",Lark Bunting,Lark Bunting
Chondestes grammacus,"(Say, T, 1822)",Lark Sparrow,Lark Sparrow
Spizella passerina,"(Bechstein, JM, 1798)",Chipping Sparrow,Chipping Sparrow
Spizella pallida,"(Swainson, WJ, 1832)",Clay-colored Sparrow,Clay-colored Sparrow
Spizella atrogularis,"(Cabanis, JL, 1851)",Black-chinned Sparrow,Black-chinned Sparrow
Spizella pusilla,"(Wilson, A, 1810)",Field Sparrow,Field Sparrow
Spizella breweri,"Cassin, J, 1856",Brewer's Sparrow,Brewer's Sparrow
Spizella wortheni,"Ridgway, R, 1884",Worthen's Sparrow,Worthen's Sparrow
Oreothraupis arremonops,"(Sclater, PL, 1855)",Tanager Finch,Tanager Finch
Chlorospingus flavigularis,"(Sclater, PL, 1852)",Yellow-throated Chlorospingus,Yellow-throated Chlorospingus
Chlorospingus parvirostris,"Chapman, FM, 1901",Yellow-whiskered Chlorospingus,Short-billed Chlorospingus
Chlorospingus canigularis,"(de Lafresnaye, NFAA, 1848)",Ashy-throated Chlorospingus,Ashy-throated Chlorospingus
Chlorospingus pileatus,"Salvin, O, 1865",Sooty-capped Chlorospingus,Sooty-capped Chlorospingus
Chlorospingus flavopectus,"(de Lafresnaye, NFAA, 1840)",Common Chlorospingus,Common Chlorospingus
Chlorospingus tacarcunae,"Griscom, L, 1924",Tacarcuna Chlorospingus,Tacarcuna Chlorospingus
Chlorospingus inornatus,"(Nelson, EW, 1912)",Pirre Chlorospingus,Pirre Chlorospingus
Chlorospingus semifuscus,"Sclater, PL; Salvin, O, 1873",Dusky Chlorospingus,Dusky Chlorospingus
Ammodramus savannarum,"(Gmelin, JF, 1789)",Grasshopper Sparrow,Grasshopper Sparrow
Ammodramus humeralis,"(Bosc, LAG, 1792)",Grassland Sparrow,Grassland Sparrow
Ammodramus aurifrons,"(Spix, JB, 1825)",Yellow-browed Sparrow,Yellow-browed Sparrow
Rhynchospiza stolzmanni,"(Taczanowski, W, 1877)",Tumbes Sparrow,Tumbes Sparrow
Rhynchospiza dabbenei,"(Hellmayr, CE, 1912)",Yungas Sparrow,Yungas Sparrow
Rhynchospiza strigiceps,"(Gould, J, 1839)",Chaco Sparrow,Chaco Sparrow
Arremonops rufivirgatus,"(Lawrence, GN, 1851)",Olive Sparrow,Olive Sparrow
Arremonops chloronotus,"(Salvin, O, 1861)",Green-backed Sparrow,Green-backed Sparrow
Arremonops conirostris,"(Bonaparte, CLJL, 1850)",Black-striped Sparrow,Black-striped Sparrow
Arremonops tocuyensis,"Todd, WEC, 1912",Tocuyo Sparrow,Tocuyo Sparrow
Peucaea carpalis,"Coues, E, 1873",Rufous-winged Sparrow,Rufous-winged Sparrow
Peucaea sumichrasti,"(Lawrence, GN, 1871)",Cinnamon-tailed Sparrow,Cinnamon-tailed Sparrow
Peucaea ruficauda,"(Bonaparte, CLJL, 1853)",Stripe-headed Sparrow,Stripe-headed Sparrow
Peucaea humeralis,"(Cabanis, JL, 1851)",Black-chested Sparrow,Black-chested Sparrow
Peucaea mystacalis,"(Hartlaub, KJG, 1852)",Bridled Sparrow,Bridled Sparrow
Peucaea botterii,"(Sclater, PL, 1858)",Botteri's Sparrow,Botteri's Sparrow
Peucaea cassinii,"(Woodhouse, SW, 1852)",Cassin's Sparrow,Cassin's Sparrow
Peucaea aestivalis,"(Lichtenstein, MHC, 1823)",Bachman's Sparrow,Bachman's Sparrow
Arremon costaricensis,"(Bangs, O, 1907)",Costa Rican Brushfinch,Costa Rican Brushfinch
Arremon basilicus,"(Bangs, O, 1898)",Sierra Nevada Brushfinch,Sierra Nevada Brushfinch
Arremon perijanus,"(Phelps, WH Sr; Gilliard, ET, 1940)",Perija Brushfinch,Perija Brushfinch
Arremon atricapillus,"(Lawrence, GN, 1874)",Black-headed Brushfinch,Black-headed Brushfinch
Arremon phaeopleurus,"(Sclater, PL, 1856)",Caracas Brushfinch,Caracas Brushfinch
Arremon phygas,"(Berlepsch, HHCL, 1912)",Paria Brushfinch,Paria Brushfinch
Arremon assimilis,"(Boissonneau, A, 1840)",Grey-browed Brushfinch,Gray-browed Brushfinch
Arremon torquatus,"(d'Orbigny, ACVMD; de Lafresnaye, NFAA, 1837)",White-browed Brushfinch,White-browed Brushfinch
Arremon aurantiirostris,"de Lafresnaye, NFAA, 1847",Orange-billed Sparrow,Orange-billed Sparrow
Arremon abeillei,"Lesson, RP, 1844",Black-capped Sparrow,Black-capped Sparrow
Arremon nigriceps,"Taczanowski, W, 1880",Maranon Sparrow,Marañon Sparrow
Arremon schlegeli,"Bonaparte, CLJL, 1850",Golden-winged Sparrow,Golden-winged Sparrow
Arremon taciturnus,"(Hermann, J, 1783)",Pectoral Sparrow,Pectoral Sparrow
Arremon axillaris,"Sclater, PL, 1855",Yellow-mandibled Sparrow,Yellow-mandibled Sparrow
Arremon franciscanus,"Raposo, MA, 1997",Sao Francisco Sparrow,Sao Francisco Sparrow
Arremon semitorquatus,"Swainson, WJ, 1838",Half-collared Sparrow,Half-collared Sparrow
Arremon dorbignii,"Sclater, PL, 1856",Moss-backed Sparrow,Moss-backed Sparrow
Arremon flavirostris,"Swainson, WJ, 1838",Saffron-billed Sparrow,Saffron-billed Sparrow
Arremon virenticeps,"(Bonaparte, CLJL, 1855)",Green-striped Brushfinch,Green-striped Brushfinch
Arremon brunneinucha,"(de Lafresnaye, NFAA, 1839)",Chestnut-capped Brushfinch,Chestnut-capped Brushfinch
Arremon crassirostris,"(Cassin, J, 1865)",Sooty-faced Finch,Sooty-faced Finch
Arremon castaneiceps,"(Sclater, PL, 1860)",Olive Finch,Olive Finch
Spizelloides arborea,"(Wilson, A, 1810)",American Tree Sparrow,American Tree Sparrow
Passerella iliaca,"(Merrem, B, 1786)",Fox Sparrow,Fox Sparrow
Junco hyemalis,"(Linnaeus, C, 1758)",Dark-eyed Junco,Dark-eyed Junco
Junco insularis,"Ridgway, R, 1876",Guadalupe Junco,Guadalupe Junco
Junco phaeonotus,"Wagler, JG, 1831",Yellow-eyed Junco,Yellow-eyed Junco
Junco bairdi,"Ridgway, R, 1883",Baird's Junco,Baird's Junco
Junco vulcani,"(Boucard, A, 1878)",Volcano Junco,Volcano Junco
Zonotrichia capensis,"(Müller, PLS, 1776)",Rufous-collared Sparrow,Rufous-collared Sparrow
Zonotrichia albicollis,"(Gmelin, JF, 1789)",White-throated Sparrow,White-throated Sparrow
Zonotrichia querula,"(Nuttall, T, 1840)",Harris's Sparrow,Harris's Sparrow
Zonotrichia atricapilla,"(Gmelin, JF, 1789)",Golden-crowned Sparrow,Golden-crowned Sparrow
Zonotrichia leucophrys,"(Forster, JR, 1772)",White-crowned Sparrow,White-crowned Sparrow
Pooecetes gramineus,"(Gmelin, JF, 1789)",Vesper Sparrow,Vesper Sparrow
Artemisiospiza nevadensis,"(Ridgway, R, 1874)",Sagebrush Sparrow,Sagebrush Sparrow
Artemisiospiza belli,"(Cassin, J, 1850)",Bell's Sparrow,Bell's Sparrow
Oriturus superciliosus,"(Swainson, WJ, 1838)",Striped Sparrow,Striped Sparrow
Ammospiza leconteii,"(Audubon, JJ, 1844)",LeConte's Sparrow,LeConte's Sparrow
Ammospiza maritima,"(Wilson, A, 1811)",Seaside Sparrow,Seaside Sparrow
Ammospiza nelsoni,"(Allen, JA, 1875)",Nelson's Sparrow,Nelson's Sparrow
Ammospiza caudacuta,"(Gmelin, JF, 1788)",Saltmarsh Sparrow,Saltmarsh Sparrow
Passerculus sandwichensis,"(Gmelin, JF, 1789)",Savannah Sparrow,Savannah Sparrow
Centronyx bairdii,"(Audubon, JJ, 1844)",Baird's Sparrow,Baird's Sparrow
Centronyx henslowii,"(Audubon, JJ, 1829)",Henslow's Sparrow,Henslow's Sparrow
Xenospiza baileyi,"Bangs, O, 1931",Sierra Madre Sparrow,Sierra Madre Sparrow
Melospiza melodia,"(Wilson, A, 1810)",Song Sparrow,Song Sparrow
Melospiza georgiana,"(Latham, J, 1790)",Swamp Sparrow,Swamp Sparrow
Melospiza lincolnii,"(Audubon, JJ, 1834)",Lincoln's Sparrow,Lincoln's Sparrow
Aimophila rufescens,"(Swainson, WJ, 1827)",Rusty Sparrow,Rusty Sparrow
Aimophila ruficeps,"(Cassin, J, 1852)",Rufous-crowned Sparrow,Rufous-crowned Sparrow
Aimophila notosticta,"(Sclater, PL; Salvin, O, 1868)",Oaxaca Sparrow,Oaxaca Sparrow
Melozone kieneri,"(Bonaparte, CLJL, 1850)",Rusty-crowned Ground Sparrow,Rusty-crowned Ground-Sparrow
Melozone fusca,"(Swainson, WJ, 1827)",Canyon Towhee,Canyon Towhee
Melozone albicollis,"(Sclater, PL, 1858)",White-throated Towhee,White-throated Towhee
Melozone aberti,"(Baird, SF, 1852)",Abert's Towhee,Abert's Towhee
Melozone crissalis,"(Vigors, NA, 1839)",California Towhee,California Towhee
Melozone leucotis,"Cabanis, JL, 1861",White-eared Ground Sparrow,White-eared Ground-Sparrow
Melozone occipitalis,"(Salvin, O, 1878)",Grey-crowned Ground Sparrow,Gray-crowned Ground-Sparrow
Melozone biarcuata,"(Prévost, F; des Murs, MAPO, 1842)",Prevost's Ground Sparrow,White-faced Ground-Sparrow
Melozone cabanisi,"(Sclater, PL; Salvin, O, 1868)",Cabanis's Ground Sparrow,Cabanis's Ground-Sparrow
Pezopetes capitalis,"Cabanis, JL, 1861",Large-footed Finch,Large-footed Finch
Torreornis inexpectata,"Barbour, T; Peters, JL, 1927",Zapata Sparrow,Zapata Sparrow
Pipilo chlorurus,"(Audubon, JJ, 1839)",Green-tailed Towhee,Green-tailed Towhee
Pipilo maculatus,"Swainson, WJ, 1827",Spotted Towhee,Spotted Towhee
Pipilo erythrophthalmus,"(Linnaeus, C, 1758)",Eastern Towhee,Eastern Towhee
Pipilo naufragus,"Olson, SL; Wingate, DB, 2012",Bermuda Towhee,Bermuda Towhee
Pipilo ocai,"(Lawrence, GN, 1865)",Collared Towhee,Collared Towhee
Atlapetes pileatus,"Wagler, JG, 1831",Rufous-capped Brushfinch,Rufous-capped Brushfinch
Atlapetes albinucha,"(d'Orbigny, ACVMD; de Lafresnaye, NFAA, 1838)",White-naped Brushfinch,White-naped Brushfinch
Atlapetes tibialis,"(Lawrence, GN, 1864)",Yellow-thighed Brushfinch,Yellow-thighed Brushfinch
Atlapetes luteoviridis,"(Griscom, L, 1924)",Yellow-green Brushfinch,Yellow-green Brushfinch
Atlapetes albofrenatus,"(Boissonneau, A, 1840)",Moustached Brushfinch,Moustached Brushfinch
Atlapetes personatus,"(Cabanis, JL, 1849)",Tepui Brushfinch,Tepui Brushfinch
Atlapetes melanocephalus,"(Salvin, O; Godman, FD, 1880)",Santa Marta Brushfinch,Santa Marta Brushfinch
Atlapetes semirufus,"(Boissonneau, A, 1840)",Ochre-breasted Brushfinch,Ochre-breasted Brushfinch
Atlapetes flaviceps,"Chapman, FM, 1912",Yellow-headed Brushfinch,Yellow-headed Brushfinch
Atlapetes fuscoolivaceus,"Chapman, FM, 1914",Dusky-headed Brushfinch,Dusky-headed Brushfinch
Atlapetes leucopis,"(Sclater, PL; Salvin, O, 1878)",White-rimmed Brushfinch,White-rimmed Brushfinch
Atlapetes albiceps,"(Taczanowski, W, 1884)",White-headed Brushfinch,White-headed Brushfinch
Atlapetes rufigenis,"(Salvin, O, 1895)",Rufous-eared Brushfinch,Rufous-eared Brushfinch
Atlapetes crassus,"Bangs, O, 1908",Choco Brushfinch,Choco Brushfinch
Atlapetes tricolor,"(Taczanowski, W, 1875)",Tricolored Brushfinch,Golden-crowned Brushfinch
Atlapetes schistaceus,"(Boissonneau, A, 1840)",Slaty Brushfinch,Northern Slaty Brushfinch
Atlapetes taczanowskii,"(Sclater, PL; Salvin, O, 1875)",Taczanowski's Brushfinch,Peruvian Slaty Brushfinch
Atlapetes pallidinucha,"(Boissonneau, A, 1840)",Pale-naped Brushfinch,Pale-naped Brushfinch
Atlapetes blancae,"Donegan, TM, 2007",Antioquia Brushfinch,Antioquia Brushfinch
Atlapetes latinuchus,"(Du Bus de Gisignies, B-AL, 1855)",Yellow-breasted Brushfinch,Yellow-breasted Brushfinch
Atlapetes nigrifrons,"Phelps, WH Sr; Gilliard, ET, 1940",Black-fronted Brushfinch,Black-fronted Brushfinch
Atlapetes leucopterus,"(Jardine, W, 1856)",White-winged Brushfinch,White-winged Brushfinch
Atlapetes pallidiceps,"(Sharpe, RB, 1900)",Pale-headed Brushfinch,Pale-headed Brushfinch
Atlapetes seebohmi,"(Taczanowski, W, 1883)",Bay-crowned Brushfinch,Bay-crowned Brushfinch
Atlapetes nationi,"(Sclater, PL, 1881)",Rusty-bellied Brushfinch,Rusty-bellied Brushfinch
Atlapetes forbesi,"Morrison, ARG, 1947",Apurimac Brushfinch,Apurimac Brushfinch
Atlapetes melanopsis,"Valqui H, TH; Fjeldså, J, 2002",Black-spectacled Brushfinch,Black-spectacled Brushfinch
Atlapetes terborghi,"Remsen, JV, 1993",Vilcabamba Brushfinch,Vilcabamba Brushfinch
Atlapetes canigenis,"Chapman, FM, 1919",Cuzco Brushfinch,Cuzco Brushfinch
Atlapetes melanolaemus,"(Sclater, PL; Salvin, O, 1879)",Grey-eared Brushfinch,Black-faced Brushfinch
Atlapetes rufinucha,"(d'Orbigny, ACVMD; de Lafresnaye, NFAA, 1837)",Bolivian Brushfinch,Bolivian Brushfinch
Atlapetes fulviceps,"(d'Orbigny, ACVMD; de Lafresnaye, NFAA, 1837)",Fulvous-headed Brushfinch,Fulvous-headed Brushfinch
Atlapetes citrinellus,"(Cabanis, JL, 1883)",Yellow-striped Brushfinch,Yellow-striped Brushfinch
Calyptophilus tertius,"Wetmore, A, 1929",Western Chat-Tanager,Western Chat-Tanager
Calyptophilus frugivorus,"(Cory, CB, 1883)",Eastern Chat-Tanager,Eastern Chat-Tanager
Zeledonia coronata,"Ridgway, R, 1889",Wrenthrush,Wrenthrush
Xenoligea montana,"(Chapman, FM, 1917)",White-winged Warbler,White-winged Warbler
Microligea palustris,"(Cory, CB, 1884)",Green-tailed Warbler,Green-tailed Warbler
Phaenicophilus palmarum,"(Linnaeus, C, 1766)",Black-crowned Palm-tanager,Black-crowned Palm-Tanager
Phaenicophilus poliocephalus,"(Bonaparte, CLJL, 1851)",Grey-crowned Palm-tanager,Gray-crowned Palm-Tanager
Nesospingus speculiferus,"(Lawrence, GN, 1875)",Puerto Rican Tanager,Puerto Rican Tanager
Spindalis zena,"(Linnaeus, C, 1758)",Western Spindalis,Western Spindalis
Spindalis nigricephala,"(Jameson, R, 1835)",Jamaican Spindalis,Jamaican Spindalis
Spindalis dominicensis,"(Bryant, H, 1867)",Hispaniolan Spindalis,Hispaniolan Spindalis
Spindalis portoricensis,"(Bryant, H, 1866)",Puerto Rican Spindalis,Puerto Rican Spindalis
Teretistris fernandinae,"(Lembeye, J, 1850)",Yellow-headed Warbler,Yellow-headed Warbler
Teretistris fornsi,"Gundlach, JC, 1858",Oriente Warbler,Oriente Warbler
Icteria virens,"(Linnaeus, C, 1758)",Yellow-breasted Chat,Yellow-breasted Chat
Xanthocephalus xanthocephalus,"(Bonaparte, CLJL, 1826)",Yellow-headed Blackbird,Yellow-headed Blackbird
Dolichonyx oryzivorus,"(Linnaeus, C, 1758)",Bobolink,Bobolink
Sturnella neglecta,"Audubon, JJ, 1844",Western Meadowlark,Western Meadowlark
Sturnella magna,"(Linnaeus, C, 1758)",Eastern Meadowlark,Eastern Meadowlark
Sturnella lilianae,"Oberholser, HC, 1930",Chihuahuan Meadowlark,Chihuahuan Meadowlark
Leistes militaris,"(Linnaeus, C, 1758)",Red-breasted Meadowlark,Red-breasted Meadowlark
Leistes superciliaris,"(Bonaparte, CLJL, 1850)",White-browed Meadowlark,White-browed Meadowlark
Leistes bellicosus,"(de Filippi, F, 1847)",Peruvian Meadowlark,Peruvian Meadowlark
Leistes defilippii,"(Bonaparte, CLJL, 1850)",Pampas Meadowlark,Pampas Meadowlark
Leistes loyca,"(Molina, GI, 1782)",Long-tailed Meadowlark,Long-tailed Meadowlark
Amblycercus holosericeus,"(Deppe, W, 1830)",Yellow-billed Cacique,Yellow-billed Cacique
Cassiculus melanicterus,"(Bonaparte, CLJL, 1825)",Mexican Cacique,Yellow-winged Cacique
Psarocolius angustifrons,"(Spix, JB, 1824)",Russet-backed Oropendola,Russet-backed Oropendola
Psarocolius atrovirens,"(d'Orbigny, ACVMD; de Lafresnaye, NFAA, 1838)",Dusky-green Oropendola,Dusky-green Oropendola
Psarocolius viridis,"(Müller, PLS, 1776)",Green Oropendola,Green Oropendola
Psarocolius decumanus,"(Pallas, PS, 1769)",Crested Oropendola,Crested Oropendola
Psarocolius wagleri,"(Gray, GR, 1844)",Chestnut-headed Oropendola,Chestnut-headed Oropendola
Psarocolius montezuma,"(Lesson, RP, 1830)",Montezuma Oropendola,Montezuma Oropendola
Psarocolius guatimozinus,"(Bonaparte, CLJL, 1853)",Black Oropendola,Black Oropendola
Psarocolius cassini,"(Richmond, CW, 1898)",Baudo Oropendola,Baudo Oropendola
Psarocolius bifasciatus,"(Spix, JB, 1824)",Olive Oropendola,Olive Oropendola
Cacicus solitarius,"Vieillot, LJP, 1816",Solitary Cacique,Solitary Black Cacique
Cacicus chrysopterus,"(Vigors, NA, 1825)",Golden-winged Cacique,Golden-winged Cacique
Cacicus sclateri,"(Dubois, AJC, 1887)",Ecuadorian Cacique,Ecuadorian Cacique
Cacicus koepckeae,"Lowery, GH; O'Neill, JP, 1965",Selva Cacique,Selva Cacique
Cacicus uropygialis,"de Lafresnaye, NFAA, 1843",Scarlet-rumped Cacique,Scarlet-rumped Cacique
Cacicus cela,"(Linnaeus, C, 1758)",Yellow-rumped Cacique,Yellow-rumped Cacique
Cacicus chrysonotus,"d'Orbigny, ACVMD; de Lafresnaye, NFAA, 1838",Mountain Cacique,Mountain Cacique
Cacicus latirostris,"Swainson, WJ, 1838",Band-tailed Cacique,Band-tailed Cacique
Cacicus haemorrhous,"(Linnaeus, C, 1766)",Red-rumped Cacique,Red-rumped Cacique
Cacicus oseryi,"Deville, É, 1849",Casqued Cacique,Casqued Cacique
Icterus dominicensis,"(Linnaeus, C, 1766)",Hispaniolan Oriole,Hispaniolan Oriole
Icterus melanopsis,"(Wagler, JG, 1829)",Cuban Oriole,Cuban Oriole
Icterus northropi,"Allen, JA, 1890",Bahama Oriole,Bahama Oriole
Icterus portoricensis,"Bryant, H, 1866",Puerto Rican Oriole,Puerto Rican Oriole
Icterus laudabilis,"Sclater, PL, 1871",St. Lucia Oriole,St. Lucia Oriole
Icterus oberi,"Lawrence, GN, 1880",Montserrat Oriole,Montserrat Oriole
Icterus bonana,"(Linnaeus, C, 1766)",Martinique Oriole,Martinique Oriole
Icterus wagleri,"Sclater, PL, 1857",Black-vented Oriole,Black-vented Oriole
Icterus maculialatus,"Cassin, J, 1848",Bar-winged Oriole,Bar-winged Oriole
Icterus prosthemelas,"(Strickland, HE, 1850)",Black-cowled Oriole,Black-cowled Oriole
Icterus spurius,"(Linnaeus, C, 1766)",Orchard Oriole,Orchard Oriole
Icterus cucullatus,"Swainson, WJ, 1827",Hooded Oriole,Hooded Oriole
Icterus chrysater,"(Lesson, RP, 1844)",Yellow-backed Oriole,Yellow-backed Oriole
Icterus auricapillus,"Cassin, J, 1848",Orange-crowned Oriole,Orange-crowned Oriole
Icterus graceannae,"Cassin, J, 1867",White-edged Oriole,White-edged Oriole
Icterus mesomelas,"(Wagler, JG, 1829)",Yellow-tailed Oriole,Yellow-tailed Oriole
Icterus cayanensis,"(Linnaeus, C, 1766)",Epaulet Oriole,Epaulet Oriole
Icterus pyrrhopterus,"(Vieillot, LJP, 1819)",Variable Oriole,Variable Oriole
Icterus icterus,"(Linnaeus, C, 1766)",Venezuelan Troupial,Venezuelan Troupial
Icterus jamacaii,"(Gmelin, JF, 1788)",Campo Troupial,Campo Troupial
Icterus croconotus,"(Wagler, JG, 1829)",Orange-backed Troupial,Orange-backed Troupial
Icterus pustulatus,"(Wagler, JG, 1829)",Streak-backed Oriole,Streak-backed Oriole
Icterus bullockiorum,"(Swainson, WJ, 1827)",Bullock's Oriole,Bullock's Oriole
Icterus auratus,"Bonaparte, CLJL, 1850",Orange Oriole,Orange Oriole
Icterus leucopteryx,"(Wagler, JG, 1827)",Jamaican Oriole,Jamaican Oriole
Icterus nigrogularis,"(Hahn, CW, 1819)",Yellow Oriole,Yellow Oriole
Icterus pectoralis,"(Wagler, JG, 1829)",Spot-breasted Oriole,Spot-breasted Oriole
Icterus gularis,"(Wagler, JG, 1829)",Altamira Oriole,Altamira Oriole
Icterus graduacauda,"Lesson, RP, 1839",Audubon's Oriole,Audubon's Oriole
Icterus galbula,"(Linnaeus, C, 1758)",Baltimore Oriole,Baltimore Oriole
Icterus abeillei,"(Lesson, RP, 1839)",Black-backed Oriole,Black-backed Oriole
Icterus parisorum,"Bonaparte, CLJL, 1838",Scott's Oriole,Scott's Oriole
Nesopsar nigerrimus,"(Osburn, W, 1859)",Jamaican Blackbird,Jamaican Blackbird
Agelaius phoeniceus,"(Linnaeus, C, 1766)",Red-winged Blackbird,Red-winged Blackbird
Agelaius assimilis,"Lembeye, J, 1850",Red-shouldered Blackbird,Red-shouldered Blackbird
Agelaius tricolor,"(Audubon, JJ, 1837)",Tricolored Blackbird,Tricolored Blackbird
Agelaius humeralis,"(Vigors, NA, 1827)",Tawny-shouldered Blackbird,Tawny-shouldered Blackbird
Agelaius xanthomus,"(Sclater, PL, 1862)",Yellow-shouldered Blackbird,Yellow-shouldered Blackbird
Molothrus rufoaxillaris,"Cassin, J, 1866",Screaming Cowbird,Screaming Cowbird
Molothrus bonariensis,"(Gmelin, JF, 1789)",Shiny Cowbird,Shiny Cowbird
Molothrus aeneus,"(Wagler, JG, 1829)",Bronzed Cowbird,
Molothrus armenti,"Cabanis, JL, 1851",Bronze-brown Cowbird,
Molothrus ater,"(Boddaert, P, 1783)",Brown-headed Cowbird,Brown-headed Cowbird
Molothrus oryzivorus,"(Gmelin, JF, 1788)",Giant Cowbird,Giant Cowbird
Dives dives,"(Deppe, W, 1830)",Melodious Blackbird,Melodious Blackbird
Dives warczewiczi,"(Cabanis, JL, 1861)",Scrub Blackbird,Scrub Blackbird
Ptiloxena atroviolacea,"(d'Orbigny, ACVMD, 1839)",Cuban Blackbird,Cuban Blackbird
Euphagus cyanocephalus,"(Wagler, JG, 1829)",Brewer's Blackbird,Brewer's Blackbird
Euphagus carolinus,"(Müller, PLS, 1776)",Rusty Blackbird,Rusty Blackbird
Quiscalus quiscula,"(Linnaeus, C, 1758)",Common Grackle,Common Grackle
Quiscalus major,"Vieillot, LJP, 1819",Boat-tailed Grackle,Boat-tailed Grackle
Quiscalus mexicanus,"(Gmelin, JF, 1788)",Great-tailed Grackle,Great-tailed Grackle
Quiscalus palustris,"(Swainson, WJ, 1827)",Slender-billed Grackle,Slender-billed Grackle
Quiscalus nicaraguensis,"Salvin, O; Godman, FD, 1891",Nicaraguan Grackle,Nicaraguan Grackle
Quiscalus niger,"(Boddaert, P, 1783)",Greater Antillean Grackle,Greater Antillean Grackle
Quiscalus lugubris,"Swainson, WJ, 1838",Carib Grackle,Carib Grackle
Macroagelaius subalaris,"(Boissonneau, A, 1840)",Colombian Mountain Grackle,Mountain Grackle
Macroagelaius imthurni,"(Sclater, PL, 1881)",Golden-tufted Mountain Grackle,Golden-tufted Grackle
Lampropsar tanagrinus,"(Spix, JB, 1824)",Velvet-fronted Grackle,Velvet-fronted Grackle
Gymnomystax mexicanus,"(Linnaeus, C, 1766)",Oriole Blackbird,Oriole Blackbird
Hypopyrrhus pyrohypogaster,"(de Tarragon, L, 1847)",Red-bellied Grackle,Red-bellied Grackle
Amblyramphus holosericeus,"(Scopoli, GA, 1786)",Scarlet-headed Blackbird,Scarlet-headed Blackbird
Curaeus curaeus,"(Molina, GI, 1782)",Austral Blackbird,Austral Blackbird
Anumara forbesi,"(Sclater, PL, 1886)",Forbes's Blackbird,Forbes's Blackbird
Gnorimopsar chopi,"(Vieillot, LJP, 1819)",Chopi Blackbird,Chopi Blackbird
Agelasticus xanthophthalmus,"(Short, LL, 1969)",Pale-eyed Blackbird,Pale-eyed Blackbird
Agelasticus cyanopus,"(Vieillot, LJP, 1819)",Unicolored Blackbird,Unicolored Blackbird
Agelasticus thilius,"(Molina, GI, 1782)",Yellow-winged Blackbird,Yellow-winged Blackbird
Oreopsar bolivianus,"Sclater, WL, 1939",Bolivian Blackbird,Bolivian Blackbird
Agelaioides fringillarius,"(Spix, JB, 1824)",Pale Baywing,Pale Baywing
Agelaioides badius,"(Vieillot, LJP, 1819)",Greyish Baywing,Grayish Baywing
Chrysomus ruficapillus,"(Vieillot, LJP, 1819)",Chestnut-capped Blackbird,Chestnut-capped Blackbird
Chrysomus icterocephalus,"(Linnaeus, C, 1766)",Yellow-hooded Blackbird,Yellow-hooded Blackbird
Xanthopsar flavus,"(Gmelin, JF, 1788)",Saffron-cowled Blackbird,Saffron-cowled Blackbird
Pseudoleistes virescens,"(Vieillot, LJP, 1819)",Brown-and-yellow Marshbird,Brown-and-yellow Marshbird
Pseudoleistes guirahuro,"(Vieillot, LJP, 1819)",Yellow-rumped Marshbird,Yellow-rumped Marshbird
Seiurus aurocapilla,"(Linnaeus, C, 1766)",Ovenbird,Ovenbird
Parkesia noveboracensis,"(Gmelin, JF, 1789)",Northern Waterthrush,Northern Waterthrush
Parkesia motacilla,"(Vieillot, LJP, 1809)",Louisiana Waterthrush,Louisiana Waterthrush
Helmitheros vermivorum,"(Gmelin, JF, 1789)",Worm-eating Warbler,Worm-eating Warbler
Mniotilta varia,"(Linnaeus, C, 1766)",Black-and-white Warbler,Black-and-white Warbler
Protonotaria citrea,"(Boddaert, P, 1783)",Prothonotary Warbler,Prothonotary Warbler
Limnothlypis swainsonii,"(Audubon, JJ, 1834)",Swainson's Warbler,Swainson's Warbler
Vermivora bachmanii,"(Audubon, JJ, 1833)",Bachman's Warbler,Bachman's Warbler
Vermivora chrysoptera,"(Linnaeus, C, 1766)",Golden-winged Warbler,Golden-winged Warbler
Vermivora cyanoptera,"Olson, SL; Reveal, JL, 2009",Blue-winged Warbler,Blue-winged Warbler
Oreothlypis gutturalis,"(Cabanis, JL, 1861)",Flame-throated Warbler,Flame-throated Warbler
Oreothlypis superciliosa,"(Hartlaub, KJG, 1844)",Crescent-chested Warbler,Crescent-chested Warbler
Leiothlypis peregrina,"(Wilson, A, 1811)",Tennessee Warbler,Tennessee Warbler
Leiothlypis celata,"(Say, T, 1822)",Orange-crowned Warbler,Orange-crowned Warbler
Leiothlypis crissalis,"(Salvin, O; Godman, FD, 1889)",Colima Warbler,Colima Warbler
Leiothlypis luciae,"(Cooper, JG, 1861)",Lucy's Warbler,Lucy's Warbler
Leiothlypis ruficapilla,"(Wilson, A, 1811)",Nashville Warbler,Nashville Warbler
Leiothlypis virginiae,"(Baird, SF, 1860)",Virginia's Warbler,Virginia's Warbler
Oporornis agilis,"(Wilson, A, 1812)",Connecticut Warbler,Connecticut Warbler
Leucopeza semperi,"Sclater, PL, 1876",Semper's Warbler,Semper's Warbler
Geothlypis philadelphia,"(Wilson, A, 1810)",Mourning Warbler,Mourning Warbler
Geothlypis tolmiei,"(Townsend, JK, 1839)",MacGillivray's Warbler,MacGillivray's Warbler
Geothlypis poliocephala,"Baird, SF, 1865",Grey-crowned Yellowthroat,Gray-crowned Yellowthroat
Geothlypis velata,"(Vieillot, LJP, 1809)",Southern Yellowthroat,Southern Yellowthroat
Geothlypis aequinoctialis,"(Gmelin, JF, 1789)",Masked Yellowthroat,Masked Yellowthroat
Geothlypis auricularis,"Salvin, O, 1883",Black-lored Yellowthroat,Black-lored Yellowthroat
Geothlypis formosa,"(Wilson, A, 1811)",Kentucky Warbler,Kentucky Warbler
Geothlypis speciosa,"Sclater, PL, 1859",Black-polled Yellowthroat,Black-polled Yellowthroat
Geothlypis nelsoni,"Richmond, CW, 1900",Hooded Yellowthroat,Hooded Yellowthroat
Geothlypis semiflava,"Sclater, PL, 1860",Olive-crowned Yellowthroat,Olive-crowned Yellowthroat
Geothlypis rostrata,"Bryant, H, 1867",Bahama Yellowthroat,Bahama Yellowthroat
Geothlypis trichas,"(Linnaeus, C, 1766)",Common Yellowthroat,Common Yellowthroat
Geothlypis flavovelata,"Ridgway, R, 1896",Altamira Yellowthroat,Altamira Yellowthroat
Geothlypis beldingi,"Ridgway, R, 1882",Belding's Yellowthroat,Belding's Yellowthroat
Catharopeza bishopi,"(Lawrence, GN, 1878)",Whistling Warbler,Whistling Warbler
Setophaga plumbea,"(Lawrence, GN, 1877)",Plumbeous Warbler,Plumbeous Warbler
Setophaga pharetra,"(Gosse, PH, 1847)",Arrowhead Warbler,Arrowhead Warbler
Setophaga angelae,"(Kepler, CB; Parkes, KC, 1972)",Elfin Woods Warbler,Elfin-woods Warbler
Setophaga kirtlandii,"(Baird, SF, 1852)",Kirtland's Warbler,Kirtland's Warbler
Setophaga ruticilla,"(Linnaeus, C, 1758)",American Redstart,American Redstart
Setophaga citrina,"(Boddaert, P, 1783)",Hooded Warbler,Hooded Warbler
Setophaga caerulescens,"(Gmelin, JF, 1789)",Black-throated Blue Warbler,Black-throated Blue Warbler
Setophaga cerulea,"(Wilson, A, 1810)",Cerulean Warbler,Cerulean Warbler
Setophaga americana,"(Linnaeus, C, 1758)",Northern Parula,Northern Parula
Setophaga pitiayumi,"(Vieillot, LJP, 1817)",Tropical Parula,Tropical Parula
Setophaga magnolia,"(Wilson, A, 1811)",Magnolia Warbler,Magnolia Warbler
Setophaga fusca,"(Müller, PLS, 1776)",Blackburnian Warbler,Blackburnian Warbler
Setophaga striata,"(Forster, JR, 1772)",Blackpoll Warbler,Blackpoll Warbler
Setophaga castanea,"(Wilson, A, 1810)",Bay-breasted Warbler,Bay-breasted Warbler
Setophaga pensylvanica,"(Linnaeus, C, 1766)",Chestnut-sided Warbler,Chestnut-sided Warbler
Setophaga aestiva,"(Gmelin, JF, 1789)",American Yellow Warbler,Northern Yellow Warbler
Setophaga petechia,"(Linnaeus, C, 1766)",Mangrove Warbler,Mangrove Yellow Warbler
Setophaga tigrina,"(Gmelin, JF, 1789)",Cape May Warbler,Cape May Warbler
Setophaga palmarum,"(Gmelin, JF, 1789)",Palm Warbler,Palm Warbler
Setophaga coronata,"(Linnaeus, C, 1766)",Yellow-rumped Warbler,Yellow-rumped Warbler
Setophaga flavescens,"(Todd, WEC, 1909)",Bahama Warbler,Bahama Warbler
Setophaga dominica,"(Linnaeus, C, 1766)",Yellow-throated Warbler,Yellow-throated Warbler
Setophaga pityophila,"(Gundlach, JC, 1855)",Olive-capped Warbler,Olive-capped Warbler
Setophaga pinus,"(Linnaeus, C, 1766)",Pine Warbler,Pine Warbler
Setophaga discolor,"(Vieillot, LJP, 1809)",Prairie Warbler,Prairie Warbler
Setophaga vitellina,"(Cory, CB, 1886)",Vitelline Warbler,Vitelline Warbler
Setophaga adelaidae,"(Baird, SF, 1865)",Adelaide's Warbler,Adelaide's Warbler
Setophaga delicata,"(Ridgway, R, 1883)",St. Lucia Warbler,St. Lucia Warbler
Setophaga subita,"(Riley, JH, 1904)",Barbuda Warbler,Barbuda Warbler
Setophaga nigrescens,"(Townsend, JK, 1837)",Black-throated Grey Warbler,Black-throated Gray Warbler
Setophaga graciae,"(Baird, SF, 1865)",Grace's Warbler,Grace's Warbler
Setophaga virens,"(Gmelin, JF, 1789)",Black-throated Green Warbler,Black-throated Green Warbler
Setophaga chrysoparia,"(Sclater, PL; Salvin, O, 1860)",Golden-cheeked Warbler,Golden-cheeked Warbler
Setophaga occidentalis,"(Townsend, JK, 1837)",Hermit Warbler,Hermit Warbler
Setophaga townsendi,"(Townsend, JK, 1837)",Townsend's Warbler,Townsend's Warbler
Myiothlypis griseiceps,"(Sclater, PL; Salvin, O, 1868)",Grey-headed Warbler,Gray-headed Warbler
Myiothlypis basilica,"(Todd, WEC, 1913)",Santa Marta Warbler,Santa Marta Warbler
Myiothlypis luteoviridis,"(Bonaparte, CLJL, 1845)",Citrine Warbler,Citrine Warbler
Myiothlypis leucophrys,"(Pelzeln, A, 1868)",White-striped Warbler,White-striped Warbler
Myiothlypis flaveola,"Baird, SF, 1865",Flavescent Warbler,Flavescent Warbler
Myiothlypis leucoblephara,"(Vieillot, LJP, 1817)",White-rimmed Warbler,White-browed Warbler
Myiothlypis signata,"(Berlepsch, HHCL; Sztolcman, JS, 1906)",Pale-legged Warbler,Pale-legged Warbler
Myiothlypis nigrocristata,"(de Lafresnaye, NFAA, 1840)",Black-crested Warbler,Black-crested Warbler
Myiothlypis fulvicauda,"(Spix, JB, 1825)",Buff-rumped Warbler,Buff-rumped Warbler
Myiothlypis rivularis,"(Wied-Neuwied, M, 1821)",Riverbank Warbler,Riverbank Warbler
Myiothlypis bivittata,"(d'Orbigny, ACVMD; de Lafresnaye, NFAA, 1837)",Two-banded Warbler,Two-banded Warbler
Myiothlypis chlorophrys,"(Berlepsch, HHCL, 1907)",Choco Warbler,Choco Warbler
Myiothlypis chrysogaster,"(Tschudi, JJ, 1844)",Cuzco Warbler,Cuzco Warbler
Myiothlypis cinereicollis,"(Sclater, PL, 1864)",Grey-throated Warbler,Gray-throated Warbler
Myiothlypis conspicillata,"(Salvin, O; Godman, FD, 1880)",White-lored Warbler,White-lored Warbler
Myiothlypis fraseri,"(Sclater, PL, 1884)",Grey-and-gold Warbler,Gray-and-gold Warbler
Myiothlypis coronata,"(Tschudi, JJ, 1844)",Russet-crowned Warbler,Russet-crowned Warbler
Basileuterus lachrymosus,"Bonaparte, CLJL, 1850",Fan-tailed Warbler,Fan-tailed Warbler
Basileuterus rufifrons,"(Swainson, WJ, 1838)",Rufous-capped Warbler,Rufous-capped Warbler
Basileuterus delattrii,"Bonaparte, CLJL, 1854",Chestnut-capped Warbler,Chestnut-capped Warbler
Basileuterus melanogenys,"Baird, SF, 1865",Black-cheeked Warbler,Black-cheeked Warbler
Basileuterus ignotus,"Nelson, EW, 1912",Pirre Warbler,Pirre Warbler
Basileuterus belli,"(Giraud, JP Jr, 1841)",Golden-browed Warbler,Golden-browed Warbler
Basileuterus culicivorus,"(Deppe, W, 1830)",Golden-crowned Warbler,Golden-crowned Warbler
Basileuterus melanotis,"Lawrence, GN, 1868",Black-eared Warbler,Costa Rican Warbler
Basileuterus tacarcunae,"Chapman, FM, 1924",Tacarcuna Warbler,Tacarcuna Warbler
Basileuterus tristriatus,"(Tschudi, JJ, 1844)",Three-striped Warbler,Three-striped Warbler
Basileuterus punctipectus,"Chapman, FM, 1924",Yungas Warbler,Yungas Warbler
Basileuterus trifasciatus,"Taczanowski, W, 1880",Three-banded Warbler,Three-banded Warbler
Cardellina canadensis,"(Linnaeus, C, 1766)",Canada Warbler,Canada Warbler
Cardellina pusilla,"(Wilson, A, 1811)",Wilson's Warbler,Wilson's Warbler
Cardellina rubrifrons,"(Giraud, JP Jr, 1841)",Red-faced Warbler,Red-faced Warbler
Cardellina versicolor,"Salvin, O, 1863",Pink-headed Warbler,Pink-headed Warbler
Cardellina rubra,"(Swainson, WJ, 1827)",Red Warbler,Red Warbler
Myioborus pictus,"(Swainson, WJ, 1829)",Painted Whitestart,Painted Redstart
Myioborus miniatus,"(Swainson, WJ, 1827)",Slate-throated Whitestart,Slate-throated Redstart
Myioborus brunniceps,"(d'Orbigny, ACVMD; de Lafresnaye, NFAA, 1837)",Brown-capped Whitestart,Brown-capped Redstart
Myioborus castaneocapilla,"(Cabanis, JL, 1849)",Tepui Whitestart,Tepui Redstart
Myioborus pariae,"Phelps, WH Sr; Phelps, WH Jr, 1949",Paria Whitestart,Paria Redstart
Myioborus cardonai,"Zimmer, JT; Phelps, WH Sr, 1945",Guaiquinima Whitestart,Saffron-breasted Redstart
Myioborus albifacies,"Phelps, WH Sr; Phelps, WH Jr, 1946",White-faced Whitestart,White-faced Redstart
Myioborus torquatus,"(Baird, SF, 1865)",Collared Whitestart,Collared Redstart
Myioborus flavivertex,"(Salvin, O, 1887)",Yellow-crowned Whitestart,Yellow-crowned Redstart
Myioborus ornatus,"(Boissonneau, A, 1840)",Golden-fronted Whitestart,Golden-fronted Redstart
Myioborus melanocephalus,"(Tschudi, JJ, 1844)",Spectacled Whitestart,Spectacled Redstart
Myioborus albifrons,"(Sclater, PL; Salvin, O, 1871)",White-fronted Whitestart,White-fronted Redstart
Pheucticus chrysopeplus,"(Vigors, NA, 1832)",Yellow Grosbeak,Yellow Grosbeak
Pheucticus chrysogaster,"(Lesson, RP, 1832)",Golden Grosbeak,Golden Grosbeak
Pheucticus tibialis,"Lawrence, GN, 1867",Black-thighed Grosbeak,Black-thighed Grosbeak
Pheucticus aureoventris,"(d'Orbigny, ACVMD; de Lafresnaye, NFAA, 1837)",Black-backed Grosbeak,Black-backed Grosbeak
Pheucticus ludovicianus,"(Linnaeus, C, 1766)",Rose-breasted Grosbeak,Rose-breasted Grosbeak
Pheucticus melanocephalus,"(Swainson, WJ, 1827)",Black-headed Grosbeak,Black-headed Grosbeak
Granatellus venustus,"Bonaparte, CLJL, 1850",Red-breasted Chat,Red-breasted Chat
Granatellus sallaei,"(Bonaparte, CLJL, 1856)",Grey-throated Chat,Gray-throated Chat
Granatellus pelzelni,"Sclater, PL, 1865",Rose-breasted Chat,Rose-breasted Chat
Granatellus paraensis,"Rothschild, LW, 1906",Rose-bellied Chat,Rose-bellied Chat
Spiza americana,"(Gmelin, JF, 1789)",Dickcissel,Dickcissel
Cyanoloxia glaucocaerulea,"(d'Orbigny, ACVMD; de Lafresnaye, NFAA, 1837)",Glaucous-blue Grosbeak,Glaucous-blue Grosbeak
Cyanoloxia cyanoides,"(de Lafresnaye, NFAA, 1847)",Blue-black Grosbeak,Blue-black Grosbeak
Cyanoloxia rothschildii,"(Bartlett, E, 1890)",Amazonian Grosbeak,Amazonian Grosbeak
Cyanoloxia brissonii,"(Lichtenstein, MHC, 1823)",Ultramarine Grosbeak,Ultramarine Grosbeak
Amaurospiza concolor,"Cabanis, JL, 1861",Blue Seedeater,Blue Seedeater
Amaurospiza aequatorialis,"Sharpe, RB, 1888",Ecuadorian Seedeater,Ecuadorian Seedeater
Amaurospiza carrizalensis,"Lentino, M; Restall, R, 2003",Carrizal Seedeater,Carrizal Seedeater
Amaurospiza moesta,"(Hartlaub, KJG, 1853)",Blackish-blue Seedeater,Blackish-blue Seedeater
Cyanocompsa parellina,"(Bonaparte, CLJL, 1850)",Blue Bunting,Blue Bunting
Passerina cyanea,"(Linnaeus, C, 1766)",Indigo Bunting,Indigo Bunting
Passerina amoena,"(Say, T, 1822)",Lazuli Bunting,Lazuli Bunting
Passerina caerulea,"(Linnaeus, C, 1758)",Blue Grosbeak,Blue Grosbeak
Passerina rositae,"(Lawrence, GN, 1874)",Rose-bellied Bunting,Rose-bellied Bunting
Passerina leclancherii,"de Lafresnaye, NFAA, 1840",Orange-breasted Bunting,Orange-breasted Bunting
Passerina ciris,"(Linnaeus, C, 1758)",Painted Bunting,Painted Bunting
Passerina versicolor,"(Bonaparte, CLJL, 1838)",Varied Bunting,Varied Bunting
Habia rubica,"(Vieillot, LJP, 1817)",Red-crowned Ant Tanager,Red-crowned Ant-Tanager
Chlorothraupis carmioli,"(Lawrence, GN, 1868)",Carmiol's Tanager,Carmiol's Tanager
Chlorothraupis frenata,"Berlepsch, HHCL, 1907",Yellow-lored Tanager,Yellow-lored Tanager
Chlorothraupis olivacea,"(Cassin, J, 1860)",Lemon-spectacled Tanager,Lemon-spectacled Tanager
Chlorothraupis stolzmanni,"(Berlepsch, HHCL; Taczanowski, W, 1884)",Ochre-breasted Tanager,Ochre-breasted Tanager
Periporphyrus erythromelas,"(Gmelin, JF, 1789)",Red-and-black Grosbeak,Red-and-black Grosbeak
Periporphyrus celaeno,"(Deppe, W, 1830)",Crimson-collared Grosbeak,Crimson-collared Grosbeak
Caryothraustes poliogaster,"(Du Bus de Gisignies, B-AL, 1847)",Black-faced Grosbeak,Black-faced Grosbeak
Caryothraustes canadensis,"(Linnaeus, C, 1766)",Yellow-green Grosbeak,Yellow-green Grosbeak
Cardinalis phoeniceus,"Bonaparte, CLJL, 1838",Vermilion Cardinal,Vermilion Cardinal
Cardinalis cardinalis,"(Linnaeus, C, 1758)",Northern Cardinal,Northern Cardinal
Cardinalis sinuatus,"Bonaparte, CLJL, 1838",Pyrrhuloxia,Pyrrhuloxia
Driophlox fuscicauda,"(Cabanis, JL, 1861)",Red-throated Ant Tanager,Red-throated Ant-Tanager
Driophlox gutturalis,"(Sclater, PL, 1854)",Sooty Ant Tanager,Sooty Ant-Tanager
Driophlox atrimaxillaris,"(Dwight, J; Griscom, L, 1924)",Black-cheeked Ant Tanager,Black-cheeked Ant-Tanager
Driophlox cristata,"(Lawrence, GN, 1875)",Crested Ant Tanager,Crested Ant-Tanager
Piranga erythrocephala,"(Swainson, WJ, 1827)",Red-headed Tanager,Red-headed Tanager
Piranga rubriceps,"Gray, GR, 1844",Red-hooded Tanager,Red-hooded Tanager
Piranga leucoptera,"Trudeau, JD, 1840",White-winged Tanager,White-winged Tanager
Piranga roseogularis,"Cabot, S Jr, 1846",Rose-throated Tanager,Rose-throated Tanager
Piranga rubra,"(Linnaeus, C, 1758)",Summer Tanager,Summer Tanager
Piranga flava,"(Vieillot, LJP, 1822)",Hepatic Tanager,Hepatic Tanager
Piranga olivacea,"(Gmelin, JF, 1789)",Scarlet Tanager,Scarlet Tanager
Piranga ludoviciana,"(Wilson, A, 1811)",Western Tanager,Western Tanager
Piranga bidentata,"Swainson, WJ, 1827",Flame-colored Tanager,Flame-colored Tanager
Orthogonys chloricterus,"(Vieillot, LJP, 1819)",Olive-green Tanager,Olive-green Tanager
Lamprospiza melanoleuca,"(Vieillot, LJP, 1817)",Red-billed Pied Tanager,Red-billed Pied Tanager
Mitrospingus cassinii,"(Lawrence, GN, 1861)",Dusky-faced Tanager,Dusky-faced Tanager
Mitrospingus oleagineus,"(Salvin, O, 1886)",Olive-backed Tanager,Olive-backed Tanager
Orchesticus abeillei,"(Lesson, RP, 1839)",Brown Tanager,Brown Tanager
Parkerthraustes humeralis,"(Lawrence, GN, 1867)",Yellow-shouldered Grosbeak,Yellow-shouldered Grosbeak
Sericossypha albocristata,"(de Lafresnaye, NFAA, 1843)",White-capped Tanager,White-capped Tanager
Compsothraupis loricata,"(Lichtenstein, MHC, 1819)",Scarlet-throated Tanager,Scarlet-throated Tanager
Cyanicterus cyanicterus,"(Vieillot, LJP, 1819)",Blue-backed Tanager,Blue-backed Tanager
Nemosia rourei,"Cabanis, JL, 1870",Cherry-throated Tanager,Cherry-throated Tanager
Nemosia pileata,"(Boddaert, P, 1783)",Hooded Tanager,Hooded Tanager
Tersina viridis,"(Illiger, JKW, 1811)",Swallow Tanager,Swallow Tanager
Cyanerpes nitidus,"(Hartlaub, KJG, 1847)",Short-billed Honeycreeper,Short-billed Honeycreeper
Cyanerpes lucidus,"(Sclater, PL; Salvin, O, 1859)",Shining Honeycreeper,Shining Honeycreeper
Cyanerpes caeruleus,"(Linnaeus, C, 1758)",Purple Honeycreeper,Purple Honeycreeper
Cyanerpes cyaneus,"(Linnaeus, C, 1766)",Red-legged Honeycreeper,Red-legged Honeycreeper
Dacnis albiventris,"(Sclater, PL, 1852)",White-bellied Dacnis,White-bellied Dacnis
Dacnis lineata,"(Gmelin, JF, 1789)",Black-faced Dacnis,
Dacnis flaviventer,"d'Orbigny, ACVMD; de Lafresnaye, NFAA, 1837",Yellow-bellied Dacnis,Yellow-bellied Dacnis
Dacnis hartlaubi,"Sclater, PL, 1855",Turquoise Dacnis,Turquoise Dacnis
Dacnis nigripes,"Pelzeln, A, 1856",Black-legged Dacnis,Black-legged Dacnis
Dacnis venusta,"Lawrence, GN, 1862",Scarlet-thighed Dacnis,Scarlet-thighed Dacnis
Dacnis cayana,"(Linnaeus, C, 1766)",Blue Dacnis,Blue Dacnis
Dacnis viguieri,"Oustalet, J-FÉ, 1883",Viridian Dacnis,Viridian Dacnis
Dacnis berlepschi,"Hartert, EJO, 1900",Scarlet-breasted Dacnis,Scarlet-breasted Dacnis
Iridophanes pulcherrimus,"(Sclater, PL, 1853)",Golden-collared Honeycreeper,Golden-collared Honeycreeper
Chlorophanes spiza,"(Linnaeus, C, 1758)",Green Honeycreeper,Green Honeycreeper
Heterospingus rubrifrons,"(Lawrence, GN, 1865)",Sulphur-rumped Tanager,Sulphur-rumped Tanager
Heterospingus xanthopygius,"(Sclater, PL, 1855)",Scarlet-browed Tanager,Scarlet-browed Tanager
Chrysothlypis salmoni,"(Sclater, PL, 1886)",Scarlet-and-white Tanager,Scarlet-and-white Tanager
Chrysothlypis chrysomelas,"(Sclater, PL; Salvin, O, 1869)",Black-and-yellow Tanager,Black-and-yellow Tanager
Hemithraupis guira,"(Linnaeus, C, 1766)",Guira Tanager,Guira Tanager
Hemithraupis ruficapilla,"(Vieillot, LJP, 1818)",Rufous-headed Tanager,Rufous-headed Tanager
Hemithraupis flavicollis,"(Vieillot, LJP, 1818)",Yellow-backed Tanager,Yellow-backed Tanager
Creurgops verticalis,"Sclater, PL, 1858",Rufous-crested Tanager,Rufous-crested Tanager
Creurgops dentatus,"(Sclater, PL; Salvin, O, 1876)",Slaty Tanager,Slaty Tanager
Volatinia jacarina,"(Linnaeus, C, 1766)",Blue-black Grassquit,Blue-black Grassquit
Conothraupis speculigera,"(Gould, J, 1855)",Black-and-white Tanager,Black-and-white Tanager
Conothraupis mesoleuca,"(Berlioz, J, 1939)",Cone-billed Tanager,Cone-billed Tanager
Eucometis penicillata,"(Spix, JB, 1825)",Grey-headed Tanager,Gray-headed Tanager
Heliothraupis oneilli,"Lane, DF; Aponte J, MA; Rheindt, FE; Rosenberg, GH; Schmitt, CJ; Terrill, RS, 2021",Inti Tanager,Inti Tanager
Trichothraupis melanops,"(Vieillot, LJP, 1818)",Black-goggled Tanager,Black-goggled Tanager
Loriotus cristatus,"(Linnaeus, C, 1766)",Flame-crested Tanager,Flame-crested Tanager
Loriotus rufiventer,"(Spix, JB, 1825)",Yellow-crested Tanager,Yellow-crested Tanager
Loriotus luctuosus,"(d'Orbigny, ACVMD; de Lafresnaye, NFAA, 1837)",White-shouldered Tanager,White-shouldered Tanager
Coryphospingus cucullatus,"(Müller, PLS, 1776)",Red Pileated Finch,Red-crested Finch
Coryphospingus pileatus,"(Wied-Neuwied, M, 1821)",Grey Pileated Finch,Pileated Finch
Rhodospingus cruentus,"(Lesson, RP, 1844)",Crimson-breasted Finch,Crimson-breasted Finch
Lanio fulvus,"(Boddaert, P, 1783)",Fulvous Shrike-Tanager,Fulvous Shrike-Tanager
Lanio versicolor,"(d'Orbigny, ACVMD; de Lafresnaye, NFAA, 1837)",White-winged Shrike-Tanager,White-winged Shrike-Tanager
Lanio aurantius,"de Lafresnaye, NFAA, 1846",Black-throated Shrike-Tanager,Black-throated Shrike-Tanager
Lanio leucothorax,"Salvin, O, 1865",White-throated Shrike-Tanager,White-throated Shrike-Tanager
Tachyphonus surinamus,"(Linnaeus, C, 1766)",Fulvous-crested Tanager,Fulvous-crested Tanager
Tachyphonus delatrii,"de Lafresnaye, NFAA, 1847",Tawny-crested Tanager,Tawny-crested Tanager
Tachyphonus coronatus,"(Vieillot, LJP, 1822)",Ruby-crowned Tanager,Ruby-crowned Tanager
Tachyphonus rufus,"(Boddaert, P, 1783)",White-lined Tanager,White-lined Tanager
Tachyphonus phoenicius,"Swainson, WJ, 1838",Red-shouldered Tanager,Red-shouldered Tanager
Ramphocelus sanguinolentus,"(Lesson, RP, 1831)",Crimson-collared Tanager,Crimson-collared Tanager
Ramphocelus flammigerus,"(Jardine, W; Selby, PJ, 1833)",Flame-rumped Tanager,Flame-rumped Tanager
Ramphocelus passerinii,"Bonaparte, CLJL, 1831",Scarlet-rumped Tanager,Scarlet-rumped Tanager
Ramphocelus bresilia,"(Linnaeus, C, 1766)",Brazilian Tanager,Brazilian Tanager
Ramphocelus melanogaster,"(Swainson, WJ, 1838)",Huallaga Tanager,Black-bellied Tanager
Ramphocelus carbo,"(Pallas, PS, 1764)",Silver-beaked Tanager,Silver-beaked Tanager
Ramphocelus nigrogularis,"(Spix, JB, 1825)",Masked Crimson Tanager,Masked Crimson Tanager
Ramphocelus dimidiatus,"de Lafresnaye, NFAA, 1837",Crimson-backed Tanager,Crimson-backed Tanager
Charitospiza eucosma,"Oberholser, HC, 1905",Coal-crested Finch,Coal-crested Finch
Conirostrum bicolor,"(Vieillot, LJP, 1809)",Bicolored Conebill,Bicolored Conebill
Conirostrum margaritae,"(Holt, EG, 1931)",Pearly-breasted Conebill,Pearly-breasted Conebill
Conirostrum speciosum,"(Temminck, CJ, 1824)",Chestnut-vented Conebill,Chestnut-vented Conebill
Conirostrum leucogenys,"(de Lafresnaye, NFAA, 1852)",White-eared Conebill,White-eared Conebill
Conirostrum binghami,"(Chapman, FM, 1919)",Giant Conebill,Giant Conebill
Conirostrum ferrugineiventre,"Sclater, PL, 1855",White-browed Conebill,White-browed Conebill
Conirostrum sitticolor,"de Lafresnaye, NFAA, 1840",Blue-backed Conebill,Blue-backed Conebill
Conirostrum albifrons,"de Lafresnaye, NFAA, 1842",Capped Conebill,Capped Conebill
Conirostrum tamarugense,"Johnson, AW; Millie, WR, 1972",Tamarugo Conebill,Tamarugo Conebill
Conirostrum rufum,"de Lafresnaye, NFAA, 1843",Rufous-browed Conebill,Rufous-browed Conebill
Conirostrum cinereum,"d'Orbigny, ACVMD; de Lafresnaye, NFAA, 1838",Cinereous Conebill,Cinereous Conebill
Phrygilus atriceps,"(d'Orbigny, ACVMD; de Lafresnaye, NFAA, 1837)",Black-hooded Sierra Finch,Black-hooded Sierra Finch
Phrygilus punensis,"Ridgway, R, 1887",Peruvian Sierra Finch,Peruvian Sierra Finch
Phrygilus gayi,"(Gervais, FLP, 1834)",Grey-hooded Sierra Finch,Gray-hooded Sierra Finch
Phrygilus patagonicus,"Lowe, PR, 1923",Patagonian Sierra Finch,Patagonian Sierra Finch
Nesospiza acunhae,"Cabanis, JL, 1873",Inaccessible Island Finch,Inaccessible Island Finch
Nesospiza questi,"Lowe, PR, 1923",Nightingale Island Finch,Nightingale Island Finch
Nesospiza wilkinsi,"Lowe, PR, 1923",Wilkins's Finch,Wilkins's Finch
Rowettia goughensis,"(Clarke, WE, 1904)",Gough Finch,Gough Island Finch
Melanodera melanodera,"(Quoy, JRC; Gaimard, JP, 1824)",White-bridled Finch,White-bridled Finch
Melanodera xanthogramma,"(Gould, J; Gray, GR, 1839)",Yellow-bridled Finch,Yellow-bridled Finch
Sicalis citrina,"Pelzeln, A, 1870",Stripe-tailed Yellow Finch,Stripe-tailed Yellow-Finch
Sicalis lutea,"(d'Orbigny, ACVMD; de Lafresnaye, NFAA, 1837)",Puna Yellow Finch,Puna Yellow-Finch
Sicalis uropygialis,"(d'Orbigny, ACVMD; de Lafresnaye, NFAA, 1837)",Bright-rumped Yellow Finch,Bright-rumped Yellow-Finch
Sicalis luteocephala,"(d'Orbigny, ACVMD; de Lafresnaye, NFAA, 1837)",Citron-headed Yellow Finch,Citron-headed Yellow-Finch
Sicalis auriventris,"Philippi, RA; Landbeck, CL, 1864",Greater Yellow Finch,Greater Yellow-Finch
Sicalis olivascens,"(d'Orbigny, ACVMD; de Lafresnaye, NFAA, 1837)",Greenish Yellow Finch,Greenish Yellow-Finch
Sicalis mendozae,"(Sharpe, RB, 1888)",Monte Yellow Finch,Monte Yellow-Finch
Sicalis lebruni,"(Oustalet, J-FÉ, 1891)",Patagonian Yellow Finch,Patagonian Yellow-Finch
Sicalis columbiana,"Cabanis, JL, 1851",Orange-fronted Yellow Finch,Orange-fronted Yellow-Finch
Sicalis flaveola,"(Linnaeus, C, 1766)",Saffron Finch,Saffron Finch
Sicalis luteola,"(Sparrman, A, 1789)",Grassland Yellow Finch,Grassland Yellow-Finch
Sicalis raimondii,"Taczanowski, W, 1874",Raimondi's Yellow Finch,Raimondi's Yellow-Finch
Sicalis taczanowskii,"Sharpe, RB, 1888",Sulphur-throated Finch,Sulphur-throated Finch
Idiopsar dorsalis,"(Cabanis, JL, 1883)",Red-backed Sierra Finch,Red-backed Sierra Finch
Idiopsar erythronotus,"(Philippi, RA; Landbeck, CL, 1861)",White-throated Sierra Finch,White-throated Sierra Finch
Idiopsar speculifer,"(d'Orbigny, ACVMD; de Lafresnaye, NFAA, 1837)",Glacier Finch,Glacier Finch
Idiopsar brachyurus,"Cassin, J, 1867",Boulder Finch,Boulder Finch
Xenodacnis parina,"Cabanis, JL, 1873",Tit-like Dacnis,
Xenodacnis petersi,"Bond, J; Meyer de Schauensee, R, 1939",Streaked Dacnis,
Geospizopsis plebejus,"(Tschudi, JJ, 1844)",Ash-breasted Sierra Finch,Ash-breasted Sierra Finch
Geospizopsis unicolor,"(d'Orbigny, ACVMD; de Lafresnaye, NFAA, 1837)",Plumbeous Sierra Finch,Plumbeous Sierra Finch
Haplospiza unicolor,"Cabanis, JL, 1851",Uniform Finch,Uniform Finch
Haplospiza rustica,"(Tschudi, JJ, 1844)",Slaty Finch,Slaty Finch
Acanthidops bairdi,"Ridgway, R, 1882",Peg-billed Finch,Peg-billed Finch
Catamenia analis,"(d'Orbigny, ACVMD; de Lafresnaye, NFAA, 1837)",Band-tailed Seedeater,Band-tailed Seedeater
Catamenia inornata,"(de Lafresnaye, NFAA, 1847)",Plain-colored Seedeater,Plain-colored Seedeater
Catamenia homochroa,"Sclater, PL, 1859",Paramo Seedeater,Paramo Seedeater
Diglossa gloriosissima,"Chapman, FM, 1912",Chestnut-bellied Flowerpiercer,Chestnut-bellied Flowerpiercer
Diglossa lafresnayii,"(Boissonneau, A, 1840)",Glossy Flowerpiercer,Glossy Flowerpiercer
Diglossa mystacalis,"de Lafresnaye, NFAA, 1846",Moustached Flowerpiercer,Moustached Flowerpiercer
Diglossa gloriosa,"Sclater, PL; Salvin, O, 1871",Merida Flowerpiercer,Merida Flowerpiercer
Diglossa humeralis,"(Fraser, L, 1840)",Black Flowerpiercer,Black Flowerpiercer
Diglossa brunneiventris,"de Lafresnaye, NFAA, 1846",Black-throated Flowerpiercer,Black-throated Flowerpiercer
Diglossa carbonaria,"(d'Orbigny, ACVMD; de Lafresnaye, NFAA, 1838)",Grey-bellied Flowerpiercer,Gray-bellied Flowerpiercer
Diglossa venezuelensis,"Chapman, FM, 1925",Venezuelan Flowerpiercer,Venezuelan Flowerpiercer
Diglossa albilatera,"de Lafresnaye, NFAA, 1843",White-sided Flowerpiercer,White-sided Flowerpiercer
Diglossa duidae,"Chapman, FM, 1929",Scaled Flowerpiercer,Scaled Flowerpiercer
Diglossa major,"Cabanis, JL, 1849",Greater Flowerpiercer,Greater Flowerpiercer
Diglossa indigotica,"Sclater, PL, 1856",Indigo Flowerpiercer,Indigo Flowerpiercer
Diglossa baritula,"Wagler, JG, 1832",Cinnamon-bellied Flowerpiercer,Cinnamon-bellied Flowerpiercer
Diglossa plumbea,"Cabanis, JL, 1861",Slaty Flowerpiercer,Slaty Flowerpiercer
Diglossa sittoides,"(d'Orbigny, ACVMD; de Lafresnaye, NFAA, 1838)",Rusty Flowerpiercer,Rusty Flowerpiercer
Diglossa glauca,"Sclater, PL; Salvin, O, 1876",Golden-eyed Flowerpiercer,Deep-blue Flowerpiercer
Diglossa caerulescens,"(Sclater, PL, 1856)",Bluish Flowerpiercer,Bluish Flowerpiercer
Diglossa cyanea,"(de Lafresnaye, NFAA, 1840)",Masked Flowerpiercer,Masked Flowerpiercer
Saltatricula atricollis,"(Vieillot, LJP, 1817)",Black-throated Saltator,Black-throated Saltator
Saltatricula multicolor,"(Burmeister, KHK, 1860)",Many-colored Chaco Finch,Many-colored Chaco Finch
Saltator maximus,"(Müller, PLS, 1776)",Buff-throated Saltator,Buff-throated Saltator
Saltator atripennis,"Sclater, PL, 1857",Black-winged Saltator,Black-winged Saltator
Saltator atriceps,"(Lesson, RP, 1832)",Black-headed Saltator,Black-headed Saltator
Saltator orenocensis,"de Lafresnaye, NFAA, 1846",Orinoco Saltator,Orinocan Saltator
Saltator olivascens,"Cabanis, JL, 1849",Olive-grey Saltator,Olive-gray Saltator
Saltator grandis,"(Deppe, W, 1830)",Cinnamon-bellied Saltator,Cinnamon-bellied Saltator
Saltator coerulescens,"Vieillot, LJP, 1817",Bluish-grey Saltator,Bluish-gray Saltator
Saltator striatipectus,"de Lafresnaye, NFAA, 1847",Streaked Saltator,Streaked Saltator
Saltator albicollis,"Vieillot, LJP, 1817",Lesser Antillean Saltator,Lesser Antillean Saltator
Saltator similis,"d'Orbigny, ACVMD; de Lafresnaye, NFAA, 1837",Green-winged Saltator,Green-winged Saltator
Saltator nigriceps,"(Chapman, FM, 1914)",Black-cowled Saltator,Black-cowled Saltator
Saltator maxillosus,"Cabanis, JL, 1851",Thick-billed Saltator,Thick-billed Saltator
Saltator aurantiirostris,"Vieillot, LJP, 1817",Golden-billed Saltator,Golden-billed Saltator
Saltator cinctus,"Zimmer, JT, 1943",Masked Saltator,Masked Saltator
Saltator grossus,"(Linnaeus, C, 1766)",Slate-colored Grosbeak,Slate-colored Grosbeak
Saltator fuliginosus,"(Daudin, FM, 1800)",Black-throated Grosbeak,Black-throated Grosbeak
Coryphaspiza melanotis,"(Temminck, CJ, 1822)",Black-masked Finch,Black-masked Finch
Embernagra longicauda,"Strickland, HE, 1844",Serra Finch,Pale-throated Pampa-Finch
Embernagra platensis,"(Gmelin, JF, 1789)",Pampa Finch,Great Pampa-Finch
Emberizoides herbicola,"(Vieillot, LJP, 1817)",Wedge-tailed Grass Finch,Wedge-tailed Grass-Finch
Emberizoides duidae,"Chapman, FM, 1929",Duida Grass Finch,Duida Grass-Finch
Emberizoides ypiranganus,"Ihering, HFA; Ihering, R, 1907",Lesser Grass Finch,Lesser Grass-Finch
Rhopospina fruticeti,"(Kittlitz, FH, 1833)",Mourning Sierra Finch,Mourning Sierra Finch
Rhopospina caerulescens,"(Wied-Neuwied, M, 1830)",Blue Finch,Blue Finch
Rhopospina alaudina,"(Kittlitz, FH, 1833)",Band-tailed Sierra Finch,Band-tailed Sierra Finch
Rhopospina carbonaria,"(d'Orbigny, ACVMD; de Lafresnaye, NFAA, 1837)",Carbonated Sierra Finch,Carbonated Sierra Finch
Incaspiza pulchra,"(Sclater, PL, 1886)",Great Inca Finch,Great Inca-Finch
Incaspiza personata,"(Salvin, O, 1895)",Rufous-backed Inca Finch,Rufous-backed Inca-Finch
Incaspiza ortizi,"Zimmer, JT, 1952",Grey-winged Inca Finch,Gray-winged Inca-Finch
Incaspiza laeta,"(Salvin, O, 1895)",Buff-bridled Inca Finch,Buff-bridled Inca-Finch
Incaspiza watkinsi,"Chapman, FM, 1925",Little Inca Finch,Little Inca-Finch
Sporophila bouvronides,"(Lesson, RP, 1831)",Lesson's Seedeater,Lesson's Seedeater
Sporophila lineola,"(Linnaeus, C, 1758)",Lined Seedeater,Lined Seedeater
Sporophila leucoptera,"(Vieillot, LJP, 1817)",White-bellied Seedeater,White-bellied Seedeater
Sporophila peruviana,"(Lesson, RP, 1842)",Parrot-billed Seedeater,Parrot-billed Seedeater
Sporophila telasco,"(Lesson, RP, 1828)",Chestnut-throated Seedeater,Chestnut-throated Seedeater
Sporophila simplex,"(Taczanowski, W, 1874)",Drab Seedeater,Drab Seedeater
Sporophila castaneiventris,"Cabanis, JL, 1849",Chestnut-bellied Seedeater,Chestnut-bellied Seedeater
Sporophila minuta,"(Linnaeus, C, 1758)",Ruddy-breasted Seedeater,Ruddy-breasted Seedeater
Sporophila nigrorufa,"(d'Orbigny, ACVMD; de Lafresnaye, NFAA, 1837)",Black-and-tawny Seedeater,Black-and-tawny Seedeater
Sporophila bouvreuil,"(Müller, PLS, 1776)",Copper Seedeater,Copper Seedeater
Sporophila pileata,"(Sclater, PL, 1865)",Pearly-bellied Seedeater,Pearly-bellied Seedeater
Sporophila hypoxantha,"Cabanis, JL, 1851",Tawny-bellied Seedeater,Tawny-bellied Seedeater
Sporophila ruficollis,"Cabanis, JL, 1851",Dark-throated Seedeater,Dark-throated Seedeater
Sporophila iberaensis,"Di Giacomo, A; Kopuchian, C, 2016",Ibera Seedeater,Ibera Seedeater
Sporophila palustris,"(Barrows, WB, 1883)",Marsh Seedeater,Marsh Seedeater
Sporophila hypochroma,"Todd, WEC, 1915",Rufous-rumped Seedeater,Rufous-rumped Seedeater
Sporophila cinnamomea,"(de Lafresnaye, NFAA, 1839)",Chestnut Seedeater,Chestnut Seedeater
Sporophila melanogaster,"(Pelzeln, A, 1870)",Black-bellied Seedeater,Black-bellied Seedeater
Sporophila funerea,"(Sclater, PL, 1860)",Thick-billed Seed Finch,Thick-billed Seed-Finch
Sporophila angolensis,"(Linnaeus, C, 1766)",Chestnut-bellied Seed Finch,Chestnut-bellied Seed-Finch
Sporophila nuttingi,"(Ridgway, R, 1884)",Nicaraguan Seed Finch,Nicaraguan Seed-Finch
Sporophila maximiliani,"(Cabanis, JL, 1851)",Great-billed Seed Finch,Great-billed Seed-Finch
Sporophila crassirostris,"(Gmelin, JF, 1789)",Large-billed Seed Finch,Large-billed Seed-Finch
Sporophila atrirostris,"(Sclater, PL; Salvin, O, 1878)",Black-billed Seed Finch,Black-billed Seed-Finch
Sporophila corvina,"(Sclater, PL, 1860)",Variable Seedeater,Variable Seedeater
Sporophila intermedia,"Cabanis, JL, 1851",Grey Seedeater,Gray Seedeater
Sporophila americana,"(Gmelin, JF, 1789)",Wing-barred Seedeater,Wing-barred Seedeater
Sporophila morelleti,"(Bonaparte, CLJL, 1850)",Morelet's Seedeater,Morelet's Seedeater
Sporophila torqueola,"(Bonaparte, CLJL, 1850)",Cinnamon-rumped Seedeater,Cinnamon-rumped Seedeater
Sporophila fringilloides,"(Pelzeln, A, 1870)",White-naped Seedeater,White-naped Seedeater
Sporophila luctuosa,"(de Lafresnaye, NFAA, 1843)",Black-and-white Seedeater,Black-and-white Seedeater
Sporophila nigricollis,"(Vieillot, LJP, 1823)",Yellow-bellied Seedeater,Yellow-bellied Seedeater
Sporophila ardesiaca,"(Dubois, AJC, 1894)",Dubois's Seedeater,Dubois's Seedeater
Sporophila caerulescens,"(Vieillot, LJP, 1823)",Double-collared Seedeater,Double-collared Seedeater
Sporophila schistacea,"(Lawrence, GN, 1862)",Slate-colored Seedeater,Slate-colored Seedeater
Sporophila falcirostris,"(Temminck, CJ, 1820)",Temminck's Seedeater,Temminck's Seedeater
Sporophila frontalis,"(Verreaux, JP, 1869)",Buffy-fronted Seedeater,Buffy-fronted Seedeater
Sporophila plumbea,"(Wied-Neuwied, M, 1830)",Plumbeous Seedeater,Plumbeous Seedeater
Sporophila beltoni,"Repenning, M; Fontana, CS, 2013",Tropeiro Seedeater,Tropeiro Seedeater
Sporophila collaris,"(Boddaert, P, 1783)",Rusty-collared Seedeater,Rusty-collared Seedeater
Sporophila albogularis,"(Spix, JB, 1825)",White-throated Seedeater,White-throated Seedeater
Piezorina cinerea,"(de Lafresnaye, NFAA, 1843)",Cinereous Finch,Cinereous Finch
Xenospingus concolor,"(d'Orbigny, ACVMD; de Lafresnaye, NFAA, 1837)",Slender-billed Finch,Slender-billed Finch
Pseudospingus verticalis,"(de Lafresnaye, NFAA, 1840)",Black-headed Hemispingus,Black-headed Hemispingus
Pseudospingus xanthophthalmus,"(Taczanowski, W, 1874)",Drab Hemispingus,Drab Hemispingus
Poospiza goeringi,"(Sclater, PL; Salvin, O, 1871)",Slaty-backed Hemispingus,Slaty-backed Hemispingus
Poospiza rufosuperciliaris,"(Blake, ER; Hocking, P, 1974)",Rufous-browed Hemispingus,Rufous-browed Hemispingus
Poospiza boliviana,"Sharpe, RB, 1888",Bolivian Warbling Finch,Bolivian Warbling Finch
Poospiza ornata,"(Landbeck, CL, 1865)",Cinnamon Warbling Finch,Cinnamon Warbling Finch
Poospiza whitii,"Sclater, PL, 1883",Black-and-chestnut Warbling Finch,Black-and-chestnut Warbling Finch
Poospiza nigrorufa,"(d'Orbigny, ACVMD; de Lafresnaye, NFAA, 1837)",Black-and-rufous Warbling Finch,Black-and-rufous Warbling Finch
Poospiza rubecula,"Salvin, O, 1895",Rufous-breasted Warbling Finch,Rufous-breasted Warbling Finch
Poospiza hispaniolensis,"Bonaparte, CLJL, 1850",Collared Warbling Finch,Collared Warbling Finch
Poospiza garleppi,"(Berlepsch, HHCL, 1893)",Cochabamba Mountain Finch,Cochabamba Mountain Finch
Poospiza baeri,"(Oustalet, J-FÉ, 1904)",Tucuman Mountain Finch,Tucuman Mountain Finch
Cnemoscopus rubrirostris,"(de Lafresnaye, NFAA, 1840)",Grey-hooded Bush Tanager,
Castanozoster thoracicus,"(Nordmann, AD, 1835)",Bay-chested Warbling Finch,Bay-chested Warbling Finch
Poospizopsis caesar,"(Sclater, PL; Salvin, O, 1869)",Chestnut-breasted Mountain Finch,Chestnut-breasted Mountain Finch
Poospizopsis hypocondria,"(d'Orbigny, ACVMD; de Lafresnaye, NFAA, 1837)",Rufous-sided Warbling Finch,Rufous-sided Warbling Finch
Donacospiza albifrons,"(Vieillot, LJP, 1817)",Long-tailed Reed Finch,Long-tailed Reed Finch
Cypsnagra hirundinacea,"(Lesson, RP, 1831)",White-rumped Tanager,White-rumped Tanager
Urothraupis stolzmanni,"Taczanowski, W; Berlepsch, HHCL, 1885",Black-backed Bush Tanager,Black-backed Bush Tanager
Nephelornis oneilli,"Lowery, GH; Tallman, DA, 1976",Pardusco,Pardusco
Microspingus alticola,"(Salvin, O, 1895)",Plain-tailed Warbling Finch,Plain-tailed Warbling Finch
Microspingus erythrophrys,"(Sclater, PL, 1881)",Rusty-browed Warbling Finch,Rusty-browed Warbling Finch
Microspingus lateralis,"(Nordmann, AD, 1835)",Buff-throated Warbling Finch,Buff-throated Warbling Finch
Microspingus cabanisi,"(Bonaparte, CLJL, 1850)",Grey-throated Warbling Finch,Gray-throated Warbling Finch
Microspingus torquatus,"(d'Orbigny, ACVMD; de Lafresnaye, NFAA, 1837)",Ringed Warbling Finch,Ringed Warbling Finch
Microspingus melanoleucus,"(d'Orbigny, ACVMD; de Lafresnaye, NFAA, 1837)",Black-capped Warbling Finch,Black-capped Warbling Finch
Microspingus cinereus,"(Bonaparte, CLJL, 1850)",Cinereous Warbling Finch,Cinereous Warbling Finch
Microspingus trifasciatus,"Taczanowski, W, 1874",Three-striped Hemispingus,Three-striped Hemispingus
Kleinothraupis atropileus,"(de Lafresnaye, NFAA, 1842)",Black-capped Hemispingus,Black-capped Hemispingus
Kleinothraupis calophrys,"(Sclater, PL; Salvin, O, 1876)",Orange-browed Hemispingus,Orange-browed Hemispingus
Kleinothraupis parodii,"(Weske, JS; Terborgh, JW, 1974)",Parodi's Hemispingus,Parodi's Hemispingus
Kleinothraupis reyi,"(Berlepsch, HHCL, 1885)",Grey-capped Hemispingus,Gray-capped Hemispingus
Sphenopsis frontalis,"(Tschudi, JJ, 1844)",Oleaginous Hemispingus,Oleaginous Hemispingus
Sphenopsis melanotis,"(Sclater, PL, 1855)",Black-eared Hemispingus,
Sphenopsis ochracea,"(Berlepsch, HHCL; Taczanowski, W, 1884)",Western Hemispingus,
Sphenopsis piurae,"(Chapman, FM, 1923)",Piura Hemispingus,
Thlypopsis sordida,"(d'Orbigny, ACVMD; de Lafresnaye, NFAA, 1837)",Orange-headed Tanager,Orange-headed Tanager
Thlypopsis inornata,"(Taczanowski, W, 1879)",Buff-bellied Tanager,Buff-bellied Tanager
Thlypopsis fulviceps,"Cabanis, JL, 1851",Fulvous-headed Tanager,Fulvous-headed Tanager
Thlypopsis pyrrhocoma,"Burns, KJ; Unitt, P; Mason, NA, 2016",Chestnut-headed Tanager,Chestnut-headed Tanager
Thlypopsis ruficeps,"(d'Orbigny, ACVMD; de Lafresnaye, NFAA, 1837)",Rust-and-yellow Tanager,Rust-and-yellow Tanager
Thlypopsis superciliaris,"(de Lafresnaye, NFAA, 1840)",Superciliaried Hemispingus,Superciliaried Hemispingus
Thlypopsis ornata,"(Sclater, PL, 1859)",Rufous-chested Tanager,Rufous-chested Tanager
Thlypopsis pectoralis,"(Taczanowski, W, 1884)",Brown-flanked Tanager,Brown-flanked Tanager
Catamblyrhynchus diadema,"de Lafresnaye, NFAA, 1842",Plushcap,Plushcap
Coereba flaveola,"(Linnaeus, C, 1758)",Bananaquit,Bananaquit
Tiaris olivaceus,"(Linnaeus, C, 1766)",Yellow-faced Grassquit,Yellow-faced Grassquit
Euneornis campestris,"(Linnaeus, C, 1758)",Orangequit,Orangequit
Melopyrrha portoricensis,"(Daudin, FM, 1800)",Puerto Rican Bullfinch,Puerto Rican Bullfinch
Melopyrrha grandis,"(Lawrence, GN, 1881)",St. Kitts Bullfinch,St. Kitts Bullfinch
Melopyrrha nigra,"(Linnaeus, C, 1758)",Cuban Bullfinch,Cuban Bullfinch
Melopyrrha taylori,"Hartert, EJO, 1896",Grand Cayman Bullfinch,Grand Cayman Bullfinch
Melopyrrha violacea,"(Linnaeus, C, 1758)",Greater Antillean Bullfinch,Greater Antillean Bullfinch
Loxipasser anoxanthus,"(Gosse, PH, 1847)",Yellow-shouldered Grassquit,Yellow-shouldered Grassquit
Phonipara canora,"(Gmelin, JF, 1789)",Cuban Grassquit,Cuban Grassquit
Loxigilla barbadensis,"Cory, CB, 1886",Barbados Bullfinch,Barbados Bullfinch
Loxigilla noctis,"(Linnaeus, C, 1766)",Lesser Antillean Bullfinch,Lesser Antillean Bullfinch
Melanospiza richardsoni,"(Cory, CB, 1886)",St. Lucia Black Finch,St. Lucia Black Finch
Melanospiza bicolor,"(Linnaeus, C, 1766)",Black-faced Grassquit,Black-faced Grassquit
Asemospiza fuliginosa,"(Wied-Neuwied, M, 1830)",Sooty Grassquit,Sooty Grassquit
Asemospiza obscura,"(d'Orbigny, ACVMD; de Lafresnaye, NFAA, 1837)",Dull-colored Grassquit,Dull-colored Grassquit
Certhidea olivacea,"Gould, J, 1837",Green Warbler-Finch,Green Warbler-Finch
Certhidea fusca,"Sclater, PL; Salvin, O, 1870",Grey Warbler-Finch,Gray Warbler-Finch
Platyspiza crassirostris,"(Gould, J, 1837)",Vegetarian Finch,Vegetarian Finch
Pinaroloxias inornata,"(Gould, J, 1843)",Cocos Finch,Cocos Finch
Camarhynchus pallidus,"(Sclater, PL; Salvin, O, 1870)",Woodpecker Finch,Woodpecker Finch
Camarhynchus psittacula,"Gould, J, 1837",Large Tree Finch,Large Tree-Finch
Camarhynchus pauper,"Ridgway, R, 1890",Medium Tree Finch,Medium Tree-Finch
Camarhynchus parvulus,"(Gould, J, 1837)",Small Tree Finch,Small Tree-Finch
Camarhynchus heliobates,"(Snodgrass, RE; Heller, E, 1901)",Mangrove Finch,Mangrove Finch
Geospiza fuliginosa,"Gould, J, 1837",Small Ground Finch,Small Ground-Finch
Geospiza magnirostris,"Gould, J, 1837",Large Ground Finch,Large Ground-Finch
Geospiza septentrionalis,"Rothschild, LW; Hartert, EJO, 1899",Vampire Ground Finch,Vampire Ground-Finch
Geospiza acutirostris,"Ridgway, R, 1894",Genovesa Ground Finch,Genovesa Ground-Finch
Geospiza difficilis,"Sharpe, RB, 1888",Sharp-beaked Ground Finch,Sharp-beaked Ground-Finch
Geospiza scandens,"(Gould, J, 1837)",Common Cactus Finch,Common Cactus-Finch
Geospiza fortis,"Gould, J, 1837",Medium Ground Finch,Medium Ground-Finch
Geospiza conirostris,"Ridgway, R, 1890",Espanola Cactus Finch,Española Ground-Finch
Geospiza propinqua,"Ridgway, R, 1894",Genovesa Cactus Finch,Genovesa Cactus-Finch
Calochaetes coccineus,"(Sclater, PL, 1858)",Vermilion Tanager,Vermilion Tanager
Iridosornis porphyrocephalus,"Sclater, PL, 1856",Purplish-mantled Tanager,Purplish-mantled Tanager
Iridosornis analis,"(Tschudi, JJ, 1844)",Yellow-throated Tanager,Yellow-throated Tanager
Iridosornis jelskii,"Cabanis, JL, 1873",Golden-collared Tanager,Golden-collared Tanager
Iridosornis rufivertex,"(de Lafresnaye, NFAA, 1842)",Golden-crowned Tanager,Golden-crowned Tanager
Iridosornis reinhardti,"Sclater, PL, 1865",Yellow-scarfed Tanager,Yellow-scarfed Tanager
Pipraeidea melanonota,"(Vieillot, LJP, 1819)",Fawn-breasted Tanager,Fawn-breasted Tanager
Rauenia bonariensis,"(Gmelin, JF, 1789)",Blue-and-yellow Tanager,Blue-and-yellow Tanager
Pseudosaltator rufiventris,"(d'Orbigny, ACVMD; de Lafresnaye, NFAA, 1837)",Rufous-bellied Mountain Tanager,Rufous-bellied Mountain Tanager
Dubusia taeniata,"(Boissonneau, A, 1840)",Buff-banded Mountain Tanager,Buff-banded Mountain Tanager
Dubusia carrikeri,"Wetmore, A, 1946",Carriker's Mountain Tanager,Carriker's Mountain Tanager
Dubusia stictocephala,"Berlepsch, HHCL; Sztolcman, JS, 1894",Streak-crowned Mountain Tanager,Streak-crowned Mountain Tanager
Dubusia castaneoventris,"(Sclater, PL, 1851)",Chestnut-bellied Mountain Tanager,Chestnut-bellied Mountain Tanager
Sporathraupis cyanocephala,"(d'Orbigny, ACVMD; de Lafresnaye, NFAA, 1837)",Blue-capped Tanager,Blue-capped Tanager
Buthraupis montana,"(d'Orbigny, ACVMD; de Lafresnaye, NFAA, 1837)",Hooded Mountain Tanager,Hooded Mountain Tanager
Tephrophilus wetmorei,"Moore, RT, 1934",Masked Mountain Tanager,Masked Mountain Tanager
Chlorornis riefferii,"(Boissonneau, A, 1840)",Grass-green Tanager,Grass-green Tanager
Cnemathraupis aureodorsalis,"(Blake, ER; Hocking, P, 1974)",Golden-backed Mountain Tanager,Golden-backed Mountain Tanager
Cnemathraupis eximia,"(Boissonneau, A, 1840)",Black-chested Mountain Tanager,Black-chested Mountain Tanager
Anisognathus melanogenys,"(Salvin, O; Godman, FD, 1880)",Santa Marta Mountain Tanager,Black-cheeked Mountain Tanager
Anisognathus lacrymosus,"(Du Bus de Gisignies, B-AL, 1846)",Lacrimose Mountain Tanager,Lacrimose Mountain Tanager
Anisognathus igniventris,"(d'Orbigny, ACVMD; de Lafresnaye, NFAA, 1837)",Scarlet-bellied Mountain Tanager,Scarlet-bellied Mountain Tanager
Anisognathus somptuosus,"(Lesson, RP, 1831)",Blue-winged Mountain Tanager,Blue-winged Mountain Tanager
Anisognathus notabilis,"(Sclater, PL, 1855)",Black-chinned Mountain Tanager,Black-chinned Mountain Tanager
Chlorochrysa phoenicotis,"(Bonaparte, CLJL, 1851)",Glistening-green Tanager,Glistening-green Tanager
Chlorochrysa calliparaea,"(Tschudi, JJ, 1844)",Orange-eared Tanager,Orange-eared Tanager
Chlorochrysa nitidissima,"Sclater, PL, 1874",Multicolored Tanager,Multicolored Tanager
Neothraupis fasciata,"(Lichtenstein, MHC, 1823)",Shrike-like Tanager,White-banded Tanager
Lophospingus griseocristatus,"(d'Orbigny, ACVMD; de Lafresnaye, NFAA, 1837)",Grey-crested Finch,Gray-crested Finch
Lophospingus pusillus,"(Burmeister, KHK, 1860)",Black-crested Finch,Black-crested Finch
Gubernatrix cristata,"(Vieillot, LJP, 1817)",Yellow Cardinal,Yellow Cardinal
Diuca diuca,"(Molina, GI, 1782)",Diuca Finch,Diuca Finch
Stephanophorus diadematus,"(Temminck, CJ, 1823)",Diademed Tanager,Diademed Tanager
Cissopis leverianus,"(Gmelin, JF, 1788)",Magpie Tanager,Magpie Tanager
Schistochlamys ruficapillus,"(Vieillot, LJP, 1817)",Cinnamon Tanager,Cinnamon Tanager
Schistochlamys melanopis,"(Latham, J, 1790)",Black-faced Tanager,Black-faced Tanager
Paroaria coronata,"(Miller, JF, 1776)",Red-crested Cardinal,Red-crested Cardinal
Paroaria dominicana,"(Linnaeus, C, 1758)",Red-cowled Cardinal,Red-cowled Cardinal
Paroaria nigrogenis,"(de Lafresnaye, NFAA, 1846)",Masked Cardinal,Masked Cardinal
Paroaria gularis,"(Linnaeus, C, 1766)",Red-capped Cardinal,Red-capped Cardinal
Paroaria baeri,"Hellmayr, CE, 1907",Crimson-fronted Cardinal,Crimson-fronted Cardinal
Paroaria capitata,"(d'Orbigny, ACVMD; de Lafresnaye, NFAA, 1837)",Yellow-billed Cardinal,Yellow-billed Cardinal
Wetmorethraupis sterrhopteron,"Lowery, GH; O'Neill, JP, 1964",Orange-throated Tanager,Orange-throated Tanager
Bangsia arcaei,"(Sclater, PL; Salvin, O, 1869)",Blue-and-gold Tanager,Blue-and-gold Tanager
Bangsia melanochlamys,"(Hellmayr, CE, 1910)",Black-and-gold Tanager,Black-and-gold Tanager
Bangsia rothschildi,"(Berlepsch, HHCL, 1897)",Golden-chested Tanager,Golden-chested Tanager
Bangsia edwardsi,"(Elliot, DG, 1865)",Moss-backed Tanager,Moss-backed Tanager
Bangsia aureocincta,"(Hellmayr, CE, 1910)",Gold-ringed Tanager,Gold-ringed Tanager
Bangsia flavovirens,"(Lawrence, GN, 1867)",Yellow-green Tanager,Yellow-green Tanager
Tangara vassorii,"(Boissonneau, A, 1840)",Blue-and-black Tanager,Blue-and-black Tanager
Tangara nigroviridis,"(de Lafresnaye, NFAA, 1843)",Beryl-spangled Tanager,Beryl-spangled Tanager
Tangara dowii,"(Salvin, O, 1863)",Spangle-cheeked Tanager,Spangle-cheeked Tanager
Tangara fucosa,"Nelson, EW, 1912",Green-naped Tanager,Green-naped Tanager
Tangara labradorides,"(Boissonneau, A, 1840)",Metallic-green Tanager,Metallic-green Tanager
Tangara cyanotis,"(Sclater, PL, 1858)",Blue-browed Tanager,Blue-browed Tanager
Tangara inornata,"(Gould, J, 1855)",Plain-colored Tanager,Plain-colored Tanager
Tangara mexicana,"(Linnaeus, C, 1766)",Turquoise Tanager,Turquoise Tanager
Tangara brasiliensis,"(Linnaeus, C, 1766)",White-bellied Tanager,White-bellied Tanager
Tangara chilensis,"(Vigors, NA, 1832)",Paradise Tanager,Paradise Tanager
Tangara velia,"(Linnaeus, C, 1758)",Opal-rumped Tanager,Opal-rumped Tanager
Tangara callophrys,"(Cabanis, JL, 1849)",Opal-crowned Tanager,Opal-crowned Tanager
Tangara seledon,"(Müller, PLS, 1776)",Green-headed Tanager,Green-headed Tanager
Tangara fastuosa,"(Lesson, RP, 1832)",Seven-colored Tanager,Seven-colored Tanager
Tangara cyanocephala,"(Müller, PLS, 1776)",Red-necked Tanager,Red-necked Tanager
Tangara desmaresti,"(Vieillot, LJP, 1819)",Brassy-breasted Tanager,Brassy-breasted Tanager
Tangara cyanoventris,"(Vieillot, LJP, 1819)",Gilt-edged Tanager,Gilt-edged Tanager
Tangara lavinia,"(Cassin, J, 1858)",Rufous-winged Tanager,Rufous-winged Tanager
Tangara gyrola,"(Linnaeus, C, 1758)",Bay-headed Tanager,Bay-headed Tanager
Tangara rufigenis,"(Sclater, PL, 1857)",Rufous-cheeked Tanager,Rufous-cheeked Tanager
Tangara chrysotis,"(Du Bus de Gisignies, B-AL, 1846)",Golden-eared Tanager,Golden-eared Tanager
Tangara xanthocephala,"(Tschudi, JJ, 1844)",Saffron-crowned Tanager,Saffron-crowned Tanager
Tangara parzudakii,"(de Lafresnaye, NFAA, 1843)",Flame-faced Tanager,Flame-faced Tanager
Tangara schrankii,"(Spix, JB, 1825)",Green-and-gold Tanager,Green-and-gold Tanager
Tangara johannae,"(de Dalmas, R, 1900)",Blue-whiskered Tanager,Blue-whiskered Tanager
Tangara arthus,"Lesson, RP, 1832",Golden Tanager,Golden Tanager
Tangara florida,"(Sclater, PL; Salvin, O, 1869)",Emerald Tanager,Emerald Tanager
Tangara icterocephala,"(Bonaparte, CLJL, 1851)",Silver-throated Tanager,Silver-throated Tanager
Chalcothraupis ruficervix,"(Prévost, F; des Murs, MAPO, 1842)",Golden-naped Tanager,Golden-naped Tanager
Thraupis episcopus,"(Linnaeus, C, 1766)",Blue-grey Tanager,Blue-gray Tanager
Thraupis sayaca,"(Linnaeus, C, 1766)",Sayaca Tanager,Sayaca Tanager
Thraupis glaucocolpa,"Cabanis, JL, 1851",Glaucous Tanager,Glaucous Tanager
Thraupis cyanoptera,"(Vieillot, LJP, 1817)",Azure-shouldered Tanager,Azure-shouldered Tanager
Thraupis ornata,"(Sparrman, A, 1789)",Golden-chevroned Tanager,Golden-chevroned Tanager
Thraupis abbas,"(Deppe, W, 1830)",Yellow-winged Tanager,Yellow-winged Tanager
Thraupis palmarum,"(Wied-Neuwied, M, 1821)",Palm Tanager,Palm Tanager
Ixothraupis varia,"(Müller, PLS, 1776)",Dotted Tanager,Dotted Tanager
Ixothraupis rufigula,"(Bonaparte, CLJL, 1851)",Rufous-throated Tanager,Rufous-throated Tanager
Ixothraupis guttata,"(Cabanis, JL, 1851)",Speckled Tanager,Speckled Tanager
Ixothraupis xanthogastra,"(Sclater, PL, 1851)",Yellow-bellied Tanager,Yellow-bellied Tanager
Ixothraupis punctata,"(Linnaeus, C, 1766)",Spotted Tanager,Spotted Tanager
Poecilostreptus cabanisi,"(Sclater, PL, 1868)",Azure-rumped Tanager,Azure-rumped Tanager
Poecilostreptus palmeri,"(Hellmayr, CE, 1909)",Grey-and-gold Tanager,Gray-and-gold Tanager
Stilpnia whitelyi,"(Salvin, O; Godman, FD, 1884)",Black-hooded Tanager,Black-hooded Tanager
Stilpnia cyanoptera,"(Swainson, WJ, 1834)",Black-headed Tanager,Black-headed Tanager
Stilpnia viridicollis,"(Taczanowski, W, 1884)",Silver-backed Tanager,Silvery Tanager
Stilpnia heinei,"(Cabanis, JL, 1851)",Black-capped Tanager,Black-capped Tanager
Stilpnia argyrofenges,"(Sclater, PL; Salvin, O, 1876)",Straw-backed Tanager,Green-throated Tanager
Stilpnia phillipsi,"(Graves, GR; Weske, JS, 1987)",Sira Tanager,Sira Tanager
Stilpnia peruviana,"(Desmarest, A-G, 1806)",Black-backed Tanager,Black-backed Tanager
Stilpnia preciosa,"(Cabanis, JL, 1851)",Chestnut-backed Tanager,Chestnut-backed Tanager
Stilpnia meyerdeschauenseei,"(Schulenberg, TS; Binford, LC, 1985)",Green-capped Tanager,Green-capped Tanager
Stilpnia cayana,"(Linnaeus, C, 1766)",Burnished-buff Tanager,Burnished-buff Tanager
Stilpnia cucullata,"(Swainson, WJ, 1834)",Lesser Antillean Tanager,Lesser Antillean Tanager
Stilpnia vitriolina,"(Cabanis, JL, 1851)",Scrub Tanager,Scrub Tanager
Stilpnia nigrocincta,"(Bonaparte, CLJL, 1838)",Masked Tanager,Masked Tanager
Stilpnia larvata,"(Du Bus de Gisignies, B-AL, 1846)",Golden-hooded Tanager,Golden-hooded Tanager
Stilpnia cyanicollis,"(d'Orbigny, ACVMD; de Lafresnaye, NFAA, 1837)",Blue-necked Tanager,Blue-necked Tanager
