sciName,authoritySpeciesAuthor,authoritySpeciesYear,mainCommonName,otherCommonNames
Ornithorhynchus_anatinus,G. K. Shaw,1799,Platypus,Duck-billed Platypus
Tachyglossus_aculeatus,G. K. Shaw,1792,Short-beaked Echidna,Australian Echidna|Short-nosed Echidna|Spiny Anteater|Bristly Echidna|Kangaroo Island Echidna
Zaglossus_attenboroughi,Flannery & Groves,1998,Attenborough's Long-beaked Echidna,Attenborough's Echidna|Attenborough's Long-nosed Echidna|Cyclops Long-beaked Echidna|Cyclops Long-nosed Echidna|Sir David's Long-beaked Echidna|Sir David's Long-nosed Echidna
Zaglossus_bartoni,O. Thomas,1907,Eastern Long-beaked Echidna,Barton's Long-beaked Echidna
Zaglossus_bruijnii,W. C. H. Peters & Doria,1876,Western Long-beaked Echidna,Long-beaked Echidna|Long-nosed Echidna|Long-nosed Spiny Anteater|New Guinea Long-nosed Echidna
Caenolestes_caniventer,H. E. Anthony,1921,Gray-bellied Shrew-opossum,Gray-bellied Caenolestid|Pale-bellied Shrew-opossum
Caenolestes_condorensis,L. Albuja & B. D. Patterson,1996,Condor Shrew-opossum,Andean Caenolestid
Caenolestes_convelatus,H. E. Anthony,1924,Blackish Shrew-opossum,Northern Caenolestid|Northern Shrew-opossum
Caenolestes_fuliginosus,Tomes,1863,Dusky Shrew-opossum,Common Gray Shrew-opossum|Dusky Caenolestid|Silky Shrew-opossum
Caenolestes_sangay,"Ojala-Barbour, C. M. Pinto, J. Brito, L. Albuja, T. E. Lee, & B. D. Patterson",2013,Sangay Shrew-opossum,
Lestoros_inca,O. Thomas,1917,Incan Shrew-opossum,Incan Caenolestid|Peruvian Shrew-opossum
Rhyncholestes_raphanurus,Osgood,1924,Long-nosed Shrew-opossum,Chilean Caenolestid|Chilean Shrew-opossum|Fat-tailed Caenolestid|Long-nosed Caenolestid
Caluromys_derbianus,G. R. Waterhouse,1841,Derby's Woolly Opossum,Central American Woolly Opossum|Derby's Pale-eared Woolly Opossum
Caluromys_lanatus,I. von Olfers,1818,Brown-eared Woolly Opossum,Western Woolly Opossum
Caluromys_philander,Linnaeus,1758,Bare-tailed Woolly Opossum,
Caluromysiops_irruptus,Sanborn,1951,Black-shouldered Opossum,
Chironectes_minimus,E. A. W. von Zimmermann,1780,Water Opossum,lesser Water Opossum|Little Water Opossum|Mink Opossum|Red Opossum|Red Water-possum|Thick-tailed Opossum
Didelphis_albiventris,P. W. Lund,1840,Brazilian White-eared Opossum,White-eared Opossum|Cassaco
Didelphis_aurita,zu Wied-Neuwied,1826,Southern Black-eared Opossum,Azara's Opossum|Big-eared Opossum|Brazilian Common Opossum|Gambá
Didelphis_imperfecta,Mondolfi & Pérez-Hernández,1984,Guianan White-eared Opossum,Comadreja
Didelphis_marsupialis,Linnaeus,1758,Northern Black-eared Opossum,Common Opossum|Carachupa
Didelphis_pernigra,J. A. Allen,1900,Andean White-eared Opossum,Andean Opossum
Didelphis_poecilotus,J. A. Wagner,1842,Southern White-eared Opossum,White-eared Opossum|Cassaco
Didelphis_virginiana,Kerr,1792,Virginia Opossum,North American Opossum
Lutreolina_crassicaudata,A. G. Desmarest,1804,Big Lutrine Opossum,Lesser Water Opossum|Little Water Opossum|Mink Opossum|Red Opossum|Red Water-possum|Thick-tailed Opossum
Lutreolina_massoia,"Martínez-Lanfranco, D. Flores, Jayat, & D'Elía",2014,Massoia's Lutrine Opossum,
Philander_andersoni,Osgood,1913,Anderson's Four-eyed Opossum,Black Four-eyed Opossum
Philander_canus,Osgood,1913,Common Four-eyed Opossum,
Philander_deltae,"Lew, Pérez-Hernández, & J. Ventura",2006,Orinoco Four-eyed Opossum,Deltaic Four-eyed Opossum|Delta Opossum
Philander_mcilhennyi,A. L. Gardner & J. L. Patton,1972,McIlhenny's Four-eyed Opossum,
Philander_melanurus,O. Thomas,1899,Dark Four-eyed Opossum,
Philander_nigratus,O. Thomas,1923,Black Four-eyed Opossum,
Philander_opossum,Linnaeus,1758,Gray Four-eyed Opossum,Guaiki
Philander_pebas,"Voss, Díaz-Nieto, & Jansa",2018,Pebas Four-eyed Opossum,
Philander_quica,Temminck,1824,Southern Four-eyed Opossum,
Philander_vossi,A. L. Gardner & Ramírez-Pulido,2020,Northern Four-eyed Opossum,
Marmosa_adleri,"Voss, Giarla, & Jansa",2021,Adler's Woolly Mouse Opossum,
Marmosa_alstoni,J. A. Allen,1900,Alston's Woolly Mouse Opossum,Alston's Mouse Opossum
Marmosa_andersoni,Pine,1972,Anderson's Mouse Opossum,Heavy-browed Mouse Opossum
Marmosa_chachapoya,"S. E. Pavan, de Abreu-Júnior, Sánchez-Vendizú, & Voss",2025,Chachapoya Mouse Opossum,
Marmosa_constantiae,O. Thomas,1904,White-bellied Woolly Mouse Opossum,Bay-colored Mouse Opossum|Pale-bellied Woolly Mouse Opossum
Marmosa_demerarae,O. Thomas,1905,Northeastern Woolly Mouse Opossum,Woolly Mouse Opossum
Marmosa_germana,O. Thomas,1904,Northwestern Woolly Mouse Opossum,
Marmosa_isthmica,E. A. Goldman,1912,Panama Mouse Opossum,Isthmian Mouse Opossum
Marmosa_jansae,Voss & Giarla,2021,Jansa's Woolly Mouse Opossum,
Marmosa_lepida,O. Thomas,1888,Rufous Mouse Opossum,Little Rufous Mouse Opossum
Marmosa_macrotarsus,J. A. Wagner,1842,Western Amazonian Mouse Opossum,
Marmosa_mexicana,C. H. Merriam,1897,Mexican Mouse Opossum,
Marmosa_murina,Linnaeus,1758,Linnaeus's Mouse Opossum,Murine Mouse Opossum|Murine Opossum
Marmosa_nicaraguae,O. Thomas,1905,Nicaraguan Woolly Mouse Opossum,
Marmosa_paraguayana,Tate,1931,Southeastern Woolly Mouse Opossum,Tate's Woolly Mouse Opossum
Marmosa_parda,Tate,1931,Peruvian Woolly Mouse Opossum,
Marmosa_perplexa,H. E. Anthony,1922,Anthony's Woolly Mouse Opossum,
Marmosa_phaea,O. Thomas,1899,Little Woolly Mouse Opossum,
Marmosa_rapposa,O. Thomas,1899,Bolivian Woolly Mouse Opossum,
Marmosa_robinsoni,Bangs,1898,Robinson's Mouse Opossum,
Marmosa_rubra,Tate,1931,Red Mouse Opossum,
Marmosa_rutteri,O. Thomas,1924,Bare-tailed Woolly Mouse Opossum,
Marmosa_simonsi,O. Thomas,1899,Simons's Mouse Opossum,
Marmosa_tyleriana,Tate,1931,Tyleria Mouse Opossum,Tyler's Mouse Opossum
Marmosa_waterhousei,Tomes,1860,Waterhouse's Mouse Opossum,
Marmosa_xerophila,Handley & Gordon,1979,Dryland Mouse Opossum,Guajira Mouse Opossum|Orange Mouse Opossum|Pale Mouse Opossum
Marmosa_zeledoni,E. A. Goldman,1911,Zeledon's Mouse Opossum,
Monodelphis_adusta,O. Thomas,1897,Sepia Short-tailed Opossum,Andean Short-tailed Opossum|Cloudy Short-tailed Opossum
Monodelphis_americana,P. L. S. Müller,1776,Northern Three-striped Opossum,Three-striped Short-tailed Opossum
Monodelphis_arlindoi,"S. E. Pavan, R. V. Rossi, & H. Schneider",2012,Arlindo's Short-tailed Opossum,
Monodelphis_brevicaudata,Erxleben,1777,Guyanan Short-tailed Opossum,Northern Red-sided Opossum|Red-legged Short-tailed Opossum|Guianan Short-tailed Opossum
Monodelphis_dimidiata,J. A. Wagner,1847,Orange-sided Opossum,Eastern Short-tailed Opossum|Red-sided Short-tailed Opossum|Southern Short-tailed Opossum|Shrewish Short-tailed Opossum|Yellow-sided Opossum
Monodelphis_domestica,J. A. Wagner,1842,Gray Short-tailed Opossum,Brazilian Bare-tailed Opossum|Brazilian Gray Short-tailed Opossum|Gray Opossum|Gray-faced Opossum|Laboratory Opossum|Plain Bare Tail|Short Bare-tailed Opossum|Short-tailed Opossum
Monodelphis_emiliae,O. Thomas,1912,Emilie's Short-tailed Opossum,Amazonian Short-tailed Opossum|Emilia's Short-tailed Opossum
Monodelphis_gardneri,"Solari, Pacheco, E. Vivar, & L. H. Emmons",2012,Gardner's Short-tailed Opossum,
Monodelphis_glirina,J. A. Wagner,1842,Amazonian Red-sided Opossum,
Monodelphis_handleyi,Solari,2007,Handley's Short-tailed Opossum,
Monodelphis_iheringi,O. Thomas,1888,Ihering's Three-striped Opossum,Flat-headed Opossum|Ihering's Short-tailed Opossum
Monodelphis_kunsi,Pine,1975,Pygmy Short-tailed Opossum,Least Short-tailed Opossum
Monodelphis_osgoodi,Doutt,1938,Osgood's Short-tailed Opossum,Highland Short-tailed Opossum
Monodelphis_palliolata,Osgood,1914,Hooded Red-sided Opossum,
Monodelphis_peruviana,Osgood,1913,Peruvian Short-tailed Opossum,
Monodelphis_pinocchio,S. E. Pavan,2015,Long-nosed Short-tailed Opossum,
Monodelphis_reigi,Lew & Pérez-Hernández,2004,Reig's Opossum,
Monodelphis_ronaldi,Solari,2004,Pine's Opossum,Ronald's Opossum
Monodelphis_saci,"S. E. Pavan, Mendes-Oliveira, & Voss",2017,Saci Short-tailed Opossum,
Monodelphis_sanctaerosae,"Voss, Pine, & Solari",2012,Santa Rosa Short-tailed Opossum,
Monodelphis_scalops,O. Thomas,1888,Tawny-headed Opossum,Long-nosed Short-tailed Opossum|Long-snouted Opossum
Monodelphis_semilineata,"I. C. V. Borges, C. A. O. Silva, & P. R. Gonçalves",2026,Half-striped Short-tailed Opossum,
Monodelphis_touan,Bechstein,1799,Touan Short-tailed Opossum,
Monodelphis_unistriata,J. A. Wagner,1842,Single-striped Opossum,One-striped Opossum|One-striped Short-tailed Opossum
Monodelphis_vossi,S. E. Pavan,2019,Voss's Short-tailed Opossum,
Tlacuatzin_balsasensis,"Arcangeli, Light, & Cervantes",2018,Balsas Gray Mouse Opossum,Balsas Mouse Opossum
Tlacuatzin_canescens,J. A. Allen,1893,Tehuantepec Gray Mouse Opossum,Gray Mouse Opossum|Grayish Mouse Opossum|Tlacuatzin
Tlacuatzin_gaumeri,Osgood,1913,Yucatán Gray Mouse Opossum,Yucatan Mouse Opossum|Yucatan Gray Mouse Opossum
Tlacuatzin_insularis,C. H. Merriam,1898,Tres Marías Gray Mouse Opossum,Tres Marías Mouse Opossum
Tlacuatzin_sinaloae,J. A. Allen,1898,Northern Gray Mouse Opossum,Northern Mouse Opossum
Metachirus_aritanai,"C. L. Miranda, M. D. S. Nunes, A. F. Machado, Farias, Menezes, Ardente, dos Santos-Filho, Bredin, & M. N. F. da Silva",2023,Aritana's Brown Four-eyed Opossum,
Metachirus_myosuros,Temminck,1824,Common Brown Four-eyed Opossum,
Metachirus_nudicaudatus,É. Geoffroy Saint-Hilaire,1803,Guianan Brown Four-eyed Opossum,
Chacodelphys_formosa,Shamel,1930,Pygmy Opossum,Chacoan Pygmy Opossum
Cryptonanus_agricolai,Moojen,1943,Agricola's Opossum,Agricola's Gracile Opossum
Cryptonanus_chacoensis,Tate,1931,Chacoan Mouse Opossum,Chacoan Gracile Opossum
Cryptonanus_guahybae,Tate,1931,Guaiba Mouse Opossum,Guahiba Gracile Opossum|Guaíba Mouse Opossum|Guahyba Mouse Opossum
Cryptonanus_unduaviensis,Tate,1931,Unduavi Mouse Opossum,Unduave Mouse Opossum
Gracilinanus_aceramarcae,Tate,1931,Aceramarca Opossum,Aceramarca Gracile Mouse Opossum|Aceramarca Gracile Opossum|Bolivian Gracile Opossum
Gracilinanus_agilis,Burmeister,1854,Agile Opossum,Agile Gracile Opossum|Agile Mouse Opossum|Paraguayan Slender Mouse Opossum
Gracilinanus_dryas,O. Thomas,1898,Wood Sprite Opossum,Wood Sprite Gracile Mouse Opossum|Wood Sprite Gracile Opossum
Gracilinanus_emiliae,O. Thomas,1909,Emilie's Opossum,Emilia's Gracile Mouse Opossum|Emilia's Gracile Opossum|Emilia's Opossum|Long-tailed Gracile Mouse Opossum
Gracilinanus_marica,O. Thomas,1898,Northern Gracile Opossum,Colombian Gracile Mouse Opossum|Northern Gracile Mouse Opossum
Gracilinanus_microtarsus,J. A. Wagner,1842,Brazilian Gracile Opossum,Brazilian Gracile Mouse Opossum
Gracilinanus_peruanus,Tate,1931,Peruvian Opossum,
Lestodelphys_halli,O. Thomas,1921,Patagonian Opossum,Lestodelfo
Marmosops_bishopi,Pine,1981,Bishop's Slender Opossum,
Marmosops_carri,J. A. Allen & F. M. Chapman,1897,Carr's Slender Opossum,
Marmosops_caucae,O. Thomas,1900,Tschudi's Slender Opossum,Andean Slender Mouse Opossum|Tschudi's Slender Mouse Opossum
Marmosops_chucha,Díaz-Nieto & Voss,2016,Cordillera Slender Opossum,
Marmosops_creightoni,"Voss, Tarifa, & Yensen",2004,Creighton's Slender Opossum,
Marmosops_fuscatus,O. Thomas,1896,Dusky Slender Opossum,Dusky Slender Mouse Opossum|Gray-bellied Slender Mouse Opossum
Marmosops_handleyi,Pine,1981,Handley's Slender Opossum,Handley's Slender Mouse Opossum
Marmosops_incanus,P. W. Lund,1840,Gray Slender Opossum,Gray Slender Mouse Opossum
Marmosops_invictus,E. A. Goldman,1912,Panama Slender Opossum,Panama Slender Mouse Opossum|Slaty Slender Mouse Opossum
Marmosops_juninensis,Tate,1931,Junin Slender Opossum,
Marmosops_magdalenae,Díaz-Nieto & Voss,2016,Río Magdalena Slender Opossum,
Marmosops_marina,"C. Ferreira, Mendes-Oliveira, L. G. Lima-Silva, & R. V. Rossi",2020,Silva's Slender Opossum,
Marmosops_noctivagus,von Tschudi,1845,White-bellied Slender Opossum,Rio Napo Mouse Opossum|White-bellied Slender Mouse Opossum
Marmosops_ocellatus,Tate,1931,Spectacled Slender Opossum,
Marmosops_ojastii,"F. J. García, J. Sánchez-Hernández, & Semedo",2014,Ojasti's Slender Opossum,
Marmosops_pakaraimae,"Voss, B. K. Lim, Díaz-Nieto, & Jansa",2013,Pantepui Slender Opossum,
Marmosops_parvidens,Tate,1931,Delicate Slender Opossum,Delicate Slender Mouse Opossum
Marmosops_paulensis,Tate,1931,Brazilian Slender Opossum,São Paulo Slender Mouse Opossum
Marmosops_pinheiroi,Pine,1981,Pinheiro's Slender Opossum,
Marmosops_soinii,"Voss, Fleck, & Jansa",2019,Soini's Slender Opossum,
Marmosops_woodalli,Pine,1981,Woodall's Slender Opossum,
Thylamys_bruchi,O. Thomas,1921,Dry Chaco Fat-tailed Opossum,
Thylamys_citellus,O. Thomas,1912,Mesopotamian Fat-tailed Opossum,
Thylamys_elegans,G. R. Waterhouse,1839,Elegant Fat-tailed Opossum,Elegant Fat-tailed Mouse Opossum|Chilean Mouse Opossum|Elegant Thylamys
Thylamys_karimii,F. Petter,1968,Karimi's Fat-tailed Opossum,Karimi's Fat-tailed Mouse Opossum|Karimi's Thylamys
Thylamys_macrurus,I. von Olfers,1818,Paraguayan Fat-tailed Opossum,Long-tailed Fat-tailed Opossum|Paraguayan Fat-tailed Mouse Opossum|Paraguayan Thylamys
Thylamys_pallidior,O. Thomas,1902,Pallid Fat-tailed Opossum,White-bellied Fat-tailed Mouse Opossum|White-bellied Thylamys
Thylamys_pulchellus,Cabrera,1934,Chacoan Fat-tailed Opossum,
Thylamys_pusillus,A. G. Desmarest,1804,Common Fat-tailed Opossum,Austral Mouse Opossum|Chacoan Thylamys|Chacoan Fat-tailed Opossum|Common Mouse Opossum|Small Fat-tailed Mouse Opossum|Small Fat-tailed Opossum
Thylamys_sponsorius,O. Thomas,1921,Argentine Fat-tailed Opossum,Argentine Fat-tailed Mouse Opossum|Argentine Thylamys
Thylamys_tatei,Handley,1957,Tate's Fat-tailed Opossum,Tate's Fat-tailed Mouse Opossum|Tate's Thylamys
Thylamys_velutinus,J. A. Wagner,1842,Dwarf Fat-tailed Opossum,Dwarf Fat-tailed Mouse Opossum|Dwarf Thylamys|Velvety Fat-tailed Opossum
Thylamys_venustus,O. Thomas,1902,Buff-bellied Fat-tailed Opossum,Buff-bellied Fat-tailed Mouse Opossum|Buff-bellied Thylamys
Glironia_venusta,O. Thomas,1912,Bushy-tailed Opossum,Furry-tailed Opossum
Hyladelphys_kalinowskii,Hershkovitz,1992,Kalinowski's Opossum,Kalinowski's Mouse Opossum|Peru Gracile Mouse Opossum
Dromiciops_bozinovici,"D'Elía, Hurtado, & D'Anatro",2016,Pancho's Monito del Monte,
Dromiciops_gliroides,O. Thomas,1894,Southern Monito del Monte,Chilean Opossum|Colocolo Opossum
Notoryctes_caurinus,O. Thomas,1920,Northwestern Marsupial Mole,Kakarratul|Northern Marsupial Mole|Western Marsupial Mole
Notoryctes_typhlops,Stirling,1889,Central Desert Marsupial Mole,Central Marsupial Mole|Itjaritjari|Southern Marsupial Mole
Dasycercus_archeri,"Newman-Martin & Travouillon in Newman-Martin, Travouillon, N. Warburton, Barham, & A. J. Blyth",2023,Southern Mulgara,
Dasycercus_blythi,Waite,1904,Spinifex Mulgara,Brush-tailed Mulgara
Dasycercus_cristicauda,Krefft,1867,Crest-tailed Mulgara,
Dasycercus_hillieri,O. Thomas,1905,Ampurta,Hillier's Mulgara
Dasycercus_marlowi,"Newman-Martin & Travouillon in Newman-Martin, Travouillon, N. Warburton, Barham, & A. J. Blyth",2023,Little Mulgara,
Dasycercus_woolleyae,"Newman-Martin & Travouillon in Newman-Martin, Travouillon, N. Warburton, Barham, & A. J. Blyth",2023,Northern Mulgara,
Dasykaluta_rosamondae,Ride,1964,Kaluta,Little Red Antechinus|Little Red Kaluta
Dasyuroides_byrnei,W. B. Spencer,1896,Kowari,Brush-tailed Marsupial Rat|Bushy-tailed Marsupial Rat
Dasyurus_albopunctatus,Schlegel,1880,New Guinea Quoll,
Dasyurus_geoffroii,J. Gould,1841,Western Quoll,Chuditch|Western Native Cat
Dasyurus_hallucatus,J. Gould,1842,Northern Quoll,Little Northern Native Cat
Dasyurus_maculatus,Kerr,1792,Spotted-tailed Quoll,Tiger Cat|Tiger Quoll
Dasyurus_spartacus,Van Dyck,1988,Bronze Quoll,
Dasyurus_viverrinus,G. K. Shaw,1800,Eastern Quoll,Eastern Native Cat
Myoictis_leucura,Woolley,2005,Woolley's Three-striped Dasyure,
Myoictis_melas,S. Müller in Temminck,1840,Müller's Three-striped Dasyure,Three-striped Marsupial Mouse
Myoictis_wallacii,J. E. Gray,1858,Wallace's Three-striped Dasyure,Wallace's Dasyure
Myoictis_wavica,Tate,1947,Tate's Three-striped Dasyure,
Neophascogale_lorentzii,Jentink,1911,Speckled Dasyure,Long-clawed Marsupial Mouse
Parantechinus_apicalis,J. E. Gray,1842,Dibbler,Southern Dibbler
Phascolosorex_doriae,O. Thomas,1886,Red-bellied Phascogale,Red-bellied Dasyure|Red-bellied Marsupial Shrew
Phascolosorex_dorsalis,W. C. H. Peters & Doria,1876,Narrow-striped Dasyure,Narrow-striped Marsupial Shrew
Pseudantechinus_bilarni,D. H. Johnson,1954,Sandstone Pseudantechinus,Harney's Antechinus|Northern Dibbler|Sandstone Antechinus|Sandstone Dibbler
Pseudantechinus_macdonnellensis,W. B. Spencer,1895,Fat-tailed Pseudantechinus,Fat-tailed Antechinus|Fat-tailed False Antechinus
Pseudantechinus_mimulus,O. Thomas,1906,Carpentarian Pseudantechinus,Alexandria False Antechinus|Carpentarian Antechinus
Pseudantechinus_ningbing,D. J. Kitchener,1988,Ningbing Pseudantechinus,Ningbing Antechinus|Ningbing False Antechinus
Pseudantechinus_woolleyae,D. J. Kitchener & Caputi,1988,Woolley's Pseudantechinus,Woolley's Antechinus|Woolley's False Antechinus
Sarcophilus_harrisii,Boitard,1841,Tasmanian Devil,Devil|Native Devil
Antechinus_adustus,O. Thomas,1923,Rusty Antechinus,Tropical Antechinus
Antechinus_agilis,"Dickman, Parnaby, Crowther, & D. H. King",1998,Agile Antechinus,Normanby Antechinus
Antechinus_argentus,"A. M. Baker, T. Y. Mutton, & Hines",2013,Silver-headed Antechinus,
Antechinus_arktos,"A. M. Baker, T. Y. Mutton, Hines, & Van Dyck",2014,Black-tailed Antechinus,
Antechinus_bellus,O. Thomas,1904,Fawn Antechinus,Fawn Marsupial Mouse
Antechinus_flavipes,G. R. Waterhouse,1838,Yellow-footed Antechinus,Yellow-footed Marsupial Mouse|Mardo
Antechinus_godmani,O. Thomas,1923,Atherton Antechinus,
Antechinus_leo,Van Dyck,1980,Cinnamon Antechinus,Iron Range Antechinus|Cape York Antechinus
Antechinus_mimetes,O. Thomas,1924,Mainland Dusky Antechinus,
Antechinus_minimus,É. Geoffroy Saint-Hilaire,1803,Swamp Antechinus,Little Tasmanian Marsupial Mouse
Antechinus_mysticus,"A. M. Baker, T. Y. Mutton, & Van Dyck",2012,Buff-footed Antechinus,
Antechinus_stuartii,Macleay,1841,Brown Antechinus,Macleay's Marsupial Mouse|Stuart's Antechinus
Antechinus_subtropicus,Van Dyck & Crowther,2000,Subtropical Antechinus,
Antechinus_swainsonii,G. R. Waterhouse,1840,Tasmanian Dusky Antechinus,Swainson's Antechinus|Dusky Marsupial Mouse
Antechinus_vandycki,"A. M. Baker, T. Y. Mutton, E. D. Mason, & E. L. Gray",2015,Tasman Peninsula Dusky Antechinus,
Murexia_aspera,O. Thomas,1913,Southern Short-furred Dasyure,
Murexia_habbema,Tate & Archbold,1941,Habbema Dasyure,Habbema Antechinus
Murexia_longicaudata,Schlegel,1866,Aru Short-furred Dasyure,
Murexia_maxima,G. Stein,1932,Northern Short-furred Dasyure,Stein's Dasyure
Murexia_melanura,O. Thomas,1899,Black-tailed Dasyure,Broad-footed Marsupial Mouse
Murexia_murex,O. Thomas,1913,Eastern Short-furred Dasyure,Thomas's Dasyure
Murexia_naso,Jentink,1911,Western Long-nosed Dasyure,Long-nosed Antechinus
Murexia_rothschildi,Tate,1938,Broad-striped Dasyure,Short-haired Marsupial Mouse
Murexia_tafa,Tate & Archbold,1936,Eastern Long-nosed Dasyure,
Murexia_wilhelmina,Tate,1947,Lesser Dasyure,
Phascogale_calurus,J. Gould,1844,Red-tailed Phascogale,Red-tailed Wambenger
Phascogale_pirata,O. Thomas,1904,Northern Brush-tailed Phascogale,
Phascogale_tapoatafa,F. A. A. Meyer,1793,Common Brush-tailed Phascogale,Black-tailed Phascogale|Brush-tailed Phascogale|Common Wambenger|Tuan
Planigale_gilesi,Aitken,1972,Giles's Planigale,Paucident Planigale
Planigale_ingrami,O. Thomas,1906,Little Planigale,Blacksoil Planigale|Ingram's Planigale|Long-tailed Planigale
Planigale_kendricki,"K. P. Aplin, N. K. Cooper, Travouillon, & Umbrello in Umbrello, N. K. Cooper, M. Adams, Travouillon, A. M. Baker, Westerman, & K. P. Aplin",2023,Orange-headed Pilbara Planigale,
Planigale_maculata,J. Gould,1851,Common Planigale,Pygmy Planigale
Planigale_novaeguineae,Tate & Archbold,1941,Papuan Planigale,New Guinean Planigale
Planigale_petrophila,"Umbrello, Westerman, Travouillon, Blacket, S. F. Cameron, Mulder, & A. M. Baker",2026,Arnhem Plateau Planigale,
Planigale_subtilissima,Lönnberg,1913,Kimberley Planigale,
Planigale_tealei,"K. P. Aplin, N. K. Cooper, Travouillon, & Umbrello in Umbrello, N. K. Cooper, M. Adams, Travouillon, A. M. Baker, Westerman, & K. P. Aplin",2023,Cracking-clay Pilbara Planigale,
Planigale_tenuirostris,Troughton,1928,Narrow-nosed Planigale,
Antechinomys_auritus,"Dodd, Catullo, Travouillon, A. M. Baker, Westerman, & Umbrello",2025,Long-eared Kultarr,Jerboa-marsupial|Jerboa Pouched-mouse|Jerboa Marsupial Mouse|Pitchi-pitchi|Wuhl-wuhl|Kultarr
Antechinomys_laniger,J. Gould,1856,Eastern Kultarr,Jerboa-marsupial|Jerboa Pouched-mouse|Jerboa Marsupial Mouse|Pitchi-pitchi|Wuhl-wuhl|Kultarr
Antechinomys_longicaudatus,W. B. Spencer,1909,Greater Long-tailed Dunnart,Long-tailed Marsupial Mouse
Antechinomys_spenceri,O. Thomas,1906,Gibber Kultarr,Jerboa-marsupial|Jerboa Pouched-mouse|Jerboa Marsupial Mouse|Pitchi-pitchi|Wuhl-wuhl|Kultarr
Ningaui_ridei,M. Archer,1975,Wongai Ningaui,Inland Ningaui
Ningaui_timealeyi,M. Archer,1975,Pilbara Ningaui,Ealey's Ningaui|Pibor Ningaui
Ningaui_yvonneae,"D. J. Kitchener, Stoddart, & J. Henry",1983,Southern Ningaui,Kitchener's Ningaui|Mallee Ningaui
Sminthopsis_archeri,Van Dyck,1986,Chestnut Dunnart,
Sminthopsis_bindi,"Van Dyck, Woinarski, & Press",1994,Kakadu Dunnart,
Sminthopsis_butleri,M. Archer,1979,Butler's Dunnart,Carpentarian Dunnart|Munjol
Sminthopsis_crassicaudata,J. Gould,1844,Fat-tailed Dunnart,Fat-tailed Marsupial Mouse
Sminthopsis_dolichura,"D. J. Kitchener, Stoddart, & J. Henry",1984,Little Long-tailed Dunnart,
Sminthopsis_douglasi,M. Archer,1979,Julia Creek Dunnart,
Sminthopsis_froggatti,E. P. Ramsay,1887,Froggatt's Dunnart,
Sminthopsis_fuliginosa,J. Gould,1852,Gray-bellied Dunnart,Boullanger Island Dunnart
Sminthopsis_gilberti,"D. J. Kitchener, Stoddart, & J. Henry",1984,Gilbert's Dunnart,
Sminthopsis_granulipes,Troughton,1932,White-tailed Dunnart,Granular-footed Marsupial Mouse|Ash-grey Dunnart
Sminthopsis_hirtipes,O. Thomas,1898,Greater Hairy-footed Dunnart,Fringe-footed Sminthopsis|Hairy-footed Pouched Mouse
Sminthopsis_leucopus,J. E. Gray,1842,White-footed Dunnart,White-footed Marsupial Mouse
Sminthopsis_macroura,J. Gould,1845,Stripe-faced Dunnart,Darling Downs Dunnart|Froggatt's Sminthopsis|Larapinta|Stripe-headed Sminthopsis
Sminthopsis_murina,G. R. Waterhouse,1838,Common Dunnart,Common Marsupial Mouse|Mouse-sminthopsis|Slender Mouse Sminthopsis|Slender-tailed Dunnart
Sminthopsis_nitela,R. Collett,1897,Western Red-cheeked Dunnart,
Sminthopsis_ooldea,Troughton,1965,Ooldea Dunnart,Troughton's Sminthopsis
Sminthopsis_psammophila,W. B. Spencer,1895,Sandhill Dunnart,Large Desert Marsupial Mouse|Large Desert Sminthopsis|Sandhill Sminthopsis
Sminthopsis_stalkeri,O. Thomas,1906,Stalker's Dunnart,
Sminthopsis_virginiae,de Tarragon,1847,Eastern Red-cheeked Dunnart,Red-cheeked Dunnart
Sminthopsis_youngsoni,N. L. McKenzie & M. Archer,1982,Lesser Hairy-footed Dunnart,Desert Dunnart
Myrmecobius_fasciatus,G. R. Waterhouse,1836,Numbat,Banded Anteater|Marsupial Anteater
Thylacinus_cynocephalus,G. P. R. Harris,1808,Thylacine,Hyena Opossum|Marsupial Wolf|Tasmanian Tiger|Tasmanian Wolf|Zebra Wolf
Chaeropus_ecaudatus,W. Ogilby,1838,Southern Pig-footed Bandicoot,
Chaeropus_yirratji,"Travouillon, Simões, Portela Miguez, Brace, Brewer, Stemmer, G. J. Price, Cramb, & Louys",2019,Northern Pig-footed Bandicoot,
Echymipera_clara,G. Stein,1932,Clara's Spiny Bandicoot,Clara's Bandicoot|White-lipped Bandicoot|Clara's Echymipera
Echymipera_davidi,Flannery,1990,David's Spiny Bandicoot,Kiriwina Bandicoot|Kiriwina Echymipera|David's Echymipera
Echymipera_echinista,Menzies,1990,Menzies's Spiny Bandicoot,Fly River Bandicoot|Fly River Echymipera|Menzies's Echymipera
Echymipera_kalubu,J. B. Fischer,1829,Common Spiny Bandicoot,Black-headed Bandicoot|Kalubu Echymipera|Common Echymipera
Echymipera_rufescens,W. C. H. Peters & Doria,1875,Long-nosed Spiny Bandicoot,Rufescent Bandicoot|Rufous Spiny Bandicoot|Long-nosed Echymipera
Microperoryctes_aplini,K. M. Helgen & Flannery,2004,Arfak Pygmy Bandicoot,
Microperoryctes_longicauda,W. C. H. Peters & Doria,1876,Long-tailed Bandicoot,Striped Bandicoot
Microperoryctes_murinus,G. Stein,1932,Mouse Bandicoot,Weyland Mouse Bandicoot
Microperoryctes_ornatus,O. Thomas,1904,Striped Bandicoot,
Microperoryctes_papuensis,Laurie,1952,Papuan Bandicoot,
Rhynchomeles_prattorum,O. Thomas,1920,Seram Bandicoot,Ceram Bandicoot|Seram Island Long-nosed Bandicoot
Isoodon_auratus,E. P. Ramsay,1887,Golden Bandicoot,Northern Golden Bandicoot|Northern Golden-backed Bandicoot
Isoodon_fusciventer,J. E. Gray,1841,Western Brown Bandicoot,
Isoodon_macrourus,J. Gould,1842,Northern Brown Bandicoot,Brindled Bandicoot|Giant Brindled Bandicoot|Large Northern Bandicoot|Northern Short-nosed Bandicoot
Isoodon_obesulus,G. K. Shaw,1797,Southern Brown Bandicoot,Brown Bandicoot|Southern Short-nosed Bandicoot|Nuyts Southern Brown Bandicoot
Isoodon_peninsulae,O. Thomas,1922,Cape York Brown Bandicoot,
Perameles_bougainville,Quoy & Gaimard,1824,Western Barred Bandicoot,Little Marl|Marl|Saddle-backed Bandicoot|Shark Bay Striped Bandicoot|West Australian Striped Bandicoot|Zebra Rat
Perameles_eremiana,W. B. Spencer,1897,Desert Bandicoot,Orange-backed Bandicoot
Perameles_fasciata,J. E. Gray,1841,New South Wales Barred Bandicoot,
Perameles_gunnii,J. E. Gray,1838,Eastern Barred Bandicoot,Gunn's Bandicoot|Tasmanian Barred Bandicoot
Perameles_myosuros,J. A. Wagner,1841,Southwestern Barred Bandicoot,
Perameles_nasuta,É. Geoffroy Saint-Hilaire,1804,Long-nosed Bandicoot,
Perameles_notina,O. Thomas,1922,Southern Barred Bandicoot,
Perameles_pallescens,O. Thomas,1923,Queensland Barred Bandicoot,
Perameles_papillon,Travouillon & M. J. Phillips,2018,Ooldea Barred Bandicoot,
Peroryctes_broadbentii,E. P. Ramsay,1879,Giant Bandicoot,Broadbent Bandicoot
Peroryctes_raffrayanus,A. Milne-Edwards,1878,Raffray's Bandicoot,Long-legged Bandicoot
Peroryctes_trigonodon,"Travouillon, Flannery, & K. M. Helgen in Travouillon, Bertozzi, A. J. MacDonald, S. J. B. Cooper, Flannery, & K. M. Helgen",2026,Wablo,
Macrotis_lagotis,J. Reid,1837,Greater Bilby,Bilby|Dalgyte|Greater Rabbit-eared Bandicoot|Pinkie|Rabbit Bandicoot
Macrotis_leucura,O. Thomas,1887,Lesser Bilby,Yallara|Lesser Rabbit-eared Bandicoot|White-tailed Rabbit-eared Bandicoot
Burramys_parvus,Broom,1895,Mountain Pygmy Possum,Broom's Pygmy-possum|Burramys
Cercartetus_caudatus,A. Milne-Edwards,1877,Long-tailed Pygmy Possum,Queensland Pygmy Possum
Cercartetus_concinnus,J. Gould,1845,Western Pygmy Possum,Southwestern Pygmy Possum|Elegant Dormouse Opossum|Lesser Dormouse-phalanger
Cercartetus_lepidus,O. Thomas,1888,Little Pygmy Possum,Tasmanian Pygmy Possum
Cercartetus_nana,A. G. Desmarest,1817,Eastern Pygmy Possum,Common Dormouse-phalanger
Hypsiprymnodon_moschatus,E. P. Ramsay,1876,Musky Rat Kangaroo,Hypsi
Lagostrophus_fasciatus,Péron,1807,Banded Hare Wallaby,
Dendrolagus_bennettianus,De Vis,1887,Bennett's Tree Kangaroo,Dusky Tree Kangaroo|Tree-wallaby
Dendrolagus_dorianus,E. P. Ramsay,1883,Doria's Tree Kangaroo,Unicolored Tree Kangaroo
Dendrolagus_goodfellowi,O. Thomas,1908,Goodfellow's Tree Kangaroo,Ornate Tree Kangaroo
Dendrolagus_inustus,S. Müller in Temminck,1840,Grizzled Tree Kangaroo,
Dendrolagus_lumholtzi,R. Collett,1884,Lumholtz's Tree Kangaroo,
Dendrolagus_matschiei,Förster & W. Rothschild,1907,Huon Tree Kangaroo,Matschie's Tree Kangaroo
Dendrolagus_mayri,W. Rothschild & Dollman,1933,Wondiwoi Tree Kangaroo,
Dendrolagus_mbaiso,"Flannery, Boeadi, & A. L. Szalay",1995,Dingiso,
Dendrolagus_notatus,Matschie,1916,Ifola Tree Kangaroo,Ifola
Dendrolagus_pulcherrimus,Flannery,1993,Golden-mantled Tree Kangaroo,
Dendrolagus_scottae,Flannery & Seri,1990,Scott's Tree Kangaroo,Tenkile|Tenkile Tree Kangaroo
Dendrolagus_spadix,Troughton & Le Souef,1936,Lowland Tree Kangaroo,
Dendrolagus_stellarum,Flannery & Seri,1990,Seri's Tree Kangaroo,
Dendrolagus_ursinus,Temminck,1836,Vogelkop Tree Kangaroo,Black Tree Kangaroo|Ursine Tree Kangaroo|White-throated Tree Kangaroo
Petrogale_assimilis,E. P. Ramsay,1877,Allied Rock Wallaby,
Petrogale_brachyotis,J. Gould,1841,Short-eared Rock Wallaby,Brush-tailed Rock Wallaby|Western Short-eared Rock Wallaby
Petrogale_burbidgei,D. J. Kitchener & G. Sanson,1978,Monjon,Burbridge's Rock Wallaby
Petrogale_coenensis,Eldridge & R. L. Close,1992,Cape York Rock Wallaby,
Petrogale_concinna,J. Gould,1842,Nabarlek,Little Rock Wallaby
Petrogale_godmani,O. Thomas,1923,Godman's Rock Wallaby,
Petrogale_herberti,O. Thomas,1926,Herbert's Rock Wallaby,
Petrogale_inornata,J. Gould,1842,Unadorned Rock Wallaby,Plain Rock Wallaby
Petrogale_lateralis,J. Gould,1840,Black-footed Rock Wallaby,Black-flanked Rock Wallaby|Side-striped Rock Wallaby|Hackett's Rock Wallaby|Recherche Rock Wallaby|Pearson Island Rock Wallaby|Warru|West Australian Rock Wallaby|West Kimberley Rock-wallaby
Petrogale_mareeba,Eldridge & R. L. Close,1992,Mareeba Rock Wallaby,
Petrogale_penicillata,J. E. Gray,1827,Brush-tailed Rock Wallaby,
Petrogale_persephone,Maynes,1982,Proserpine Rock Wallaby,
Petrogale_purpureicollis,Le Souef,1924,Purple-necked Rock Wallaby,
Petrogale_rothschildi,O. Thomas,1904,Rothschild's Rock Wallaby,Roebourne Rock Wallaby
Petrogale_sharmani,Eldridge & R. L. Close,1992,Sharman's Rock Wallaby,Mt Claro Rock Wallaby
Petrogale_wilkinsi,O. Thomas,1926,Wilkins's Rock Wallaby,Eastern Short-eared Rock Wallaby
Petrogale_xanthopus,J. E. Gray,1855,Yellow-footed Rock Wallaby,Ring-tailed Rock Wallaby
Thylogale_billardierii,A. G. Desmarest,1822,Rufous-bellied Pademelon,Red-bellied Pademelon|Rufous Wallaby|Tasmanian Pademelon
Thylogale_brownii,E. P. Ramsay,1877,New Guinea Pademelon,Brown's Pademelon|Mountain Pademelon
Thylogale_brunii,von Schreber,1777,Dusky Pademelon,Dusky Wallaby
Thylogale_calabyi,Flannery,1992,Calaby's Pademelon,Alpine Pademelon|Alpine Wallaby
Thylogale_stigmatica,J. Gould,1861,Red-legged Pademelon,Scrub Wallaby
Thylogale_thetis,Lesson,1827,Red-necked Pademelon,Pademelon Wallaby
Dorcopsis_atrata,Van Deusen,1957,Black Forest Wallaby,Black Dorcopsis|Goodenough Island Wallaby
Dorcopsis_hageni,K. M. Heller,1897,White-striped Forest Wallaby,Greater Forest Wallaby|Northern Forest Wallaby|White-striped Dorcopsis
Dorcopsis_luctuosa,D'Albertis,1874,Gray Forest Wallaby,Eastern Forest Wallaby|Grey Dorcopsis
Dorcopsis_macleayi,Miklouho-Maclay,1885,Macleay's Forest Wallaby,Macleay's Dorcopsis|Macleay's Dorcopsulus|Papuan Dorcopsis|Papuan Forest Wallaby
Dorcopsis_muelleri,Schlegel,1866,Brown Forest Wallaby,Brown Dorcopsis|Western Forest Wallaby
Dorcopsis_phyllis,Groves & Flannery,1989,Phyllis's Forest Wallaby,Phyllis's Dorcopsis
Dorcopsis_vanheurni,O. Thomas,1922,Small Forest Wallaby,Lesser Forest Wallaby|Mountain Forest Wallaby|Small Dorcopsis|Small Dorcopsulus
Lagorchestes_asomatus,H. H. Finlayson,1943,Central Hare Wallaby,Central Hare-wallaby|Kuluwarri|Lake Mackay Hare-wallaby|Least hare Wallaby
Lagorchestes_conspicillatus,J. Gould,1842,Spectacled Hare Wallaby,Grass Pademelon|Barrow Island Spectacled Hare Wallaby
Lagorchestes_hirsutus,J. Gould,1844,Rufous Hare Wallaby,Brown Hare Wallaby|Mala|Western Hare Wallaby
Lagorchestes_leporides,J. Gould,1841,Eastern Hare Wallaby,Brown Hare-wallaby|Common Hare-wallaby|Dancing-hare|Hare-kangaroo
Macropus_fuliginosus,A. G. Desmarest,1817,Western Gray Kangaroo,Black-faced Kangaroo|Kangaroo Island Kangaroo|Mallee Kangaroo|Sooty Kangaroo
Macropus_giganteus,G. K. Shaw,1790,Eastern Gray Kangaroo,Forester|Great Grey Kangaroo|Scrub Kangaroo|Scrubber
Notamacropus_agilis,J. Gould,1842,Agile Wallaby,Grass Wallaby|Jungle Wallaby|River Wallaby|Sandy Wallaby
Notamacropus_dorsalis,J. E. Gray,1837,Black-striped Wallaby,Scrub Wallaby
Notamacropus_eugenii,A. G. Desmarest,1817,Tammar Wallaby,Dama Wallaby|Kangaroo Island Wallaby
Notamacropus_greyi,G. R. Waterhouse,1846,Toolache Wallaby,Grey's Wallaby|Monkeyface|One-Two
Notamacropus_irma,Jourdan,1837,Western Brush Wallaby,Black-gloved Wallaby|Kwoora
Notamacropus_parma,G. R. Waterhouse,1846,Parma Wallaby,White-throated Wallaby
Notamacropus_parryi,E. T. Bennett,1835,Whip-tailed Wallaby,Blue Flier|Flier|Grey Flier|Pretty-faced Wallaby
Notamacropus_rufogriseus,A. G. Desmarest,1817,Red-necked Wallaby,Brush Kangaroo|Brush Wallaby|Brusher|Eastern Brush Wallaby|Bennett's Wallaby|Red Wallaby
Onychogalea_frenata,J. Gould,1840,Bridled Nail-tailed Wallaby,Bridled Wallaby|Flashjack|Merrin|Waistcoat Wallaby
Onychogalea_lunata,J. Gould,1840,Crescent Nail-tailed Wallaby,Crescent Nailtail Wallaby
Onychogalea_unguifera,J. Gould,1840,Northern Nail-tailed Wallaby,Left-hander|Organ-grinder|Right-hander|Sandy Nailtail Wallaby|Woop Woop|Wut Wut
Osphranter_antilopinus,J. Gould,1842,Antilopine Wallaroo,Antilopine Kangaroo
Osphranter_bernardus,W. Rothschild,1903,Black Wallaroo,Bernard's Kangaroo|Bernard's Wallaroo|Black Kangaroo|Northern Black Wallaroo
Osphranter_robustus,J. Gould,1840,Common Wallaroo,Hill Kangaroo|Hill Wallaroo|Red Wallaroo|Roan Wallaroo|Eastern Wallaroo|Barrow Island Euro|Euro|Northern Wallaroo|Barrow Island Wallaroo|Woodward's Wallaroo
Osphranter_rufus,A. G. Desmarest,1822,Red Kangaroo,Blue Flier|Plains Kangaroo
Setonix_brachyurus,Quoy & Gaimard,1830,Quokka,Short-tailed Pademelon|Short-tailed Wallaby
Wallabia_bicolor,A. G. Desmarest,1803,Swamp Wallaby,Black-tailed Wallaby|Black Stinker|Black Wallaby|Stinker
Aepyprymnus_rufescens,J. E. Gray,1837,Rufous Bettong,Rufous Rat-kangaroo
Bettongia_anhydra,H. H. Finlayson,1957,Desert Bettong,
Bettongia_gaimardi,A. G. Desmarest,1822,Eastern Bettong,Eastern Rat-kangaroo|Gaimard's Bettong|Gaimard's Rat-kangaroo|Southern Bettong|Tasmanian Bettong|Tasmanian Rat-kangaroo
Bettongia_haoucharae,"Newman-Martin, Travouillon, & N. Warburton in Newman-Martin, Travouillon, N. Warburton, Barham, & A. J. Blyth",2025,Little Bettong,Brush-tailed Rat-kangaroo|Woylie|Brush-tailed Bettong
Bettongia_lesueur,Quoy & Gaimard,1824,Burrowing Bettong,Boodie|Burrowing Rat-kangaroo|Lesueur's Rat-kangaroo
Bettongia_ogilbyi,G. R. Waterhouse,1841,Woylie,Brush-tailed Rat-kangaroo|Brush-tailed Bettong
Bettongia_penicillata,J. E. Gray,1837,Brush-tailed Bettong,Brush-tailed Rat-kangaroo|Woylie
Bettongia_pusilla,McNamara,1997,Nullarbor Dwarf Bettong,Thomson's Unnamed Potoroid
Bettongia_tropica,Wakefield,1967,Northern Bettong,Brush-tailed Bettong|Tropical Bettong
Caloprymnus_campestris,J. Gould,1843,Desert Rat Kangaroo,Bluff-nosed Rat-kangaroo|Coorgee|Koorjee|Oolacunta|Plain-loving Jerboa Kangaroo|Plains Rat-kangaroo|Wirtiree
Potorous_gilbertii,J. Gould,1841,Gilbert's Potoroo,
Potorous_longipes,Seebeck & P. G. Johnston,1980,Long-footed Potoroo,
Potorous_platyops,J. Gould,1844,Broad-faced Potoroo,Broad-faced Rat-kangaroo
Potorous_tridactylus,Kerr,1792,Long-nosed Potoroo,Long-nosed Rat-kangaroo
Acrobates_frontalis,De Vis,1887,Broad-toed Feather-tailed Glider,De Vis's Feathertail Glider
Acrobates_pygmaeus,G. K. Shaw,1794,Narrow-toed Feather-tailed Glider,Dusky Feathertail Glider|Feathertail Glider|Flying Mouse|Pygmy Glider|Pygmy Gliding Possum|Pigmy Phalanger
Distoechurus_pennatus,W. C. H. Peters,1874,Feather-tailed Possum,Feathertail Possum|New Guinean Feather-tailed Possum|Pen-tailed Possum
Dactylonax_ernstmayri,G. Stein,1932,Eastern Long-fingered Possum,Long-fingered Striped Possum|Long-fingered Triok
Dactylonax_kambuayai,"K. P. Aplin in K. P. Aplin, Pasveer, & Boles",1999,Pygmy Long-fingered Possum,Vogelkop Ring-tailed Possum|Vogelkop Striped Possum|Arfak Striped Possum
Dactylonax_palpator,A. Milne-Edwards,1888,Western Long-fingered Possum,Long-fingered Triok|Long-fingered Striped Possum
Dactylopsila_megalura,W. Rothschild & Dollman,1932,Great-tailed Striped Possum,Great-tailed Triok
Dactylopsila_tatei,Laurie,1952,Tate's Striped Possum,Fergusson Island Striped Possum|Tate's Triok
Dactylopsila_trivirgata,J. E. Gray,1858,Torresian Striped Possum,Common Striped Possum|Striped Possum
Gymnobelideus_leadbeateri,McCoy,1867,Leadbeater's Possum,Fairy Possum
Petaurus_abidi,A. C. Ziegler,1981,Northern Glider,
Petaurus_ariel,J. Gould,1842,Savanna Glider,Lesser Flying Phalanger|Lesser Flying Squirrel|Lesser Glider|Short-headed Flying Phalanger|Sugar Squirrel|Tasmanian Sugar Glider
Petaurus_australis,G. K. Shaw,1791,Yellow-bellied Glider,Bellied Glider|Fluffy Glider
Petaurus_biacensis,Ulmer,1940,Biak Glider,
Petaurus_breviceps,G. R. Waterhouse,1838,Sugar Glider,Lesser Flying Phalanger|Lesser Flying Squirrel|Lesser Glider|Short-headed Flying Phalanger|Sugar Squirrel|Tasmanian Sugar Glider
Petaurus_gracilis,De Vis,1883,Mahogany Glider,Ebony Glider|Slender-tailed Glider
Petaurus_norfolcensis,Kerr,1792,Squirrel Glider,Squirrel Flying Phalanger
Petaurus_notatus,W. C. H. Peters,1859,Krefft's Glider,Lesser Flying Phalanger|Lesser Flying Squirrel|Lesser Glider|Short-headed Flying Phalanger|Sugar Squirrel|Tasmanian Sugar Glider
Petaurus_papuanus,O. Thomas,1888,New Guinea Glider,
Hemibelideus_lemuroides,R. Collett,1884,Lemuroid Ring-tailed Possum,Lemur-like Ringtail|Lemuroid Ringtail
Petauroides_armillatus,O. Thomas,1923,Central Greater Glider,
Petauroides_minor,R. Collett,1887,Northern Greater Glider,
Petauroides_volans,Kerr,1792,Southern Greater Glider,Greater Glider|Greater Gliding Possum
Tous_ayamaruensis,"K. P. Aplin in K. P. Aplin, Pasveer, & Boles",1999,Ring-tailed Glider,
Pseudocheirus_occidentalis,O. Thomas,1888,Western Ring-tailed Possum,Ngwayir|Western Ringtail
Pseudocheirus_peregrinus,Boddaert,1785,Eastern Ring-tailed Possum,Common Ringtail|Queensland Ringtail|Ringtail Possum
Pseudochirulus_canescens,G. R. Waterhouse,1846,Lowland Ring-tailed Possum,Lowland Ringtail
Pseudochirulus_caroli,O. Thomas,1921,Weyland Ring-tailed Possum,Weyland Ringtail
Pseudochirulus_cinereus,Tate,1945,Daintree River Ring-tailed Possum,Cinereous Ringtail|Daintree Ringtail Possum
Pseudochirulus_forbesi,O. Thomas,1887,Painted Ring-tailed Possum,Painted Ringtail|Moss-forest Ringtail
Pseudochirulus_herbertensis,R. Collett,1884,Herbert River Ring-tailed Possum,Herbert River Ringtail
Pseudochirulus_larvatus,Förster & W. Rothschild,1911,Masked Ring-tailed Possum,Masked Ringtail
Pseudochirulus_mayeri,W. Rothschild & Dollman,1932,Pygmy Ring-tailed Possum,Pygmy Ringtail
Pseudochirulus_schlegelii,Jentink,1884,Arfak Ring-tailed Possum,Arfak Ringtail|Vogelkop Ringtail
Pseudochirops_albertisii,W. C. H. Peters,1874,D'Albertis's Ring-tailed Possum,D'Albertis's Ringtail
Pseudochirops_archeri,R. Collett,1884,Green Ring-tailed Possum,Green Ringtail
Pseudochirops_corinnae,O. Thomas,1897,Plush-coated Ring-tailed Possum,Golden Ringtail Possum|Plush-coated Ringtail
Pseudochirops_coronatus,O. Thomas,1897,Reclusive Ring-tailed Possum,Reclusive Ringtail
Pseudochirops_cupreus,O. Thomas,1897,Coppery Ring-tailed Possum,Coppery Ringtail
Pseudochirops_dahlii,R. Collett,1895,Rock Ring-tailed Possum,Rock Possum|Rock-haunting Ringtail
Tarsipes_rostratus,P. Gervais & Verreaux in P. Gervais,1842,Honey Possum,Honey Mouse
Ailurops_furvus,G. S. Miller & Hollister,1922,Mountain Bear Cuscus,
Ailurops_melanotis,O. Thomas,1898,Talaud Bear Cuscus,
Ailurops_ursinus,Temminck,1824,Common Bear Cuscus,Large Celebes Cuscus|Sulawesi Bear Cuscus
Strigocuscus_celebensis,J. E. Gray,1858,Small Sulawesi Cuscus,Little Celebes Cuscus|Sulawesi Dwarf Cuscus
Strigocuscus_sangirensis,A. B. Meyer,1896,Small Sangihe Cuscus,
Phalanger_alexandrae,Flannery & Boeadi,1995,Gebe Cuscus,Alexandra's Cuscus
Phalanger_breviceps,O. Thomas,1888,New Britain Cuscus,
Phalanger_carmelitae,O. Thomas,1898,Mountain Cuscus,Mountain Phalanger
Phalanger_gymnotis,W. C. H. Peters & Doria,1875,Ground Cuscus,Aru Island Ground Cuscus|Ground Phalanger
Phalanger_intercastellanus,O. Thomas,1895,Eastern Common Cuscus,
Phalanger_lullulae,O. Thomas,1896,Woodlark Cuscus,Woodlark Island Cuscus
Phalanger_matabiru,Flannery & Boeadi,1995,Blue-eyed Cuscus,
Phalanger_matanim,Flannery,1987,Telefomin Cuscus,Matanim Cuscus
Phalanger_mimicus,O. Thomas,1922,Southern Common Cuscus,Australian Common Cuscus
Phalanger_orientalis,Pallas,1766,Northern Common Cuscus,Common Phalanger|Grey Cuscus
Phalanger_ornatus,J. E. Gray,1860,Moluccan Cuscus,Ornate Cuscus|Blue-eyed Cuscus
Phalanger_pelengensis,Tate,1945,Peleng Cuscus,Banggai Cuscus|Menden's Cuscus|Peleng Phalanger
Phalanger_rothschildi,O. Thomas,1898,Obi Cuscus,Obi Island Cuscus|Rothschild's Cuscus
Phalanger_sericeus,O. Thomas,1907,Silky Cuscus,
Phalanger_vestitus,A. Milne-Edwards,1877,Stein's Cuscus,
Spilocuscus_kraemeri,E. Schwarz,1910,Admiralty Spotted Cuscus,Admiralty Cuscus|Admiralty Island Cuscus|Manus Island Spotted Cuscus
Spilocuscus_maculatus,É. Geoffroy Saint-Hilaire,1803,Common Spotted Cuscus,Short-tailed Spotted Cuscus|Spotted Phalanger
Spilocuscus_nudicaudatus,J. Gould,1850,Australian Spotted Cuscus,
Spilocuscus_papuensis,A. G. Desmarest,1822,Waigeo Spotted Cuscus,Waigeo Cuscus
Spilocuscus_rufoniger,Zimara,1937,Black Spotted Cuscus,Black-spotted Phalanger
Spilocuscus_wilsoni,K. M. Helgen & Flannery,2004,Blue-eyed Spotted Cuscus,Biak Spotted Cuscus|Wilson's Spotted Cuscus
Trichosurus_caninus,W. Ogilby,1836,Short-eared Brush-tailed Possum,Northern Bobuck
Trichosurus_cunninghami,"Lindenmayer, Dubach, & Viggers",2002,Mountain Brush-tailed Possum,Cunningham's Brush-tailed Possum|Southern Bobuck
Trichosurus_johnstonii,E. P. Ramsay,1888,Coppery Brush-tailed Possum,Coppery Brushtail
Trichosurus_vulpecula,Kerr,1792,Common Brush-tailed Possum,Common Brushtail|Silver-grey Possum
Wyulda_squamicaudata,W. B. Alexander,1919,Scaly-tailed Possum,Scaly-tailed Phalanger|Wyulda
Phascolarctos_cinereus,Goldfuss,1817,Koala,Koala Bear|Monkey Bear|Native Bear
Lasiorhinus_krefftii,R. Owen,1872,Northern Hairy-nosed Wombat,Krefft's Hairy-nosed Wombat|Moonie River Wombat|Queensland Hairy-nosed Wombat
Lasiorhinus_latifrons,R. Owen,1845,Southern Hairy-nosed Wombat,Broad-fronted Wombat|Long-eared Wombat|Plains Wombat|Soft-furred Wombat
Vombatus_ursinus,G. K. Shaw,1800,Common Wombat,Bare-nosed Wombat|Coarse-haired Wombat|Forest Wombat|Bass Strait Wombat|Flinders Island Wombat|Tasmanian Wombat
Calyptophractus_retusus,Burmeister,1863,Greater Fairy Armadillo,Burmeister's Armadillo|Burmeister's Fairy Armadillo|Chacoan Fairy Armadillo|Greater Pichiciego
Chlamyphorus_truncatus,Harlan,1825,Pink Fairy Armadillo,Lesser Fairy Armadillo|Lesser Pichiciego
Chaetophractus_villosus,A. G. Desmarest,1804,Large Hairy Armadillo,Big Hairy Armadillo|Greater Hairy Armadillo
Dasyphractus_vellerosus,J. E. Gray,1865,Screaming Hairy Armadillo,Lesser Hairy Armadillo|Small Hairy Armadillo|Andean Hairy Armadillo
Euphractus_sexcinctus,Linnaeus,1758,Six-banded Armadillo,Yellow Armadillo
Zaedyus_pichiy,A. G. Desmarest,1804,Pichi,Dwarf Armadillo
Cabassous_centralis,G. S. Miller,1899,Northern Naked-tailed Armadillo,
Cabassous_chacoensis,Wetzel,1980,Chacoan Naked-tailed Armadillo,
Cabassous_squamicaudis,P. W. Lund,1845,Cerrado Naked-tailed Armadillo,
Cabassous_tatouay,A. G. Desmarest,1804,Greater Naked-tailed Armadillo,
Cabassous_unicinctus,Linnaeus,1758,Amazon Naked-tailed Armadillo,Southern Naked-tailed Armadillo
Priodontes_maximus,Kerr,1792,Giant Armadillo,
Tolypeutes_matacus,A. G. Desmarest,1804,Southern Three-banded Armadillo,Azara's Domed Armadillo|La Plata Three-banded Armadillo
Tolypeutes_tricinctus,Linnaeus,1758,Brazilian Three-banded Armadillo,
Dasypus_beniensis,Lönnberg,1942,Eastern Greater Long-nosed Armadillo,East Amazonian Long-nosed Armadillo
Dasypus_fenestratus,W. C. H. Peters,1865,Western Andean Long-nosed Armadillo,Nine-banded Armadillo|Common Long-nosed Armadillo
Dasypus_guianensis,"Barthe, Feijó, de Thoisy, Catzeflis, Billet, Hautier, & Delsuc in Barthe, Rancilhac, Arteaga, Feijó, Tilak, Justy, Loughry, C. M. McDonough, de Thoisy, Catzeflis, Billet, Hautier, Nabholz, & Delsuc",2024,Guianan Long-nosed Armadillo,Nine-banded Armadillo|Common Long-nosed Armadillo
Dasypus_kappleri,Krauss,1862,Guianan Greater Long-nosed Armadillo,Greater Long-nosed Armadillo
Dasypus_mazzai,J. Yepes,1933,Yungas Long-nosed Armadillo,Yepes's Mulita|Yungas Lesser Long-nosed Armadillo
Dasypus_mexicanus,W. C. H. Peters,1865,Mexican Long-nosed Armadillo,Nine-banded Armadillo|Common Long-nosed Armadillo
Dasypus_novemcinctus,Linnaeus,1758,Southern Long-nosed Armadillo,Common Long-nosed Armadillo|Nine-banded Armadillo
Dasypus_pastasae,O. Thomas,1901,Western Greater Long-nosed Armadillo,West Amazonian Long-nosed Armadillo
Dasypus_pilosus,Fitzinger,1856,Hairy Long-nosed Armadillo,Woolly Armadillo
Dasypus_sabanicola,Mondolfi,1968,Llanos Long-nosed Armadillo,Northern Long-nosed Armadillo
Dasypus_septemcinctus,Linnaeus,1758,Seven-banded Long-nosed Armadillo,Seven-banded Armadillo|Yellow Armadillo|Southern Long-nosed Armadillo|Brazilian Lesser Long-nosed Armadillo
Bradypus_crinitus,J. E. Gray,1850,Southern Maned Three-toed Sloth,Southern Maned Sloth
Bradypus_pygmaeus,R. P. Anderson & Handley,2001,Pygmy Three-toed Sloth,Pygmy Sloth
Bradypus_torquatus,Illiger,1811,Northern Maned Three-toed Sloth,Brazilian Three-toed Sloth|Maned Sloth|Northern Maned Sloth
Bradypus_tridactylus,Linnaeus,1758,Pale-throated Three-toed Sloth,Pale-throated Sloth
Bradypus_variegatus,H. R. Schinz,1825,Brown-throated Three-toed Sloth,Bolivian Three-toed Sloth|Brown-throated Sloth
Choloepus_didactylus,Linnaeus,1758,Linnaeus's Two-toed Sloth,Linné's Two-toed Sloth|Southern Two-toed Sloth
Choloepus_hoffmanni,W. C. H. Peters,1858,Hoffmann's Two-toed Sloth,
Cyclopes_catellus,O. Thomas,1928,Amboro Silky Anteater,
Cyclopes_didactylus,Linnaeus,1758,Common Silky Anteater,Silky Anteater
Cyclopes_dorsalis,J. E. Gray,1865,Central American Silky Anteater,
Cyclopes_ida,O. Thomas,1900,Rio Negro Silky Anteater,Ida Silky Anteater
Cyclopes_rufus,"F. R. Miranda, Casali, Perini, F. A. Machado, & F. R. Santos",2017,Red Silky Anteater,
Cyclopes_thomasi,"F. R. Miranda, Casali, Perini, F. A. Machado, & F. R. Santos",2017,Thomas's Silky Anteater,
Cyclopes_xinguensis,"F. R. Miranda, Casali, Perini, F. A. Machado, & F. R. Santos",2017,Xingu Silky Anteater,
Myrmecophaga_tridactyla,Linnaeus,1758,Giant Anteater,Ant Bear|Great Anteater
Tamandua_mexicana,de Saussure,1860,Northern Tamandua,Mexican Anteater
Tamandua_tetradactyla,Linnaeus,1758,Southern Tamandua,Golden Anteater
Elephantulus_brachyrhynchus,A. Smith,1836,Short-snouted Sengi,Short-snouted Elephant-shrew
Elephantulus_edwardii,A. Smith,1839,Cape Rock Sengi,Cape Rock Elephant-shrew|Cape Sengi|Cape Elephant-shrew
Elephantulus_fuscipes,O. Thomas,1894,Dusky-footed Sengi,Dusky-footed Elephant-shrew|Uganda Sengi|Uganda Elephant-shrew
Elephantulus_fuscus,W. C. H. Peters,1851,Dusky Sengi,Dusky Elephant-shrew|Peters's Short-snouted Sengi|Peters's Short-snouted Elephant-shrew|Zambezi Sengi|Zambezi Elephant-shrew
Elephantulus_intufi,A. Smith,1836,Bushveld Sengi,Bushveld Elephant-shrew
Elephantulus_myurus,O. Thomas & Schwann,1906,Eastern Rock Sengi,Eastern Rock Elephant-shrew|Transvaal Sengi|Transvaal Elephant-shrew
Elephantulus_pilicaudus,"H. A. Smit in H. A. Smit, T. J. Robinson, Watson, & Jansen van Vuuren",2008,Karoo Rock Sengi,Karoo Rock Elephant-shrew
Elephantulus_rupestris,A. Smith,1831,Western Rock Sengi,Western Rock Elephant-shrew|Smith's Rock Sengi|Smith's Rock Elephant-shrew
Galegeeska_revoilii,Huet,1881,Somali Sengi,Somali Elephant-shrew
Galegeeska_rufescens,W. C. H. Peters,1878,Rufous Sengi,Rufous Elephant-shrew|East African Long-eared Sengi|East African Long-eared Elephant-shrew|Rufous Spectacled Sengi|Rufous Spectacled Elephant-shrew|Spectacled Sengi|Spectacled Elephant-shrew
Macroscelides_flavicaudatus,Lundholm,1955,Namib Round-eared Sengi,Namib Round-eared Elephant-shrew|Round-eared Sengi|Round-eared Elephant-shrew|Short-eared Sengi|Short-eared Elephant-shrew
Macroscelides_micus,"Dumbacher & G. B. Rathbun in Dumbacher, G. B. Rathbun, Osborne, M. Griffin, & Eiseb",2014,Etendeka Round-eared Sengi,Etendeka Round-eared Elephant-shrew
Macroscelides_proboscideus,G. K. Shaw,1800,Karoo Round-eared Sengi,Karoo Round-eared Elephant-shrew|Round-eared Sengi|Round-eared Elephant-shrew|Short-eared Sengi|Short-eared Elephant-shrew
Petrodromus_tetradactylus,W. C. H. Peters,1846,Four-toed Sengi,Four-toed Elephant-shrew
Petrosaltator_rozeti,Duvernoy,1833,North African Sengi,North African Elephant-shrew
Rhynchocyon_chrysopygus,A. Günther,1881,Golden-rumped Sengi,Golden-rumped Elephant-shrew|Golden-rumped Giant Sengi|Yellow-rumped Sengi|Yellow-rumped Elephant-shrew
Rhynchocyon_cirnei,W. C. H. Peters,1847,Chequered Sengi,Chequered Elephant-shrew|Chequered Giant Sengi
Rhynchocyon_petersi,du Bocage,1880,Black-and-rufous Sengi,Black-and-rufous Elephant-shrew|Peters's Sengi|Peters's Elephant-shrew|Zanj Sengi|Zanj Elephant-shrew
Rhynchocyon_stuhlmanni,Matschie,1893,White-tailed Sengi,White-tailed Elephant-shrew|Stuhlmann's Sengi|Stuhlmann's Elephant-shrew
Rhynchocyon_udzungwensis,"G. B. Rathbun & Rovero in Rovero, G. B. Rathbun, A. Perkin, T. Jones, Ribble, C. Leonard, Mwakisoma, & Doggart",2008,Gray-faced Sengi,Gray-faced Elephant-shrew
Amblysomus_corriae,O. Thomas,1905,Fynbos Golden Mole,
Amblysomus_hottentotus,A. Smith,1829,Hottentot Golden Mole,Zulu Golden Mole|Drakensberg Golden Mole|Meester's Golden Mole
Amblysomus_marleyi,A. Roberts,1931,Marley's Golden Mole,
Amblysomus_robustus,Bronner,2000,Robust Golden Mole,
Amblysomus_septentrionalis,A. Roberts,1913,Highveld Golden Mole,
Calcochloris_obtusirostris,W. C. H. Peters,1851,Yellow Golden Mole,
Huetia_leucorhina,Huet,1885,Congo Golden Mole,
Huetia_tytonis,Simonetta,1968,Somali Golden Mole,
Neamblysomus_gunningi,Broom,1908,Gunning's Golden Mole,
Neamblysomus_julianae,Meester,1972,Juliana's Golden Mole,
Carpitalpa_arendsi,Lundholm,1955,Arends's Golden Mole,
Chlorotalpa_duthieae,Broom,1907,Duthie's Golden Mole,
Chlorotalpa_sclateri,Broom,1907,Sclater's Golden Mole,
Chrysochloris_asiatica,Linnaeus,1758,Cape Golden Mole,
Chrysochloris_stuhlmanni,Matschie,1894,Stuhlmann's Golden Mole,
Chrysochloris_visagiei,Broom,1950,Visagie's Golden Mole,
Chrysospalax_trevelyani,A. Günther,1875,Giant Golden Mole,
Chrysospalax_villosus,A. Smith,1833,Rough-haired Golden Mole,
Cryptochloris_wintoni,Broom,1907,De Winton's Golden Mole,
Cryptochloris_zyli,Shortridge & T. D. Carter,1938,Van Zyl's Golden Mole,
Eremitalpa_granti,Broom,1907,Grant's Golden Mole,Namib Golden Mole
Micropotamogale_lamottei,Heim de Balsac,1954,Nimba Otter-shrew,Pygmy Otter-shrew
Micropotamogale_ruwenzorii,de Witte & Frechkop,1955,Rwenzori Otter-shrew,
Potamogale_velox,Du Chaillu,1861,Giant Otter-shrew,
Geogale_aurita,A. Milne-Edwards & A. Grandidier,1872,Large-eared Tenrec,
Microgale_brevicaudata,G. Grandidier,1899,Short-tailed Shrew Tenrec,
Microgale_cowani,O. Thomas,1882,Cowan's Shrew Tenrec,
Microgale_drouhardi,G. Grandidier,1934,Drouhard's Shrew Tenrec,Striped Shrew Tenrec
Microgale_dryas,P. D. Jenkins,1992,Dryad Shrew Tenrec,Tree Shrew Tenrec
Microgale_fotsifotsy,"P. D. Jenkins, Raxworthy, & Nussbaum",1997,Pale Shrew Tenrec,Pale-footed Shrew Tenrec
Microgale_gracilis,Forsyth Major,1896,Gracile Shrew Tenrec,
Microgale_grandidieri,"L. E. Olson, Z. Rakotomalala, Hildebrandt, Lanier, Raxworthy, & S. M. Goodman",2009,Grandidier's Shrew Tenrec,
Microgale_gymnorhyncha,"P. D. Jenkins, S. M. Goodman, & Raxworthy",1996,Naked-nosed Shrew Tenrec,
Microgale_jenkinsae,S. M. Goodman & Soarimalala,2004,Jenkins's Shrew Tenrec,
Microgale_jobihely,"S. M. Goodman, Raxworthy, Maminirina, & L. E. Olson",2006,Dark Shrew Tenrec,Northern Shrew Tenrec
Microgale_longicaudata,O. Thomas,1882,Lesser Long-tailed Shrew Tenrec,
Microgale_majori,O. Thomas,1918,Major's Shrew Tenrec,Major's Long-tailed Shrew Tenrec|Major's Long-tailed Tenrec
Microgale_mergulus,Forsyth Major,1896,Web-footed Tenrec,Aquatic Tenrec|Otter Shrew
Microgale_monticola,S. M. Goodman & P. D. Jenkins,1998,Montane Shrew Tenrec,Mountain Shrew Tenrec
Microgale_nasoloi,P. D. Jenkins & S. M. Goodman,1999,Nasolo's Shrew Tenrec,
Microgale_parvula,G. Grandidier,1934,Pygmy Shrew Tenrec,
Microgale_principula,O. Thomas,1926,Greater Long-tailed Shrew Tenrec,
Microgale_pusilla,Forsyth Major,1896,Least Shrew Tenrec,Lesser Shrew Tenrec
Microgale_soricoides,P. D. Jenkins,1993,Shrew-toothed Shrew Tenrec,
Microgale_taiva,Forsyth Major,1896,Taiva Shrew Tenrec,
Microgale_thomasi,Forsyth Major,1896,Thomas's Shrew Tenrec,
Nesogale_dobsoni,O. Thomas,1884,Dobson's Shrew Tenrec,Dobson's Long-tailed Tenrec
Nesogale_talazaci,Forsyth Major,1896,Talazac's Shrew Tenrec,Talzac's Shrew Tenrec
Oryzorictes_hova,A. Grandidier,1870,Mole-like Rice Tenrec,Fossorial Tenrec|Hova Mole Tenrec|Hova Rice Tenrec
Oryzorictes_tetradactylus,A. Milne-Edwards & A. Grandidier,1882,Four-toed Rice Tenrec,Four-toed Mole Tenrec
Echinops_telfairi,W. C. L. Martin,1838,Lesser Hedgehog Tenrec,Lesser Madagascar Tenrec
Hemicentetes_nigriceps,A. Günther,1875,Highland Streaked Tenrec,
Hemicentetes_semispinosus,G. Cuvier,1797,Lowland Streaked Tenrec,
Setifer_setosus,von Schreber,1777,Greater Hedgehog Tenrec,Greater Madagascar Tenrec|Large Madagascar Hedgehog
Tenrec_ecaudatus,von Schreber,1777,Tailless Tenrec,Common Tenrec
Orycteropus_afer,Pallas,1766,Aardvark,Antbear
Elephas_maximus,Linnaeus,1758,Asian Elephant,Pygmy Elephant
Loxodonta_africana,Blumenbach,1797,African Savanna Elephant,African Bush Elephant
Loxodonta_cyclotis,Matschie,1900,African Forest Elephant,
Dendrohyrax_arboreus,A. Smith,1827,Southern Tree Hyrax,Tree Dassie
Dendrohyrax_dorsalis,L. Fraser,1854,Western Tree Hyrax,Beecroft's Tree Hyrax
Dendrohyrax_interfluvialis,"Oates, Woodman, Gaubert, Sargis, Wiafe, Lecompte, Dowsett-Lemaire, Dowsett, Gonedelé Bi, Ikemeh, Djagoun, Tomsett, & Bearder",2021,Benin Tree Hyrax,Dahomey Tree Hyrax
Dendrohyrax_validus,F. W. True,1890,Eastern Tree Hyrax,Tree Dassie
Heterohyrax_brucei,J. E. Gray,1868,Bush Hyrax,Yellow-spotted Hyrax
Procavia_capensis,Pallas,1766,Rock Hyrax,Klipdassie|Abyssinian Hyrax|Cape Hyrax|Johnston Hyrax|Kaokoveld Hyrax|Western Hyrax
Dugong_dugon,P. L. S. Müller,1776,Dugong,Sea Cow|Sea Pig
Hydrodamalis_gigas,E. A. W. von Zimmermann,1780,Steller's Sea Cow,
Trichechus_inunguis,Natterer in von Pelzeln,1883,Amazonian Manatee,Natterer Manatee|South American Manatee
Trichechus_manatus,Linnaeus,1758,West Indian Manatee,American Manatee|Antillean Manatee|Caribbean Manatee|Florida Manatee|North American Manatee
Trichechus_senegalensis,Link,1795,West African Manatee,African Manatee
Cynocephalus_volans,Linnaeus,1758,Philippine Colugo,Philippine Flying Lemur
Galeopterus_variegatus,G. Cuvier,1797,Sunda Colugo,Sunda Flying Lemur|Bornean Colugo|Javan Colugo|Malayan Colugo|Sumatran Colugo
Ptilocercus_lowii,J. E. Gray,1848,Pen-tailed Treeshrew,Feather-tailed Treeshrew|Low's Treeshrew
Anathana_ellioti,G. R. Waterhouse,1850,Madras Treeshrew,Indian Treeshrew
Dendrogale_melanura,O. Thomas,1892,Bornean Smooth-tailed Treeshrew,
Dendrogale_murina,S. Müller in Temminck,1840,Northern Smooth-tailed Treeshrew,Mainland Slender-tailed Treeshrew|Northern Slender-tailed Treeshrew
Tupaia_belangeri,J. A. Wagner,1841,Northern Treeshrew,Chinese Treeshrew
Tupaia_chrysogaster,G. S. Miller,1903,Golden-bellied Treeshrew,Mentawai Treeshrew
Tupaia_discolor,Lyon,1906,Banka Island Treeshrew,
Tupaia_dorsalis,Schlegel,1857,Striped Treeshrew,
Tupaia_everetti,O. Thomas,1892,Mindanao Treeshrew,Philippine Treeshrew
Tupaia_ferruginea,Raffles,1821,Sumatran Treeshrew,
Tupaia_glis,Diard in Hardwicke,1820,Common Treeshrew,
Tupaia_gracilis,O. Thomas,1893,Slender Treeshrew,
Tupaia_hypochrysa,O. Thomas,1895,Javan Treeshrew,Large Javan Treeshrew
Tupaia_javanica,Horsfield,1822,Horsfield's Treeshrew,Javan Treeshrew
Tupaia_longipes,O. Thomas,1893,Long-footed Treeshrew,Northern Bornean Treeshrew|Northern Long-footed Treeshrew|Plain Treeshrew
Tupaia_minor,A. Günther,1876,Lesser Treeshrew,Pygmy Treeshrew
Tupaia_montana,O. Thomas,1892,Mountain Treeshrew,
Tupaia_nicobarica,Zelebor,1868,Nicobar Treeshrew,
Tupaia_palawanensis,O. Thomas,1894,Palawan Treeshrew,Calamian Treeshrew
Tupaia_picta,O. Thomas,1892,Painted Treeshrew,
Tupaia_salatana,Lyon,1913,Kalimantan Treeshrew,
Tupaia_splendidula,J. E. Gray,1865,Splendid Treeshrew,Ruddy Treeshrew
Tupaia_tana,Raffles,1821,Large Treeshrew,
Allenopithecus_nigroviridis,Pocock,1907,Allen's Swamp Monkey,Swamp Guenon|Swamp Monkey
Allochrocebus_lhoesti,P. L. Sclater,1899,L'Hoest's Monkey,Mountain Monkey
Allochrocebus_preussi,Matschie,1898,Preuss's Monkey,Black Monkey|Preuss's Guenon|Bioko Preuss's Monkey|Cameroon Preuss's Monkey
Allochrocebus_solatus,M. J. S. Harrison,1988,Sun-tailed Monkey,Sun-tailed Guenon
Cercopithecus_ascanius,Audebert,1799,Red-tailed Monkey,Red-tailed Guenon|Black-cheeked Red-tailed Monkey|Black-nosed Red-tailed Monkey|Katanga Red-tailed Monkey|Schmidt's Red-tailed Monkey|Yellow-nosed Red-tailed Monkey
Cercopithecus_campbelli,G. R. Waterhouse,1838,Campbell's Monkey,Campbell's Guenon
Cercopithecus_cephus,Linnaeus,1758,Mustached Monkey,Moustached Guenon|Gray-tailed Mustached Monkey|Red-tailed Mustached Monkey|White-nosed Mustached Monkey
Cercopithecus_denti,O. Thomas,1907,Dent's Monkey,Dent's Mona Monkey|Dent's Guenon
Cercopithecus_diana,Linnaeus,1758,Diana Monkey,Diana Guenon
Cercopithecus_erythrogaster,J. E. Gray,1866,Red-bellied Monkey,White-throated Monkey|Nigeria White-throated Monkey|Red-bellied Guenon
Cercopithecus_erythrotis,G. R. Waterhouse,1838,Red-eared Monkey,Red-eared Guenon|Russet-eared Guenon|Bioko Red-eared Monkey|Cameroon Red-eared Monkey
Cercopithecus_hamlyni,Pocock,1907,Owl-faced Monkey,Hamlyn's Guenon|Hamlyn's Monkey|Owl-faced Guenon|Mount Kahuzi Owl-faced Monkey|Nose-stripe Owl-faced Monkey
Cercopithecus_lomamiensis,"J. A. Hart, Detwiler, C. C. Gilbert, A. S. Burrell, Fuller, Emetshu, T. B. Hart, Vosper, Sargis, & Tosi",2012,Lesula,Lesula Monkey|Lesula Guenon
Cercopithecus_lowei,O. Thomas,1923,Lowe's Monkey,Lowe's Mona|Lowe's Guenon
Cercopithecus_mitis,J. Wolf,1822,Blue Monkey,Diademed Guenon|Diademed Monkey|White-throated Guenon|Elgon Blue Monkey|Pousargues' Monkey|Boutourlini's Blue Monkey|Doggett's Silver Monkey|White-throated Samango|Lomami River Blue Monkey|Golden Monkey|Kolb's Monkey|Samango|Manyara Monkey|Pluto Monkey|Moloney's White-collared Monkey|Tanzania Sykes' Monkey|Rump-spotted Monkey|Stuhlmann's Blue Monkey|Zammarano's Monkey|Schouteden's Blue Monkey|Sykes' Monkey|Zanzibar Sykes's Monkey|Stairs's Monkey|Stairs's White-collared Monkey
Cercopithecus_mona,von Schreber,1774,Mona Monkey,Mona Guenon
Cercopithecus_neglectus,Schlegel,1876,De Brazza's Monkey,De Brazza's Guenon|Schlegel's Guenon
Cercopithecus_nictitans,Linnaeus,1766,Putty-nosed Monkey,Greater Spot-nosed Guenon|Greater White-nosed Monkey|Putty-nosed Guenon|White-nosed Guenon|Bioko Putty-nosed Monkey|Eastern Putty-nosed Monkey|Nigerian Putty-nosed Monkey|Red-rumped Putty-nosed Monkey|Stampfli's Putty-nosed Monkey
Cercopithecus_petaurista,von Schreber,1774,Spot-nosed Monkey,Lesser Spot-nosed Guenon|Lesser White-nosed Guenon|Eastern Lesser Spot-nosed Monkey|Western Lesser Spot-nosed Monkey
Cercopithecus_pogonias,E. T. Bennett,1833,Crowned Monkey,Crested Guenon|Crowned Guenon|Black-footed Guenon|Black-footed Crowned Monkey|Golden-bellied Crowned Monkey|Gray's Crowned Monkey|Gray's Guenon
Cercopithecus_roloway,von Schreber,1774,Roloway Monkey,Roloway Guenon
Cercopithecus_sclateri,Pocock,1904,Sclater's Monkey,Sclater's Guenon
Cercopithecus_wolfi,A. B. Meyer,1891,Wolf's Monkey,Wolf's Guenon|Wolf's Mona|Congo Basin Wolf's Monkey|Fire-bellied Wolf's Monkey|Lomami River Wolf's Monkey
Chlorocebus_aethiops,Linnaeus,1758,Grivet Monkey,Grivet|Vervet Monkey
Chlorocebus_cynosuros,G. A. Scopoli,1786,Malbrouck Monkey,Malbrook
Chlorocebus_djamdjamensis,O. R. Neumann,1902,Bale Mountains Monkey,Bale Monkey|Bale Mountains Grivet|Djam-djam
Chlorocebus_dryas,E. Schwarz,1932,Dryas Monkey,Dryad Monkey|Ekele|Lomela Monkey|Salongo Monkey|Wamba Monkey
Chlorocebus_pygerythrus,F. Cuvier in É. Geoffroy Saint-Hilaire & F. Cuvier,1821,Vervet Monkey,Black-chinned Vervet Monkey|Hilgert's Vervet Monkey|Pemba Vervet Monkey|Reddish-Green Vervet Monkey|Wittu Islands Vervet Monkey
Chlorocebus_sabaeus,Linnaeus,1766,Green Monkey,Callithrix Monkey|Grass Monkey|Mangrove Monkey
Chlorocebus_tantalus,W. Ogilby,1841,Tantalus Monkey,Budgett's Tantalus|Jebbel Marra Tantalus
Erythrocebus_baumstarki,Matschie,1906,Southern Patas Monkey,
Erythrocebus_patas,von Schreber,1774,Common Patas Monkey,Hussar Monkey|Military Monkey|Red Guenon|Aïr Red Monkey|Aïr Patas Monkey|Eastern Patas Monkey|Dancing Red Patas Monkey|Southern Patas Monkey|Ikoma Patas Monkey|Western Patas Monkey|West African Red Monkey
Erythrocebus_poliophaeus,H. G. L. Reichenbach,1862,Blue Nile Patas Monkey,Heuglin's Patas Monkey|Blue Nile Hussar Patas Monkey
Miopithecus_ogouensis,Kingdon,1997,Northern Talapoin Monkey,Gabon Talapoin Monkey
Miopithecus_talapoin,von Schreber,1774,Southern Talapoin Monkey,Angolan Talapoin Monkey
Cercocebus_agilis,A. Milne-Edwards in Rivière,1886,Agile Mangabey,
Cercocebus_atys,Audebert,1799,Sooty Mangabey,Smoky Mangabey
Cercocebus_chrysogaster,Lydekker,1900,Golden-bellied Mangabey,
Cercocebus_galeritus,W. C. H. Peters,1879,Tana River Mangabey,Tana Mangabey|Tana River Crested Mangabey
Cercocebus_lunulatus,Temminck,1853,White-naped Mangabey,Crescent-naped Mangabey|White-collared Mangabey|White-crowned Mangabey
Cercocebus_sanjei,Mittermeier,1986,Sanje River Mangabey,Sanje Crested Mangabey|Sanje Mangabey
Cercocebus_torquatus,Kerr,1792,Red-capped Mangabey,Collared Mangabey|White-collared Mangabey
Lophocebus_albigena,J. E. Gray,1850,Gray-cheeked Mangabey,Cloaked Mangabey|White-cheeked Mangabey
Lophocebus_aterrimus,Oudemans,1890,Black Crested Mangabey,Black Mangabey|Northern Black Mangabey|Southern Black Mangabey
Lophocebus_johnstoni,Lydekker,1900,Johnston's Mangabey,Johnston's Crested Mangabey
Lophocebus_opdenboschi,Schouteden,1944,Southern Black Crested Mangabey,Opdenbosch’s Crested Mangabey|Opdenbosch’s Mangabey|Southern Black Mangabey
Lophocebus_osmani,Groves,1978,Rusty-Mantled Mangabey,Hill's Crested Mangabey|Osman Hill's Crested Mangabey
Lophocebus_ugandae,Matschie,1913,Ugandan Crested Mangabey,
Macaca_arctoides,I. Geoffroy Saint-Hilaire,1830,Stump-tailed Macaque,Bear Macaque|Stumptail Macaque
Macaca_assamensis,McClelland in Horsfield,1840,Assamese Macaque,Assam Macaque|Eastern Assamese Macaque|Western Assamese Macaque
Macaca_brunnescens,Matschie,1901,Buton Macaque,
Macaca_cyclopis,Swinhoe,1863,Taiwanese Macaque,Formosan Rock Macaque|Taiwan Macaque
Macaca_fascicularis,Raffles,1821,Long-tailed Macaque,Crab-eating Macaque|Longtail Macaque|Burmese Long-talied Macaque|Con Song Long-tailed Macaque|Dark-crowned Long-tailed Macaque|Kemujan Long-tailed Macaque|Lasia Long-tailed Macaque|Maratua Long-tailed Macaque|Nicobar Long-tailed Macaque|Philippine Long-tailed Macaque|Simeulue Long-tailed Macaque
Macaca_fuscata,E. Blyth,1875,Japanese Macaque,Yakushima Macaque
Macaca_hecki,Matschie,1901,Heck's Macaque,
Macaca_leonina,E. Blyth,1863,Northern Pig-tailed Macaque,Burmese Pig-tailed Macaque|Long-haired Pig-tailed Macaque
Macaca_leucogenys,"Li Cheng, Zhao Chao, & Fan Pengfei",2015,White-cheeked Macaque,
Macaca_maura,H. R. Schinz,1825,Moor Macaque,Celebes Macaque
Macaca_mulatta,E. A. W. von Zimmermann,1780,Rhesus Macaque,Rhesus Monkey
Macaca_munzala,"A. Sinha, Datta, Madhusudan, & C. Mishra",2005,Arunachal Macaque,
Macaca_nemestrina,Linnaeus,1766,Southern Pig-tailed Macaque,Pigtail Macaque|Pig-tailed Macaque|Sunda Pig-tailed Macaque|Sundaland Pig-tailed Macaque
Macaca_nigra,A. G. Desmarest,1822,Crested Macaque,Black Crested Macaque|Celebes Black Ape|Celebes Black Macaque|Celebes Crested Macaque|Celebes Macaque|Sulawesi Black Macaque|Sulawesi Crested Black Macaque
Macaca_nigrescens,Temminck,1849,Gorontalo Macaque,Dumoga-bone Macaque|Temminck's Macaque
Macaca_ochreata,W. Ogilby,1841,Booted Macaque,Gray-armed Macaque|Buton Macaque|Muna-buton Macaque|Muna-butung Macaque
Macaca_pagensis,G. S. Miller,1903,Pagai Macaque,Mentawai Macaque|Pagai Island Macaque
Macaca_radiata,É. Geoffroy Saint-Hilaire,1812,Bonnet Macaque,Dark-bellied Bonnet Macaque|Pale-bellied Bonnet Macaque|Light-bellied Bonnet Macaque
Macaca_selai,"A. Ghosh, Thakur, S. K. Singh, Dutta, L. K. Sharma, Chandra, & Banerjee",2022,Sela Macaque,
Macaca_siberu,Fuentes & M. Olson,1995,Siberut Macaque,Siberut Island Macaque
Macaca_silenus,Linnaeus,1758,Lion-tailed Macaque,Wanderoo
Macaca_sinica,Linnaeus,1771,Toque Macaque,Common Toque Macaque|Dry Zone Toque Macaque|Wet Zone Toque Macaque|Dusky Toque Macaque|Lowland Wet Zone Toque Macaque|Highland Toque Macaque|Hill Zone Toque Macaque
Macaca_sylvanus,Linnaeus,1758,Barbary Macaque,Barbary Ape
Macaca_thibetana,A. Milne-Edwards,1870,Tibetan Macaque,Chinese Stump-tailed Macaque|Milne-Edwards's Macaque|Père David's Macaque|Short-tailed Tibetan Macaque|Tibetan Stump-tailed Macaque
Macaca_tonkeana,A. B. Meyer,1899,Tonkean Macaque,Tonkean Black Macaque
Mandrillus_leucophaeus,F. Cuvier,1807,Drill,Bioko Drill|Mainland Drill
Mandrillus_sphinx,Linnaeus,1758,Mandrill,
Papio_anubis,Lesson,1827,Olive Baboon,Anubis Baboon
Papio_cynocephalus,Linnaeus,1766,Yellow Baboon,Central Yellow Baboon|Northern Yellow Baboon
Papio_hamadryas,Linnaeus,1758,Hamadryas Baboon,Mantled Baboon|Sacred Baboon
Papio_kindae,Lönnberg,1919,Kinda Baboon,Kinda Yellow Baboon
Papio_papio,A. G. Desmarest,1821,Guinea Baboon,Western Baboon
Papio_ursinus,Kerr,1792,Chacma Baboon,Mountain Baboon|Gray-footed Chacma Baboon|Namibian Chacma Baboon|Southern Chacma Baboon
Rungwecebus_kipunji,"Ehardt, Butynski, T. Jones, & T. R. B. Davenport in T. Jones, Ehardt, Butynski, T. R. B. Davenport, Mpunga, Machaga, & De Luca",2005,Kipunji,Highland Mangabey
Theropithecus_gelada,Rüppell,1835,Gelada,Gelada Baboon|Northern Gelada|Southern Gelada
Colobus_angolensis,P. L. Sclater,1860,Angolan Colobus,Angola Colobus|Angolan Black-and-white Colobus|Adolf Friedrich's Angolan Black-and-white Colobus|Ruwenzori Black-and-white Colobus|Cordier's Angolan Colobus|Tanzanian Black-and-white Colobus|Peters's Angolan Black-and-white Colobus|Powell-Cotton's Angolan Colobus|Prigogine's Black-and-white Colobus|Prigogine's Angolan Black-and-white Colobus|Sclater's Angolan Colobus|Sharpe's Angolan Colobus|Southern Highlands Angolan Colobus|Mahale Angola Colobus
Colobus_congoensis,"J. A. Hart, Amboko, Arenson, Horton, Coates, Kapale, Koko, T. B. Hart, C. C. Gilbert, Sargis, & Detwiler",2026,Likweli,
Colobus_guereza,Rüppell,1835,Guereza,Eastern Black-and-white Colobus|Magistrate Colobus|Mantled Guereza|Neumann's Black-and-white Colobus|Djaffa Mountains Guereza|Dodinga Hills Guereza|Mau Forest Guereza|Mount Kenya Guereza|Percival's Black-and-white Colobus|Mount Uarges Guereza|Percival's Black-and-white Colobus|Omo River Guereza|Western Guereza|Kilimanjaro Guereza
Colobus_polykomos,E. A. W. von Zimmermann,1780,King Colobus,Ursine Black-and-white Colobus|Western Black-and-white Colobus|Western Pied Colobus
Colobus_satanas,G. R. Waterhouse,1838,Black Colobus,Bioko Black Colobus|Gabon Black Colobus
Colobus_vellerosus,I. Geoffroy Saint-Hilaire,1830,White-thighed Colobus,Geoffroy's Black-and-white Colobus|Ursine Colobus|White-thighed Black-and-white Colobus
Piliocolobus_badius,Kerr,1792,Upper Guinea Red Colobus,Upper Guinea Bay Colobus|Western Red Colobus|West African Red Colobus
Piliocolobus_bouvieri,A. T. de Rochebrune,1887,Bouvier's Red Colobus,
Piliocolobus_epieni,Grubb & C. B. Powell,1999,Niger Delta Red Colobus,Delta Red Colobus
Piliocolobus_foai,de Pousargues,1899,Foa's Red Colobus,Ulindi River Red Colobus|Kahuzi Red Colobus|Ulindi Red Colobus
Piliocolobus_gordonorum,Matschie,1900,Udzungwa Red Colobus,Iringa Red Colobus|Uhehe Red Colobus
Piliocolobus_kirkii,J. E. Gray,1868,Zanzibar Red Colobus,Kirk's Red Colobus
Piliocolobus_langi,J. A. Allen,1925,Lang's Red Colobus,
Piliocolobus_oustaleti,Trouessart,1906,Oustalet's Red Colobus,Ubangi Red Colobus
Piliocolobus_parmentieri,Colyn & W. N. Verheyen,1987,Lomami Red Colobus,
Piliocolobus_pennantii,G. R. Waterhouse,1838,Pennant's Red Colobus,Bioko Red Colobus
Piliocolobus_preussi,Matschie,1900,Preuss's Red Colobus,
Piliocolobus_rufomitratus,W. C. H. Peters,1879,Tana River Red Colobus,Eastern Red Colobus
Piliocolobus_semlikiensis,Colyn,1991,Semliki Red Colobus,
Piliocolobus_tephrosceles,D. G. Elliot,1907,Ashy Red Colobus,Ugandan Red Colobus
Piliocolobus_tholloni,A. Milne-Edwards in Rivière,1886,Tshuapa Red Colobus,Thollon's Red Colobus
Piliocolobus_waldroni,Hayman,1936,Miss Waldron's Red Colobus,Miss Waldron's Bay Colobus
Procolobus_verus,P. J. Van Beneden,1838,Olive Colobus,Green Colobus|Van Bénéden's Colobus
Nasalis_larvatus,Van Wurmb,1787,Proboscis Monkey,Long-nosed Monkey
Presbytis_bicolor,Aimi & Bakar,1992,Black-and-white Langur,Bicolored Banded Langur|Bicolored Mitered Langur|Sumatran Langur|Sumatran Surili
Presbytis_canicrus,G. S. Miller,1934,Miller's Langur,Miller's Grizzled Langur|Hose's Langur
Presbytis_chrysomelas,S. Müller,1838,Cross-marked Langur,Sarawak Langur|Sarawak Surili|Bornean Banded Langur|Tricolored Langur
Presbytis_comata,A. G. Desmarest,1822,Javan Grizzled Langur,Grizzled Langur|Java Leaf Monkey|Grizzled Leaf Monkey|Javan Surili|Javan Langur
Presbytis_femoralis,W. C. L. Martin,1838,Raffles's Banded Langur,Grizzled Langur|Java Leaf Monkey|Grizzled Leaf Monkey|Javan Surili|Javan Langur
Presbytis_fredericae,Sody,1930,Javan Fuscous Langur,Javan Fuscous Leaf Monkey
Presbytis_frontata,S. Müller,1838,White-fronted Langur,White-faced Langur|White-fronted Leaf Monkey
Presbytis_hosei,O. Thomas,1889,Hose's Langur,Gray Leaf Monkey|Hose's Leaf Monkey|Hose's Grizzled Langur
Presbytis_melalophos,Raffles,1821,Black-crested Sumatran Langur,Mitred Leaf Monkey|Sumatran Surili|Yellow-Handed Mitered Langur
Presbytis_mitrata,von Eschscholtz,1821,Mitered Langur,Southern Mitered Langur|Depigmented Mitered Langur|Mitred Leaf Monkey|Sumatran Surili
Presbytis_natunae,O. Thomas & Hartert,1894,Natuna Islands Langur,Natuna Island Surili|Natuna Leaf Monkey
Presbytis_percura,Lyon,1908,East Sumatran Banded Langur,Banded Surili
Presbytis_potenziani,Bonaparte,1856,Mentawai Langur,Golden-bellied Mentawai Langur|Long-tailed Langur|Mentawai Leaf Monkey
Presbytis_robinsoni,O. Thomas,1910,Robinson's Banded Langur,Banded Surili
Presbytis_rubicunda,S. Müller,1838,Maroon Langur,Maroon Leaf Monkey|Maroon Surili|Red Langur|Red Leaf Monkey|Orange-backed Red Langur|Davis's Maroon Langur|Orange-naped Red Langur|Dollman's Maroon Red Langur|Maroon Red Langur|Müller's Maroon Langur|Red-naped Red Langur|Millers's Maroon Red Langur
Presbytis_sabana,O. Thomas,1893,Sabah Grizzled Langur,Crested Grizzled Langur|Hose's Langur
Presbytis_siamensis,S. Müller & Schlegel in Temminck,1841,Pale-thighed Langur,White-thighed Langur|White-thighed Surili|Bintan Island Pale-thighed Langur|Bintan Pale-thighed Langur|Chasen's Pale-thighed Langur|Mantled Pale-thighed Langur|Lyon's Pale-thighed Langur|Riau Pale-thighed Langur|Malayan Pale-thighed Langur
Presbytis_siberu,Chasen & Kloss,1928,Siberut Langur,Siberut Leaf Monkey|Sombre-bellied Mentawai Island Langur|Sombre-bellied Mentawai Langur|Mentawai Langur
Presbytis_sumatrana,S. Müller & Schlegel in Temminck,1841,Black Sumatran Langur,Sumatran Surili
Presbytis_thomasi,R. Collett,1893,Thomas's Langur,North Sumatran Leaf Monkey|Sumatran Grizzled Langur|Thomas Langur|Thomas's Leaf Monkey
Pygathrix_cinerea,T. Nadler,1997,Gray-shanked Douc,Gray-shanked Douc Langur|Gray-shanked Douc Monkey
Pygathrix_nemaeus,Linnaeus,1771,Red-shanked Douc,Red-shanked Douc Langur|Red-shanked Douc Monkey
Pygathrix_nigripes,A. Milne-Edwards,1870,Black-shanked Douc,Black-shanked Douc Langur|Black-shanked Douc Monkey
Rhinopithecus_avunculus,Dollman,1912,Tonkin Snub-nosed Monkey,
Rhinopithecus_bieti,A. Milne-Edwards,1897,Yunnan Snub-nosed Monkey,Black Snub-nosed Monkey
Rhinopithecus_brelichi,O. Thomas,1903,Guizhou Snub-nosed Monkey,Gray Snub-nosed Monkey|Brelich's Snub-nosed Monkey
Rhinopithecus_roxellana,A. Milne-Edwards,1870,Golden Snub-nosed Monkey,Sichuan Golden Snub-nosed Monkey|Sichuan Snub-nosed Monkey|Hubei Golden Snub-nosed Monkey|Moupin Golden Snub-nosed Monkey|Quinling Golden Snub-nosed Monkey|Golden Monkey
Rhinopithecus_strykeri,"T. Geissmann, Ngwe Lwin, Saw Soe Aung, Thet Naing Aung, Zin Myo Aung, Tony Htin Hla, Grindley, & Momberg",2011,Stryker's Snub-nosed Monkey,Burmese Snub-nosed Monkey|Myanmar Snub-nosed Monkey
Semnopithecus_ajax,Pocock,1928,Chamba Sacred Langur,Western Himalayan Langur|Dark-eyed Himalayan Langur|Himalayan Gray Langur|Kashmir Gray Langur|Kangra Langur|Kashmir Sacred Langur
Semnopithecus_entellus,Dufresne,1797,Bengal Sacred Langur,Bengal Gray Langur|Bengal Hanuman Langur|Common Langur|Entellus Langur|Hanuman Langur|North Indian Langur|Northern Plains Gray Langur
Semnopithecus_hector,Pocock,1928,Terai Sacred Langur,Gray Langur|Hanuman Langur|Kumaon Langur|Lesser Hill Langur|Tarai Gray Langur|Tarai Sacred Langur
Semnopithecus_hypoleucos,E. Blyth,1841,Malabar Sacred Langur,Black-footed Gray Langur|Dark-legged Malabar Langur|Malabar Gray Langur|Black-legged Langur|Northern Malabar Langur|Travancore Langur
Semnopithecus_johnii,J. B. Fischer,1829,Nilgiri Langur,Black Leaf Monkey|Hooded Leaf Monkey|Indian Hooded Leaf Monkey|John's Langur|Nilgiri Black Langur|Nilgiri Leaf Monkey|South Indian Black Leaf Monkey
Semnopithecus_priam,E. Blyth,1844,Tufted Gray Langur,Coromandel Crested Langur|Coromandel Gray Langur|Coromandel Sacred Langur|Madras Gray Langur|Central Indian Gray Langur|Madras Gray Langur|Sri Lankan Gray Langur|Southern Gray Langur
Semnopithecus_schistaceus,B. H. Hodgson,1841,Nepal Sacred Langur,Central Himalayan Langur|Nepal Gray Langur
Semnopithecus_vetulus,Erxleben,1777,Purple-faced Langur,Purple-faced Leaf Monkey|Purple-faced Monkey|Bear Monkey|Highland Purple-faced Langur|Montane Purple-faced Langur|Northern Purple-faced Langur|Dry Zone Purple-faced Langur|Western Purple-faced Langur|North Lowland Wet Zone Purple-faced Langur|Southern Lowland Wet Zone Purple-faced Langur|Southern Purple-faced Langur
Simias_concolor,G. S. Miller,1903,Pig-tailed Langur,Mentawai Islands Snub-nosed Langur|Pig-tailed Snub-nosed Langur|Makobu|Siberut Pig-tailed Langur|Siberut Snub-nosed Monkey|Masepsep|Pagai Pig-tailed Langur|Pig-tailed Snub-nosed Monkey
Trachypithecus_auratus,É. Geoffroy Saint-Hilaire,1812,East Javan Langur,Eastern Ebony Langur|Ebony Leaf Monkey|Javan Langur|Javan Lutung
Trachypithecus_barbei,E. Blyth,1847,Tenasserim Langur,Barbe's Langur|Tenasserim Lutung
Trachypithecus_crepusculus,D. G. Elliot,1909,Indochinese Gray Langur,
Trachypithecus_cristatus,Raffles,1821,Sunda Silvery Langur,Silvered Leaf Monkey|Silvered Monkey|Silvery Langur|Silvery Lutung|Miller's Silvered Langur
Trachypithecus_delacouri,Osgood,1932,Delacour's Langur,White-rumped Black Leaf Monkey
Trachypithecus_ebenus,Brandon-Jones,1995,Black Langur,Black Leaf Monkey|Indochinese Black Langur
Trachypithecus_francoisi,de Pousargues,1898,François's Langur,Black Leaf Monkey|François's Leaf Monkey|Tonkin Leaf Monkey|White Side-burned Black Langur
Trachypithecus_geei,Khajuria in Gee,1956,Golden Langur,Gee's Golden Langur|Golden Leaf Monkey
Trachypithecus_germaini,A. Milne-Edwards,1876,Germain's Langur,Germain's Silver Langur|Indochinese Lutung|Indochinese Silvered Langur
Trachypithecus_hatinhensis,Đào Văn Tiến,1970,Hatinh Langur,Indochinese Black Langur|Stripe-headed Black Langur
Trachypithecus_laotum,O. Thomas,1921,Laos Langur,Laotian Langur|Lao Langur|White-browed Black Langur|Laotian Black Langur
Trachypithecus_leucocephalus,Tan Bangjie,1957,White-headed Langur,White-headed Black Langur
Trachypithecus_margarita,D. G. Elliot,1909,Annamese Langur,Annamese Silvered Langur|Elliot's Lutung
Trachypithecus_mauritius,Griffith,1821,West Javan Langur,West Javan Ebony Langur|West Javan Lutung|Western Ebony Langur
Trachypithecus_melamera,D. G. Elliot,1909,Shan Langur,Shan State Langur
Trachypithecus_obscurus,J. Reid,1837,Dusky Langur,Spectacled Leaf Monkey|Dusky Leaf Monkey|Dusky Leaf-monkey|Spectacled Langur|Creamy-tailed Dusky Langur|Blond-tailed Langur|Cantor's Langur|Cantor's Dusky Langur|Koh Pennan Dusky Langur|Phangan Langur|Perhentian Langur|Perhentian Island Dusky Langur|Reid's Dusky Langur|St. Matthew Island Dusky Langur|Zadetkyi Kyun Langur|Terutau Island Dusky Langur|Tarutao Langur
Trachypithecus_phayrei,E. Blyth,1847,Phayre's Langur,Phayre's Leaf Monkey|Phayre's Leaf-monkey|Shan States Langur
Trachypithecus_pileatus,E. Blyth,1843,Capped Langur,Bonneted Langur|Capped Leaf Monkey|Capped Monkey|Blond-bellied Capped Langur|Blond-bellied Langur|Buff-bellied Langur|Buff-bellied Capped Langur|Orange-bellied Capped Langur|Orange-bellied Capped Leaf Monkey|Orange-bellied Langur|Tenebrous Capped Langur|Tenebrous Capped Leaf Monkey
Trachypithecus_poliocephalus,Trouessart,1911,Cat Ba Langur,Golden-headed Langur
Trachypithecus_popa,"Roos, K. M. Helgen, Portela Miguez, Naw May Lay Thant, Ngwe Lwin, Aung Ko Lin, Aung Lin, Khin Mar Yi, Paing Soe, Zin Mar Hein, Margaret Nyein Nyein Myint, Ahmed, Chetry, Urh, Veatch, N. Duncan, Kamminga, Chua, Yao Lu, Matauschek, D. Meyer, Liu Zhijin, Li Ming, T. Nadler, Fan Pengfei, Le Khac Quyet, Hofreiter, Zinner, & Momberg",2020,Popa Langur,
Trachypithecus_selangorensis,"Roos, T. Nadler, & L. Walter",2008,Selangor Silvery Langur,Selangor Lutung|Selangor Silvery Lutung|West Malaysian Silvered Langur
Trachypithecus_shortridgei,Wroughton,1915,Shortridge's Langur,Shortridge's Capped Langur
Gorilla_beringei,Matschie,1903,Eastern Gorilla,Eastern Lowland Gorilla|Grauer's Gorilla|Mountain Gorilla
Gorilla_gorilla,T. S. Savage in T. S. Savage & Wyman,1847,Western Gorilla,Lowland Gorilla|Cross River Gorilla|Western Lowland Gorilla
Homo_sapiens,Linnaeus,1758,Human,
Pan_paniscus,E. Schwarz,1929,Bonobo,Dwarf Chimpanzee|Gracile Chimpanzee|Pygmy Chimpanzee
Pan_troglodytes,Blumenbach,1775,Chimpanzee,Common Chimpanzee|Robust Chimpanzee|Central Chimpanzee|Eastern Chimpanzee|Nigeria-Cameroon Chimpanzee|Western Chimpanzee
Pongo_abelii,Lesson,1827,Sumatran Orangutan,
Pongo_pygmaeus,Linnaeus,1760,Bornean Orangutan,Northeast Bornean Orangutan|Northwest Bornean Orangutan|Southwest Bornean Orangutan
Pongo_tapanuliensis,"Nurcahyo, Meijaard, Nowak, Fredriksson, & Groves in Nater, Mattle-Greminger, Nurcahyo, Nowak, de Manuel, Desai, Groves, Pybus, Sonay, Roos, Lameira, Wich, Askew, Davila-Ross, Fredriksson, de Valles, Casals, Prado-Martinez, Goossens, Verschoor, K. S. Warren, Singleton, D. A. Marques, Pamungkas, Perwitasari-Farajallah, Rianti, Tuuga, I. G. Gut, M. Gut, Orozco-terWengel, Van Schaik, Bertranpetit, Anisimova, Scally, Marques-Bonet, Meijaard, & Krützen",2017,Tapanuli Orangutan,
Hoolock_hoolock,Harlan,1834,Western Hoolock Gibbon,Hoolock Gibbon|Western White-browed Gibbon
Hoolock_leuconedys,Groves,1967,Eastern Hoolock Gibbon,
Hoolock_tianxing,"Fan Pengfei, He Kai, Chen Xing, A. Ortiz, Zhang Bin, Zhao Chao, Li Yunqiao, Zhang Haibo, Kimock, Wang Wenzhi, Groves, Turvey, Roos, K. M. Helgen, & Jiang Xuelong",2017,Skywalker Hoolock Gibbon,Gaoligong Hoolock Gibbon
Hylobates_abbotti,Kloss,1929,Western Gray Gibbon,Abbott's Gibbon|West Bornean Gray Gibbon|Abbott's Gray Gibbon
Hylobates_agilis,F. Cuvier in É. Geoffroy Saint-Hilaire & F. Cuvier,1821,Agile Gibbon,Dark-handed Gibbon
Hylobates_albibarbis,Lyon,1911,Bornean White-bearded Gibbon,Bornean Agile Gibbon|Southern Gibbon
Hylobates_funereus,I. Geoffroy Saint-Hilaire,1851,Eastern Gray Gibbon,Eastern Müller's Gibbon|East Bornean Gray Gibbon|Müller's Gibbon
Hylobates_klossii,G. S. Miller,1903,Kloss's Gibbon,Dwarf Gibbon|Mentawai Gibbon
Hylobates_lar,Linnaeus,1771,Lar Gibbon,Common Gibbon|White-handed Gibbon|Carpenter's Lar Gibbon|Central Lar Gibbon|Malaysian Lar Gibbon|Sumatran Lar Gibbon|Yunnan Lar Gibbon
Hylobates_moloch,Audebert,1799,Moloch Gibbon,Javan Gibbon|Silvery Javan Gibbon
Hylobates_muelleri,W. C. L. Martin,1841,Southern Gray Gibbon,Bornean Gray Gibbon|Gray Gibbon|Müller's Gibbon|Müller's Bornean Gibbon|South Bornean Gray Gibbon
Hylobates_pileatus,J. E. Gray,1861,Pileated Gibbon,Capped Gibbon|Crowned Gibbon
Nomascus_annamensis,"Van Ngoc Thinh, A. R. Mootnick, Vu Ngoc Thanh, T. Nadler, & Roos",2010,Northern Yellow-cheeked Crested Gibbon,Annamite Crested Gibbon|Northern Buff-cheeked Crested Gibbon
Nomascus_concolor,Harlan,1826,Western Black Crested Gibbon,Black Crested Gibbon|Black Gibbon|Concolor Gibbon|Indochinese Gibbon|Laotian Black Crested Gibbon|Tonkin Black Crested Gibbon
Nomascus_gabriellae,O. Thomas,1909,Southern Yellow-cheeked Crested Gibbon,Buff-cheeked Crested Gibbon|Red-cheeked Crested Gibbon|Red-cheeked Gibbon
Nomascus_hainanus,O. Thomas,1892,Hainan Crested Gibbon,Hainan Black Crested Gibbon|Hainan Black Gibbon|Hainan Gibbon
Nomascus_leucogenys,W. Ogilby,1840,Northern White-cheeked Crested Gibbon,Northern White-cheeked Gibbon|White-cheeked Gibbon
Nomascus_nasutus,Künckel d'Herculais,1884,Eastern Black Crested Gibbon,Cao Vit Black Crested Gibbon|Cao Vit Crested Gibbon
Nomascus_siki,Delacour,1951,Southern White-cheeked Crested Gibbon,Siki Gibbon|Southern White-cheeked Gibbon
Symphalangus_syndactylus,Raffles,1821,Siamang,
Aotus_azarae,von Humboldt,1812,Azara's Night Monkey,Azara's Owl Monkey|Bolivian Night Monkey|Feline Night Monkey
Aotus_brumbacki,Hershkovitz,1983,Brumback's Night Monkey,Brumback's Owl Monkey|Hernández-Camacho's Night Monkey|Hernández-Camacho's Owl Monkey
Aotus_griseimembra,D. G. Elliot,1912,Gray-legged Night Monkey,Gray-handed Night Monkey|Yellow-bellied Night Monkey|Yellow-bellied Owl Monkey
Aotus_lemurinus,I. Geoffroy Saint-Hilaire,1843,Lemurine Night Monkey,Colombian Night Monkey|Gray-bellied Night Monkey|Lemurine Owl Monkey
Aotus_miconax,O. Thomas,1927,Andean Night Monkey,Andean Owl Monkey|Peruvian Night Monkey|Peruvian Owl Monkey
Aotus_nancymai,Hershkovitz,1983,Ma's Night Monkey,Nancy Ma's Night Monkey|Nancy Ma's Owl Monkey
Aotus_nigriceps,Dollman,1909,Black-headed Night Monkey,Black-headed Owl Monkey|Night Monkey|Owl Monkey
Aotus_trivirgatus,von Humboldt,1809,Humboldt's Night Monkey,Douroucouli|Northern Gray-necked Owl Monkey|Northern Night Monkey|Three-striped Night Monkey|Three-striped Owl Monkey
Aotus_vociferans,von Spix,1823,Spix's Night Monkey,Noisy Night Monkey|Spix's Owl Monkey
Aotus_zonalis,E. A. Goldman,1914,Panamanian Night Monkey,Chocó Owl Monkey
Alouatta_arctoidea,Cabrera,1940,Ursine Red Howler,Caracas Howler Monkey|Ursine Howler Monkey|Trinidadian Howler Monkey|Trinidad Howling Monkey
Alouatta_belzebul,Linnaeus,1766,Eastern Red-handed Howler,Red-handed Howler|Red-handed Howling Monkey
Alouatta_caraya,von Humboldt,1812,Black-and-gold Howler,Black Howler Monkey|Black Howling Monkey|Paraguayan Howler
Alouatta_discolor,von Spix,1823,Spix's Red-handed Howler,Spix's Howler
Alouatta_guariba,von Humboldt,1812,Brown Howler,Brown HowlerMonkey|Brown Howling Monkey|Northern Brown Howler|Southern Brown Howler
Alouatta_macconnelli,D. G. Elliot,1910,Guianan Red Howler,Golden Howler Monkey|Guianan Red Howler Monkey|Guyanan Red Howler
Alouatta_nigerrima,Lönnberg,1941,Amazon Black Howler,Black Howler Monkey
Alouatta_palliata,J. E. Gray,1849,Mantled Howler,Azuero Peninsula Howler|Coiba Island Howler|Ecuadorian Mantled Howler|South Pacific Blackish Howler|Golden-mantled Howler|Mexican Howler
Alouatta_pigra,B. Lawrence,1933,Central American Black Howler,Guatemalan Black Howler|Lawrence's Black Howler|Mexican Black Howler|Yucatán Black Howler
Alouatta_sara,D. G. Elliot,1910,Bolivian Red Howler,Bolivian Red Howling Monkey|Bolivian Red Howler Monkey
Alouatta_seniculus,Linnaeus,1766,Colombian Red Howler,Red Howler|Red Howling Monkey|Venezuelan Red Howler
Alouatta_ululata,D. G. Elliot,1912,Maranhão Red-handed Howler,Maranhão Red-handed Howling Monkey
Ateles_belzebuth,É. Geoffroy Saint-Hilaire,1806,White-bellied Spider Monkey,Long-haired Spider Monkey|White-fronted Spider Monkey
Ateles_chamek,von Humboldt,1812,Black Spider Monkey,Black-faced Black Spider Monkey|Black-faced Spider Monkey|Chamek Spider Monkey|Peruvian Spider Monkey
Ateles_fusciceps,J. E. Gray,1866,Brown-headed Spider Monkey,Black-headed Spider Monkey|Colombian Black Spider Monkey
Ateles_geoffroyi,Kuhl,1820,Central American Spider Monkey,Black-handed Spider Monkey|Geoffroy's Spider Monkey|Azuero Spider Monkey|Black-browed Spider Monkey|Geoffroy's Spider Monkey|Hooded Spider Monkey|Mexican Spider Monkey|Ornate Spider Monkey|Yucatán Spider Monkey
Ateles_hybridus,I. Geoffroy Saint-Hilaire,1828,Variegated Spider Monkey,Brown Spider Monkey
Ateles_marginatus,É. Geoffroy Saint-Hilaire,1809,White-whiskered Spider Monkey,Marimanda Spider Monkey|White-cheeked Spider Monkey|White-faced Spider Monkey|White-fronted Spider Monkey
Ateles_paniscus,Linnaeus,1758,Red-faced Black Spider Monkey,Guianan Spider Monkey|Red-faced Spider Monkey
Brachyteles_arachnoides,É. Geoffroy Saint-Hilaire,1806,Southern Muriqui,Southern Woolly Spider Monkey
Brachyteles_hypoxanthus,zu Wied-Neuwied,1820,Northern Muriqui,Northern Woolly Spider Monkey
Lagothrix_flavicauda,von Humboldt,1812,Yellow-tailed Woolly Monkey,Hendee's Woolly Monkey|Peruvian Yellow-tailed Woolly Monkey
Lagothrix_lagothricha,von Humboldt,1812,Common Woolly Monkey,Humboldt's Woolly Monkey|Brown Woolly Monkey|Colombian Woolly Monkey
Callimico_goeldii,O. Thomas,1904,Goeldi's Monkey,Callimico|Goeldi's Marmoset|Goeldi's Tamarin
Callithrix_aurita,É. Geoffroy Saint-Hilaire in von Humboldt,1812,Buffy-tufted-ear Marmoset,Buffy-tufted Marmoset|White-eared Marmoset
Callithrix_flaviceps,O. Thomas,1903,Buffy-headed Marmoset,
Callithrix_geoffroyi,von Humboldt,1812,Geoffroy's Tufted-ear Marmoset,White-faced Marmoset|White-headed Marmoset
Callithrix_jacchus,Linnaeus,1758,Common Marmoset,White-tufted-ear Marmoset
Callithrix_kuhlii,Coimbra-Filho,1985,Wied's Marmoset,Wied's Black-tufted-ear Marmoset
Callithrix_penicillata,É. Geoffroy Saint-Hilaire in von Humboldt,1812,Black-tufted-ear Marmoset,Black-penciled Marmoset|Black-tufted Marmoset
Cebuella_niveiventris,Lönnberg,1940,Southern Pygmy Marmoset,Eastern Pygmy Marmoset
Cebuella_pygmaea,von Spix,1823,Northern Pygmy Marmoset,Western Pygmy Marmoset
Leontopithecus_caissara,Lorini & Persson,1990,Black-faced Lion Tamarin,Superagüi Lion Tamarin
Leontopithecus_chrysomelas,Kuhl,1820,Golden-headed Lion Tamarin,
Leontopithecus_chrysopygus,Mikan,1823,Black Lion Tamarin,Golden-rumped Lion Tamarin
Leontopithecus_rosalia,Linnaeus,1766,Golden Lion Tamarin,
Mico_acariensis,"M. G. M. Van Roosmalen, T. Van Roosmalen, Mittermeier, & Rylands",2000,Rio Acarí Marmoset,
Mico_argentatus,Linnaeus,1771,Silvery Marmoset,
Mico_chrysoleucos,J. A. Wagner,1842,Golden-white Tassel-ear Marmoset,Gold-and-white Marmoset|Golden-and-white Tassel-ear Marmoset
Mico_emiliae,O. Thomas,1920,Snethlage's Marmoset,Emilia's Marmoset
Mico_humeralifer,É. Geoffroy Saint-Hilaire in von Humboldt,1812,Santarém Marmoset,Black-and-white Tassel-ear Marmoset|Tassel-ear Marmoset
Mico_humilis,"M. G. M. Van Roosmalen, T. Van Roosmalen, Mittermeier, & G. A. B. de Fonseca",1998,Black-crowned Dwarf Marmoset,Dwarf Marmoset|Roosmalens's Dwarf Marmoset
Mico_intermedius,Hershkovitz,1977,Rio Aripuanã Marmoset,Aripuanã Marmoset|Hershkovitz's Marmoset
Mico_leucippe,O. Thomas,1922,Golden-white Bare-ear Marmoset,White Marmoset|Golden-and-white Bare-ear Marmoset
Mico_marcai,Alperin,1993,Marca's Marmoset,
Mico_mauesi,"Mittermeier, M. Schwarz, & J. M. Ayres",1992,Maués Marmoset,
Mico_melanurus,É. Geoffroy Saint-Hilaire in von Humboldt,1812,Black-tailed Marmoset,
Mico_munduruku,"Costa-Araújo, Farias, & Hrbek in Costa-Araújo, de Melo, G. R. Canale, Hernández-Rangel, M. R. Messias, R. V. Rossi, F. E. Silva, M. N. F. da Silva, S. D. Nash, Boubli, Farias, & Hrbek",2019,Munduruku Marmoset,
Mico_nigriceps,Ferrari & M. A. Lopes,1992,Black-headed Marmoset,
Mico_rondoni,"Ferrari, L. Sena, M. P. C. Schneider, & e Silva Júnior",2010,Rondon's Marmoset,
Mico_saterei,e Silva Júnior & Noronha,1998,Sateré Marmoset,
Mico_schneideri,"Costa-Araújo, e Silva Júnior, Boubli, R. V. Rossi, Hrbek, & Farias in Costa-Araújo, e Silva Júnior, Boubli, R. V. Rossi, G. R. Canale, F. R. Melo, Bertuol, F. E. Silva, D. A. Silva, S. D. Nash, I. Sampaio, Farias, & Hrbek",2021,Schneider's Marmoset,
Saguinus_bicolor,von Spix,1823,Pied Bare-faced Tamarin,Brazilian Bare-faced Tamarin|Pied Tamarin
Saguinus_cruzlimai,Hershkovitz,1966,Cruz Lima's Saddle-back Tamarin,
Saguinus_fuscicollis,von Spix,1823,Spix's Saddle-back Tamarin,Brown-mantled Tamarin|Hershkovitz's Saddle-back Tamarin|Saddleback Tamarin|Acre Saddle-back Tamarin|Ávila-Pires's Saddle-back Tamarin|Gray-fronted Saddle-back Tamarin|Lako's Saddle-back Tamarin
Saguinus_fuscus,Lesson,1840,Lesson's Saddle-back Tamarin,
Saguinus_geoffroyi,Pucheran,1845,Geoffroy's Tamarin,Red-crested Bare-face Tamarin|Rufous-naped Tamarin
Saguinus_illigeri,Pucheran,1845,Illiger's Saddle-back Tamarin,
Saguinus_imperator,E. A. Goeldi,1907,Black-chinned Emperor Tamarin,Emperor Tamarin
Saguinus_inustus,E. Schwarz,1951,Mottled-face Tamarin,Mottle-faced Tamarin
Saguinus_kulina,"G. P. Lopes, Röhe, Bertuol, Polo, I. J. Lima, Valsecchi, T. C. M. Santos, S. D. Nash, M. N. F. da Silva, Boubli, Farias, & Hrbek",2023,Kulinas' Mustached Tamarin,Kulinas' Tamarin
Saguinus_labiatus,É. Geoffroy Saint-Hilaire in von Humboldt,1812,Red-bellied Tamarin,Geoffroy's Red-bellied Tamarin|Red-chested Mustached Tamarin|White-lipped Tamarin|Gray's Red-bellied Tamarin|Thomas's Mustached Tamarin|Thomas's Red-bellied Tamarin
Saguinus_lagonotus,Jiménez de la Espada,1870,Red-mantled Saddle-back Tamarin,
Saguinus_leucogenys,J. E. Gray,1866,Andean Saddle-back Tamarin,
Saguinus_leucopus,A. Günther,1877,White-footed Tamarin,Silvery-brown Bare-face Tamarin|Silvery-brown Tamarin
Saguinus_martinsi,O. Thomas,1912,Martins's Bare-faced Tamarin,Martins's Tamarin|Ocherous Bare-faced Tamarin
Saguinus_midas,Linnaeus,1758,Midas Tamarin,Golden-handed Tamarin|Red-handed Tamarin|Yellow-handed Tamarin
Saguinus_mystax,von Spix,1823,Spix's Mustached Tamarin,Moustached Tamarin|Mustached Tamarin
Saguinus_niger,É. Geoffroy Saint-Hilaire,1803,Western Black-handed Tamarin,Black Tamarin
Saguinus_nigricollis,von Spix,1823,Black-mantled Tamarin,Black Mantle Tamarin|Graells's Black-mantled Tamarin|Graells's Tamarin|Hernández-Camacho's Black-mantled Tamarin|Spix's Black-mantled Tamarin
Saguinus_nigrifrons,I. Geoffroy Saint-Hilaire,1851,Geoffroy's Saddle-back Tamarin,
Saguinus_oedipus,Linnaeus,1758,Cotton-top Tamarin,Cotton-headed Tamarin|Cottontop Tamarin
Saguinus_pileatus,I. Geoffroy Saint-Hilaire & Deville,1848,Red-cap Mustached Tamarin,Red-capped Mustached Tamarin|White-rump Mustached Tamarin
Saguinus_subgrisescens,Lönnberg,1940,Bearded Emperor Tamarin,Emperor Tamarin
Saguinus_tripartitus,A. Milne-Edwards,1878,Golden-mantled Saddle-back Tamarin,Golden-mantle Saddleback Tamarin|Golden-mantled Tamarin
Saguinus_ursula,von Hoffmannsegg,1807,Eastern Black-handed Tamarin,
Saguinus_weddellii,Deville,1849,Weddell's Saddle-back Tamarin,Crandall's Saddle-back Tamarin|White-mantled Tamarin|White Saddle-back Tamarin|Brown-mantled Tamarin
Cebus_albifrons,von Humboldt,1812,White-fronted Capuchin,Humboldt'sWhite-fronted Capuchin|Ecuadorian White-fronted Capuchin|Rio Cesar White-fronted Capuchin|Shock-headed Capuchin|Sierra de Perijá White-fronted Capuchin|Santa Marta White-fronted Capuchin|Spix's White-fronted Capuchin|Varied White-fronted Capuchin|Marañón White-fronted Capuchin|Peruvian White-fronted Capuchin|Bogotá Monkey|Varied Capuchin|Andean White-fronted Capuchin
Cebus_capucinus,Linnaeus,1758,White-faced Capuchin,White-headed Capuchin|White-throated Capuchin|Colombian White-faced Capuchin|Gorgona White-faced Capuchin|Gorgona White-throated Capuchin|Panamanian White-faced Capuchin
Cebus_kaapori,de Queiroz,1992,Ka'apor Capuchin,Kaapori Capuchin
Cebus_olivaceus,Schomburgk,1848,Weeper Capuchin,Wedge-capped Capuchin|Chestnut Weeper Capuchin|Guianan Weeper Capuchin|Chestnut Weeper Capuchin|Chestnut Capuchin|Brown Weeper Capuchin|Venezuelen Brown Capuchin|Trinidad Weeper Capuchin
Sapajus_apella,Linnaeus,1758,Brown Capuchin,Black-capped Capuchin|Margarita Island Capuchin|Guianan Brown Capuchin
Sapajus_cay,Illiger,1815,Hooded Capuchin,Azara's Capuchin
Sapajus_flavius,von Schreber,1799,Blond Capuchin,Blonde Capuchin|Marcgrave's Capuchin
Sapajus_libidinosus,von Spix,1823,Bearded Capuchin,Black-striped Capuchin
Sapajus_nigritus,Goldfuss,1809,Black-horned Capuchin,Black Capuchin|Crested Black Capuchin|Horned Capuchin
Sapajus_robustus,Kuhl,1820,Crested Capuchin,Robust Tufted Capuchin
Sapajus_xanthosternos,zu Wied-Neuwied,1820,Yellow-breasted Capuchin,Buff-headed Capuchin|Golden-bellied Capuchin|Smooth-headed Capuchin
Saimiri_boliviensis,d'Orbigny in I. Geoffroy Saint-Hilaire & de Blainville,1834,Black-capped Squirrel Monkey,Bolivian Squirrel Monkey|Peruvian Squirrel Monkey
Saimiri_cassiquiarensis,Lesson,1840,Humboldt's Squirrel Monkey,Colombian Squirrel Monkey
Saimiri_collinsi,Osgood,1916,Collins's Squirrel Monkey,
Saimiri_macrodon,D. G. Elliot,1907,Ecuadorian Squirrel Monkey,
Saimiri_oerstedii,J. T. Reinhardt,1873,Central American Squirrel Monkey,Red-backed Squirrel Monkey|Black-crowned Central American Squirrel Monkey|Gray-crowned Central American Squirrel Monkey
Saimiri_sciureus,Linnaeus,1758,Guianan Squirrel Monkey,Common Squirrel Monkey
Saimiri_ustus,I. Geoffroy Saint-Hilaire,1843,Golden-backed Squirrel Monkey,Bare-eared Squirrel Monkey|Geoffroy's Squirrel Monkey|Short-tailed Squirrel Monkey
Saimiri_vanzolinii,J. M. Ayres,1985,Black-headed Squirrel Monkey,Black Squirrel Monkey|Vanzolini's Squirrel Monkey
Callicebus_barbarabrownae,Hershkovitz,1990,Blond Titi,Barbara Brown's Titi|Blond Titi Monkey|Northern Bahian Blond Titi|Northern Bahian Blond Titi Monkey
Callicebus_coimbrai,Kobayashi & Langguth,1999,Coimbra-Filho's Titi,Coimbra Filho's Titi Monkey|Coimbra's Titi
Callicebus_melanochir,zu Wied-Neuwied,1820,Southern Bahian Titi,Black-handed Titi|Coastal Black-handed Titi|Southern Bahian Masked Titi
Callicebus_nigrifrons,von Spix,1823,Black-fronted Titi,Black-fronted Titi Monkey|Northern Masked Titi
Callicebus_personatus,É. Geoffroy Saint-Hilaire in von Humboldt,1812,Masked Titi,Atlantic Titi|Black-fronted Titi|Northern Masked Titi
Cheracebus_aquinoi,"Rengifo, D'Elía, G. García, Charpentier, & F. M. Cornejo",2022,Aquino's Titi,Aquino's Titi Monkey
Cheracebus_lucifer,O. Thomas,1914,Yellow-handed Titi,Lucifer Titi|Rufous-tailed Collared Titi|Yellow-handed Titi Monkey
Cheracebus_lugens,von Humboldt,1812,White-chested Titi,Black Titi|White-handed Titi|Widow Monkey
Cheracebus_medemi,Hershkovitz,1963,Medem's Titi,Colombian Black-handed Titi|Medem's Collared Titi|Medem's Titi Monkey
Cheracebus_regulus,O. Thomas,1927,Rio Juruá Collared Titi,Juruá Collared Titi|Red-headed Titi|Thomas's Titi
Cheracebus_torquatus,von Hoffmannsegg,1807,White-collared Titi,Collared Titi|Collared Titi Monkey
Plecturocebus_baptista,Lönnberg,1939,Lake Baptista Titi,Baptista Lake Titi|Baptista Lake Titi Monkey|Lago do Baptista Titi
Plecturocebus_bernhardi,"M. G. M. Van Roosmalen, T. Van Roosmalen, & Mittermeier",2002,Prince Bernhard's Titi,Prince Bernhard's Titi Monkey
Plecturocebus_brunneus,J. A. Wagner,1842,Brown Titi,Brown Titi Monkey
Plecturocebus_caligatus,J. A. Wagner,1842,Chestnut-bellied Titi,Booted Titi|Stephen Nash's Titi Monkey|Stephen Nash's Titi|Dubious Titi|Hershkovitz's Titi
Plecturocebus_caquetensis,"Defler, Bueno, & J. García",2010,Caquetá Titi,Caquetá Titi Monkey
Plecturocebus_cinerascens,von Spix,1823,Ashy Titi,Ashy Black Titi|Ashy Black Titi Monkey|Ashy Gray Titi
Plecturocebus_cupreus,von Spix,1823,Coppery Titi,Coppery Titi Monkey
Plecturocebus_donacophilus,d'Orbigny,1835,White-eared Titi,Bolivian Gray Titi|Bolivian Titi|Bolivian Titi Monkey|d'Orbigny's Titi|Reed Titi
Plecturocebus_grovesi,"Boubli, Byrne, M. N. F. da Silva, e Silva Júnior, Costa-Araújo, Bertuol, J. Gonçalves, de Melo, Rylands, Mittermeier, F. E. Silva, S. D. Nash, G. Canale, R. de M. Alencar, R. V. Rossi, J. Carneiro, I. Sampaio, Farias, H. Schneider, & Hrbek",2019,Groves's Titi,Groves's Titi Monkey
Plecturocebus_hoffmannsi,O. Thomas,1908,Hoffmanns's Titi,Hoffmanns's Titi Monkey
Plecturocebus_leucometopus,Cabrera,1900,Red-crowned Titi,Red Titi Monkey|White-tailed Titi
Plecturocebus_miltoni,"J. C. Dalponte, F. E. Silva, & e Silva Júnior",2014,Milton's Titi,Milton's Titi Monkey
Plecturocebus_modestus,Lönnberg,1939,Río Beni Titi,Beni Titi Monkey|Bolivian Titi|Modest Titi|Rio Beni Titi
Plecturocebus_moloch,von Hoffmannsegg,1807,Red-bellied Titi,Dusky Titi|Orabassu Titi|Red-bellied Titi Monkey
Plecturocebus_oenanthe,O. Thomas,1924,San Martín Titi,Andean Titi Monkey|Isabelline Titi|Rio Mayo Titi|Rio Mayo Titi Monkey|San Martin Titi Monkey
Plecturocebus_olallae,Lönnberg,1939,Olallas' Titi,Beni Titi Monkey|Olalla Brothers' Titi|Olallas' Titi Monkey
Plecturocebus_ornatus,J. E. Gray,1866,Ornate Titi,Ornate Titi Monkey
Plecturocebus_pallescens,O. Thomas,1907,Pale Titi,Chacoan Titi Monkey|Paraguayan Gray Titi|White-coated Titi
Plecturocebus_parecis,"Gusmão, M. R. Messias, J. C. Carneiro, H. Schneider, T. B. de Alencar, Calouro, J. C. Dalponte, Mattos, Ferrari, Buss, de Azevedo, Santos Júnior, S. D. Nash, Rylands, & A. A. Barnett",2019,Parecis Titi,Parecis Titi Monkey
Plecturocebus_toppini,O. Thomas,1914,Toppin's Titi,Toppin's Titi Monkey|Madidi Titi|Golden Palace Titi Monkey|Madidi Titi Monkey
Plecturocebus_urubambensis,Vermeer & Tello-Alvarado,2015,Urubamba Brown Titi,Urubamba Brown Titi Monkey
Plecturocebus_vieirai,"Gualda-Barros, do Nascimento, & Kerr do Amaral",2012,Vieira's Titi,
Xenothrix_mcgregori,E. E. Williams & Koopman,1952,Jamaican Monkey,
Cacajao_amuna,"F. E. Silva, do Amaral, Roos, Bowler, Röhe, R. Sampaio, Janiak, Bertuol, Santana, e Silva Júnior, Rylands, Gubili, Hrbek, McDevitt, & Boubli",2022,Kanamari White Uacari,Kanamari White Uakari
Cacajao_ayresi,"Boubli, M. N. F. da Silva, Amado, Hrbek, Pontual, & Farias",2008,Araçá Uacari,Ayres's Uakari | Ayres's Uacari
Cacajao_calvus,I. Geoffroy Saint-Hilaire,1847,White Bald Uacari,Bald Uakari|Bald-headed Uacari|Red-and-white Uacari|White Bald-headed Uacari
Cacajao_hosomi,"Boubli, M. N. F. da Silva, Amado, Hrbek, Pontual, & Farias",2008,Neblina Uacari,Black Uacari | Black Uakari | Black-faced Uacari |Black-faced Uakari | Golden-backed Black Uacari | Golden-backed Uakari
Cacajao_melanocephalus,von Humboldt,1812,Golden-brown Uacari,Golden-backed Uacari | Golden-backed Uakari | Spix's Black-headed Uacari | Spix's Black-headed Uakari | Black-headed Uacari | Black-headed Uakari
Cacajao_novaesi,Hershkovitz,1987,Novaes's Bald Uacari,Novaes's Bald Uakari|Novaes's Bald-headed Uacari
Cacajao_rubicundus,I. Geoffroy Saint-Hilaire & Deville,1848,Red Bald Uacari,Red Uacari|Red Uakari|Red Bald-headed Uacari
Cacajao_ucayalii,O. Thomas,1928,Ucayali Bald Uacari,Peruvian Red Bald-headed Uacari|Ucayali Bald Uakari|Ucayali Bald-headed Uacari
Chiropotes_albinasus,I. Geoffroy Saint-Hilaire & Deville,1848,Red-nosed Bearded Saki,Red-nosed Saki|White-nosed Bearded Saki|White-nosed Saki
Chiropotes_chiropotes,von Humboldt,1812,Rio Negro Bearded Saki,Bearded Saki|Red-backed Saki|Tawny-olive Bearded Saki
Chiropotes_sagulatus,Traill,1821,Guianan Bearded Saki,Northern Bearded Saki Monkey|Reddish-brown Bearded Saki
Chiropotes_satanas,von Hoffmannsegg,1807,Black Bearded Saki,Black Saki|Brown-bearded Saki
Chiropotes_utahicki,Hershkovitz,1985,Uta Hick's Bearded Saki,Uta Hick's Saki
Pithecia_aequatorialis,Hershkovitz,1987,Equatorial Saki,
Pithecia_albicans,J. E. Gray,1860,Buffy Saki,White Saki|White-footed Saki
Pithecia_cazuzai,Marsh,2014,Cazuza's Saki,Golden-faced Saki|Golden-headed Saki
Pithecia_chrysocephala,I. Geoffroy Saint-Hilaire,1851,Golden-faced Saki,
Pithecia_hirsuta,von Spix,1823,Hairy Saki,Burnished Saki
Pithecia_irrorata,J. E. Gray,1844,Gray's Bald-faced Saki,Bald-faced Saki|Gray Monkey Saki|Gray Saki|Rio Tapajós Saki|Ryland's Bald-faced Saki|Mittermeier's Saki|Mittermeier's Tapajos Saki|Pissinatti's Bald-faced Saki
Pithecia_isabela,Marsh,2014,Isabel's Saki,
Pithecia_milleri,J. A. Allen,1914,Miller's Saki,Miller's Monk Saki
Pithecia_monachus,É. Geoffroy Saint-Hilaire in von Humboldt,1812,Monk Saki,Hairy Saki|Geoffroy's Monk Saki
Pithecia_napensis,Lönnberg,1938,Napo Saki,
Pithecia_pithecia,Linnaeus,1766,White-faced Saki,Guianan Saki|Pale-headed Saki|Guiana White-faced Saki
Pithecia_vanzolinii,Hershkovitz,1987,Vanzolini's Bald-faced Saki,
Carlito_syrichta,Linnaeus,1758,Philippine Tarsier,Bohol Tarsier|Mindanao Tarsier
Cephalopachus_bancanus,Horsfield,1821,Western Tarsier,Belitung Tarsier|Bornean Tarsier|Horsfield's Tarsier|Serasan Island Tarsier|South Natuna Islands Tarsier
Tarsius_dentatus,G. S. Miller & Hollister,1921,Dian's Tarsier,Diana Tarsier
Tarsius_fuscus,G. Fischer,1804,Makassar Tarsier,
Tarsius_lariang,Merker & Groves,2006,Lariang Tarsier,
Tarsius_niemitzi,"Shekelle, Groves, Maryanto, Mittermeier, Salim, & M. S. Springer",2019,Niemitz's Tarsier,Bunsing|Tangkasi|Podi
Tarsius_pelengensis,Sody,1949,Peleng Tarsier,Peleng Island Tarsier
Tarsius_pumilus,G. S. Miller & Hollister,1921,Pygmy Tarsier,Lesser Spectral Tarsier|Mountain Tarsier|Sulawesi Mountain Tarsier
Tarsius_sangirensis,A. B. Meyer,1896,Great Sangihe Tarsier,Sangihe Island Tarsier|Sangihe Tarsier
Tarsius_spectrumgurskyae,"Shekelle, Groves, Maryanto, & Mittermeier",2017,Gursky's Spectral Tarsier,Tangkasi|Wusing
Tarsius_supriatnai,"Shekelle, Groves, Maryanto, & Mittermeier",2017,Jatna's Tarsier,Mimito
Tarsius_tarsier,Erxleben,1777,Selayar Tarsier,Spectral Tarsier
Tarsius_tumpara,"Shekelle, Groves, Merker, & J. Supriatna",2008,Siau Island Tarsier,Siau Tarsier
Tarsius_wallacei,"Merker, Driller, Dahruddin, Wirdateti, W. Sinaga, Perwitasari-Farajallah, & Shekelle",2010,Wallace's Tarsier,
Daubentonia_madagascariensis,J. F. Gmelin,1788,Aye-aye,
Archaeolemur_edwardsi,Filhol,1895,Edwards's Monkey Lemur,Edwards's Baboon Lemur
Allocebus_trichotis,A. Günther,1875,Hairy-eared Dwarf Lemur,Hairy-eared Mouse Lemur
Cheirogaleus_andysabini,"Lei Runhua, McLain, Frasier, J. M. Taylor, C. A. Bailey, Engberg, Ginter, S. D. Nash, Randriamampionona, Groves, Mittermeier, & E. E. Louis",2015,Montagne d'Ambre Dwarf Lemur,Andy Sabin's Dwarf Lemur
Cheirogaleus_crossleyi,A. Grandidier,1870,Crossley's Dwarf Lemur,Furry-eared Dwarf Lemur
Cheirogaleus_grovesi,"McLain, Lei Runhua, Frasier, J. M. Taylor, C. A. Bailey, B. A. D. Robertson, S. D. Nash, J. C. Randriamanana, Mittermeier, & E. E. Louis",2017,Groves's Dwarf Lemur,Andringitra Dwarf Lemur|Haute Matsiatra Dwarf Lemur
Cheirogaleus_lavasoensis,"D. Thiele, Razafimahatratra, & Hapke",2013,Lavasoa Dwarf Lemur,
Cheirogaleus_major,É. Geoffroy Saint-Hilaire,1812,Greater Dwarf Lemur,Geoffroy's Dwarf Lemur
Cheirogaleus_medius,É. Geoffroy Saint-Hilaire,1812,Fat-tailed Dwarf Lemur,Lesser Dwarf Lemur|Spiny Forest Dwarf Lemur|Western Fat-tailed Dwarf Lemur
Cheirogaleus_minusculus,Groves,2000,Lesser Iron-gray Dwarf Lemur,Large Iron-gray Dwarf Lemur
Cheirogaleus_shethi,"Frasier, Lei Runhua, McLain, J. M. Taylor, C. A. Bailey, Ginter, S. D. Nash, Randriamampionona, Groves, Mittermeier, & E. E. Louis",2016,Ankarana Dwarf Lemur,Sheth's Dwarf Lemur
Cheirogaleus_sibreei,Forsyth Major,1896,Sibree's Dwarf Lemur,
Cheirogaleus_thomasi,Forsyth Major,1894,Thomas's Dwarf Lemur,
Microcebus_arnholdi,"E. E. Louis, Engberg, McGuire, McCormick, Randriamampionona, Ranaivoarisoa, C. A. Bailey, Mittermeier, & Lei Runhua",2008,Montagne d'Ambre Mouse Lemur,Arnhold's Mouse Lemur
Microcebus_berthae,"Rasoloarison, S. M. Goodman, & Ganzhorn",2000,Madame Berthe's Mouse Lemur,Berthe's Mouse Lemur
Microcebus_danfossi,"Olivieri, E. Zimmermann, Randrianambinina, Rasoloharijaona, D. Rakotondravony, Guschanski, & Radespiel",2007,Ambarijeby Mouse Lemur,Danfoss's Mouse Lemur
Microcebus_gerpi,"Radespiel, J. H. Ratsimbazafy, Rasoloharijaona, Raveloson, Andriaholinirina, R. Rakotondravony, Randrianarison, & Randrianambinina",2012,Gerp's Mouse Lemur,
Microcebus_griseorufus,Kollmann,1910,Gray-brown Mouse Lemur,Red-and-gray Mouse Lemur|Reddish-gray Mouse Lemur|Rufous-gray Mouse Lemur
Microcebus_jollyae,"E. E. Louis, Coles, Andriantompohavana, Sommer, Engberg, Zaonarivelo, Mayor, & Brenneman",2006,Jolly's Mouse Lemur,Marohita Mouse Lemur
Microcebus_jonahi,"Schüßler, Blanco, Salmona, Poelstra, Andriambeloson, A. Miller, Randrianambinina, Rasolofoson, Mantilla-Contreras, Chikhi, E. E. Louis, Yoder, & Radespiel",2020,Jonah's Mouse Lemur,
Microcebus_lehilahytsara,"Roos & Kappeler in Kappeler, Rasoloarison, Razafimanantsoa, L. Walter, & Roos",2005,Goodman's Mouse Lemur,Mittermeier's Mouse Lemur
Microcebus_macarthurii,"Radespiel, Olivieri, Rasolofoson, Rakotondratsimba, Rakotonirainy, Rasoloharijaona, Randrianambinina, J. H. Ratsimbazafy, Ratelolahy, Randriamboavonjy, Rasolofoharivelo, Craul, Rakotozafy, & Randrianarison",2008,Anjiahely Mouse Lemur,MacArthur's Mouse Lemur
Microcebus_mamiratra,"Andriantompohavana, Zaonarivelo, Engberg, Randriamampionona, McGuire, Shore, Rakotonomenjanahary, Brenneman, & E. E. Louis",2006,Nosy Be Mouse Lemur,Claire's Mouse Lemur
Microcebus_margotmarshae,"E. E. Louis, Engberg, McGuire, McCormick, Randriamampionona, Ranaivoarisoa, C. A. Bailey, Mittermeier, & Lei Runhua",2008,Margot Marsh's Mouse Lemur,Antafondro Mouse Lemur
Microcebus_murinus,J. F. Miller,1777,Gray Mouse Lemur,Lesser Mouse Lemur|Bemnasy Mouse Lemur|Southeastern Mouse Lemur|Ganzhorn's Mouse Lemur
Microcebus_myoxinus,W. C. H. Peters,1851,Peters's Mouse Lemur,Pygmy Mouse Lemur
Microcebus_ravelobensis,"E. Zimmermann, Cepok, Rakotoarison, Zietemann, & Radespiel",1998,Golden-brown Mouse Lemur,Lac Ravelobe Mouse Lemur|Ravelobe Mouse Lemur|Bongolava Mouse Lemur
Microcebus_rufus,Lesson,1836,Rufous Mouse Lemur,Brown Mouse Lemur|Eastern Rufous Mouse Lemur
Microcebus_sambiranensis,"Rasoloarison, S. M. Goodman, & Ganzhorn",2000,Sambirano Mouse Lemur,
Microcebus_simmonsi,"E. E. Louis, Coles, Andriantompohavana, Sommer, Engberg, Zaonarivelo, Mayor, & Brenneman",2006,Simmons's Mouse Lemur,Nosy Boraha Mouse Lemur
Microcebus_tanosi,"Rasoloarison, Weisrock, Yoder, D. Rakotondravony, & Kappeler",2013,Anosy Mouse Lemur,
Microcebus_tavaratra,"Rasoloarison, S. M. Goodman, & Ganzhorn",2000,Tavaratra Mouse Lemur,Northern Brown Mouse Lemur|Northern Rufous Mouse Lemur
Mirza_coquereli,A. Grandidier,1867,Coquerel's Giant Mouse Lemur,Giant Mouse Lemur|Southern Giant Mouse Lemur
Mirza_zaza,"Kappeler & Roos in Kappeler, Rasoloarison, Razafimanantsoa, L. Walter, & Roos",2005,Northern Giant Mouse Lemur,
Phaner_electromontis,Groves & Tattersall,1991,Montagne d'Ambre Fork-marked Lemur,Amber Mountain Fork-marked Lemur
Phaner_furcifer,de Blainville,1839,Masoala Fork-marked Lemur,Eastern Fork-marked Lemur|Masoala Fork-crowned Lemur
Phaner_pallescens,Groves & Tattersall,1991,Pale Fork-marked Lemur,Pale Fork-crowned Lemur|Western Fork-marked Lemur
Phaner_parienti,Groves & Tattersall,1991,Sambirano Fork-marked Lemur,Pariente's Fork-crowned Lemur|Pariente's Fork-marked Lemur
Avahi_betsileo,"Andriantompohavana, Lei Runhua, Zaonarivelo, Engberg, Nalanirina, McGuire, Shore, Andrianasolo, Herrington, Brenneman, & E. E. Louis",2007,Betsileo Woolly Lemur,
Avahi_cleesei,Thalmann & T. Geissmann,2005,Bemaraha Woolly Lemur,Cleese's Woolly Lemur
Avahi_laniger,J. F. Gmelin,1788,Eastern Woolly Lemur,Eastern Avahi|Gmelin's Woolly Lemur
Avahi_meridionalis,"Zaramody, Fausser, Roos, Zinner, Andriaholinirina, Rabarivola, Norscia, Tattersall, & Rumpler",2006,Southern Woolly Lemur,Southern Avahi
Avahi_mooreorum,"Lei Runhua, Engberg, Andriantompohavana, McGuire, Mittermeier, Zaonarivelo, Brenneman, & E. E. Louis",2008,Masoala Woolly Lemur,Moore's Woolly Lemur
Avahi_occidentalis,von Lorenz-Liburnau,1898,Western Woolly Lemur,Lorenz von Liburnau's Woolly Lemur|Western Avahi
Avahi_peyrierasi,"Zaramody, Fausser, Roos, Zinner, Andriaholinirina, Rabarivola, Norscia, Tattersall, & Rumpler",2006,Peyrieras's Woolly Lemur,
Avahi_ramanantsoavani,"Zaramody, Fausser, Roos, Zinner, Andriaholinirina, Rabarivola, Norscia, Tattersall, & Rumpler",2006,Manombo Woolly Lemur,Ramanantsoavana's Southern Woolly Lemur|Ramanantsoavana's Woolly Lemur
Avahi_unicolor,Thalmann & T. Geissmann,2000,Sambirano Woolly Lemur,Sambirano Avahi|Unicolor Woolly Lemur
Indri_indri,J. F. Gmelin,1788,Indri,Babakoto
Propithecus_candidus,A. Grandidier,1871,Silky Sifaka,Silky Simpona
Propithecus_coquereli,A. Grandidier,1867,Coquerel's Sifaka,
Propithecus_coronatus,A. Milne-Edwards,1871,Crowned Sifaka,
Propithecus_deckenii,W. C. H. Peters,1870,Decken's Sifaka,Von der Decken's Sifaka
Propithecus_diadema,E. T. Bennett,1832,Diademed Sifaka,Diademed Simpona
Propithecus_edwardsi,A. Grandidier,1871,Milne-Edwards's Sifaka,Milne-Edwards's Simpona
Propithecus_perrieri,L. Lavauden,1931,Perrier's Sifaka,
Propithecus_tattersalli,Simons,1988,Tattersall's Sifaka,Golden-crowned Sifaka
Propithecus_verreauxi,A. Grandidier,1867,Verreaux's Sifaka,White Sifaka
Eulemur_albifrons,É. Geoffroy Saint-Hilaire,1796,White-fronted Brown Lemur,White-fronted Lemur|White-headed Brown Lemur|White-headed Lemur
Eulemur_cinereiceps,A. Milne-Edwards & A. Grandidier,1890,White-collared Brown Lemur,Gray-headed Brown Lemur|Gray-headed Lemur|White-collared Lemur
Eulemur_collaris,É. Geoffroy Saint-Hilaire,1812,Red-collared Brown Lemur,Collared Brown Lemur|Red-collared Lemur
Eulemur_coronatus,J. E. Gray,1842,Crowned Lemur,
Eulemur_flavifrons,J. E. Gray,1867,Blue-eyed Black Lemur,Sclater's Black Lemur|Sclater's Lemur
Eulemur_fulvus,É. Geoffroy Saint-Hilaire,1796,Brown Lemur,Common Brown Lemur
Eulemur_macaco,Linnaeus,1766,Black Lemur,
Eulemur_mongoz,Linnaeus,1766,Mongoose Lemur,
Eulemur_rubriventer,I. Geoffroy Saint-Hilaire,1851,Red-bellied Lemur,
Eulemur_rufifrons,E. T. Bennett,1833,Red-fronted Brown Lemur,Southern Red-fronted Brown Lemur
Eulemur_rufus,Audebert,1800,Rufous Brown Lemur,Northern Red-fronted Brown Lemur|Red Brown Lemur|Red-fronted Lemur
Eulemur_sanfordi,Archbold,1932,Sanford's Brown Lemur,Sanford's Lemur
Hapalemur_alaotrensis,Rumpler,1975,Lac Alaotra Bamboo Lemur,Alaotran Bamboo Lemur|Bandro|Lac Alaotra Gentle Lemur|Lake Alaotra Gentle Lemur
Hapalemur_aureus,"Meier, Albignac, Peyriéras, Rumpler, & P. Wright",1987,Golden Bamboo Lemur,
Hapalemur_griseus,Link,1795,Gray Bamboo Lemur,Eastern Gray Bamboo Lemur|Eastern Lesser Bamboo Lemur|Gray Gentle Lemur|Beanamalao Bamboo Lemur|Ranomafana Bamboo Lemur
Hapalemur_meridionalis,"Warter, Randrianasolo, Dutrillaux, & Rumpler",1987,Southern Bamboo Lemur,Rusty-gray Bamboo Lemur|Rusty-gray Lesser Bamboo Lemur|Southern Gentle Lemur
Hapalemur_occidentalis,Rumpler,1975,Northern Bamboo Lemur,Northern Gentle Lemur|Sambirano Bamboo Lemur|Sambirano Lesser Bamboo Lemur|Western Bamboo Lemur
Lemur_catta,Linnaeus,1758,Ring-tailed Lemur,
Prolemur_simus,J. E. Gray,1871,Greater Bamboo Lemur,Broad-nosed Bamboo Lemur|Broad-nosed Gentle Lemur
Varecia_rubra,É. Geoffroy Saint-Hilaire,1812,Red Ruffed Lemur,
Varecia_variegata,Kerr,1792,Black-and-white Ruffed Lemur,Pied Black-and-white Ruffed Lemur|Northern Black-and-white Ruffed Lemur|Southern Black-and-white Ruffed Lemur|Variegated Ruffed Lemur
Lepilemur_aeeclis,"Andriaholinirina, Fausser, Roos, Zinner, Thalmann, Rabarivola, Ravoarimanana, Ganzhorn, Meier, Hilgartner, L. Walter, Zaramody, C. Langer, T. Hahn, E. Zimmermann, Radespiel, Craul, Tomiuk, Tattersall, & Rumpler",2017,Antafia Sportive Lemur,AEECL's Sportive Lemur
Lepilemur_ahmansoni,"E. E. Louis, Engberg, Lei Runhua, Geng Huimin, Sommer, Randriamampionona, J. C. Randriamanana, Zaonarivelo, Andriantompohavana, Randria, Prosper, Ramaromilanto, Rakotoarisoa, Rooney, & Brenneman",2006,Tsiombikibo Sportive Lemur,Ahmanson's Sportive Lemur
Lepilemur_ankaranensis,Rumpler & Albignac,1975,Ankarana Sportive Lemur,Ankarana Weasel Lemur
Lepilemur_betsileo,"E. E. Louis, Engberg, Lei Runhua, Geng Huimin, Sommer, Randriamampionona, J. C. Randriamanana, Zaonarivelo, Andriantompohavana, Randria, Prosper, Ramaromilanto, Rakotoarisoa, Rooney, & Brenneman",2006,Betsileo Sportive Lemur,
Lepilemur_dorsalis,J. E. Gray,1871,Gray's Sportive Lemur,Back-striped Sportive Lemur|Gray-backed Sportive Lemur|Mittermeier's Sportive Lemur
Lepilemur_edwardsi,Forsyth Major in Forbes,1894,Milne-Edwards's Sportive Lemur,Milne-Edwards's Weasel Lemur
Lepilemur_fleuretae,"E. E. Louis, Engberg, Lei Runhua, Geng Huimin, Sommer, Randriamampionona, J. C. Randriamanana, Zaonarivelo, Andriantompohavana, Randria, Prosper, Ramaromilanto, Rakotoarisoa, Rooney, & Brenneman",2006,Andohahela Sportive Lemur,Fleurette's Sportive Lemur
Lepilemur_grewcocki,"E. E. Louis, Engberg, Lei Runhua, Geng Huimin, Sommer, Randriamampionona, J. C. Randriamanana, Zaonarivelo, Andriantompohavana, Randria, Prosper, Ramaromilanto, Rakotoarisoa, Rooney, & Brenneman",2006,Anjiamangirana Sportive Lemur,Grewcock's Sportive Lemur
Lepilemur_hollandorum,"Ramaromilanto, Lei Runhua, Engberg, S. E. Johnson, Sitzmann, & E. E. Louis",2009,Mananara-Nord Sportive Lemur,Holland's Sportive Lemur
Lepilemur_hubbardi,"E. E. Louis, Engberg, Lei Runhua, Geng Huimin, Sommer, Randriamampionona, J. C. Randriamanana, Zaonarivelo, Andriantompohavana, Randria, Prosper, Ramaromilanto, Rakotoarisoa, Rooney, & Brenneman",2006,Zombitse Sportive Lemur,Hubbard's Sportive Lemur
Lepilemur_jamesi,"E. E. Louis, Engberg, Lei Runhua, Geng Huimin, Sommer, Randriamampionona, J. C. Randriamanana, Zaonarivelo, Andriantompohavana, Randria, Prosper, Ramaromilanto, Rakotoarisoa, Rooney, & Brenneman",2006,Manombo Sportive Lemur,James's Sportive Lemur
Lepilemur_leucopus,Forsyth Major,1894,White-footed Sportive Lemur,White-footed Weasel Lemur
Lepilemur_microdon,Forsyth Major in Forbes,1894,Small-toothed Sportive Lemur,Small-toothed Weasel Lemur
Lepilemur_milanoii,"E. E. Louis, Engberg, Lei Runhua, Geng Huimin, Sommer, Randriamampionona, J. C. Randriamanana, Zaonarivelo, Andriantompohavana, Randria, Prosper, Ramaromilanto, Rakotoarisoa, Rooney, & Brenneman",2006,Daraina Sportive Lemur,
Lepilemur_mustelinus,I. Geoffroy Saint-Hilaire,1851,Weasel Sportive Lemur,Greater Sportive Lemur|Greater Weasel Lemur|Weasel Lemur
Lepilemur_otto,"Craul, E. Zimmermann, Rasoloharijaona, Randrianambinina, & Radespiel",2017,Ambodimahabibo Sportive Lemur,Otto's Sportive Lemur
Lepilemur_petteri,"E. E. Louis, Engberg, Lei Runhua, Geng Huimin, Sommer, Randriamampionona, J. C. Randriamanana, Zaonarivelo, Andriantompohavana, Randria, Prosper, Ramaromilanto, Rakotoarisoa, Rooney, & Brenneman",2006,Petter's Sportive Lemur,
Lepilemur_randrianasoloi,"Andriaholinirina, Fausser, Roos, Zinner, Thalmann, Rabarivola, Ravoarimanana, Ganzhorn, Meier, Hilgartner, L. Walter, Zaramody, C. Langer, T. Hahn, E. Zimmermann, Radespiel, Craul, Tomiuk, Tattersall, & Rumpler",2017,Bemaraha Sportive Lemur,Randrianasolo's Sportive Lemur
Lepilemur_ruficaudatus,A. Grandidier,1867,Red-tailed Sportive Lemur,Red-tailed Weasel Lemur
Lepilemur_sahamalaza,"Andriaholinirina, Fausser, Roos, Zinner, Thalmann, Rabarivola, Ravoarimanana, Ganzhorn, Meier, Hilgartner, L. Walter, Zaramody, C. Langer, T. Hahn, E. Zimmermann, Radespiel, Craul, Tomiuk, Tattersall, & Rumpler",2017,Sahamalaza Sportive Lemur,Sahamalaza Peninsula Sportive Lemur
Lepilemur_scottorum,"Lei Runhua, Engberg, Andriantompohavana, McGuire, Mittermeier, Zaonarivelo, Brenneman, & E. E. Louis",2008,Masoala Sportive Lemur,Scott's Sportive Lemur
Lepilemur_seali,"E. E. Louis, Engberg, Lei Runhua, Geng Huimin, Sommer, Randriamampionona, J. C. Randriamanana, Zaonarivelo, Andriantompohavana, Randria, Prosper, Ramaromilanto, Rakotoarisoa, Rooney, & Brenneman",2006,Seal's Sportive Lemur,Anjanaharibe-Sud Sportive Lemur
Lepilemur_septentrionalis,Rumpler & Albignac,1975,Sahafary Sportive Lemur,Northern Sportive Lemur|Northern Weasel Lemur
Lepilemur_tymerlachsoni,"E. E. Louis, Engberg, Lei Runhua, Geng Huimin, Sommer, Randriamampionona, J. C. Randriamanana, Zaonarivelo, Andriantompohavana, Randria, Prosper, Ramaromilanto, Rakotoarisoa, Rooney, & Brenneman",2006,Nosy Be Sportive Lemur,Hawks' Sportive Lemur|Nosy Be Weasel Lemur
Lepilemur_wrighti,"E. E. Louis, Engberg, Lei Runhua, Geng Huimin, Sommer, Randriamampionona, J. C. Randriamanana, Zaonarivelo, Andriantompohavana, Randria, Prosper, Ramaromilanto, Rakotoarisoa, Rooney, & Brenneman",2006,Wright's Sportive Lemur,Kalambatritra Sportive Lemur
Megaladapis_madagascariensis,Forsyth Major,1893,Koala Lemur,
Palaeopropithecus_ingens,G. Grandidier,1899,Large Sloth Lemur,
Euoticus_elegantulus,Le Conte,1857,Southern Needle-clawed Galago,Elegant Galago|Elegant Needle-clawed Galago|Southern Needle-clawed Bushbaby|Western Needle-clawed Bushbaby|Western Needle-clawed Galago
Euoticus_pallidus,J. E. Gray,1863,Northern Needle-clawed Galago,Northern Needle-clawed Bushbaby|Pallid Needle-clawed Galago|Bioko Needle-clawed Galago|Nigeria Needle-clawed Galago
Galago_gallarum,O. Thomas,1901,Somali Lesser Galago,Somali Bushbaby|Somali Galago
Galago_matschiei,von Lorenz-Liburnau,1917,Spectacled Lesser Galago,Dusky Bushbaby|Matschie's Lesser Galago
Galago_moholi,A. Smith,1836,Southern Lesser Galago,Mohol Galago|Moholi Bushbaby|Moholi Galago|South African Galago|South African Lesser Galago
Galago_senegalensis,É. Geoffroy Saint-Hilaire,1796,Northern Lesser Galago,Senegal Bushbaby|Senegal Galago|Ethiopia Lesser Galago|Kenya Lesser Galago|Senegal Lesser Galago|Uganda Lesser Galago
Galagoides_demidoff,G. Fischer,1806,Demidoff's Dwarf Galago,Demidoff's Dwarf Bushbaby|Prince Demidoff's Bushbaby|Bioko Dwarf Galago|Calabar Dwarf Galago|Congo Dwarf Galago|Kasai Dwarf Galago|Uele Dwarf Galago
Galagoides_kumbirensis,"Svensson, Bersacola, M. S. L. Mills, Munds, Nijman, A. Perkin, Masters, Couette, Nekaris, & Bearder",2017,Angolan Dwarf Galago,
Galagoides_thomasi,D. G. Elliot,1907,Thomas's Dwarf Galago,Thomas's Bushbaby|Thomas's Dwarf Bushbaby|Thomas's Galago
Otolemur_crassicaudatus,É. Geoffroy Saint-Hilaire,1812,Thick-tailed Greater Galago,Brown Greater Galago|Garnett's Greater Galago|Greater Bushbaby|Greater Galago|Large-eared Greater Galago|Thick-tailed Bushbaby|Miombo Silver Galago|Northern Silver Galago|South African Thick-tailed Galago|Tanganyika Thick-Tailed Galago
Otolemur_garnettii,W. Ogilby,1838,Garnett's Greater Galago,
Paragalago_cocos,E. Heller,1912,Kenya Coast Dwarf Galago,Diani Galago|Kenya Coast Galago
Paragalago_granti,O. Thomas & Wroughton,1907,Mozambique Dwarf Galago,Grant's Bushbaby|Grant's Dwarf Galago|Grant's Galago|Grant's Lesser Galago|Mozambique Lesser Galago
Paragalago_orinus,B. Lawrence & Washburn,1936,Mountain Dwarf Galago,Amani Dwarf Galago|Uluguru Bushbaby|Usambara Galago
Paragalago_rondoensis,Honess,1996,Rondo Dwarf Galago,Rondo Bushbaby|Rondo Galago
Paragalago_zanzibaricus,Matschie,1893,Tanzania Coast Dwarf Galago,Matundu Dwarf Galago|Zanzibar Bushbaby|Zanzibar Galago|Udzungwa Dwarf Galago|Zanzibar Dwarf Galago
Sciurocheirus_alleni,G. R. Waterhouse,1838,Bioko Squirrel Galago,Allen's Bushbaby|Allen's Galago|Bioko Allen's Bushbaby
Sciurocheirus_gabonensis,J. E. Gray,1863,Gabon Squirrel Galago,Gabon Allen's Galago|Gabon Bushbaby|Gray's Squirrel Galago
Sciurocheirus_makandensis,Ambrose,2013,Makande Squirrel Galago,
Loris_lydekkerianus,Cabrera,1908,Gray Slender Loris,Dry Zone Slender Loris|Northern Slender Loris|Northern Ceylon Slender Loris|Highland Slender Loris|Malabar Slender Loris|Mysore Slender Loris
Loris_tardigradus,Linnaeus,1758,Red Slender Loris,Horton Plains Slender Loris
Nycticebus_bancanus,Lyon,1906,Bangka Slow Loris,
Nycticebus_bengalensis,de Lacépède,1800,Bengal Slow Loris,Ashy Slow Loris|Northern Slow Loris
Nycticebus_borneanus,Lyon,1906,Bornean Slow Loris,
Nycticebus_coucang,Boddaert,1785,Malaysian Slow Loris,Greater Slow Loris|Sunda Slow Loris
Nycticebus_hilleri,Stone & Rehn,1902,Hiller's Slow Loris,Sumatran Slow Loris
Nycticebus_javanicus,É. Geoffroy Saint-Hilaire,1812,Javan Slow Loris,
Nycticebus_kayan,"Munds, Nekaris, & S. M. Ford",2013,Kayan Slow Loris,
Nycticebus_menagensis,Lydekker,1893,Philippine Slow Loris,
Xanthonycticebus_intermedius,Đào Văn Tiến,1960,Northern Pygmy Slow Loris,Northern Pygmy Loris
Xanthonycticebus_pygmaeus,Bonhote,1907,Southern Pygmy Slow Loris,Southern Pygmy Loris|Lesser Slow Loris|Pygmy Loris
Arctocebus_aureus,de Winton,1902,Golden Angwantibo,Golden Potto
Arctocebus_calabarensis,J. A. Smith,1860,Calabar Angwantibo,Angwantibo|Golden Potto of Calabar
Perodicticus_edwardsi,A. Bouvier,1879,Central African Potto,Cameroon Potto|Milne-Edwards's Potto|Central Potto
Perodicticus_ibeanus,O. Thomas,1910,East African Potto,Eastern Potto|Mount Kenya Potto
Perodicticus_potto,P. L. S. Müller,1776,West African Potto,Potto|Western Potto|Benin Potto|Bosman's Potto
Bunolagus_monticularis,O. Thomas,1903,Riverine Rabbit,Bushman Hare
Caprolagus_hispidus,J. T. Pearson in Horsfield,1840,Hispid Hare,Assam Rabbit
Lepus_alleni,Mearns,1890,Antelope Jackrabbit,Allen's Hare|Allen's Jackrabbit|Blanket Jak|Burro Jack|Jackass Rabbit|Mexican Jackrabbit|Saddle Jack|Wandering Jackrabbit
Lepus_altamirae,E. W. Nelson,1904,Tamaulipas Jackrabbit,Alta Mira Jackrabbit|Black-tailed Jackrabbit
Lepus_americanus,Erxleben,1777,Snowshoe Hare,Snowshoe Rabbit|Varying Hare
Lepus_arcticus,J. Ross,1819,Arctic Hare,American Arctic Hare|Canadian Arctic Hare|Labrador Hare|Greenland Hare|Polar Hare
Lepus_brachyurus,Temminck,1844,Japanese Hare,
Lepus_californicus,J. E. Gray,1837,Black-tailed Jackrabbit,California Jackrabbit
Lepus_callotis,Wagler,1830,White-sided Jackrabbit,Beautiful-eared Jackrabbit|Gaillard Jackrabbit|Snow Sides
Lepus_capensis,Linnaeus,1758,Cape Hare,Arabian Hare|East African Hare|South African Hare
Lepus_castroviejoi,Palacios,1977,Broom Hare,
Lepus_comus,G. M. Allen,1927,Yunnan Hare,
Lepus_coreanus,O. Thomas,1892,Korean Hare,
Lepus_corsicanus,de Winton,1898,Corsican Hare,Apennine Hare|Italian Hare
Lepus_europaeus,Pallas,1778,European Hare,Brown Hare|European Brown Hare
Lepus_fagani,O. Thomas,1903,Ethiopian Hare,
Lepus_flavigularis,J. A. Wagner,1844,Tehuantepec Jackrabbit,Tehuantepec Hare|Tropical Hare
Lepus_granatensis,Rosenhauer,1856,Iberian Hare,Granada Hare
Lepus_habessinicus,Hemprich & Ehrenberg in Ehrenberg,1833,Abyssinian Hare,
Lepus_hainanus,Swinhoe,1870,Hainan Hare,Chinese Pinyin
Lepus_mandshuricus,von Radde,1861,Manchurian Hare,
Lepus_mediterraneus,J. A. Wagner,1841,Mediterranean Hare,Northwest African Hare|Sardinian Hare|
Lepus_microtis,von Heuglin,1865,African Savanna Hare,
Lepus_nigricollis,F. Cuvier,1823,Indian Hare,Black-napped Hare|Indian Desert Hare|Rufous-tailed Hare
Lepus_oiostolus,B. H. Hodgson,1840,Woolly Hare,
Lepus_othus,C. H. Merriam,1900,Alaska Hare,Alaska Arctic Hare|Alaska Peninsula Hare|Alaska Tundra Hare|St. Michael's Hare|Tundra Hare|Swift Hare|Alaskan Hare
Lepus_peguensis,E. Blyth,1855,Burmese Hare,Siamese Hare
Lepus_saharae,"Urios, Soria-Boix, & Rguibi Idrissi in Soria-Boix, Donat-Torres, Rguibi Idrissi, & Urios",2019,West Sahara Hare,
Lepus_saxatilis,F. Cuvier,1823,Scrub Hare,Savanna Hare
Lepus_schlumbergeri,Saint-Loup,1894,Moroccan Hare,Schlumberger's Hare
Lepus_sinensis,J. E. Gray,1832,Chinese Hare,
Lepus_starcki,F. Petter,1963,Ethiopian Highland Hare,Starck's Hare
Lepus_tibetanus,G. R. Waterhouse,1841,Desert Hare,
Lepus_timidus,Linnaeus,1758,Mountain Hare,Blue Hare|Snow Hare|Eurasian Arctic Hare|Varying Hare|White Hare|Irish Hare|Alpine Mountain Hare
Lepus_tolai,Pallas,1778,Tolai Hare,
Lepus_townsendii,Bachman,1839,White-tailed Jackrabbit,Prairie Hare
Lepus_yarkandensis,A. Günther,1875,Yarkand Hare,
Nesolagus_netscheri,Schlegel,1880,Sumatran Striped Rabbit,Sumatran Rabbit|Sumatran Short-eared Rabbit
Nesolagus_timminsi,"Averianov, Abramov, & A. N. Tikhonov",2000,Annamite Striped Rabbit,
Oryctolagus_algirus,Loche,1867,Iberian Rabbit,
Oryctolagus_cuniculus,Linnaeus,1758,European Rabbit,Domestic Rabbit|Wild Rabbit
Pentalagus_furnessi,Stone,1900,Amami Rabbit,Ryukyu Rabbit
Poelagus_marjorita,St. Leger,1929,Bunyoro Rabbit,Uganda Grass Hare
Pronolagus_crassicaudatus,I. Geoffroy Saint-Hilaire,1832,Natal Red Rock Hare,Greater Red Rock Hare
Pronolagus_randensis,H. L. Jameson,1907,Jameson's Red Rock Hare,
Pronolagus_rupestris,A. Smith,1834,Smith's Red Rock Hare,
Pronolagus_saundersiae,Hewitt,1927,Hewitt's Red Rock Hare,
Romerolagus_diazi,Ferrari-Pérez in A. Díaz,1893,Volcano Rabbit,
Sylvilagus_andinus,O. Thomas,1897,Andean Tapeti,
Sylvilagus_apollinaris,O. Thomas,1920,Bogotá Tapeti,Bogota Tapeti
Sylvilagus_aquaticus,Bachman,1837,Swamp Rabbit,Cane-cutter
Sylvilagus_audubonii,S. F. Baird,1857,Desert Cottontail,Audubon's Cottontail
Sylvilagus_bachmani,G. R. Waterhouse,1839,Brush Rabbit,Riparian Brush Rabbit
Sylvilagus_brasiliensis,Linnaeus,1758,Common Tapeti,Forest Rabbit|Tapeti
Sylvilagus_cunicularius,G. R. Waterhouse,1848,Mexican Cottontail,
Sylvilagus_daulensis,J. A. Allen,1914,Ecuadorean Tapeti,
Sylvilagus_dicei,W. P. Harris,1932,Dice's Cottontail,
Sylvilagus_floridanus,J. A. Allen,1890,Eastern Cottontail,Florida Cottontail
Sylvilagus_fulvescens,J. A. Allen,1912,Fulvous Tapeti,
Sylvilagus_gabbi,J. A. Allen,1877,Central American Tapeti,Central American Forest Rabbit|Tropical Cottontail
Sylvilagus_graysoni,J. A. Allen,1877,Tres Marías Cottontail,Tres Marias Rabbit|Tres Marias Cottontail
Sylvilagus_holzneri,Mearns,1896,Robust Cottontail,Manzano Mountain Cottontail
Sylvilagus_hondurensis,E. A. Goldman,1932,Honduran Cottontail,
Sylvilagus_idahoensis,C. H. Merriam,1891,Pygmy Rabbit,
Sylvilagus_incitatus,Bangs,1901,Northern Tapeti,
Sylvilagus_insonus,E. W. Nelson,1904,Omilteme Cottontail,Omiltemi Cottontail|Omiltemi Rabbit
Sylvilagus_nicefori,O. Thomas,1921,Nicefor's Tapeti,
Sylvilagus_nuttallii,Bachman,1837,Mountain Cottontail,Nuttall's Cottontail
Sylvilagus_obscurus,"J. A. Chapman, K. L. Cramer, Dippenaar, & T. J. Robinson",1992,Appalachian Cottontail,Allegheny Cottontail|Wood Rabbit
Sylvilagus_palustris,Bachman,1837,Marsh Rabbit,Key Rabbit|Lower Keys Marsh Rabbit
Sylvilagus_parentum,Ruedas,2017,Suriname Tapeti,
Sylvilagus_salentus,J. A. Allen,1913,Colombian Tapeti,
Sylvilagus_sanctaemartae,Hershkovitz,1950,Santa Marta Tapeti,
Sylvilagus_surdaster,O. Thomas,1901,Western Tapeti,
Sylvilagus_tapetillus,O. Thomas,1913,Coastal Tapeti,
Sylvilagus_transitionalis,Bangs,1895,New England Cottontail,Wood Rabbit
Sylvilagus_varynaensis,Durant & M. A. Guevara,2001,Venezuelan Lowland Rabbit,Barinas Wild Rabbit
Sylvilagus_yucatanicus,G. S. Miller,1899,Yucatán Cottontail,Yucatan Cottontail
Ochotona_alpina,Pallas,1773,Alpine Pika,Altai Pika|Eastern Sayan Pika|Eversmann's Altai Pika|Middle-Altai Pika|Tuva Pika
Ochotona_argentata,A. B. Howell,1928,Silver Pika,Helan Shan Pika
Ochotona_cansus,Lyon,1907,Gansu Pika,Gray Pika
Ochotona_collaris,E. W. Nelson,1893,Collared Pika,
Ochotona_coreana,J. A. Allen & R. C. Andrews,1913,Korean Pika,
Ochotona_curzoniae,B. H. Hodgson,1857,Plateau Pika,Black-lipped Pika
Ochotona_dauurica,Pallas,1776,Daurian Pika,Eastern Daurian Pika|Uvs Nuur Daurian Pika
Ochotona_erythrotis,Büchner,1890,Chinese Red Pika,Red-eared Pika|Glover's Pika|Muli Pika
Ochotona_flatcalvariam,"Liu Shaoying, Jin Wei, Liao Rui, Sun Zhiyu, & Liu Yang in Liu Shaoying, Jin Wei, Liao Rui, Sun Zhiyu, Zeng Tao, Fu Jianrong, Liu Yang, Wang Xin, Li Panfeng, Tang Mingkun, Chen Limin, Dong Li, Han Mingde, & Gou Dan",2017,Flat-headed Pika,
Ochotona_forresti,O. Thomas,1923,Forrest's Pika,Gaoligong Pika|Black Pika
Ochotona_galunglaensis,"Pan Xuan, Wang Xuming, & Liu Shaoying in Pan Xuan, Wang Xuming, R. W. Murphy, Peng Buqing, Zhang Zongyun, Liao Rui, Chen Shunde, & Liu Shaoying",2025,Galungla Mountain Pika,
Ochotona_hoffmanni,"Formozov, Yakhontov, & Dmitriyev",1996,Hoffmann's Pika,
Ochotona_huanglongensis,"Liu Shaoying, Jin Wei, Liao Rui, & Sun Zhiyu in Liu Shaoying, Jin Wei, Liao Rui, Sun Zhiyu, Zeng Tao, Fu Jianrong, Liu Yang, Wang Xin, Li Panfeng, Tang Mingkun, Chen Limin, Dong Li, Han Mingde, & Gou Dan",2017,Yellow Pika,
Ochotona_hyperborea,Pallas,1811,Northern Pika,Anadyr Northern Pika|Chukchi Northern Pika|Lower Indigirka Northern Pika|Northern Baikal Northern Pika|Rusty Northern Pika|Tuva Northern Pika|Ural Northern Pika
Ochotona_iliensis,Li Weidong & Ma Yong,1986,Ili Pika,
Ochotona_koslowi,Büchner,1894,Kozlov's Pika,Koslov's Pika
Ochotona_ladacensis,A. Günther,1875,Ladak Pika,
Ochotona_legbona,"Pan Xuan, Wang Xuming, & Liu Shaoying in Pan Xuan, Wang Xuming, R. W. Murphy, Peng Buqing, Zhang Zongyun, Liao Rui, Chen Shunde, & Liu Shaoying",2025,Legbo Valley Pika,
Ochotona_macrotis,A. Günther,1875,Large-eared Pika,Big-eared Pika
Ochotona_mantchurica,O. Thomas,1909,Manchurian Pika,Skorodumov's Pika
Ochotona_nubrica,O. Thomas,1922,Nubra Pika,
Ochotona_opaca,Argyropulo,1939,Kazakh Pika,
Ochotona_pallasii,J. E. Gray,1867,Pallas's Pika,Mongolian Pika
Ochotona_princeps,J. Richardson,1828,American Pika,Cony|Rock Rabbit|Whistling Hare
Ochotona_pusilla,Pallas,1769,Steppe Pika,Little Pika
Ochotona_qionglaiensis,"Liu Shaoying, Jin Wei, Liao Rui, & Sun Zhiyu in Liu Shaoying, Jin Wei, Liao Rui, Sun Zhiyu, Zeng Tao, Fu Jianrong, Liu Yang, Wang Xin, Li Panfeng, Tang Mingkun, Chen Limin, Dong Li, Han Mingde, & Gou Dan",2017,Qionglai Pika,
Ochotona_roylii,W. Ogilby,1839,Royle's Pika,Himalayan Pika
Ochotona_rufescens,J. E. Gray,1842,Afghan Pika,Kopet Dag Afghan Pika|Shurukov's Afghan Pika
Ochotona_rutila,Severtzov,1873,Turkestan Red Pika,Red Pika
Ochotona_sacraria,O. Thomas,1923,Sacred Pika,
Ochotona_sikimaria,O. Thomas,1922,Sijin Pika,
Ochotona_syrinx,O. Thomas,1911,Tsing-ling Pika,
Ochotona_thibetana,A. Milne-Edwards in A. David,1871,Moupin Pika,
Ochotona_thomasi,Argyropulo,1948,Thomas's Pika,
Ochotona_turuchanensis,Naumov,1933,Turuchan Pika,
Ochotona_vizier,O. Thomas,1911,Iranian Pika,
Prolagus_sardus,R. Wagner,1829,Sardinian Pika,
Ctenodactylus_gundi,Rothman,1777,Common Gundi,Atlas Gundi|North African Gundi|Northern Gundi
Ctenodactylus_vali,O. Thomas,1902,Desert Gundi,Sahara Gundi|Thomas's Gundi
Felovia_vae,Lataste,1886,Felou Gundi,Senegal Gundi
Massoutiera_mzabi,Lataste,1881,Mzab Gundi,
Pectinator_spekei,E. Blyth,1855,Speke's Gundi,Bushy-tailed Gundi|Speke's Pectinator
Laonastes_aenigmamus,"P. D. Jenkins, Kilpatrick, M. F. Robinson, & Timmins",2005,Kha-nyou,Annamite Rat|Laotian Rock Rat|Truong Son Rat
Cavia_aperea,Pallas,1766,Brazilian Guinea Pig,
Cavia_fulgida,Wagler,1831,Shiny Guinea Pig,
Cavia_intermedia,"Cherem, Olimpio, & Ximénez",1999,Santa Catarina's Guinea Pig,Intermediate Guinea Pig|Moleques do Sul Guinea Pig
Cavia_magna,Ximénez,1980,Greater Guinea Pig,
Cavia_patzelti,Schliemann,1982,Sacha Guinea Pig,
Cavia_porcellus,Linnaeus,1758,Domestic Guinea Pig,Guinea Pig|Domestic Cavy|Cavy
Cavia_tschudii,Fitzinger,1867,Montane Guinea Pig,
Galea_comes,O. Thomas,1919,Southern Highland Yellow-toothed Cavy,
Galea_flavidens,J. F. von Brandt,1835,Eastern Yellow-toothed Cavy,Brazilian Yellow-toothed Cavy|Yellow-toothed Cavy
Galea_leucoblephara,Burmeister,1861,Lowland Yellow-toothed Cavy,
Galea_musteloides,Meyen,1833,Highland Yellow-toothed Cavy,Common Yellow-toothed Cavy
Galea_spixii,Wagler,1831,Spix's Yellow-toothed Cavy,
Galea_tixiensis,Quintana,2001,Tixi Yellow-toothed Cavy,
Microcavia_australis,I. Geoffroy Saint-Hilaire & d'Orbigny in I. Geoffroy Saint-Hilaire,1833,Southern Mountain Cavy,
Microcavia_jayat,"Teta, R. A. Ojeda, Lucero, & D'Elía",2017,Jayat's Mountain Cavy,
Microcavia_maenas,O. Thomas,1898,Thomas's Mountain Cavy,
Microcavia_niata,O. Thomas,1898,Northern Mountain Cavy,Andean Mountain Cavy
Microcavia_shiptoni,O. Thomas,1925,Shipton's Mountain Cavy,
Microcavia_sorojchi,"Teta, Jayat, & P. E. Ortiz",2021,Sorojchi Mountain Cavy,
Dolichotis_patagonum,E. A. W. von Zimmermann,1780,Patagonian Mara,Mara|Patagonian Cavy|Patagonian Hare
Dolichotis_salinicola,Burmeister,1876,Chacoan Mara,Dwarf Mara|Dwarf Patagonian Cavy|Dwarf Patagonian Hare
Hydrochoerus_hydrochaeris,Linnaeus,1766,Greater Capybara,Capybara|Carpincho
Hydrochoerus_isthmius,E. A. Goldman,1912,Lesser Capybara,
Kerodon_acrobata,"Moojen, Locks, & Langguth",1997,Acrobatic Cavy,Acrobatic Moco|Climbing Cavy
Kerodon_rupestris,zu Wied-Neuwied,1820,Rock Cavy,Moco
Cuniculus_paca,Linnaeus,1766,Lowland Paca,Paca|Spotted Paca
Cuniculus_taczanowskii,Stolzmann,1885,Mountain Paca,
Dasyprocta_azarae,H. Lichtenstein,1823,Azara's Agouti,
Dasyprocta_coibae,O. Thomas,1902,Coiban Agouti,Coiba Island Agouti
Dasyprocta_croconota,Wagler,1831,Orange Agouti,
Dasyprocta_fuliginosa,Wagler,1832,Black Agouti,
Dasyprocta_guamara,Ojasti,1972,Guamara Agouti,Orinoco Agouti
Dasyprocta_iacki,Feijó & Langguth,2013,Iack's Red-rumped Agouti,
Dasyprocta_kalinowskii,O. Thomas,1897,Kalinowski's Agouti,Kalinowski Agouti
Dasyprocta_leporina,Linnaeus,1758,Common Red-rumped Agouti,Brazilian Agouti|Orange-rumped Agouti|Red-rumped Agouti
Dasyprocta_mexicana,de Saussure,1860,Mexican Agouti,Mexican Black Agouti
Dasyprocta_prymnolopha,Wagler,1831,Black-rumped Agouti,
Dasyprocta_punctata,J. E. Gray,1842,Central American Agouti,Ruatan Island Agouti|Roatan Island Agouti
Dasyprocta_variegata,von Tschudi,1845,Brown Agouti,
Myoprocta_acouchy,Erxleben,1777,Red Acouchi,Red Acouchy
Myoprocta_pratti,Pocock,1913,Green Acouchi,Green Acouchy
Chinchilla_chinchilla,H. Lichtenstein,1830,Short-tailed Chinchilla,Highland Chinchilla
Chinchilla_laniger,G. I. Molina,1782,Chilean Chinchilla,Coastal Chinchilla|Common Chinchilla|Long-tailed Chinchilla
Lagidium_ahuacaense,"Ledesma, Werner, Spotorno, & L. Albuja",2009,Ecuadorean Mountain Viscacha,Ecuadorean Viscacha|Viscacha of Ahuaca
Lagidium_moreni,O. Thomas,1897,Southern Mountain Viscacha,
Lagidium_peruanum,Meyen,1833,Northern Mountain Viscacha,Northern Viscacha
Lagidium_viscacia,G. I. Molina,1782,Common Mountain Viscacha,Mountain Viscacha|Southern Viscacha|Southern Mountain Viscacha
Lagidium_wolffsohni,O. Thomas,1907,Wolffsohn's Mountain Viscacha,Wolffsohn's Viscacha
Lagostomus_maximus,A. G. Desmarest,1817,Common Plains Viscacha,Argentine Plains Viscacha|Plains Viscacha|Peruvian Plains Viscacha
Dinomys_branickii,W. C. H. Peters,1873,Pacarana,
Chaetomys_subspinosus,I. von Olfers,1818,Broomstraw-spined Porcupine,Bristle-spined Porcupine|Bristle-spined Rat|Thin-spined Porcupine
Coendou_baturitensis,Feijó & Langguth,2013,Baturité Porcupine,
Coendou_bicolor,von Tschudi,1845,Bicolor-spined Porcupine,Bicolored-spined Porcupine
Coendou_ichillus,Voss & M. N. F. da Silva,2001,Western Amazonian Dwarf Porcupine,Streaked Dwarf Porcupine
Coendou_insidiosus,I. von Olfers,1818,Bahian Hairy Dwarf Porcupine,Bahia Porcupine
Coendou_longicaudatus,Daudin,1802,Amazonian Long-tailed Porcupine,Long-tailed Porcupine|Cerrado's Long-tailed Porcupine
Coendou_melanurus,J. A. Wagner,1842,Black-tailed Porcupine,Black-tailed Hairy Dwarf Porcupine
Coendou_mexicanus,Kerr,1792,Mexican Hairy Porcupine,Mexican Hairy Dwarf Porcupine|Mexican Porcupine|Mexican Tree Porcupine
Coendou_nycthemera,I. von Olfers,1818,Eastern Amazonian Dwarf Porcupine,Black Dwarf Porcupine|Koopman's Porcupine
Coendou_prehensilis,Linnaeus,1758,Yellow Quill-tipped Porcupine,Prehensile-tailed Porcupine|Brazilian Porcupine
Coendou_pruinosus,O. Thomas,1905,Frosted Porcupine,Brown Hairy Dwarf Porcupine|Frosted Hairy Dwarf Porcupine
Coendou_quichua,O. Thomas,1899,Quichua Porcupine,Andean Porcupine
Coendou_roosmalenorum,Voss & M. N. F. da Silva,2001,Roosmalens' Porcupine,Roosmalen's Dwarf Porcupine
Coendou_rothschildi,O. Thomas,1902,Rothschild's Porcupine,
Coendou_rufescens,J. E. Gray,1865,Stump-tailed Porcupine,Short-tailed Porcupine
Coendou_sangay,"J. Brito in J. Brito, Curay, León-Caldas, Lojan-Cueva, Ojala-Barbour, Pozo-Zamora, Simba, Tito, Vargas, Vega-Yánez, & Batallas",2026,Sangay Porcupine,
Coendou_speratus,"Mendes Pontes, Gadelha, É. R. A. Melo, de Sá, Loss, Caldara Júnior, L. P. Costa, & Y. L. R. Leite",2013,Pernambuco Dwarf Porcupine,Hope Porcupine
Coendou_spinosus,F. Cuvier,1823,Paraguayan Hairy Dwarf Porcupine,Paraguay Hairy Dwarf Porcupine|Spiny Tree Porcupine
Coendou_vestitus,O. Thomas,1899,Blackish Hairy Dwarf Porcupine,Brown Hairy Dwarf Porcupine
Coendou_vossi,"Ramírez-Chaves, Mazepa, D. M. Morales-Martínez, Suárez-Castro, Colmenares-Pinzón, Pulido-Santacruz, & Noguera-Urbano",2025,Voss' Porcupine,
Erethizon_dorsatum,Linnaeus,1758,North American Porcupine,Quiller|Quill Pig
Abrocoma_bennettii,G. R. Waterhouse,1837,Bennett's Chinchilla Rat,Chilean Chinchilla Rat
Abrocoma_boliviensis,Glanz & S. Anderson,1990,Bolivian Chinchilla Rat,
Abrocoma_budini,O. Thomas,1920,Budin's Chinchilla Rat,
Abrocoma_cinerea,O. Thomas,1919,Ashy Chinchilla Rat,Famatina Chinchilla Rat
Abrocoma_schistacea,O. Thomas,1921,Sierra del Tontal Chinchilla Rat,Sierra Tontal Chinchilla Rat|Uspallata Chinchilla Rat
Abrocoma_vaccarum,O. Thomas,1921,Mendozan Chinchilla Rat,
Cuscomys_ashaninka,L. H. Emmons,1999,Ashaninka Inca Rat,Ashaninka Arboreal Chinchilla Rat|Ashaninka Giant Tree Rat|Ashaninka Tree Rat
Cuscomys_oblativus,Eaton,1916,Machu Picchu Inca Rat,Machu Picchu Arboreal Chinchilla Rat
Ctenomys_andersoni,"S. L. Gardner, Salazar-Bravo, & J. A. Cook",2014,Anderson's Tuco-tuco,Anderson's Cujuchi
Ctenomys_argentinus,J. R. Contreras & L. M. Berry,1982,Argentine Tuco-tuco,
Ctenomys_australis,Rusconi,1934,Dune Tuco-tuco,Southern Tuco-tuco
Ctenomys_bergi,O. Thomas,1902,Córdoba Tuco-tuco,Berg's Tuco-tuco|Cordoba Tuco-tuco|Córdoba Laucha Tuco-tuco|Bonetto's Tuco-tuco|Yolanda's Tuco-tuco
Ctenomys_bicolor,de Miranda-Ribeiro,1914,Bicolored Tuco-tuco,
Ctenomys_bidaui,Teta & D'Elía,2020,Bidau's Tuco-tuco,
Ctenomys_boliviensis,G. R. Waterhouse,1848,Bolivian Tuco-tuco,
Ctenomys_brasiliensis,de Blainville,1826,Minute Tuco-tuco,Tiny Tuco-tuco|Brazilian Tuco-tuco
Ctenomys_chechehet,"F. J. Mapelli, Esquenazi, Teta, Austrich, Kittlein, Pereyra, Tammone, & M. S. Mora",2024,Chechehet's Tuco-tuco,
Ctenomys_coludo,O. Thomas,1920,Puntilla Tuco-tuco,Famatina Tuco-tuco
Ctenomys_conoveri,Osgood,1946,Chacoan Tuco-tuco,Conover's Tuco-tuco
Ctenomys_contrerasi,Teta & D'Elía,2020,Contreras's Tuco-tuco,
Ctenomys_dorsalis,O. Thomas,1900,Black-backed Tuco-tuco,Chacoan Tuco-tuco
Ctenomys_eileenae,"Teta, Jayat, R. Alvarado-Larios, A. A. Ojeda, P. A. Cuello, & D'Elía",2023,Eileen's Tuco-tuco,
Ctenomys_emilianus,O. Thomas & St. Leger,1926,Emilio's Tuco-tuco,Emily's Tuco-tuco
Ctenomys_erikacuellarae,"S. L. Gardner, Salazar-Bravo, & J. A. Cook",2014,Erika's Tuco-tuco,
Ctenomys_flamarioni,Travi,1981,Flamarion's Tuco-tuco,Tuco-tuco of the Dunes
Ctenomys_fochi,O. Thomas,1919,Foch's Tuco-tuco,
Ctenomys_fodax,O. Thomas,1910,Lago Blanco Tuco-tuco,
Ctenomys_frater,O. Thomas,1902,Forest Tuco-tuco,Red Tuco-tuco|Reddish Tuco-tuco
Ctenomys_fulvus,R. A. Philippi,1860,Long-tailed Tuco-tuco,Tawny Tuco-tuco
Ctenomys_haigi,O. Thomas,1919,Patagonian Tuco-tuco,Haig's Tuco-tuco
Ctenomys_heniacamiare,"F. J. Mapelli, Teta, F. Contreras, Pereyra, Priotto, & Coda",2022,Henia-Camiare Tuco-tuco,
Ctenomys_ibicuiensis,"de Freitas, Fernandes, Fornel, & Roratto",2012,Ibicui Tuco-tuco,Ibicuí Tuco-tuco
Ctenomys_johannis,O. Thomas,1921,San Juan Tuco-tuco,
Ctenomys_juris,O. Thomas,1920,Jujuy Tuco-tuco,
Ctenomys_knighti,O. Thomas,1919,Catamarca Tuco-tuco,
Ctenomys_lami,de Freitas,2001,Lami Tuco-tuco,
Ctenomys_latro,O. Thomas,1918,Mottled Tuco-tuco,
Ctenomys_lentulus,O. Thomas,1919,Lazy Tuco-tuco,
Ctenomys_lessai,"S. L. Gardner, Salazar-Bravo, & J. A. Cook",2014,Lessa's Tuco-tuco,
Ctenomys_leucodon,G. R. Waterhouse,1848,White-toothed Tuco-tuco,Titicaca Tuco-tuco
Ctenomys_lewisi,O. Thomas,1926,Lewis's Tuco-tuco,
Ctenomys_magellanicus,E. T. Bennett,1836,Magellanic Tuco-tuco,
Ctenomys_maulinus,R. A. Philippi,1872,Maule Tuco-tuco,
Ctenomys_mendocinus,R. A. Philippi,1869,Mendoza Tuco-tuco,Guanacache Tuco-tuco|Strong Tuco-tuco|Guaymallén Tuco-tuco|Guaymallen Tuco-tuco
Ctenomys_miguelchristie,Tammone,2024,Miguel Christie's Tuco-tuco,
Ctenomys_nattereri,J. A. Wagner,1848,Natterer's Tuco-tuco,Mato Grosso Tuco-tuco
Ctenomys_occultus,O. Thomas,1920,Furtive Tuco-tuco,Oculto
Ctenomys_opimus,J. A. Wagner,1848,Andean Tuco-tuco,Highland Tuco-tuco
Ctenomys_osvaldoreigi,J. R. Contreras,1995,Osvaldo Reig's Tuco-tuco,Reig's Tuco-tuco
Ctenomys_pearsoni,E. P. Lessa & Langguth,1983,Pearson's Tuco-tuco,
Ctenomys_perrensi,O. Thomas,1896,Perrens's Tuco-tuco,Goya Tuco-tuco|D'Orbigny's Tuco-tuco
Ctenomys_peruanus,Sanborn & O. P. Pearson,1947,Peruvian Tuco-tuco,
Ctenomys_pilarensis,J. R. Contreras,1993,Pilar Tuco-tuco,Paraguayan Tuco-tuco
Ctenomys_plebiscitum,"Brook, I. H. Tomasco, B. González, & G. M. Martin",2021,Plebiscite Tuco-tuco,
Ctenomys_pontifex,O. Thomas,1918,Brown Tuco-tuco,San Luis Tuco-tuco
Ctenomys_pulcer,"Verzi, De Santi, Olivares, C. C. Morgan, Basso, & Brook",2023,Monte Hermoso Tuco-tuco,
Ctenomys_rionegrensis,Langguth & Abella,1970,Rio Negro Tuco-tuco,
Ctenomys_roigi,J. R. Contreras,1988,Roig's Tuco-tuco,
Ctenomys_rondoni,de Miranda-Ribeiro,1914,Rondon's Tuco-tuco,
Ctenomys_saltarius,O. Thomas,1912,Salta Tuco-tuco,
Ctenomys_scagliai,J. R. Contreras,1999,Scaglia's Tuco-tuco,
Ctenomys_sericeus,J. A. Allen,1903,Silky Tuco-tuco,
Ctenomys_sociabilis,O. P. Pearson & Christie,1985,Colonial Tuco-tuco,Social Tuco-tuco
Ctenomys_steinbachi,O. Thomas,1907,Steinbach's Tuco-tuco,
Ctenomys_talarum,O. Thomas,1898,Talas Tuco-tuco,Las Talas Tuco-tuco|Pundt's Tuco-tuco|Small Tuco-tuco
Ctenomys_terraplen,"Brook, B. González, I. H. Tomasco, Verzi, & G. M. Martin",2024,Laguna Terraplén Tuco-tuco,
Ctenomys_thalesi,Teta & D'Elía,2020,Thales's Tuco-tuco,
Ctenomys_torquatus,H. Lichtenstein,1830,Collared Tuco-tuco,
Ctenomys_tuconax,O. Thomas,1925,Robust Tuco-tuco,
Ctenomys_tucumanus,O. Thomas,1900,Tucuman Tuco-tuco,Tucumán Tuco-tuco
Ctenomys_tulduco,O. Thomas,1921,Sierra Tontal Tuco-tuco,Tulduco
Ctenomys_uco,"R. Alvarado-Larios, Teta, P. A. Cuello, Jayat, A. P. Tarquino-Carbonell, D'Elía, P. Cornejo, & A. A. Ojeda",2024,Uco Tuco-tuco,
Ctenomys_verzi,"Teta, Jayat, R. Alvarado-Larios, A. A. Ojeda, P. A. Cuello, & D'Elía",2023,Verzi's Tuco-tuco,
Ctenomys_viperinus,O. Thomas,1926,Monte Tuco-tuco,Vipos Tuco-tuco
Ctenomys_yatesi,"S. L. Gardner, Salazar-Bravo, & J. A. Cook",2014,Yates's Tuco-tuco,
Capromys_garridoi,Varona,1970,Garrido's Hutia,
Capromys_geayi,de Pousargues,1899,Geay's Hutia,
Capromys_pilorides,Say,1822,Desmarest's Hutia,Cuban Hutia
Geocapromys_brownii,J. B. Fischer,1830,Jamaican Hutia,Brown's Hutia|Indian Coney|Jamaican Coney
Geocapromys_caymanensis,"G. S. Morgan, MacPhee, R. Woods, & Turvey",2019,Cayman Hutia,
Geocapromys_columbianus,F. M. Chapman,1892,Cuban Hutia,Cuban Coney
Geocapromys_ingrahami,J. A. Allen,1891,Ingraham's Hutia,Bahaman Hutia
Geocapromys_thoracatus,F. W. True,1889,Little Swan Island Hutia,
Mesocapromys_angelcabrerai,Varona,1979,Cabrera's Hutia,
Mesocapromys_auritus,Varona,1970,Eared Hutia,Large-eared Hutia
Mesocapromys_melanurus,F. Poey in W. C. H. Peters,1865,Black-tailed Hutia,Bushy-tailed Hutia
Mesocapromys_nana,G. M. Allen,1917,Dwarf Hutia,
Mesocapromys_sanfelipensis,Varona & Garrido,1970,San Felipe Hutia,Little Earth Hutia
Mysateles_prehensilis,Poeppig,1824,Prehensile-tailed Hutia,Cuban Prehensile-tailed Hutia|Chapman's Prehensile-tailed Hutia
Hexolobodon_phenax,G. S. Miller,1929,Imposter Hutia,
Isolobodon_montanus,G. S. Miller,1922,Montane Hutia,
Isolobodon_portoricensis,J. A. Allen,1916,Puerto Rican Hutia,
Hyperplagiodontia_araeum,C. E. Ray,1964,Wide-toothed Hutia,
Plagiodontia_aedium,F. Cuvier,1836,Hispaniolan Hutia,Cuvier's Hutia
Plagiodontia_ipnaeum,D. H. Johnson,1948,Samana Hutia,
Plagiodontia_spelaeum,G. S. Miller,1929,Small Haitian Hutia,
Rhizoplagiodontia_lemkei,C. A. Woods,1989,Lemke's Hutia,
Carterodon_sulcidens,P. W. Lund,1838,Groove-toothed Spiny-rat,Owl's Spiny-rat|Groove-toothed Spiny Rat
Dactylomys_boliviensis,H. E. Anthony,1920,Bolivian Bamboo Rat,
Dactylomys_dactylinus,A. G. Desmarest,1817,Amazon Bamboo Rat,
Dactylomys_peruanus,J. A. Allen,1900,Montane Bamboo Rat,Peruvian Bamboo Rat
Diplomys_caniceps,A. Günther,1877,Colombian Rufous Tree-rat,Arboreal Soft-furred Spiny-rat|Colombian Soft-furred Spiny-rat|Colombian Rufous Tree Rat
Diplomys_labilis,Bangs,1901,Central American Rufous Tree-rat,Rufous Soft-furred Spiny-rat|Rufous Tree Rat
Echimys_chrysurus,E. A. W. von Zimmermann,1780,White-faced Tree-rat,White-faced Spiny Tree-rat|White-faced Tree Rat
Echimys_saturnus,O. Thomas,1928,Dark Tree-rat,Dark Spiny Tree-rat|Dark Tree Rat
Echimys_vieirai,"G. E. Iack-Ximenes, de Vivo, & Percequillo",2005,Vieira's Tree-rat,Vieira's Spiny Tree-rat|Vieira's Spiny Tree Rat
Isothrix_barbarabrownae,B. D. Patterson & Velazco,2006,Barbara Brown's Brush-tailed Rat,
Isothrix_bistriata,J. A. Wagner,1845,Yellow-crowned Brush-tailed Rat,
Isothrix_negrensis,O. Thomas,1920,Rio Negro Brush-tailed Rat,
Isothrix_orinoci,O. Thomas,1899,Orinoco Brush-tailed Rat,
Isothrix_pagurus,J. A. Wagner,1845,Plain Brush-tailed Rat,
Isothrix_sinnamariensis,"Vié, Volobouev, J. L. Patton, & Granjon",1996,Sinnamary Brush-tailed Rat,
Kannabateomys_amblyonyx,J. A. Wagner,1845,Atlantic Bamboo Rat,Southern Bamboo Rat
Leiuromys_occasius,O. Thomas,1921,Bare-tailed Tree-rat,Bare-tailed Armored Tree-rat
Lonchothrix_emiliae,O. Thomas,1920,Tuft-tailed Spiny Tree-rat,Tuft-tailed Spiny-rat|Tuft-tailed Spiny Tree Rat
Makalata_didelphoides,A. G. Desmarest,1817,Red-nosed Armored Tree-rat,Brazilian Spiny Tree-rat
Makalata_macrura,J. A. Wagner,1842,Long-tailed Armored Tree-rat,Long-tailed Tree-rat|Long-tailed Armored Tree Rat
Mesomys_hispidus,A. G. Desmarest,1817,Ferreira's Spiny Tree-rat,Spiny Tree-rat|Ferreira's Spiny Tree Rat
Mesomys_leniceps,O. Thomas & St. Leger,1926,Long-haired Spiny Tree-rat,Peru Spiny Tree-rat|Woolly-headed Spiny Tree-rat|Long-haired Spiny Tree Rat
Mesomys_occultus,"J. L. Patton, M. N. F. da Silva, & Malcolm",2000,Hidden Spiny Tree-rat,Tufted-tailed Spiny Tree-rat|Hidden Spiny Tree Rat
Mesomys_stimulax,O. Thomas,1911,Para Spiny Tree-rat,Central Brazil Spiny Tree-rat|Suriname Spiny Tree-rat|Pará Spiny Tree Rat
Olallamys_albicauda,A. Günther,1879,White-tailed Olalla Rat,Colombian Soft-furred Spiny-rat
Olallamys_edax,O. Thomas,1916,Greedy Olalla Rat,Venezuelan Soft-furred Spiny-rat
Pattonomys_carrikeri,J. A. Allen,1911,Carriker's Speckled Tree-rat,Carriker's Speckled Tree Rat
Pattonomys_flavidus,Hollister,1914,Yellow Speckled Tree-rat,Yellow Speckled Tree Rat
Pattonomys_punctatus,O. Thomas,1899,Orinocan Speckled Tree-rat,Orinocan Speckled Tree Rat
Pattonomys_semivillosus,I. Geoffroy Saint-Hilaire,1838,Colombian Speckled Tree-rat,Speckled Spiny Tree-rat|Speckled Tree-rat|Colombian Speckled Tree Rat
Phyllomys_blainvilii,Jourdan,1837,Golden Atlantic Tree-rat,Golden Atlantic Tree Rat
Phyllomys_brasiliensis,P. W. Lund,1840,Brazilian Atlantic Tree-rat,Orange-brown Atlantic Tree-rat|Brazilian Atlantic Tree Rat
Phyllomys_centralis,"L. F. Machado, Loss, Paz, E. M. Vieira, F. P. Rodrigues, & Marinho-Filho",2018,Central Atlantic Tree-rat,
Phyllomys_dasythrix,Hensel,1872,Drab Atlantic Tree-rat,Drab Atlantic Tree Rat
Phyllomys_kerri,Moojen,1950,Kerr's Atlantic Tree-rat,Kerr's Atlantic Tree Rat
Phyllomys_lamarum,O. Thomas,1916,Pallid Atlantic Tree-rat,Pallid Atlantic Tree Rat
Phyllomys_lundi,Y. L. R. Leite,2003,Lund's Atlantic Tree-rat,
Phyllomys_mantiqueirensis,Y. L. R. Leite,2003,Serra da Mantiqueira Atlantic Tree-rat,Mantiqueira Atlantic Tree-rat|Serra da Mantiqueira Atlantic Tree Rat
Phyllomys_medius,O. Thomas,1909,Long-furred Atlantic Tree-rat,Long-furred Atlantic Tree Rat
Phyllomys_nigrispinus,J. A. Wagner,1842,Black-spined Atlantic Tree-rat,Black-spined Atlantic Tree Rat
Phyllomys_pattoni,"L. H. Emmons, Y. L. R. Leite, Kock, & L. P. Costa",2002,Patton's Atlantic Tree-rat,Rusty-sided Atlantic Tree-rat|Patton's Atlantic Tree Rat
Phyllomys_sulinus,"Y. L. R. Leite, A. U. Christoff, & Fagundes",2008,Southern Atlantic Tree-rat,Southern Atlantic Tree Rat
Phyllomys_thomasi,von Ihering,1897,Giant Atlantic Tree-rat,Thomas's Atlantic Tree-rat|Thomas's Atlantic Tree Rat
Phyllomys_unicolor,J. A. Wagner,1842,Unicolored Tree-rat,Short-furred Atlantic Tree-rat|Unicolored Atlantic Tree-rat|Unicolored Atlantic Tree Rat
Santamartamys_rufodorsalis,J. A. Allen,1899,Red Crested Tree-rat,Red Crested Soft-furred Spiny-rat
Toromys_albiventris,L. H. Emmons & P.-H. Fabre,2018,White-bellied Toro,
Toromys_grandis,J. A. Wagner,1845,Black Toro,Giant Armored Tree-rat|Giant Tree-rat
Toromys_rhipidurus,O. Thomas,1928,Peruvian Toro,Peruvian Armored Tree-rat|Peruvian Tree-rat
Callistomys_pictus,F.-J. Pictet,1843,Painted Tree-rat,Painted Tree Rat
Hoplomys_gymnurus,O. Thomas,1897,Armored Rat,
Myocastor_coypus,G. I. Molina,1782,Coypu,Nutria
Proechimys_brevicauda,A. Günther,1877,Short-tailed Spiny-rat,Huallaga Spiny-rat|Short-tailed Spiny Rat
Proechimys_canicollis,J. A. Allen,1899,Colombian Spiny-rat,Colombian Spiny Rat
Proechimys_chrysaeolus,O. Thomas,1898,Boyaca Spiny-rat,Boyacá Spiny Rat
Proechimys_cuvieri,F. Petter,1978,Cuvier's Spiny-rat,Cuvier's Spiny Rat
Proechimys_decumanus,O. Thomas,1899,Pacific Spiny-rat,Pacific Spiny Rat
Proechimys_echinothrix,M. N. F. da Silva,1998,Stiff-spined Spiny-rat,Stiff-spined Spiny Rat
Proechimys_gardneri,M. N. F. da Silva,1998,Gardner's Spiny-rat,Gardner's Spiny Rat
Proechimys_goeldii,O. Thomas,1905,Goeldi's Spiny-rat,Goeldi's Spiny Rat
Proechimys_guairae,O. Thomas,1901,Guaira Spiny-rat,La Guaira Spiny-rat|La Guaira Spiny Rat
Proechimys_guyannensis,É. Geoffroy Saint-Hilaire,1803,Cayenne Spiny-rat,Guyenne Spiny Rat
Proechimys_hoplomyoides,Tate,1939,Guianan Spiny-rat,Guyanan Spiny-rat|Guianan Spiny Rat
Proechimys_kulinae,M. N. F. da Silva,1998,Kulina Spiny-rat,Kulina Spiny Rat
Proechimys_longicaudatus,Rengger,1830,Long-tailed Spiny-rat,Long-tailed Spiny Rat
Proechimys_mincae,J. A. Allen,1899,Minca Spiny-rat,Minca Spiny Rat
Proechimys_oconnelli,J. A. Allen,1913,O'Connell's Spiny-rat,O'Connell's Spiny Rat
Proechimys_pattoni,M. N. F. da Silva,1998,Patton's Spiny-rat,Patton's Spiny Rat
Proechimys_quadruplicatus,Hershkovitz,1948,Napo Spiny-rat,Venezuelan Spiny-rat|Napo Spiny Rat
Proechimys_roberti,O. Thomas,1901,Robert's Spiny-rat,Roberto's Spiny-rat|Robert's Spiny Rat
Proechimys_semispinosus,Tomes,1860,Tomes's Spiny-rat,Gorgona Island Spiny-rat|Tomes's Spiny Rat
Proechimys_simonsi,O. Thomas,1900,Simons's Spiny-rat,Hendee's Spiny-rat|Simons's Spiny Rat
Proechimys_steerei,E. A. Goldman,1911,Steere's Spiny-rat,Steere's Spiny Rat
Proechimys_trinitatis,J. A. Allen & F. M. Chapman,1893,Trinidad Spiny-rat,Trinidad Spiny Rat
Thrichomys_apereoides,P. W. Lund,1839,Lagoa Santa Punare,Common Punare|Lagoa Santa Punaré
Thrichomys_dandreai,"Lazar, Weksler, & Bonvicino",2025,D’Andrea's Punare,
Thrichomys_fosteri,O. Thomas,1903,Foster's Punare,
Thrichomys_inermis,F.-J. Pictet,1843,Jacobina Punare,Highlands Punare|Rabudo|Jacobina Punaré
Thrichomys_laurentius,O. Thomas,1904,Sao Lourenço Punare,São Lourenço Punaré
Thrichomys_pachyurus,J. A. Wagner,1845,Pantanal Punare,Paraguayan Punare|Paraguayan Punaré|Rato-boiadeiro
Clyomys_laticeps,O. Thomas,1909,Broad-headed Spiny-rat,
Euryzygomatomys_spinosus,G. Fischer,1814,Guiara,Fischer's Guiara|Rata guira|Ratón espinoso
Trinomys_albispinus,I. Geoffroy Saint-Hilaire,1838,White-spined Spiny-rat,White-spined Atlantic Spiny-rat|White-spined Spiny Rat
Trinomys_dimidiatus,A. Günther,1877,Rio de Janeiro Spiny-rat,Soft-spined Atlantic Spiny-rat|Atlantic Spiny-rat|Rio de Janeiro Spiny Rat
Trinomys_eliasi,Pessôa & S. F. dos Reis,1993,Elias's Spiny-rat,Elias's Atlantic Spiny-rat|Elias's Spiny Rat
Trinomys_gratiosus,Moojen,1948,Gracile Atlantic Spiny-rat,Gracile Atlantic Spiny Rat
Trinomys_iheringi,O. Thomas,1911,Sao Paulo Spiny-rat,Ihering's Atlantic Spiny-rat|Ihering's Spiny-rat|São Paulo Spiny Rat
Trinomys_mirapitanga,"Lara, J. L. Patton, & Hingst-Zaher",2002,Pau Brasil Spiny-rat,Dark-caped Atlantic Spiny-rat|Pau Brasil Spiny Rat
Trinomys_moojeni,"Pessôa, J. A. de Oliveira, & S. F. dos Reis",1992,Moojen's Spiny-rat,Moojen's Atlantic Spiny-rat|Moojen's Spiny Rat
Trinomys_paratus,Moojen,1948,Rigid-spined Atlantic Spiny-rat,Spiked Atlantic Spiny-rat|Rigid-spined Atlantic Spiny Rat
Trinomys_setosus,A. G. Desmarest,1817,Elegant-spined Atlantic Spiny-rat,Hairy Atlantic Spiny-rat|Hairy Spiny-rat|Elegant-spined Atlantic Spiny rat
Trinomys_yonenagae,P. L. B. da Rocha,1996,Yonenaga's Spiny-rat,Yonenaga's Atlantic Spiny-rat|Torch-tail Spiny-rat|Torch-tail Spiny Rat|Yonenaga's Spiny Rat
Boromys_offella,G. S. Miller,1916,Oriente Cave Rat,
Boromys_torrei,G. M. Allen,1917,Torre's Cave Rat,
Brotomys_contractus,G. S. Miller,1929,Haitian Edible Rat,
Brotomys_voratus,G. S. Miller,1916,Hispaniolan Edible Rat,
Heteropsomys_antillensis,H. E. Anthony,1917,Antillean Cave Rat,
Heteropsomys_insulans,H. E. Anthony,1916,Insular Cave Rat,
Aconaemys_fuscus,G. R. Waterhouse,1842,Chilean Rock Rat,Great Rock Rat
Aconaemys_porteri,O. Thomas,1917,Porter's Rock Rat,
Aconaemys_sagei,O. P. Pearson,1984,Sage's Rock Rat,Neuquén Rock Rat
Apnoctomys_conicetorum,"Teta, A. A. Ojeda, Tarquino Carbonell, J. R. Alvarado-Larios, P. Cuello, P. Cornejo, Mignino, R. A. Ojeda, & Verzi",2026,Guasapampa Viscacha Rat,
Octodon_bridgesii,G. R. Waterhouse,1845,Bridges's Degu,Bridges's Octodon
Octodon_degus,G. I. Molina,1782,Common Degu,Degu
Octodon_lunatus,Osgood,1943,Coastal Degu,Moon-toothed Degu
Octodon_pacificus,Hutterer,1994,Pacific Degu,Mocha Island Degu|Mocha Degu
Octodon_ricardojeda,"D'Elía, Teta, Verzi, Cadenillas, & J. L. Patton",2020,Ricardo Ojeda's Degu,
Octodontomys_gliroides,P. Gervais & d'Orbigny,1844,Mountain Degu,Chozchori|Long-tailed Octodon
Octomys_mimax,O. Thomas,1920,Common Viscacha Rat,Mountain Viscacha Rat|Viscacha Rat
Octomys_rosiae,"Verzi, Olivares, De Santi, C. C. Morgan, J. M. López, & Chiavazza",2023,Rosi's Viscacha Rat,
Pipanacoctomys_aureus,"Mares, J. K. Braun, Barquez, & M. M. Díaz",2000,Golden Viscacha Rat,
Spalacopus_cyanus,G. I. Molina,1782,Coruro,Cururo|Guanque
Tympanoctomys_barrerae,B. Lawrence,1941,Red Viscacha Rat,Plains Viscacha Rat
Tympanoctomys_kirchnerorum,"Teta, Pardiñas, Udrizar Sauthier, & Gallardo",2014,Kirchners' Viscacha Rat,
Tympanoctomys_loschalchalerosorum,"Mares, J. K. Braun, Barquez, & M. M. Díaz",2000,Chalchalero Viscacha Rat,
Atherurus_africanus,J. E. Gray,1842,African Brush-tailed Porcupine,
Atherurus_macrourus,Linnaeus,1758,Asian Brush-tailed Porcupine,
Hystrix_africaeaustralis,W. C. H. Peters,1852,Cape Porcupine,Cape Crested Porcupine|South African Porcupine|Southern African Porcupine
Hystrix_brachyura,Linnaeus,1758,Malayan Porcupine,Himalayan Crestless Porcupine|Hodgson's Porcupine
Hystrix_crassispinis,A. Günther,1877,Thick-spined Porcupine,Borneo Short-tailed Porcupine
Hystrix_cristata,Linnaeus,1758,Crested Porcupine,North African Crested Porcupine
Hystrix_indica,Kerr,1792,Indian Crested Porcupine,White-tailed Porcupine
Hystrix_javanica,F. Cuvier,1823,Sunda Porcupine,Javan Porcupine
Hystrix_pumila,A. Günther,1879,Philippine Porcupine,Indonesian Porcupine|Palawan Porcupine|Philippine Short-tailed Porcupine
Hystrix_sumatrae,Lyon,1907,Sumatran Porcupine,Sumatran Short-tailed Porcupine
Trichys_fasciculata,G. K. Shaw,1801,Asian Long-tailed Porcupine,Long-tailed Porcupine
Bathyergus_janetta,O. Thomas & Schwann,1904,Namaqua Dune Mole-rat,Namaquan Dune Blesmol|Small Dune Mole-rat|Namaqua Dune Mole Rat
Bathyergus_suillus,von Schreber,1782,Cape Dune Mole-rat,Cape Dune Blesmol|Large Cape Dune Mole-rat|Cape Dune Mole Rat
Cryptomys_hottentotus,Lesson,1826,Common Mole-rat,African Mole-rat|Common Blesmol|Hottentot Mole-rat|Southern African Mole-rat|Common Mole Rat
Cryptomys_mahali,A. Roberts,1913,Mahali Mole-rat,Mahali Mole Rat
Cryptomys_natalensis,A. Roberts,1913,Natal Mole-rat,Natal Mole Rat
Cryptomys_nimrodi,de Winton,1897,Matabeleland Mole-rat,Matabeleland Mole Rat
Cryptomys_pretoriae,A. Roberts,1913,Highveld Mole-rat,Highveld Mole Rat
Fukomys_amatus,Wroughton,1907,Zambian Mole-rat,Zambian Mole Rat
Fukomys_anselli,"Burda, Zima, A. Scharff, Macholán, & Kawalika",1999,Ansell's Mole-rat,Ansell's Mole Rat
Fukomys_bocagei,de Winton,1897,Bocage's Mole-rat,Angolan Mole-rat|Bocage's Mole Rat
Fukomys_damarensis,W. Ogilby,1838,Damara Mole-rat,Botswanan Mole-rat|Damaraland Blesmol|Damara Mole Rat
Fukomys_darlingi,O. Thomas,1895,Mashona Mole-rat,Darling's Mole-rat|Mashona Mole Rat
Fukomys_foxi,O. Thomas,1911,Nigerian Mole-rat,Fox's Mole-rat|Nigerian Mole Rat
Fukomys_hanangensis,"Faulkes, Mgode, E. K. Archer, & N. C. Bennett",2017,Hanang Mole-rat,Hanang Mole Rat
Fukomys_ilariae,Gippoliti & Amori,2011,Somali Striped Mole-rat,Somali Striped Mole Rat
Fukomys_kafuensis,"Burda, Zima, A. Scharff, Macholán, & Kawalika",1999,Kafue Mole-rat,Kafue Mole Rat
Fukomys_livingstoni,"Faulkes, Mgode, E. K. Archer, & N. C. Bennett",2017,Livingstone's Mole-rat,Livingstone's Mole Rat
Fukomys_mechowii,W. C. H. Peters,1881,Mechow's Mole-rat,Angolan Giant Mole-rat|Giant Mole-rat|Mechow's Mole Rat
Fukomys_micklemi,Chubb,1909,Micklem's Mole-rat,Micklem's Mole Rat
Fukomys_ochraceocinereus,von Heuglin,1864,Ochre Mole-rat,Central African Mole-rat|Ochre Mole Rat
Fukomys_vandewoestijneae,"Van Daele, Blondé, Stjernstedt, & Adriaens",2013,Caroline's Mole-rat,Caroline's Mole Rat
Fukomys_whytei,O. Thomas,1897,Whyte's Mole-rat,Malawian Mole-rat|Whyte's Mole Rat
Fukomys_zechi,Matschie,1900,Ghana Mole-rat,Togo Mole-rat|Ghana Mole Rat
Georychus_capensis,Pallas,1779,Cape Mole-rat,Cape Blesmol|Cape Mole Rat
Heliophobius_argenteocinereus,W. C. H. Peters,1846,Southern Silvery Mole-rat,Silky Mole-rat|Silky Mole Rat|Southern Sikly Mole Rat
Heliophobius_kapiti,E. Heller,1909,Northern Silvery Mole-rat,Silky Mole-rat|Silky Mole Rat|Northern Silky Mole Rat
Heterocephalus_glaber,Rüppell,1842,Common Naked Mole-rat,Desert Mole Rat|Sand Puppy|Naked Mole Rat|Naked Mole-rat
Heterocephalus_phillipsi,O. Thomas,1885,Somaliland Naked Mole-rat,Naked Mole-rat
Petromus_typicus,A. Smith,1831,Noki,Dassie Rat|Rock Rat
Thryonomys_gregorianus,O. Thomas,1894,Lesser Cane Rat,Savanna Cane Rat
Thryonomys_swinderianus,Temminck,1827,Greater Cane Rat,Cutting-grass|Grass Cutter|Marsh Cane Rat
Aplodontia_rufa,Rafinesque,1817,Mountain Beaver,Boomer|Sewellel|Point Arena Mountain Beaver|Point Reyes Mountain Beaver
Glirulus_japonicus,H. R. Schinz,1845,Japanese Dormouse,Mountain Rat|Yamane
Glis_glis,Linnaeus,1766,European Fat Dormouse,Edible Dormouse|European Edible Dormouse
Glis_persicus,Erxleben,1777,Iranian Fat Dormouse,Iranian Edible Dormouse
Graphiurus_angolensis,de Winton,1897,Angolan African Dormouse,
Graphiurus_christyi,Dollman,1914,Christy's African Dormouse,
Graphiurus_crassicaudatus,Jentink,1888,Thick-tailed African Dormouse,Jentink's African Dormouse
Graphiurus_johnstoni,O. Thomas,1898,Johnston's African Dormouse,
Graphiurus_kelleni,Reuvens,1890,Kellen's African Dormouse,
Graphiurus_lorraineus,Dollman,1910,Lorraine's African Dormouse,
Graphiurus_microtis,Noack,1887,Noack's African Dormouse,Large Savanna African Dormouse|Small-eared African Dormouse|Woodland Dormouse
Graphiurus_monardi,St. Leger,1936,Monard's African Dormouse,
Graphiurus_murinus,A. G. Desmarest,1822,Forest African Dormouse,Woodland Dormouse
Graphiurus_nagtglasii,Jentink,1888,Nagtglas's African Dormouse,Huet's African Dormouse|Large Gray Dormouse
Graphiurus_ocularis,A. Smith,1829,Spectacled African Dormouse,Gemsbokmuis|Namtap
Graphiurus_platyops,O. Thomas,1897,Flat-headed African Dormouse,Rock Dormouse
Graphiurus_rupicola,O. Thomas & Hinton,1925,Rupicolous African Dormouse,Namaqua Rock Dormouse|Stone Dormouse
Graphiurus_surdus,Dollman,1912,Short-eared African Dormouse,Deaf Dormouse|Silent Dormouse
Graphiurus_walterverheyeni,Holden & Levine,2009,Walter Verheyen's African Dormouse,
Chaetocauda_sichuanensis,Wang Youzhi,1985,Sichuan Dormouse,Chinese Dormouse
Dryomys_anatolicus,"Çetintaş, Sözen, Irmak, Kalkan, F. Çolak, & Matur",2025,East Anatolian Forest Dormouse,
Dryomys_laniger,Felten & Storch,1968,Woolly Forest Dormouse,
Dryomys_niethammeri,Holden,1996,Niethammer's Forest Dormouse,Balochistan Forest Dormouse
Dryomys_nitedula,Pallas,1779,Eurasian Forest Dormouse,
Eliomys_melanurus,J. A. Wagner,1839,Black-tailed Garden Dormouse,Asian Garden Dormouse|Large-eared Garden Dormouse
Eliomys_munbyanus,A. Pomel,1856,Maghreb Garden Dormouse,
Eliomys_quercinus,Linnaeus,1766,European Garden Dormouse,
Muscardinus_avellanarius,Linnaeus,1758,Hazel Dormouse,Common Dormouse
Myomimus_personatus,Ognev,1924,Ognev's Mouse-tailed Dormouse,Asiatic Dormouse|Masked Mouse-tailed Dormouse
Myomimus_roachi,Bate,1937,Roach's Mouse-tailed Dormouse,Bulgarian Dormouse
Myomimus_setzeri,Rossolimo,1976,Setzer's Mouse-tailed Dormouse,Iranian Dormouse
Selevinia_betpakdalaensis,Beloslyudov & Bazhanov,1939,Desert Dormouse,
Exilisciurus_concinnus,O. Thomas,1888,Philippine Pygmy Squirrel,
Exilisciurus_exilis,S. Müller,1838,Least Pygmy Squirrel,
Exilisciurus_whiteheadi,O. Thomas,1887,Tufted Pygmy Squirrel,Whitehead's Pigmy Squirrel
Funambulus_layardi,E. Blyth,1849,Layard's Palm Squirrel,
Funambulus_obscurus,von Pelzeln & F. F. Kohl,1886,Dusky Striped Squirrel,Sri Lankan Palm Squirrel
Funambulus_palmarum,Linnaeus,1766,Indian Palm Squirrel,Common Palm Squirrel|Three-striped Palm Squirrel
Funambulus_pennantii,Wroughton,1905,Northern Palm Squirrel,Five-striped Palm Squirrel
Funambulus_sublineatus,G. R. Waterhouse,1838,Pygmy Striped Squirrel,Dusky-striped Squirrel|Dusky Palm Squirrel|Nilgiri Striped Squirrel
Funambulus_tristriatus,G. R. Waterhouse,1837,Jungle Palm Squirrel,Jungle Striped Squirrel|Western Ghats Squirrel|Western Ghats Striped Squirrel
Hyosciurus_heinrichi,Archbold & Tate,1935,Montane Long-nosed Squirrel,
Hyosciurus_ileile,Tate & Archbold,1936,Lowland Long-nosed Squirrel,
Prosciurillus_abstrusus,J. C. Moore,1958,Secretive Dwarf Squirrel,
Prosciurillus_alstoni,J. Anderson,1879,Alston's Squirrel,
Prosciurillus_leucomus,S. Müller & Schlegel in Temminck,1844,Whitish Dwarf Squirrel,
Prosciurillus_murinus,S. Müller & Schlegel in Temminck,1844,Celebes Dwarf Squirrel,North Sulawesi Tree Squirrel
Prosciurillus_rosenbergii,Jentink,1879,Sangihe Squirrel,Sanghir Squirrel
Prosciurillus_topapuensis,Roux,1910,Mount Topapu Squirrel,
Prosciurillus_weberi,Jentink,1890,Weber's Dwarf Squirrel,
Rubrisciurus_rubriventer,S. Müller & Schlegel in Temminck,1844,Sulawesi Giant Squirrel,
Callosciurus_adamsi,Kloss,1921,Ear-spot Squirrel,
Callosciurus_baluensis,Bonhote,1901,Kinabalu Squirrel,
Callosciurus_caniceps,J. E. Gray,1842,Northern Gray-bellied Squirrel,Gray-bellied Squirrel
Callosciurus_concolor,E. Blyth,1855,Southern Gray-bellied Squirrel,
Callosciurus_erythraeus,Pallas,1779,Pallas's Squirrel,Formosan Squirrel|Red-bellied Squirrel
Callosciurus_finlaysonii,Horsfield,1824,Finlayson's Squirrel,
Callosciurus_honkhoaiensis,"Nguyen Truong Son, Oshida, Dang Huy Phuong, Bui Tuan Hai, & Motokawa",2018,Hon Khoai Squirrel,
Callosciurus_inornatus,J. E. Gray,1867,Inornate Squirrel,
Callosciurus_melanogaster,O. Thomas,1895,Mentawai Squirrel,
Callosciurus_nigrovittatus,Horsfield,1824,Black-striped Squirrel,
Callosciurus_notatus,Boddaert,1785,Plantain Squirrel,Oriental Squirrel|Tricoloured Squirrel|Kloss's Squirrel
Callosciurus_orestes,O. Thomas,1895,Borneo Black-banded Squirrel,
Callosciurus_phayrei,E. Blyth,1855,Phayre's Squirrel,
Callosciurus_prevostii,A. G. Desmarest,1822,Prevost's Squirrel,Asian Tricolored Squirrel
Callosciurus_pygerythrus,I. Geoffroy Saint-Hilaire,1831,Irrawaddy Squirrel,Hoary-bellied Squirrel
Callosciurus_quinquestriatus,J. Anderson,1871,Anderson's Squirrel,
Dremomys_gularis,Osgood,1932,Red-throated Squirrel,
Dremomys_lokriah,B. H. Hodgson,1836,Orange-bellied Himalayan Squirrel,
Dremomys_ornatus,O. Thomas,1914,Chinese Red-cheeked Squirrel,
Dremomys_pernyi,A. Milne-Edwards,1867,Perny's Long-nosed Squirrel,
Dremomys_pyrrhomerus,O. Thomas,1895,Red-hipped Squirrel,
Dremomys_rufigenis,Blanford,1878,Asian Red-cheeked Squirrel,
Glyphotes_simus,O. Thomas,1898,Sculptor Squirrel,
Lariscus_hosei,O. Thomas,1892,Four-striped Ground Squirrel,
Lariscus_insignis,F. Cuvier in É. Geoffroy Saint-Hilaire & F. Cuvier,1821,Three-striped Ground Squirrel,
Lariscus_niobe,O. Thomas,1898,Niobe Ground Squirrel,
Lariscus_obscurus,G. S. Miller,1903,Mentawai Three-striped Squirrel,
Menetes_berdmorei,E. Blyth,1849,Indochinese Ground Squirrel,
Nannosciurus_melanotis,S. Müller in Temminck,1840,Black-eared Squirrel,
Rhinosciurus_laticaudatus,S. Müller in Temminck,1840,Shrew-faced Squirrel,
Sundasciurus_altitudinis,H. C. Robinson & Kloss,1916,Sumatran Mountain Squirrel,
Sundasciurus_brookei,O. Thomas,1892,Brooke's Squirrel,
Sundasciurus_davensis,Sanborn,1952,Davao Squirrel,
Sundasciurus_everetti,O. Thomas,1890,Bornean Mountain Ground Squirrel,
Sundasciurus_fraterculus,O. Thomas,1895,Fraternal Squirrel,
Sundasciurus_hippurus,I. Geoffroy Saint-Hilaire,1831,Horse-tailed Squirrel,
Sundasciurus_hoogstraali,Sanborn,1952,Busuanga Squirrel,
Sundasciurus_jentinki,O. Thomas,1887,Jentink's Squirrel,
Sundasciurus_juvencus,O. Thomas,1908,Northern Palawan Tree Squirrel,
Sundasciurus_lowii,O. Thomas,1892,Low's Squirrel,
Sundasciurus_mindanensis,Steere,1890,Mindanao Squirrel,
Sundasciurus_moellendorffi,Matschie,1898,Culion Tree Squirrel,
Sundasciurus_natunensis,O. Thomas,1895,Natuna Squirrel,
Sundasciurus_philippinensis,G. R. Waterhouse,1839,Philippine Tree Squirrel,
Sundasciurus_rabori,Heaney,1979,Palawan Montane Squirrel,
Sundasciurus_robinsoni,Bonhote,1903,Robinson's Squirrel,
Sundasciurus_samarensis,Steere,1890,Samar Squirrel,
Sundasciurus_steerii,A. Günther,1877,Southern Palawan Tree Squirrel,
Sundasciurus_tahan,Bonhote,1908,Upland Squirrel,
Sundasciurus_tenuis,Horsfield,1824,Slender Squirrel,
Tamiops_barbei,E. Blyth,1847,Southeast Asian Striped Squirrel,
Tamiops_maritimus,Bonhote,1900,Maritime Striped Squirrel,
Tamiops_mcclellandii,Horsfield,1840,Himalayan Striped Squirrel,
Tamiops_minshanicus,"Liu Shaoying, Tang Mingkun, R. W. Murphy, Chen Shunde, & Li Song in Liu Shaoying, Tang Mingkun, R. W. Murphy, Liu Yinxun, Wang Xuming, Wan Tao, Liao Rui, Tang Keyi, Qing Jiao, Chen Shunde, & Li Song",2022,Minshan Striped Squirrel,
Tamiops_rodolphii,A. Milne-Edwards,1867,Cambodian Striped Squirrel,
Tamiops_swinhoei,A. Milne-Edwards,1874,Swinhoe's Striped Squirrel,
Ratufa_affinis,Raffles,1821,Pale Giant Squirrel,Cream-colored Giant Squirrel
Ratufa_bicolor,Sparrman,1778,Southern Black Giant Squirrel,Black-and-white Giant Squirrel|Malayan Giant Squirrel|Black Giant Squirrel
Ratufa_gigantea,McClelland in Horsfield,1840,Northern Black Giant Squirrel,Black-and-white Giant Squirrel|Black Giant Squirrel
Ratufa_indica,Erxleben,1777,Indian Giant Squirrel,Malabar Giant Squirrel
Ratufa_macroura,Pennant,1769,Sri Lankan Giant Squirrel,Grizzled Giant Squirrel
Sciurillus_pusillus,É. Geoffroy Saint-Hilaire,1803,Neotropical Pygmy Squirrel,Pygmy Squirrel
Eoglaucomys_fimbriatus,J. E. Gray,1837,Kashmir Flying Squirrel,Small Kashmir Flying Squirrel
Glaucomys_oregonensis,Bachman,1839,Humboldt's Flying Squirrel,Bachman's Flying Squirrel|California Coast Flying Squirrel|Cascade Flying Squirrel|Klamath Flying Squirrel|Okanagan Flying Squirrel|Yellow-bellied Flying Squirrel
Glaucomys_sabrinus,G. K. Shaw,1801,Northern Flying Squirrel,Carolina Flying Squirrel|Alaska Coast Flying Squirrel|Atnarko Flying Squirrel|Bangs Flying Squirrel|Broad-footed Flying Squirrel|Cascade Flying Squirrel|Hudson Bay Flying Squirrel|Labrador Flying Squirrel|Mearns's Flying Squirrel|Okanagan Flying Squirrel|Richardson Flying Squirrel|Sierra Flying Squirrel|Yukon Flying Squirrel
Glaucomys_volans,Linnaeus,1758,Southern Flying Squirrel,Mexican Flying Squirrel|Florida Flying Squirrel|Small Eastern Flying Squirrel|Southeastern Flying Squirrel|Texas Flying Squirrel
Hylopetes_alboniger,B. H. Hodgson,1836,Particolored Flying Squirrel,
Hylopetes_bartelsi,Chasen,1939,Bartels's Flying Squirrel,
Hylopetes_electilis,G. M. Allen,1925,Hainan Flying Squirrel,
Hylopetes_nigripes,O. Thomas,1893,Palawan Flying Squirrel,
Hylopetes_phayrei,E. Blyth,1859,Indochinese Flying Squirrel,Phayre's Flying Squirrel
Hylopetes_platyurus,Jentink,1890,Jentink's Flying Squirrel,
Hylopetes_sagitta,Linnaeus,1766,Gray-cheeked Flying Squirrel,Arrow-tailed Flying Squirrel|Pink-cheeked Flying Squirrel
Hylopetes_sipora,Chasen,1940,Sipora Flying Squirrel,
Hylopetes_spadiceus,E. Blyth,1847,Red-cheeked Flying Squirrel,
Hylopetes_winstoni,Sody,1949,Sumatran Flying Squirrel,
Iomys_horsfieldii,G. R. Waterhouse,1838,Javanese Flying Squirrel,
Iomys_sipora,Chasen & Kloss,1928,Mentawai Flying Squirrel,
Olisthomys_morrisi,T. D. Carter,1942,Morris's Flying Squirrel,
Petaurillus_emiliae,O. Thomas,1908,Lesser Pygmy Flying Squirrel,
Petaurillus_hosei,O. Thomas,1900,Hose's Pygmy Flying Squirrel,
Petaurillus_kinlochii,H. C. Robinson & Kloss,1911,Selangor Pygmy Flying Squirrel,
Petinomys_crinitus,Hollister,1911,Basilan Flying Squirrel,Mindanao Flying Squirrel
Petinomys_fuscocapillus,Jerdon in E. Blyth,1847,Travancore Flying Squirrel,
Petinomys_genibarbis,Horsfield,1822,Whiskered Flying Squirrel,
Petinomys_hageni,Jentink,1889,Hagen's Flying Squirrel,
Petinomys_lugens,O. Thomas,1895,Siberut Flying Squirrel,Sipora Flying Squirrel
Petinomys_mindanensis,Rabor,1939,Mindanao Flying Squirrel,
Petinomys_setosus,Temminck,1844,Temminck's Flying Squirrel,White-bellied Flying Squirrel
Petinomys_vordermanni,Jentink,1890,Vordermann's Flying Squirrel,
Priapomys_leonardi,O. Thomas,1921,Himalayan Large-eared Flying Squirrel,
Aeretes_melanopterus,A. Milne-Edwards,1867,Northern Chinese Flying Squirrel,Groove-toothed Flying Squirrel|North Chinese Flying Squirrel
Aeromys_tephromelas,A. Günther,1873,Black Flying Squirrel,Large Black Flying Squirrel
Aeromys_thomasi,Hose,1900,Thomas's Flying Squirrel,
Belomys_pearsonii,J. E. Gray,1842,Hairy-footed Flying Squirrel,
Biswamoyopterus_biswasi,S. S. Saha,1981,Namdapha Flying Squirrel,Namdapha Giant Flying Squirrel
Biswamoyopterus_gaoligongensis,"Li Quan, Li Xueyou, S. M. Jackson, Li Fei, Jiang Ming, Zhao Wei, Song Wenyu, & Jiang Xuelong",2019,Mount Gaoligong Flying Squirrel,
Biswamoyopterus_laoensis,"Sanamxay, Douangboubpha, Bumrungsri, Xayavong, Xayaphet, Satasook, & P. J. J. Bates",2013,Laotian Flying Squirrel,Laotian Giant Flying Squirrel
Eupetaurus_cinereus,O. Thomas,1888,Western Woolly Flying Squirrel,Pakistan Woolly Flying Squirrel
Eupetaurus_nivamons,"Li Quan, Jiang Xuelong, S. M. Jackson, & K. M. Helgen in S. M. Jackson, Li Quan, Wan Tao, Li Xueyou, Yu Fahong, Gao Ge, He Likun, K. M. Helgen, & Jiang Xuelong",2021,Yunnan Woolly Flying Squirrel,
Eupetaurus_tibetensis,"S. M. Jackson, K. M. Helgen, Li Quan, & Jiang Xuelong in S. M. Jackson, Li Quan, Wan Tao, Li Xueyou, Yu Fahong, Gao Ge, He Likun, K. M. Helgen, & Jiang Xuelong",2021,Tibetan Woolly Flying Squirrel,
Petaurista_albiventer,J. E. Gray,1834,White-bellied Giant Flying Squirrel,Hodgson's Giant Flying Squirrel
Petaurista_alborufus,A. Milne-Edwards,1870,Red-and-white Giant Flying Squirrel,
Petaurista_caniceps,J. E. Gray,1842,Gray-headed Giant Flying Squirrel,Gray-headed Flying Squirrel
Petaurista_elegans,Temminck,1836,Spotted Giant Flying Squirrel,Lesser Giant Flying Squirrel
Petaurista_grandis,Swinhoe,1863,Formosan Giant Flying Squirrel,
Petaurista_hainanus,G. M. Allen,1925,Hainan Giant Flying Squirrel,
Petaurista_lena,O. Thomas,1907,Taiwan Giant Flying Squirrel,
Petaurista_leucogenys,Temminck,1836,Japanese Giant Flying Squirrel,
Petaurista_marica,O. Thomas,1912,Indochinese Giant Flying Squirrel,Chindwin Giant Flying Squirrel
Petaurista_nobilis,J. E. Gray,1842,Bhutan Giant Flying Squirrel,Gray's Giant Flying Squirrel|Noble Giant Flying Squirrel|Mishmi Giant Flying Squirrel|Yunnan Giant Flying Squirrel|Mechuka Giant Flying Squirrel
Petaurista_nujiangensis,"Li Quan, S. M. Jackson, & Jiang Xuelong in Li Quan, S. M. Jackson, Li Xueyou, Song Wenyu, Chen Zhongzheng, Zhu Zhongxu, Hu Zhechang, He Shuiwang, Wang Hongjiao, Luo Kang, Luo Jing, Pu Mingjin, Pu Changzhe, Xiong Yun, Li Sanfu, Liu Shaoying, & Jiang Xuelong",2025,Nujiang Giant Flying Squirrel,
Petaurista_petaurista,Pallas,1766,Red Giant Flying Squirrel,
Petaurista_philippensis,W. Elliot,1839,Indian Giant Flying Squirrel,Large Brown Flying Squirrel
Petaurista_siangensis,Choudhury,2013,Mebo Giant Flying Squirrel,
Petaurista_xanthotis,A. Milne-Edwards,1872,Chinese Giant Flying Squirrel,
Pteromys_momonga,Temminck,1844,Japanese Flying Squirrel,Small Japanese Flying Squirrel
Pteromys_volans,Linnaeus,1758,Siberian Flying Squirrel,Russian Flying Squirrel
Pteromyscus_pulverulentus,A. Günther,1873,Smoky Flying Squirrel,
Trogopterus_xanthipes,A. Milne-Edwards,1867,Complex-toothed Flying Squirrel,
Microsciurus_alfari,J. A. Allen,1895,Central American Dwarf Squirrel,Alfaro's Pygmy Squirrel
Microsciurus_boquetensis,E. W. Nelson,1903,Panamanian Dwarf Squirrel,
Microsciurus_flaviventer,J. E. Gray,1867,Amazon Dwarf Squirrel,
Microsciurus_isthmius,E. W. Nelson,1899,Isthmian Dwarf Squirrel,
Microsciurus_mimulus,O. Thomas,1898,Western Dwarf Squirrel,
Microsciurus_otinus,O. Thomas,1901,White-eared Dwarf Squirrel,
Microsciurus_sabanillae,H. E. Anthony,1922,Sabanilla Dwarf Squirrel,
Microsciurus_santanderensis,Hernández-Camacho in Borrero-H. & Hernández-Camacho,1957,Santander Dwarf Squirrel,
Microsciurus_similis,E. W. Nelson,1899,Choco Dwarf Squirrel,
Microsciurus_simonsi,O. Thomas,1900,Simons's Dwarf Squirrel,
Rheithrosciurus_macrotis,J. E. Gray,1856,Tufted Ground Squirrel,Groove-toothed Squirrel
Sciurus_aberti,S. W. Woodhouse,1853,Abert's Squirrel,Tassel-eared Squirrel|Kaibab Squirrel
Sciurus_aestuans,Linnaeus,1766,Guianan Squirrel,Yellow-throated Squirrel
Sciurus_alleni,E. W. Nelson,1898,Allen's Squirrel,
Sciurus_anomalus,von Güldenstädt in von Schreber,1785,Caucasian Squirrel,Golden Squirrel|Persian Squirrel
Sciurus_arizonensis,Coues,1867,Arizona Gray Squirrel,
Sciurus_aureogaster,S. Nilsson,1831,Red-bellied Squirrel,Mexican Gray Squirrel|Mexican Red-bellied Squirrel
Sciurus_brasiliensis,J. F. Gmelin,1788,Brazilian Squirrel,Caxinguelê|Serelepe|Esquilo
Sciurus_carolinensis,J. F. Gmelin,1788,Eastern Gray Squirrel,
Sciurus_colliaei,J. Richardson,1839,Collie's Squirrel,
Sciurus_deppei,W. C. H. Peters,1864,Deppe's Squirrel,
Sciurus_granatensis,von Humboldt,1805,Red-tailed Squirrel,
Sciurus_griseus,Ord,1818,Western Gray Squirrel,Silver Gray Squirrel
Sciurus_ignitus,J. E. Gray,1867,Bolivian Squirrel,Sanborn's Squirrel
Sciurus_igniventris,J. A. Wagner,1842,Northern Amazon Red Squirrel,Fiery Squirrel
Sciurus_lis,Temminck,1844,Japanese Squirrel,
Sciurus_meridionalis,Lucifero,1907,Calabrian Black Squirrel,Calabrian Red Squirrel
Sciurus_nayaritensis,J. A. Allen,1890,Mexican Fox Squirrel,Apache Squirrel|Chiricahua Fox Squirrel|Nayarit Squirrel
Sciurus_nebouxii,I. Geoffroy Saint-Hilaire,1855,White-naped Squirrel,
Sciurus_niger,Linnaeus,1758,Eastern Fox Squirrel,Bryant's Fox Squirrel|Cat Squirrel|Delmarva Fox Squirrel|Fox Squirrel|Stump-eared Squirrel|Western Fox Squirrel|Big Cypress Fox Squirrel
Sciurus_oculatus,W. C. H. Peters,1864,Peters's Squirrel,
Sciurus_pachecoi,"Voss, Fleck, & Giarla",2024,Pacheco's Squirrel,
Sciurus_pucheranii,Fitzinger,1867,Andean Squirrel,Pucheran's Squirrel
Sciurus_pyrrhinus,O. Thomas,1898,Junin Red Squirrel,
Sciurus_richmondi,E. W. Nelson,1898,Richmond's Squirrel,
Sciurus_spadiceus,I. von Olfers,1818,Southern Amazon Red Squirrel,
Sciurus_stramineus,P. Gervais,1841,Guayaquil Squirrel,
Sciurus_variegatoides,W. Ogilby,1839,Variegated Squirrel,
Sciurus_vulgaris,Linnaeus,1758,Eurasian Red Squirrel,
Sciurus_yucatanensis,J. A. Allen,1877,Yucatán Squirrel,Yucatan Squirrel
Syntheosciurus_brochus,Bangs,1902,Bangs's Mountain Squirrel,Mountain Squirrel|Neotropical Montane Squirrel
Tamiasciurus_douglasii,Bachman,1839,Douglas's Squirrel,Chickaree|Mearn's Squirrel
Tamiasciurus_fremonti,Audubon & Bachman,1854,Fremont's Squirrel,Southwestern Red Squirrel|Mount Graham Red Squirrel
Tamiasciurus_hudsonicus,Erxleben,1777,North American Red Squirrel,Pine Squirrel
Ammospermophilus_harrisii,Audubon & Bachman,1854,Harris's Antelope Squirrel,
Ammospermophilus_interpres,C. H. Merriam,1890,Texas Antelope Squirrel,
Ammospermophilus_leucurus,C. H. Merriam,1889,White-tailed Antelope Squirrel,
Ammospermophilus_nelsoni,C. H. Merriam,1893,Nelson's Antelope Squirrel,
Notocitellus_adocetus,C. H. Merriam,1903,Tropical Ground Squirrel,
Notocitellus_annulatus,Audubon & Bachman,1842,Ring-tailed Ground Squirrel,
Marmota_baibacina,Kastschenko,1899,Gray Marmot,
Marmota_bobak,P. L. S. Müller,1776,Bobak Marmot,
Marmota_broweri,E. R. Hall & Gilmore,1934,Alaska Marmot,
Marmota_caligata,von Eschscholtz,1829,Hoary Marmot,
Marmota_camtschatica,Pallas,1811,Black-capped Marmot,
Marmota_caudata,I. Geoffroy Saint-Hilaire,1844,Long-tailed Marmot,Golden Marmot|Red Marmot
Marmota_flaviventris,Audubon & Bachman,1841,Yellow-bellied Marmot,
Marmota_himalayana,B. H. Hodgson,1841,Himalayan Marmot,Karakoram Marmot
Marmota_kastschenkoi,Stroganov & Yudin,1956,Forest Steppe Marmot,
Marmota_marmota,Linnaeus,1758,Alpine Marmot,Common Marmot
Marmota_menzbieri,Kashkarov,1925,Menzbier's Marmot,
Marmota_monax,Linnaeus,1758,Woodchuck,Groundhog
Marmota_olympus,C. H. Merriam,1898,Olympic Marmot,
Marmota_sibirica,von Radde,1862,Tarbagan Marmot,Mongolian Marmot|Siberian Marmot
Marmota_vancouverensis,Swarth,1911,Vancouver Island Marmot,
Callospermophilus_lateralis,Say in James,1823,Common Golden-mantled Ground Squirrel,Green River Basin Golden-mantled Ground Squirrel
Callospermophilus_madrensis,C. H. Merriam,1901,Sierra Madre Ground Squirrel,Sierra Madre Golden-mantled Ground Squirrel
Callospermophilus_saturatus,Rhoads,1895,Cascade Golden-mantled Ground Squirrel,
Otospermophilus_beecheyi,J. Richardson,1829,California Ground Squirrel,Beechey's Ground Squirrel|Gray Digger
Otospermophilus_douglasii,J. Richardson,1829,Douglas's Ground Squirrel,
Otospermophilus_variegatus,Erxleben,1777,Common Rock Squirrel,
Cynomys_gunnisoni,S. F. Baird,1855,Gunnison's Prairie Dog,
Cynomys_leucurus,C. H. Merriam,1890,White-tailed Prairie Dog,
Cynomys_ludovicianus,Ord,1815,Black-tailed Prairie Dog,Arizona Black-tailed Prairie Dog
Cynomys_mexicanus,C. H. Merriam,1892,Mexican Prairie Dog,Mexican Prairie Marmot
Cynomys_parvidens,J. A. Allen,1905,Utah Prairie Dog,
Ictidomys_mexicanus,Erxleben,1777,Mexican Ground Squirrel,
Ictidomys_parvidens,Mearns,1896,Rio Grande Ground Squirrel,
Ictidomys_tridecemlineatus,Mitchill,1821,Thirteen-lined Ground Squirrel,
Poliocitellus_franklinii,Sabine,1822,Franklin's Ground Squirrel,
Spermophilus_alaschanicus,Büchner,1888,Alashan Ground Squirrel,
Spermophilus_brevicauda,J. F. von Brandt,1843,Brandt's Ground Squirrel,
Spermophilus_citellus,Linnaeus,1766,European Ground Squirrel,European Souslik
Spermophilus_dauricus,J. F. von Brandt,1844,Daurian Ground Squirrel,
Spermophilus_erythrogenys,J. F. von Brandt,1841,Red-cheeked Ground Squirrel,
Spermophilus_fulvus,H. Lichtenstein,1823,Yellow Ground Squirrel,Long-toothed Ground Squirrel|Long-toothed Souslik
Spermophilus_major,Pallas,1779,Russet Ground Squirrel,
Spermophilus_musicus,Ménétries,1832,Caucasian Mountain Ground Squirrel,
Spermophilus_nilkaensis,Hou Lanxin & Wang Sibo,1989,Tian Shan Ground Squirrel,
Spermophilus_odessanus,von Nordmann,1842,Podolian Ground Squirrel,
Spermophilus_pallidicauda,Satunin,1903,Pallid Ground Squirrel,
Spermophilus_pygmaeus,Pallas,1779,Little Ground Squirrel,
Spermophilus_relictus,Kashkarov,1923,Relict Ground Squirrel,
Spermophilus_selevini,Argyropulo in Vinogradov & Argyropulo,1941,Selevin's Ground Squirrel,
Spermophilus_suslicus,von Güldenstädt,1770,Speckled Ground Squirrel,Spotted Souslik
Spermophilus_taurensis,"Gündüz, Jaarola, Tez, Yeniyurt, Polly, & Searle",2007,Tauren Ground Squirrel,Taurus Ground Squirrel|Taurus Souslik
Spermophilus_vorontsovi,"Ermakov, Simonov, & Lopatina in Simonov, Lopatina, Titov, A. D. Ivanova, Brandler, Surin, Matrosova, Dvilis, Oreshkova, S. Yu. Kapustina, Golenishchev, & Ermakov",2024,Vorontsov's Ground Squirrel,
Spermophilus_xanthoprymnus,E. T. Bennett,1835,Asia Minor Ground Squirrel,Anatolian Ground Squirrel
Urocitellus_armatus,Kennicott,1863,Uinta Ground Squirrel,
Urocitellus_beldingi,C. H. Merriam,1888,Belding's Ground Squirrel,
Urocitellus_brunneus,A. H. Howell,1928,Idaho Ground Squirrel,
Urocitellus_canus,C. H. Merriam,1898,Merriam's Ground Squirrel,
Urocitellus_columbianus,Ord,1815,Columbian Ground Squirrel,
Urocitellus_elegans,Kennicott,1863,Wyoming Ground Squirrel,
Urocitellus_idahoensis,C. H. Merriam,1913,Snake River Plains Ground Squirrel,
Urocitellus_mollis,Kennicott,1863,Piute Ground Squirrel,
Urocitellus_parryii,J. Richardson,1825,Arctic Ground Squirrel,
Urocitellus_richardsonii,Sabine,1822,Richardson's Ground Squirrel,
Urocitellus_townsendii,Bachman,1839,Townsend's Ground Squirrel,
Urocitellus_undulatus,Pallas,1779,Long-tailed Ground Squirrel,
Urocitellus_washingtoni,A. H. Howell,1938,Washington Ground Squirrel,
Xerospermophilus_mohavensis,C. H. Merriam,1889,Mohave Ground Squirrel,
Xerospermophilus_perotensis,C. H. Merriam,1893,Perote Ground Squirrel,
Xerospermophilus_spilosoma,E. T. Bennett,1833,Spotted Ground Squirrel,
Xerospermophilus_tereticaudus,S. F. Baird,1857,Round-tailed Ground Squirrel,
Epixerus_ebii,Temminck,1853,African Palm Squirrel,Western Palm Squirrel|Ebian's Palm Squirrel|Temminck's Giant Squirrel
Funisciurus_anerythrus,O. Thomas,1890,Thomas's Rope Squirrel,Redless Tree Squirrel
Funisciurus_bayonii,du Bocage,1890,Lunda Rope Squirrel,
Funisciurus_carruthersi,O. Thomas,1906,Carruther's Mountain Squirrel,
Funisciurus_congicus,Kuhl,1820,Congo Rope Squirrel,
Funisciurus_duchaillui,Sanborn,1953,Du Chaillu's Rope Squirrel,
Funisciurus_isabella,J. E. Gray,1862,Lady Burton's Rope Squirrel,
Funisciurus_lemniscatus,Le Conte,1857,Ribboned Rope Squirrel,
Funisciurus_leucogenys,G. R. Waterhouse,1842,Red-cheeked Rope Squirrel,Orange-headed Tree Squirrel
Funisciurus_pyrropus,F. Cuvier in É. Geoffroy Saint-Hilaire & F. Cuvier,1833,Fire-footed Rope Squirrel,Red-legged Rope Squirrel
Funisciurus_substriatus,de Winton,1899,Kintampo Rope Squirrel,Winston's Tree Squirrel
Heliosciurus_gambianus,W. Ogilby,1835,Gambian Sun Squirrel,
Heliosciurus_mutabilis,W. C. H. Peters,1852,Mutable Sun Squirrel,
Heliosciurus_punctatus,Temminck,1853,Small Sun Squirrel,
Heliosciurus_rufobrachium,G. R. Waterhouse,1842,Red-legged Sun Squirrel,Isabelline Red-legged Sun Squirrel
Heliosciurus_ruwenzorii,Schwann,1904,Ruwenzori Sun Squirrel,
Heliosciurus_undulatus,F. W. True,1892,Zanj Sun Squirrel,
Myosciurus_pumilio,Le Conte,1857,African Pygmy Squirrel,
Paraxerus_alexandri,O. Thomas & Wroughton,1907,Alexander's Bush Squirrel,
Paraxerus_boehmi,A. Reichenow,1886,Boehm's Bush Squirrel,
Paraxerus_cepapi,A. Smith,1836,Smith's Bush Squirrel,
Paraxerus_cooperi,Hayman,1950,Cooper's Mountain Squirrel,Cooper's Bush Squirrel
Paraxerus_flavovittis,W. C. H. Peters,1852,Striped Bush Squirrel,
Paraxerus_lucifer,O. Thomas,1897,Black-and-red Bush Squirrel,
Paraxerus_ochraceus,Huet,1880,Ochre Bush Squirrel,
Paraxerus_palliatus,W. C. H. Peters,1852,Red Bush Squirrel,
Paraxerus_poensis,A. Smith,1834,Green Bush Squirrel,
Paraxerus_vexillarius,P. S. Kershaw,1923,Swynnerton's Bush Squirrel,Svynnerton's Bush Squirrel
Paraxerus_vincenti,Hayman,1950,Vincent's Bush Squirrel,Selinda Mountain Squirrel
Protoxerus_aubinnii,J. E. Gray,1873,Slender-tailed Squirrel,
Protoxerus_stangeri,G. R. Waterhouse,1842,Forest Giant Squirrel,African Giant Squirrel
Sciurotamias_davidianus,A. Milne-Edwards,1867,Pere David's Rock Squirrel,
Sciurotamias_forresti,O. Thomas,1922,Forrest's Rock Squirrel,
Eutamias_sibiricus,Laxmann,1769,Siberian Chipmunk,
Neotamias_alpinus,C. H. Merriam,1893,Alpine Chipmunk,
Neotamias_amoenus,J. A. Allen,1890,Yellow-pine Chipmunk,
Neotamias_bulleri,J. A. Allen,1889,Buller's Chipmunk,
Neotamias_canipes,V. O. Bailey,1902,Gray-footed Chipmunk,
Neotamias_cinereicollis,J. A. Allen,1890,Gray-collared Chipmunk,
Neotamias_cratericus,Blossom,1937,Crater Chipmunk,
Neotamias_dorsalis,S. F. Baird,1855,Cliff Chipmunk,
Neotamias_durangae,J. A. Allen,1903,Durango Chipmunk,
Neotamias_grisescens,A. H. Howell,1925,Coulee Chipmunk,
Neotamias_merriami,J. A. Allen,1889,Merriam's Chipmunk,
Neotamias_minimus,Bachman,1839,Least Chipmunk,Peñasco Least Chipmunk|Selkirk Least Chipmunk
Neotamias_obscurus,J. A. Allen,1890,California Chipmunk,
Neotamias_ochrogenys,C. H. Merriam,1897,Yellow-cheeked Chipmunk,Redwood Chipmunk
Neotamias_palmeri,C. H. Merriam,1897,Palmer's Chipmunk,
Neotamias_panamintinus,C. H. Merriam,1893,Panamint Chipmunk,
Neotamias_quadrimaculatus,J. E. Gray,1867,Long-eared Chipmunk,
Neotamias_quadrivittatus,Say in James,1823,Colorado Chipmunk,
Neotamias_ruficaudus,A. H. Howell,1920,Red-tailed Chipmunk,
Neotamias_rufus,Hoffmeister & L. S. Ellis,1979,Hopi Chipmunk,
Neotamias_senex,J. A. Allen,1890,Shadow Chipmunk,Allen's Chipmunk
Neotamias_siskiyou,A. H. Howell,1922,Siskiyou Chipmunk,
Neotamias_solivagus,A. H. Howell,1922,Coahuila Chipmunk,
Neotamias_sonomae,J. Grinnell,1915,Sonoma Chipmunk,
Neotamias_speciosus,C. H. Merriam in J. A. Allen,1890,Lodgepole Chipmunk,
Neotamias_townsendii,Bachman,1839,Townsend's Chipmunk,
Neotamias_umbrinus,J. A. Allen,1890,Uinta Chipmunk,Hidden Forest Uinta Chipmunk|Mount Ellen Uinta Chipmunk
Tamias_striatus,Linnaeus,1758,Eastern Chipmunk,
Spermophilopsis_leptodactyla,H. Lichtenstein,1823,Long-clawed Ground Squirrel,
Atlantoxerus_getulus,Linnaeus,1758,Barbary Ground Squirrel,North African Ground Squirrel
Euxerus_erythropus,É. Geoffroy Saint-Hilaire,1803,Striped Ground Squirrel,Geoffroy's Ground Squirrel|West African Ground Squirrel
Geosciurus_inauris,E. A. W. von Zimmermann,1780,South African Ground Squirrel,
Geosciurus_princeps,O. Thomas,1929,Damara Ground Squirrel,Kaokoveld Ground Squirrel|Mountain Ground Squirrel
Xerus_rutilus,Cretzschmar,1828,Unstriped Ground Squirrel,Pallid Ground Squirrel
Anomalurus_beecrofti,L. Fraser,1853,Beecroft's Anomalure,Beecroft's Flying Squirrel|Beecroft's Scaly-tailed Flying Squirrel|Beecroft's Scaly-tailed Squirrel
Anomalurus_derbianus,J. E. Gray,1842,Lord Derby's Anomalure,Derby's Flying Squirrel|Lord Derby's Flying Squirrel|Lord Derby's Scaly-tailed Flying Squirrel|Lord Derby's Scaly-tailed Squirrel
Anomalurus_pelii,Schlegel & S. Müller in Temminck,1845,Pel's Anomalure,Pel's Flying Squirrel|Pel's Scaly-tailed Flying Squirrel|Pel's Scaly-tailed Squirrel
Anomalurus_pusillus,O. Thomas,1887,Lesser Anomalure,Dwarf Anomalure|Dwarf Scaly-tailed Flying Squirrel|Dwarf Scaly-tailed Squirrel|Little Flying Squirrel
Idiurus_macrotis,G. S. Miller,1898,Long-eared Pygmy Anomalure,Long-eared Flying Squirrel|Long-eared Scaly-tailed Flying Squirrel
Idiurus_zenkeri,Matschie,1894,Zenker's Pygmy Anomalure,Pygmy Scaly-tailed Flying Squirrel|Zenker's Flying Squirrel
Zenkerella_insignis,Matschie,1898,Zenkerella,Cameroon Anomalure|Cameroon Scaly-tail|Cameroon Scaly-tailed Squirrel|Flightless Scaly-tailed Squirrel
Pedetes_capensis,J. R. Forster,1778,Southern African Springhare,South African Spring Hare|Southern African Springhaas
Pedetes_surdaster,O. Thomas,1902,East African Springhare,East African Springhaas|East African Spring Hare
Castor_canadensis,Kuhl,1820,North American Beaver,American Beaver|Canadian Beaver
Castor_fiber,Linnaeus,1758,Eurasian Beaver,European Beaver
Cratogeomys_castanops,S. F. Baird,1852,Yellow-faced Pocket Gopher,
Cratogeomys_fulvescens,C. H. Merriam,1895,Oriental Basin Pocket Gopher,Fulvous Pocket Gopher
Cratogeomys_fumosus,C. H. Merriam,1892,Smoky Pocket Gopher,
Cratogeomys_goldmani,C. H. Merriam,1895,Goldman's Pocket Gopher,Goldman's Yellow-faced Pocket Gopher
Cratogeomys_merriami,O. Thomas,1893,Merriam's Pocket Gopher,
Cratogeomys_perotensis,C. H. Merriam,1895,Cofre de Perote Pocket Gopher,
Cratogeomys_planiceps,C. H. Merriam,1895,Volcan de Toluca Pocket Gopher,
Geomys_arenarius,C. H. Merriam,1895,Desert Pocket Gopher,Sand Pocket Gopher|Rio Grande Pocket Gopher|Tularosa Pocket Gopher
Geomys_attwateri,C. H. Merriam,1895,Attwater's Pocket Gopher,Victoria Pocket Gopher
Geomys_brazensis,W. B. Davis,1938,Brazos Pocket Gopher,
Geomys_breviceps,S. F. Baird,1855,Baird's Pocket Gopher,Louisiana Pocket Gopher|Mer Rouge Pocket Gopher
Geomys_bursarius,G. K. Shaw,1800,Plains Pocket Gopher,Mississippi Valley Pocket Gopher
Geomys_jugossicularis,Hooper,1940,Hall's Pocket Gopher,Colorado Pocket Gopher
Geomys_knoxjonesi,R. J. Baker & Genoways,1975,Jones's Pocket Gopher,Knox Jones's Pocket Gopher
Geomys_lutescens,C. H. Merriam,1890,Sand Hills Pocket Gopher,Pale Pocket Gopher
Geomys_mobilensis,C. H. Merriam,1895,Alabama Pocket Gopher,Mobile Bay Pocket Gopher
Geomys_personatus,F. W. True,1889,Texas Pocket Gopher,Masked Pocket Gopher|South Texas Pocket Gopher|Del Rio Pocket Gopher|Nueces Pocket Gopher|Padre Island Pocket Gopher|Rio Grande Pocket Gopher|Seaside Pocket Gopher
Geomys_pinetis,Rafinesque,1817,Southeastern Pocket Gopher,Sandy Mounder|Colonial Pocket Gopher|Cumberland Island Pocket Gopher|Goff's Pocket Gopher|Sherman's Pocket Gopher
Geomys_streckeri,W. B. Davis,1943,Strecker's Pocket Gopher,Carrizo Springs Pocket Gopher
Geomys_texensis,C. H. Merriam,1895,Llano Pocket Gopher,Central Texas Pocket Gopher
Geomys_tropicalis,E. A. Goldman,1915,Tropical Pocket Gopher,
Heterogeomys_cavator,Bangs,1902,Chiriqui Pocket Gopher,
Heterogeomys_cherriei,J. A. Allen,1893,Cherrie's Pocket Gopher,
Heterogeomys_dariensis,E. A. Goldman,1912,Darién Pocket Gopher,Darien Pocket Gopher
Heterogeomys_heterodus,W. C. H. Peters,1865,Variable Pocket Gopher,
Heterogeomys_hispidus,LeConte,1852,Hispid Pocket Gopher,
Heterogeomys_lanius,D. G. Elliot,1905,Big Pocket Gopher,
Heterogeomys_underwoodi,Osgood,1931,Underwood's Pocket Gopher,
Orthogeomys_grandis,O. Thomas,1893,Giant Pocket Gopher,Oaxacan Pocket Gopher
Pappogeomys_bulleri,O. Thomas,1892,Buller's Pocket Gopher,Alcorn's Pocket Gopher
Zygogeomys_trichopus,C. H. Merriam,1895,Michoacan Pocket Gopher,
Megascapheus_atrovarius,J. A. Allen,1898,Black-and-brown Pocket Gopher,
Megascapheus_baileyi,C. H. Merriam,1901,Southwestern Texas Pocket Gopher,
Megascapheus_bottae,Eydoux & P. Gervais,1836,Botta's Pocket Gopher,Valley Pocket Gopher
Megascapheus_bulbivorus,J. Richardson,1829,Camas Pocket Gopher,Camas Rat
Megascapheus_connectens,E. R. Hall,1936,New Mexico Pocket Gopher,
Megascapheus_fulvus,S. W. Woodhouse,1853,Fulvous Pocket Gopher,
Megascapheus_laticeps,S. F. Baird,1855,Northern California Pocket Gopher,
Megascapheus_nayarensis,"Mathis, M. S. Hafner, D. J. Hafner, & Demastes",2013,Nayar Pocket Gopher,
Megascapheus_nigricans,Rhoads,1895,Southern California Pocket Gopher,California Pocket Gopher
Megascapheus_ruidosae,E. R. Hall,1932,Ruidoso Pocket Gopher,
Megascapheus_sheldoni,V. O. Bailey,1915,Sierra Madre Occidental Pocket Gopher,Sheldon Pocket Gopher
Megascapheus_townsendii,Bachman,1839,Townsend's Pocket Gopher,
Megascapheus_umbrinus,J. Richardson,1829,Southern Pocket Gopher,Animas Mountains Pocket Gopher
Thomomys_clusius,Coues,1875,Wyoming Pocket Gopher,
Thomomys_idahoensis,C. H. Merriam,1901,Idaho Pocket Gopher,Bitterroot Valley Pocket Gopher|Hamilton Pocket Gopher|Pygmy Pocket Gopher
Thomomys_mazama,C. H. Merriam,1897,Western Pocket Gopher,Mazama Pocket Gopher|Puget Sound Pocket Gopher|Tacoma Pocket Gopher
Thomomys_monticolus,J. A. Allen,1893,Mountain Pocket Gopher,California Mountain Pocket Gopher|Sierra Nevada Pocket Gopher
Thomomys_talpoides,J. Richardson,1828,Northern Pocket Gopher,Vancouver Pocket Gopher
Dipodomys_agilis,Gambel,1849,Agile Kangaroo Rat,Nimble Kangaroo Rat|Pacific Kangaroo Rat
Dipodomys_californicus,C. H. Merriam,1890,California Kangaroo Rat,
Dipodomys_compactus,F. W. True,1889,Gulf Coast Kangaroo Rat,
Dipodomys_deserti,Stephens,1887,Desert Kangaroo Rat,
Dipodomys_elator,C. H. Merriam,1894,Texas Kangaroo Rat,Loring's Kangaroo Rat
Dipodomys_gravipes,Huey,1925,San Quintin Kangaroo Rat,
Dipodomys_heermanni,LeConte,1853,Heermann's Kangaroo Rat,Morro Bay Kangaroo Rat|Tulare Kangaroo Rat
Dipodomys_ingens,C. H. Merriam,1904,Giant Kangaroo Rat,
Dipodomys_merriami,Mearns,1890,Merriam's Kangaroo Rat,Margarita Island Kangaroo Rat|San Bernardino Kangaroo Rat|San José Island Kangaroo Rat
Dipodomys_microps,C. H. Merriam,1904,Chisel-toothed Kangaroo Rat,Great Basin Kangaroo Rat|Houserock Chisel-toothed Kangaroo Rat|House Rock Valley Kangaroo Rat|Inyo Pocket Rat|Small-faced Kangaroo Rat
Dipodomys_nelsoni,C. H. Merriam,1907,Nelson's Kangaroo Rat,
Dipodomys_nitratoides,C. H. Merriam,1894,San Joaquin Kangaroo Rat,San Joaquin Valley Kangaroo Rat|Fresno Kangaroo Rat|Short-nosed Kangaroo Rat|Tipton Kangaroo Rat
Dipodomys_ordii,S. W. Woodhouse,1853,Ord's Kangaroo Rat,Five-toed Kangaroo Rat
Dipodomys_ornatus,C. H. Merriam,1894,Plateau Kangaroo Rat,Ornate Kangaroo Rat
Dipodomys_panamintinus,C. H. Merriam,1894,Panamint Kangaroo Rat,Mojave Kangaroo Rat
Dipodomys_phillipsii,J. E. Gray,1841,Phillips's Kangaroo Rat,Southern Banner-tailed Kangaroo Rat
Dipodomys_simulans,C. H. Merriam,1904,Dulzura Kangaroo Rat,Cabezon Kangaroo Rat|San Borja Kangaroo Rat|Santa Catarina Kangaroo Rat
Dipodomys_spectabilis,C. H. Merriam,1890,Banner-tailed Kangaroo Rat,Bannertail Kangaroo Rat
Dipodomys_stephensi,C. H. Merriam,1907,Stephens's Kangaroo Rat,Bonsall Relict Kangaroo Rat
Dipodomys_venustus,C. H. Merriam,1904,Narrow-faced Kangaroo Rat,Santa Cruz Kangaroo Rat|Big-eared Kangaroo Rat|Elephant-eared Kangaroo Rat
Microdipodops_albiventer,E. R. Hall & Durrant,1937,Bonneville Kangaroo Mouse,Dark Kangaroo Mouse
Microdipodops_californicus,C. H. Merriam,1901,Oregon Kangaroo Mouse,Dark Kangaroo Mouse
Microdipodops_megacephalus,C. H. Merriam,1891,Owyhee Kangaroo Mouse,Dark Kangaroo Mouse|Owyhee River Kangaroo Mouse
Microdipodops_pallidus,C. H. Merriam,1901,Lahontan Kangaroo Mouse,Pale Kangaroo Mouse|Pallid Kangaroo Mouse|Soda Spring Valley Kangaroo Mouse
Microdipodops_polionotus,J. Grinnell,1914,Nevada Kangaroo Mouse,Dark Kangaroo Mouse
Microdipodops_ruficollaris,E. R. Hall,1941,Kawich Kangaroo Mouse,Pale Kangaroo Mouse|Pallid Kangaroo Mouse
Heteromys_adspersus,W. C. H. Peters,1874,Panamanian Spiny Pocket Mouse,Peter's Spiny Pocket Mouse
Heteromys_anomalus,J. V. Thompson,1813,Trinidad Spiny Pocket Mouse,Caribbean Spiny Pocket Mouse|Northern South American Spiny Pocket Mouse
Heteromys_australis,O. Thomas,1901,Southern Spiny Pocket Mouse,
Heteromys_bulleri,O. Thomas,1893,Buller's Spiny Pocket Mouse,
Heteromys_catopterius,R. P. Anderson & Gutiérrez,2009,Overlook Spiny Pocket Mouse,
Heteromys_desmarestianus,J. E. Gray,1868,Desmarest's Spiny Pocket Mouse,
Heteromys_gaumeri,J. A. Allen & F. M. Chapman,1897,Gaumer's Spiny Pocket Mouse,
Heteromys_goldmani,C. H. Merriam,1902,Goldman's Spiny Pocket Mouse,
Heteromys_irroratus,J. E. Gray,1868,Mexican Spiny Pocket Mouse,Guerrero Spiny Pocket Mouse
Heteromys_nelsoni,C. H. Merriam,1902,Nelson's Spiny Pocket Mouse,
Heteromys_nubicolens,R. P. Anderson & Timm,2006,Cloud-dwelling Spiny Pocket Mouse,
Heteromys_oasicus,R. P. Anderson,2003,Paraguana Spiny Pocket Mouse,Paraguaná Spiny Pocket Mouse
Heteromys_oresterus,W. P. Harris,1932,Mountain Spiny Pocket Mouse,
Heteromys_pictus,O. Thomas,1893,Painted Spiny Pocket Mouse,
Heteromys_salvini,O. Thomas,1893,Salvin's Spiny Pocket Mouse,
Heteromys_spectabilis,Genoways,1971,Jaliscan Spiny Pocket Mouse,
Heteromys_teleus,R. P. Anderson & Jarrín-Valladares,2002,Ecuadorean Spiny Pocket Mouse,Ecuadoran Spiny Pocket Mouse
Chaetodipus_ammophilus,Osgood,1907,Dalquest's Pocket Mouse,
Chaetodipus_arenarius,C. H. Merriam,1894,Little Desert Pocket Mouse,Sand Pocket Mouse
Chaetodipus_artus,Osgood,1900,Narrow-skulled Pocket Mouse,
Chaetodipus_baileyi,C. H. Merriam,1894,Bailey's Pocket Mouse,
Chaetodipus_californicus,C. H. Merriam,1889,California Pocket Mouse,
Chaetodipus_collis,W. F. Blair,1938,Highland Coarse-haired Pocket Mouse,
Chaetodipus_durangae,"Neiswenter, D. J. Hafner, Light, Cepeda, Kinzer, L. F. Alexander, & Riddle",2019,Durango Coarse-haired Pocket Mouse,
Chaetodipus_eremicus,Mearns,1898,Chihuahuan Desert Pocket Mouse,Chihuahuan Pocket Mouse|Eastern Desert Pocket Mouse
Chaetodipus_fallax,C. H. Merriam,1889,San Diego Pocket Mouse,Short-eared Pocket Mouse|Anthony's Pocket Mouse
Chaetodipus_formosus,C. H. Merriam,1889,Long-tailed Pocket Mouse,
Chaetodipus_goldmani,Osgood,1900,Goldman's Pocket Mouse,
Chaetodipus_hispidus,S. F. Baird,1857,Hispid Pocket Mouse,
Chaetodipus_intermedius,C. H. Merriam,1889,Rock Pocket Mouse,Intermediate Pocket Mouse
Chaetodipus_nelsoni,C. H. Merriam,1894,Nelson's Coarse-haired Pocket Mouse,Nelson's Pocket Mouse|Lined Pocket Mouse
Chaetodipus_penicillatus,S. W. Woodhouse,1853,Desert Pocket Mouse,Sonoran Desert Pocket Mouse
Chaetodipus_pernix,J. A. Allen,1898,Southern Sinaloan Pocket Mouse,Sinaloan Pocket Mouse
Chaetodipus_rostratus,Osgood,1900,Northern Sinaloan Pocket Mouse,
Chaetodipus_rudinoris,D. G. Elliot,1903,Peninsular Pocket Mouse,Baja California Pocket Mouse|Baja Pocket Mouse
Chaetodipus_siccus,Osgood,1907,Cerralvo Island Pocket Mouse,
Chaetodipus_spinatus,C. H. Merriam,1889,Spiny Pocket Mouse,
Perognathus_alticolus,Rhoads,1894,White-eared Pocket Mouse,Tehachapi Pocket Mouse
Perognathus_amplus,Osgood,1900,Arizona Pocket Mouse,
Perognathus_fasciatus,zu Wied-Neuwied,1839,Olive-backed Pocket Mouse,
Perognathus_flavescens,C. H. Merriam,1889,Plains Pocket Mouse,Apache Pocket Mouse
Perognathus_flavus,S. F. Baird,1855,Silky Pocket Mouse,Baird's Pocket Mouse
Perognathus_inornatus,C. H. Merriam,1889,San Joaquin Pocket Mouse,Salinas Pocket Mouse
Perognathus_longimembris,Coues,1875,Little Pocket Mouse,Los Angeles Little Pocket Mouse|Los Angeles Pocket Mouse
Perognathus_merriami,J. A. Allen,1892,Merriam's Pocket Mouse,
Perognathus_mollipilosus,Coues,1875,Great Basin Pocket Mouse,
Perognathus_parvus,T. R. Peale,1849,Columbia Plateau Pocket Mouse,Great Basin Pocket Mouse
Allactaga_major,Kerr,1792,Great Jerboa,
Allactaga_severtzovi,Vinogradov,1925,Severtzov's Jerboa,
Allactodipus_bobrinskii,Kolesnikov,1937,Bobrinski's Jerboa,
Orientallactaga_balikunica,Hsia Wuping & Fang Xiyeh,1964,Balikun Jerboa,
Orientallactaga_bullata,G. M. Allen,1925,Gobi Jerboa,
Orientallactaga_sibirica,J. R. Forster,1778,Siberian Jerboa,Mongolian Five-toed Jerboa|Siberian Five-toed Jerboa
Pygeretmus_platyurus,H. Lichtenstein,1823,Lesser Fat-tailed Jerboa,
Pygeretmus_pumilio,Kerr,1792,Dwarf Fat-tailed Jerboa,Lesser Five-toed Jerboa|Little Earth Hare
Pygeretmus_shitkovi,Kuznetsov,1930,Greater Fat-tailed Jerboa,Zhitkov's Jerboa
Scarturus_aulacotis,J. A. Wagner,1840,Syrian Five-toed Jerboa,
Scarturus_caprimulga,Ellerman,1948,Afghan Five-toed Jerboa,
Scarturus_elater,H. Lichtenstein,1828,Northern Small Five-toed Jerboa,Five-toed Jerboa
Scarturus_euphraticus,O. Thomas,1881,Euphrates Jerboa,Montane Jerboa
Scarturus_heptneri,Pavlenko & Denisenko,1976,Heptner's Five-toed Jerboa,
Scarturus_hotsoni,O. Thomas,1920,Hotson's Five-toed Jerboa,Hotson's Jerboa
Scarturus_indicus,J. E. Gray,1842,Southern Small Five-toed Jerboa,
Scarturus_tetradactylus,H. Lichtenstein,1823,Four-toed Jerboa,
Scarturus_vinogradovi,Argyropulo in Vinogradov & Argyropulo,1941,Vinogradov's Jerboa,
Scarturus_williamsi,O. Thomas,1897,Williams's Jerboa,
Cardiocranius_paradoxus,Satunin,1903,Five-toed Pygmy Jerboa,Five-toed Dwarf Jerboa|Satunin's Jerboa
Salpingotus_crassicauda,Vinogradov,1924,Thick-tailed Pygmy Jerboa,Dzungarian Thick-tailed Pygmy Jerboa|Gobi Thick-tailed Pygmy Jerboa
Salpingotus_heptneri,Vorontsov & Smirnov,1969,Heptner's Pygmy Jerboa,
Salpingotus_kozlovi,Vinogradov,1923,Kozlov's Pygmy Jerboa,Three-toed Dwarf Jerboa
Salpingotus_michaelis,FitzGibbon,1966,Balochistan Pygmy Jerboa,Dwarf Three-toed Jerboa
Salpingotus_pallidus,Vorontsov & Shenbrot,1984,Pallid Pygmy Jerboa,Pale Pygmy Jerboa|Pale Pygmy Aral Jerboa|Pale Pygmy Balkhash Jerboa
Salpingotus_thomasi,Vinogradov,1928,Thomas's Pygmy Jerboa,
Chimaerodipus_auritus,"Shenbrot, Bannikova, Giraudoux, Quéré, Raoul, & Lebedev",2017,Ningxia Three-toed Jerboa,
Dipus_deasyi,Barrett-Hamilton,1900,Qaidam Three-toed Jerboa,
Dipus_sagitta,Pallas,1773,Northern Three-toed Jerboa,Hairy-footed Jerboa|Rough-legged Jerboa
Eremodipus_lichtensteini,Vinogradov,1927,Lichtenstein's Jerboa,
Jaculus_blanfordi,J. A. Murray,1884,Blanford's Jerboa,Greater Three-toed Jerboa
Jaculus_hirtipes,H. Lichtenstein,1823,African Hammada Jerboa,
Jaculus_jaculus,Linnaeus,1758,Lesser Egyptian Jerboa,Lesser Jerboa
Jaculus_loftusi,Blanford,1875,Arabian Jerboa,
Jaculus_orientalis,Erxleben,1777,Greater Egyptian Jerboa,Oriental Jerboa
Stylodipus_andrewsi,G. M. Allen,1925,Mongolian Three-toed Jerboa,Andrews's Three-toed Jerboa|Mongolian Jerboa
Stylodipus_birulae,Vinogradov,1937,Zaisan Three-toed Jerboa,
Stylodipus_sungorus,Sokolov & Shenbrot,1987,Dzungarian Three-toed Jerboa,
Stylodipus_telum,H. Lichtenstein,1823,Thick-tailed Three-toed Jerboa,Thick-tail Jerboa
Paradipus_ctenodactylus,Vinogradov,1929,Comb-toed Jerboa,
Euchoreutes_naso,W. L. Sclater,1891,Long-eared Jerboa,
Breviforamen_shannanense,"Zhu Zhongxu, Jiang Xuelong, Li Quan, & Chen Zhongzheng in Zhu Zhongxu, Li Quan, Song Wenyu, Li Xueyou, Lissovsky, Wang Muyang, Pei Xiaoxin, Luo Kang, Luo Jing, Pu Mingjin, Pu Changzhe, Wang Hongjiao, Liu Zhu, Chen Zhongzheng, & Jiang Xuelong",2025,Short-foramen Birch Mouse,Shannan Short-foramen Birch Mouse
Sicista_armenica,Sokolov & Baskevich,1988,Armenian Birch Mouse,
Sicista_betulina,Pallas,1779,Northern Birch Mouse,
Sicista_brevicauda,"Zhu Zhongxu, Li Quan, Chen Zhongzheng, & Jiang Xuelong in Zhu Zhongxu, Li Quan, Song Wenyu, Li Xueyou, Lissovsky, Wang Muyang, Pei Xiaoxin, Luo Kang, Luo Jing, Pu Mingjin, Pu Changzhe, Wang Hongjiao, Liu Zhu, Chen Zhongzheng, & Jiang Xuelong",2025,Short-tailed Birch Mouse,
Sicista_caucasica,Vinogradov,1925,Caucasian Birch Mouse,
Sicista_caudata,O. Thomas,1907,Long-tailed Birch Mouse,
Sicista_cimlanica,"Koval'skaya, Tikhonov, Tikhonova, Surov, & Bogomolov",2000,Tsimlyansk Birch Mouse,
Sicista_concolor,Büchner,1892,Chinese Birch Mouse,Gansu Birch Mouse|Kashmir Birch Mouse|Sichuan Birch Mouse
Sicista_kazbegica,"Sokolov, Baskevich, & Koval'skaya",1986,Kazbeg Birch Mouse,
Sicista_kluchorica,"Sokolov, Koval'skaya, & Baskevich",1980,Kluchor Birch Mouse,
Sicista_leathemi,O. Thomas,1893,Kashmir Birch Mouse,
Sicista_loriger,von Nathusius in von Nordmann,1839,Nordmann's Birch Mouse,
Sicista_meiguites,"Deng Yu, Liu Qing, Wang Xuming, Liu Shaoying, & Chen Shunde in Deng Yu, Liu Qing, Wang Xuming, Li Binbin V., Wang Jing, Liu Shuang, Liao Rui, Liu Shaoying, & Chen Shunde",2025,Meigu Birch Mouse,
Sicista_napaea,Hollister,1912,Altai Birch Mouse,
Sicista_pseudonapaea,Strautman,1949,Gray Birch Mouse,
Sicista_severtzovi,Ognev,1935,Severtzov's Birch Mouse,
Sicista_strandi,Formozov,1931,Strand's Birch Mouse,
Sicista_subtilis,Pallas,1773,Southern Birch Mouse,Pale Birch Mouse|Siberian Birch Mouse
Sicista_talgarica,"Lebedev, Koval'skaya, Solovyeva, Zemlemerova, Bannikova, M. Y. Rusin, & Matrosova",2021,Talgar Birch Mouse,
Sicista_terskeica,"Lebedev, Koval'skaya, Solovyeva, Zemlemerova, Bannikova, M. Y. Rusin, & Matrosova",2021,Terskey Birch Mouse,
Sicista_tianschanica,Salensky,1904,Tian Shan Birch Mouse,
Sicista_trizona,Frivaldszky,1865,Hungarian Birch Mouse,Transylvanian Birch Mouse
Sicista_weigoldi,A. Jacobi,1923,Sichuan Birch Mouse,
Sicista_zhetysuica,"Cserkész, Fülöp, Almerekova, Kondor, Laczkó, & Sramkó",2019,Zhetysu Birch Mouse,
Eozapus_setchuanus,de Pousargues,1896,Sichuan Jumping Mouse,Chinese Jumping Mouse
Eozapus_vicinus,O. Thomas,1912,Gansu Jumping Mouse,
Eozapus_wanglangensis,"Yang Siyu, Liu Shaoying, & Chen Shunde in Yang Siyu, Xie Fei, Zhou Chengxin, Zhang Zongyun, Wang Xuming, Liu Shaoying, & Chen Shunde",2025,Wanglang Jumping Mouse,
Napaeozapus_abietorum,Preble,1899,Western Woodland Jumping Mouse,
Napaeozapus_insignis,G. S. Miller,1891,Eastern Woodland Jumping Mouse,
Zapus_hudsonius,E. A. W. von Zimmermann,1780,Northern Meadow Jumping Mouse,Hudson Bay Jumping Mouse
Zapus_luteus,G. S. Miller,1911,Southern Meadow Jumping Mouse,
Zapus_montanus,C. H. Merriam,1897,Central Pacific Jumping Mouse,
Zapus_oregonus,Preble,1899,Oregon Jumping Mouse,
Zapus_pacificus,C. H. Merriam,1897,Southern Pacific Jumping Mouse,
Zapus_princeps,J. A. Allen,1893,Southwestern Jumping Mouse,Pacific Jumping Mouse
Zapus_saltator,J. A. Allen,1899,Northwestern Jumping Mouse,
Zapus_trinotatus,Rhoads,1895,Northern Pacific Jumping Mouse,Coast Jumping Mouse|Point Reyes Jumping Mouse
Calomyscus_bailwardi,O. Thomas,1905,Zagros Mountains Brush-tailed Mouse,Zagros Mountains Calomyscus|Zagros Mountains Mouse-like Hamster
Calomyscus_baluchi,O. Thomas,1920,Pakistan Brush-tailed Mouse,Baluchi Brush-tailed Mouse|Baluchi Calomyscus|Baluchi Mouse-like Hamster|Pakistan Calomyscus|Pakistan Mouse-tailed Hamster
Calomyscus_behzadi,"Akbarirad, Dezhman, M. Aliabadian, Siahsarvie, Shafaeipour, & Mirshamsi in Dezhman, Akbarirad, M. Aliabadian, Siahsarvie, Shafaeipour, & Mirshamsi",2021,Behzad's Brush-tailed Mouse,
Calomyscus_darvishi,"Rezazadeh, Zali, Ahmadzadeh, Siahsarvie, & M. Aliabadian in Rezazadeh, Zali, Ahmadzadeh, Siahsarvie, Kilpatrick, R. W. Norris, & M. Aliabadian",2024,Darvish's Brush-tailed Mouse,
Calomyscus_elburzensis,G. G. Goodwin,1939,Goodwin's Brush-tailed Mouse,Elburz Vesper Mouse|Goodwin's Calomyscus|Goodwin's Mouse-like Hamster|Goodwin's Mouse-tailed Hamster
Calomyscus_grandis,Schlitter & Setzer,1973,Noble Brush-tailed Mouse,Noble Calomyscus|Noble Mouse-tailed Hamster
Calomyscus_hotsoni,O. Thomas,1920,Hotson's Brush-tailed Mouse,Hotson's Calomyscus|Hotson's Mouse-like Hamster|Hotson's Mouse-tailed Hamster
Calomyscus_kermanensis,"Dezhman, Akbarirad, M. Aliabadian, Siahsarvie, Shafaeipour, & Mirshamsi",2023,Kerman Brush-tailed Mouse,
Calomyscus_kiabii,"Rezazadeh, Ahmadzadeh, & M. Aliabadian in Rezazadeh, Zali, Ahmadzadeh, Siahsarvie, Kilpatrick, R. W. Norris, & M. Aliabadian",2024,Atropatene Brush-tailed Mouse,
Calomyscus_mystax,Kashkarov,1925,Great Balkhan Brush-tailed Mouse,Afghan Mouse-like Hamster|Great Balkhan Calomyscus|Great Balkhan Mouse-tailed Hamster
Calomyscus_tsolovi,D. Peshev,1991,Syrian Brush-tailed Mouse,Syrian Calomyscus|Syrian Mouse-tailed Hamster|Tsolov's Mouse-like Hamster
Calomyscus_urartensis,"Vorontsov & Kartavtseva in Vorontsov, Kartavtseva, & Potapova",1979,Urar Brush-tailed Mouse,Iranian Long-tailed Hamster|Persian Hamster|Urar Calomyscus|Urar Mouse-tailed Hamster|Urartsk Mouse-like Hamster
Arvicola_amphibius,Linnaeus,1758,Eurasian Water Vole,European Water Vole|Water Vole
Arvicola_destructor,Savi,1838,Italian Water Vole,
Arvicola_persicus,De Filippi,1865,Persian Water Vole,
Arvicola_sapidus,G. S. Miller,1908,Southwestern Water Vole,Southern Water Vole
Hyperacrius_fertilis,F. W. True,1894,Burrowing Vole,Subalpine Kashmir Vole|True's Vole
Hyperacrius_wynnei,Blanford,1881,Murree Vole,Conifer Kashmir Vole
Alexandromys_alpinus,"Lissovsky, Yatsentyuk, Petrova, & Abramson in Lissovsky, Petrova, Yatsentyuk, Golenishchev, Putincev, Kartavtseva, Sheremetyeva, & Abramson",2017,Alpine Vole,
Alexandromys_evoronensis,Koval'skaya & Sokolov,1980,Evoron Vole,Evorsk Vole|Lake Evoron Vole
Alexandromys_fortis,Büchner,1890,Reed Vole,Yangtze Vole
Alexandromys_kikuchii,Kuroda,1920,Taiwan Vole,Kikuchi's Field Vole
Alexandromys_limnophilus,Büchner,1890,Lacustrine Vole,
Alexandromys_maximowiczii,von Schrenck,1859,Maximowicz's Vole,
Alexandromys_middendorffii,Poljakov,1881,Middendorff's Vole,
Alexandromys_mongolicus,von Radde,1861,Mongolian Vole,
Alexandromys_montebelli,A. Milne-Edwards,1872,Japanese Grass Vole,
Alexandromys_mujanensis,Orlov & Koval'skaya,1978,Muya Valley Vole,Muisk Vole
Alexandromys_oeconomus,Pallas,1776,Root Vole,Tundra Vole
Alexandromys_sachalinensis,Vasin,1955,Sakhalin Vole,Sakhalin Island Vole
Alexandromys_shantaricus,Ognev,1929,Shantar Vole,Gromov's Vole
Chionomys_gud,Satunin,1909,Gudaur Snow Vole,Caucasian Snow Vole
Chionomys_lasistanius,Neuhäuser,1936,Lazistan Snow Vole,
Chionomys_nivalis,Martins,1842,European Snow Vole,
Chionomys_roberti,O. Thomas,1906,Robert's Snow Vole,
Chionomys_stekolnikovi,"Golenishchev, Malikov, Bannikova, A. E. Zykov, Yiğit, & E. Çolak",2022,Stekolnikov's Snow Vole,
Lasiopodomys_brandtii,von Radde,1861,Brandt's Vole,
Lasiopodomys_mandarinus,A. Milne-Edwards,1871,Mandarin Vole,Chinese Vole
Lemmiscus_curtatus,Cope,1868,Sagebrush Vole,
Microtus_abbreviatus,G. S. Miller,1899,Singing Vole,St. Matthew Island Vole
Microtus_afghanus,O. Thomas,1912,Afghan Vole,
Microtus_agrestis,Linnaeus,1761,Short-tailed Field Vole,Field Vole|Short-tailed Vole
Microtus_anatolicus,Kryštufek & Kefelioğlu,2001,Anatolian Vole,
Microtus_arvalis,Pallas,1779,Common Vole,Guernsey Vole|Orkney Vole
Microtus_brachycercus,E. von Lehmann,1961,Calabria Pine Vole,
Microtus_bucharensis,Vinogradov,1930,Bucharian Vole,
Microtus_cabrerae,O. Thomas,1906,Cabrera's Vole,
Microtus_californicus,T. R. Peale,1849,California Vole,Amargosa Vole|California Meadow Mouse
Microtus_canicaudus,G. S. Miller,1897,Gray-tailed Vole,
Microtus_chrotorrhinus,G. S. Miller,1894,Rock Vole,Southern Rock Vole|Yellow-nosed Vole
Microtus_daghestanicus,Shidlovsky,1919,Caucasian Pine Vole,Caucasus Pine Vole|Dagestan Pine Vole
Microtus_dogramacii,Kefelioğlu & Kryštufek,1999,Dogramaci's Vole,
Microtus_drummondii,Audubon & Bachman,1854,Western Meadow Vole,Chihuahua Vole|Potholes Meadow Vole|Admiralty Island Meadow Vole
Microtus_dukecampbelli,"C. A. Woods, Post, & Kilpatrick",1982,Florida Salt Marsh Vole,
Microtus_duodecimcostatus,de Sélys-Longchamps,1839,Mediterranean Pine Vole,
Microtus_felteni,Malec & Storch,1963,Balkan Pine Vole,Felten's Vole
Microtus_fingeri,Neuhäuser,1936,Anatolian Pine Vole,
Microtus_guatemalensis,C. H. Merriam,1898,Guatemalan Vole,
Microtus_guentheri,Danford & Alston,1880,Levant Vole,Günther's Vole
Microtus_hartingi,Barrett-Hamilton,1903,Harting's Vole,
Microtus_ilaeus,O. Thomas,1912,Tian Shan Vole,Kazakhstan Vole
Microtus_irani,O. Thomas in Cheesman,1921,Iranian Vole,Persian Vole|Schidlovsky Pine Vole
Microtus_kermanensis,de Roguin,1988,Kerman Vole,Balochistan Vole
Microtus_lavernedii,Crespon,1844,Mediterranean Field Vole,
Microtus_liechtensteini,Wettstein-Westersheim,1927,Liechtenstein's Pine Vole,Bavarian Pine Vole
Microtus_longicaudus,C. H. Merriam,1888,Long-tailed Vole,Coronation Island Vole|San Bernardino Long-tailed Vole
Microtus_lusitanicus,Z. Gerbe,1879,Lusitanian Pine Vole,
Microtus_majori,O. Thomas,1906,Major's Pine Vole,
Microtus_mexicanus,de Saussure,1861,Mexican Vole,
Microtus_mogollonensis,Mearns,1890,Mogollon Vole,Hualpai Vole|Navajo Vole
Microtus_montanus,T. R. Peale,1849,Montane Vole,Pahranagat Valley Montane Vole
Microtus_multiplex,Fatio,1905,Alpine Pine Vole,
Microtus_mustersi,Hinton,1926,Cyrenaica Vole,Muster's Vole
Microtus_mystacinus,De Filippi,1863,Caspian Gray Vole,Russian Vole|Sibling Vole|Southern Vole
Microtus_nebrodensis,Minà-Palumbo,1868,Sicilian Pine Vole,
Microtus_oaxacensis,G. G. Goodwin,1966,Tarabundi Vole,Oaxacan Vole
Microtus_obscurus,Eversmann,1841,Altai Vole,Dark Vole|Altai Grey Vole
Microtus_ochrogaster,J. A. Wagner,1843,Prairie Vole,
Microtus_oregoni,Bachman,1839,Creeping Vole,Oregon Meadow Mouse|Oregon Vole
Microtus_paradoxus,Ognev & Heptner,1928,Kopet Dag Pine Vole,Paradox Vole
Microtus_pennsylvanicus,Ord,1815,Eastern Meadow Vole,Meadow Vole|Block Island Meadow Vole|Penobscot Meadow Vole|Beach Vole|Muskeget Vole
Microtus_pinetorum,Le Conte,1830,Woodland Vole,Mole Mouse|Pine Mouse|Pine Vole
Microtus_pyrenaicus,de Sélys-Longchamps,1847,Pyrenean Pine Vole,Gerbe's Vole
Microtus_quasiater,Coues,1874,Jalapan Vole,Jalapan Pine Vole
Microtus_richardsoni,De Kay,1842,North American Water Vole,Richardson's Meadow Vole|Richardson's Vole|Richardson's Water Vole
Microtus_rossiaemeridionalis,Ognev,1924,East European Gray Vole,Sibling Vole
Microtus_rozianus,du Bocage,1865,Portuguese Field Vole,
Microtus_savii,de Sélys-Longchamps,1838,Savi's Pine Vole,
Microtus_schelkovnikovi,Satunin,1908,Schelkovnikov's Pine Vole,
Microtus_schidlovskii,Argyropulo,1933,Schidlovski's Vole,
Microtus_socialis,Pallas,1773,Social Vole,
Microtus_subterraneus,de Sélys-Longchamps,1836,Common Pine Vole,European Pine Vole
Microtus_tatricus,Kratochvíl,1952,Tatra Pine Vole,Tatra Vole
Microtus_thomasi,Barrett-Hamilton,1903,Thomas's Pine Vole,
Microtus_townsendii,Bachman,1839,Townsend's Vole,Triangle Island Vole
Microtus_transcaspicus,Satunin,1905,Transcaspian Vole,Middle East Vole
Microtus_umbrosus,C. H. Merriam,1898,Zempoaltepec Vole,
Microtus_xanthognathus,Leach,1815,Taiga Vole,Chestnut-cheeked Vole|Yellow-cheeked Vole
Microtus_yuldaschi,Severtzov,1879,Juniper Vole,Juniper Mountain Vole|Pamir Vole
Mictomicrotus_liangshanensis,"Liu Shaoying, Sun Zhiyu, Zeng Zongyong, & Zhao Ermi",2007,Liangshan Vole,
Neodon_bershulaensis,"Liu Shaoying, Zhou Chengran, Liu Yang, & Liu Shanlin in Liu Shaoying, Zhou Chengran, Meng Guanliang, Wan Tao, Tang Mingkun, Yang Chentao, R. W. Murphy, Fan Zhenxin, Liu Yang, Zeng Tao, Zhao Yun, & Liu Shanlin",2022,Bershula Mountain Vole,
Neodon_bomiensis,"Liu Shaoying, Zhou Chengran, Meng Guanliang, & Liu Shanlin in Liu Shaoying, Zhou Chengran, Meng Guanliang, Wan Tao, Tang Mingkun, Yang Chentao, R. W. Murphy, Fan Zhenxin, Liu Yang, Zeng Tao, Zhao Yun, & Liu Shanlin",2022,Bomi Mountain Vole,
Neodon_chayuensis,"Liu Shaoying, Zhou Chengran, Liu Yang, Tang Mingkun, & Liu Shanlin in Liu Shaoying, Zhou Chengran, Meng Guanliang, Wan Tao, Tang Mingkun, Yang Chentao, R. W. Murphy, Fan Zhenxin, Liu Yang, Zeng Tao, Zhao Yun, & Liu Shanlin",2022,Chayu Mountain Vole,
Neodon_clarkei,Hinton,1923,Clarke's Vole,
Neodon_forresti,Hinton,1923,Forrest's Mountain Vole,
Neodon_fuscus,Büchner,1890,Smoky Mountain Vole,Plateau Vole|Qinghai Vole
Neodon_irene,O. Thomas,1911,Irene Mountain Vole,Chinese Scrub Vole
Neodon_konggordous,"Wang Xuming & Liu Shaoying in Wang Xuming, Pan Xuan, Liu Yingxun, R. W. Murphy, Peng Buqing, Duan Chao, Liao Rui, Wang Xin, & Liu Shaoying",2025,Konggordo Mountain Vole,
Neodon_kulakangria,"Wang Xuming & Liu Shaoying in Wang Xuming, Pan Xuan, Liu Yingxun, R. W. Murphy, Peng Buqing, Duan Chao, Liao Rui, Wang Xin, & Liu Shaoying",2025,Kulagangri Mountain Vole,
Neodon_leucurus,E. Blyth in Theobald,1862,Blyth's Mountain Vole,Blyth's Vole
Neodon_lhozhagensis,"Wang Siyuan, Li Yixian, Li Quan, Song Wenyu, Wang Hongjiao, He Shuiwang, Onditi, Khanal, Li Xueyou, Chen Zhongzheng, & Jiang Xuelong",2024,Lhozhag Mountain Vole,
Neodon_liaoruii,"Liu Shaoying, Zhou Chengran, Meng Guanliang, & Liu Shanlin in Liu Shaoying, Zhou Chengran, Meng Guanliang, Wan Tao, Tang Mingkun, Yang Chentao, R. W. Murphy, Fan Zhenxin, Liu Yang, Zeng Tao, Zhao Yun, & Liu Shanlin",2022,Liao Rui's Mountain Vole,
Neodon_linzhiensis,"Liu Shaoying, Sun Zhiyu, Liu Yang, Wang Hao, Guo Peng, & R. W. Murphy",2012,Linzhi Mountain Vole,
Neodon_medogensis,"Liu Shaoying, Jin Wei, Liu Yang, R. W. Murphy, Lü Bin, Hao Haibang, Liao Rui, Sun Zhiyu, Tang Mingkun, Chen Weicai, & Fu Jianrong",2016,Medog Mountain Vole,
Neodon_minor,"Wang Xuming & Liu Shaoying in Wang Xuming, Pan Xuan, Liu Yingxun, R. W. Murphy, Peng Buqing, Duan Chao, Liao Rui, Wang Xin, & Liu Shaoying",2025,Lesser Mountain Vole,
Neodon_namchabarwaensis,"Liu Shaoying, Zhou Chengran, R. W. Murphy, & Liu Shanlin in Liu Shaoying, Zhou Chengran, Meng Guanliang, Wan Tao, Tang Mingkun, Yang Chentao, R. W. Murphy, Fan Zhenxin, Liu Yang, Zeng Tao, Zhao Yun, & Liu Shanlin",2022,Namchabarwa Mountain Vole,
Neodon_nepalensis,"N. Pradhan, A. N. Sharma, Sherchan, Chhetri, Shrestha, & Kilpatrick",2019,Nepalese Mountain Vole,Nepalese Vole
Neodon_nyalamensis,"Liu Shaoying, Jin Wei, Liu Yang, R. W. Murphy, Lü Bin, Hao Haibang, Liao Rui, Sun Zhiyu, Tang Mingkun, Chen Weicai, & Fu Jianrong",2016,Nyalam Mountain Vole,
Neodon_shergylaensis,"Liu Shaoying, Zhou Chengran, R. W. Murphy, & Liu Shanlin in Liu Shaoying, Zhou Chengran, Meng Guanliang, Wan Tao, Tang Mingkun, Yang Chentao, R. W. Murphy, Fan Zhenxin, Liu Yang, Zeng Tao, Zhao Yun, & Liu Shanlin",2022,Shergyla Mountain Vole,
Neodon_sikimensis,Horsfield,1851,Sikkim Mountain Vole,Sikkim Vole
Proedromys_bedfordi,O. Thomas,1911,Duke of Bedford's Vole,Bedford's Vole
Stenocranius_gregalis,Pallas,1779,Narrow-headed Vole,Narrow-skulled Vole
Stenocranius_raddei,Poljakov,1881,Radde's Vole,
Volemys_millicens,O. Thomas,1911,Sichuan Vole,Szechuan Vole
Volemys_musseri,M. A. Lawrence,1982,Marie's Vole,Western Sichuan Vole
Alticola_albicauda,F. W. True,1894,White-tailed Mountain Vole,
Alticola_argentatus,Severtzov,1879,Silver Mountain Vole,
Alticola_barakshin,Bannikov,1947,Gobi Altai Mountain Vole,Gobi Altai's Vole
Alticola_kohistanicus,Kryštufek & Shenbrot,2022,Kohistan Mountain Vole,
Alticola_lemminus,G. S. Miller,1898,Lemming Mountain Vole,Lemming Vole
Alticola_macrotis,von Radde,1861,Large-eared Vole,Large-eared Mountain Vole
Alticola_montosus,F. W. True,1894,Kashmir Mountain Vole,Central Kashmir Vole|True's Vole
Alticola_olchonensis,Litvinov,1960,Lake Baikal Mountain Vole,Olkhon Mountain Vole
Alticola_parvidens,Schlitter & Setzer,1973,Hindu Kush Mountain Vole,
Alticola_roylei,J. E. Gray,1842,Royle's Mountain Vole,
Alticola_semicanus,G. M. Allen,1924,Mongolian Mountain Vole,Mongolian Silver Vole
Alticola_stoliczkanus,Blanford,1875,Stoliczka's Mountain Vole,
Alticola_strelzovi,Kastschenko,1899,Strelzov's Mountain Vole,Flat-headed Mountain Vole|Flat-headed Vole
Alticola_tuvinicus,Ognev,1950,Tuva Mountain Vole,Tuva Silver Vole
Alticola_yarlungius,"Tang Mingkun, Qiu Hong, Peng Buqing, & Liu Shaoying in Tang Mingkun, Qiu Hong, Peng Buqing, Liao Rui, R. W. Murphy, Wang Xuming, Pan Xuan, Wang Xin, & Liu Shaoying",2025,Yarlung Zangbo Mountain Vole,
Clethrionomys_californicus,C. H. Merriam,1890,Western Red-backed Vole,California Red-backed Vole
Clethrionomys_centralis,G. S. Miller,1906,Tian Shan Red-backed Vole,Tian Shan Gray Red-backed Vole
Clethrionomys_gapperi,Vigors in Gapper,1830,Southern Red-backed Vole,Boreal Red-backed Vole|Gapper's Red-backed Vole|Revillagigedo Island Red-backed Vole
Clethrionomys_glareolus,von Schreber,1780,Bank Vole,
Clethrionomys_rutilus,Pallas,1779,Northern Red-backed Vole,Red Vole
Craseomys_andersoni,O. Thomas,1905,Anderson's Red-backed Vole,Japanese Red-backed Vole|Wakayama Red-backed Vole
Craseomys_regulus,O. Thomas,1907,Korean Red-backed Vole,Royal Vole|Southern Red-backed Vole
Craseomys_rex,Imaizumi,1972,Hokkaido Red-backed Vole,
Craseomys_rufocanus,Sundevall,1847,Gray Red-backed Vole,Gray-sided Vole
Craseomys_smithii,O. Thomas,1905,Smith's Red-backed Vole,Smith's Vole
Anteliomys_chinensis,O. Thomas,1891,Sichuan Red-backed Vole,Chinese Oriental Vole|Pratt's Oriental Vole|Pratt's Vole|Sichuan Chinese Vole
Anteliomys_custos,O. Thomas,1912,Southwest China Red-backed Vole,Custos Oriental Vole|Southwest China Vole|Southwest Red-backed Vole
Anteliomys_hintoni,Osgood,1932,Hinton's Red-backed Vole,
Anteliomys_olitor,O. Thomas,1911,Black-eared Red-backed Vole,Black-eared Chinese Vole|Chaotung Vole
Anteliomys_proditor,Hinton,1923,Yulongxuen Red-backed Vole,Lijiang Oriental Vole|Yulong Chinese Vole|Yulungshan Vole
Anteliomys_tarquinius,O. Thomas,1912,Tarquinius Red-backed Vole,
Anteliomys_wardi,O. Thomas,1912,Ward's Red-backed Vole,Ward's Chinese Vole|Ward's Oriental Vole
Caryomys_eva,O. Thomas,1911,Gansu Red-backed Vole,Eva's Red-backed Vole|Eva's Vole|Gansu Vole|Taozhou Vole
Caryomys_inez,O. Thomas,1908,Kolan Red-backed Vole,Inez's Red-backed Vole|Inez's Vole|Kolan Vole
Eothenomys_colurnus,O. Thomas,1911,Zhejiang Red-backed Vole,
Eothenomys_eleusis,O. Thomas,1911,Yunnan Red-backed Vole,Chongqing Red-backed Vole
Eothenomys_melanogaster,A. Milne-Edwards in A. David,1871,Pere David's Red-backed Vole,Melano-bellied Oriental Vole|Pere David's Vole
Dicrostonyx_groenlandicus,Traill in W. Scoresby,1823,Nearctic Collared Lemming,Bering Collared Lemming|Greenland Collared Lemming|Northern Collared Lemming|Northern Hoofed Lemming|Northern Varying Lemming
Dicrostonyx_hudsonius,Pallas,1779,Ungava Collared Lemming,Labrador Collared Lemming
Dicrostonyx_nelsoni,C. H. Merriam,1900,Nelson's Collared Lemming,St. Lawrence Island Collared Lemming
Dicrostonyx_nunatakensis,Youngman,1967,Ogilvie Mountains Collared Lemming,Ogilvie Collared Lemming
Dicrostonyx_richardsoni,C. H. Merriam,1900,Richardson's Collared Lemming,Richardson's Hoofed Lemming|Richardson's Varying Lemming
Dicrostonyx_torquatus,Pallas,1779,Palearctic Collared Lemming,Arctic Lemming
Dicrostonyx_unalascensis,C. H. Merriam,1900,Unalaska Collared Lemming,Umnak Island Collared Lemming
Bramus_fuscocapillus,E. Blyth,1842,Southern Mole Vole,Afghan Mole Vole|Quetta Mole Vole
Bramus_lutescens,O. Thomas,1897,Transcaucasian Mole Vole,Mountain Mole Vole
Ellobius_talpinus,Pallas,1770,Northern Mole Vole,
Ellobius_tancrei,W. Blasius,1884,Eastern Mole Vole,Zaysan Mole Vole
Eolagurus_luteus,Eversmann,1840,Yellow Steppe Lemming,
Eolagurus_przewalskii,Büchner,1890,Przewalski's Steppe Lemming,Tibetan Yellow Steppe Lemming
Lagurus_lagurus,Pallas,1773,Steppe Vole,Steppe Lemming
Lemmus_amurensis,Vinogradov,1924,Amur Brown Lemming,Amur Lemming
Lemmus_lemmus,Linnaeus,1758,Norway Brown Lemming,Norway Lemming|Norwegian Lemming
Lemmus_nigripes,F. W. True,1894,Beringian Brown Lemming,Beringian Lemming
Lemmus_novosibiricus,Vinogradov,1924,East Siberian Brown Lemming,Siberian Brown Lemming|Black-footed Lemming|Brown Lemming|Ob Lemming|Siberian Lemming
Lemmus_sibiricus,Kerr,1792,West Siberian Brown Lemming,Siberian Brown Lemming|Black-footed Lemming|Brown Lemming|Ob Lemming|Siberian Lemming
Lemmus_trimucronatus,J. Richardson,1825,Nearctic Brown Lemming,
Mictomys_borealis,J. Richardson,1828,Northern Bog Lemming,Okanagan Bog Lemming
Myopus_schisticolor,Lilljeborg,1844,Wood Lemming,
Synaptomys_cooperi,S. F. Baird,1857,Southern Bog Lemming,Kansas Bog Lemming|Southern Lemming Mouse
Neofiber_alleni,F. W. True,1884,Round-tailed Muskrat,
Ondatra_zibethicus,Linnaeus,1766,Common Muskrat,Muskbeaver
Dinaromys_bogdanovi,V. E. Martino & E. V. Martino,1922,Martino's Dinaric Vole,Martino's Snow Vole|Balkan Snow Vole
Dinaromys_longipedis,Đulić & Vidinić,1967,Western Dinaric Vole,Western Snow Vole
Arborimus_albipes,C. H. Merriam,1901,White-footed Vole,
Arborimus_longicaudus,F. W. True,1890,Red Tree Vole,Reddish Tree Mouse
Arborimus_pomo,M. L. Johnson & S. B. George,1991,Sonoma Tree Vole,California Red Tree Mouse|California Red Tree Vole|Pomo Tree Vole
Phenacomys_intermedius,C. H. Merriam,1889,Western Heather Vole,
Phenacomys_ungava,C. H. Merriam,1889,Eastern Heather Vole,
Prometheomys_schaposchnikowi,Satunin,1901,Long-clawed Mole Vole,Promethean Vole
Cansumys_canus,G. M. Allen,1928,Gansu Hamster,
Allocricetulus_curtatus,G. M. Allen,1925,Mongolian Hamster,Mongolian Eversmann's Hamster
Allocricetulus_eversmanni,J. F. von Brandt,1859,Eversmann's Hamster,Common Everssmann's Hamster
Cricetulus_barabensis,Pallas,1773,Striped Lesser Hamster,Striped Dwarf Hamster
Cricetulus_longicaudatus,A. Milne-Edwards,1871,Long-tailed Lesser Hamster,Long-tailed Dwarf Hamster
Cricetulus_sokolovi,Orlov & Malygin,1988,Sokolov's Lesser Hamster,Sokolov's Dwarf Hamster
Cricetus_cricetus,Linnaeus,1758,Common Hamster,Black-bellied Hamster|European Hamster|German Marmot|Great Hamster
Nothocricetulus_migratorius,Pallas,1773,Gray Hamster,Armenian Hamster|Gray Dwarf Hamster|Migratory Hamster
Tscherskia_collina,G. M. Allen,1925,Tsinling Rat-like Hamster,Ningshaan Long-tailed Hamster
Tscherskia_triton,de Winton,1899,Common Rat-like Hamster,Greater Long-tailed Hamster
Mesocricetus_auratus,G. R. Waterhouse,1839,Syrian Golden Hamster,Golden Hamster|Syrian Hamster
Mesocricetus_brandti,Nehring,1898,Brandt's Golden Hamster,Turkish Hamster|Brandt's Hamster
Mesocricetus_newtoni,Nehring,1898,Romanian Golden Hamster,Romanian Hamster
Mesocricetus_raddei,Nehring,1894,Radde's Golden Hamster,Ciscaucasian Hamster
Cricetiscus_campbelli,O. Thomas,1905,Mongolian Hairy-footed Hamster,Campbell's Hamster|Campbell's Desert Hamster
Cricetiscus_sungorus,Pallas,1773,Siberian Hairy-footed Hamster,Dzungarian Hamster|Russian Winter White Dwarf Hamster|Siberian Dwarf Hamster|Siberian Hamster|Striped Hairy-footed Hamster|Striped Hamster|Striped Desert Hamster
Phodopus_roborovskii,Satunin,1903,Desert Hamster,Roborowski's Hamster|Roborovski's Desert Hamster
Urocricetus_kamensis,Satunin,1903,Satunin's Tibetan Hamster,Kam Dwarf Hamster|Kam Rat-like Hamster|Tibetan Hamster|Tibetan Dwarf Hamster
Urocricetus_lama,Bonhote,1905,Ladakh Tibetan Hamster,Ladakh Hamster|Ladakh Dwarf Hamster|Ladak Tibetan Hamster
Baiomys_brunneus,J. A. Allen & F. M. Chapman,1897,Southern Pygmy Mouse,
Baiomys_musculus,C. H. Merriam,1892,Mexican Pygmy Mouse,Southern Pygmy Mouse
Baiomys_taylori,O. Thomas,1887,Northern Pygmy Mouse,
Scotinomys_teguina,Alston,1877,Short-tailed Singing Mouse,Alston's Brown Mouse|Alston's Singing Mouse
Scotinomys_xerampelinus,Bangs,1902,Long-tailed Singing Mouse,Chiriqui Brown Mouse|Chiriqui Singing Mouse
Nelsonia_goldmani,C. H. Merriam,1903,Goldman's Diminutive Woodrat,Nelson and Goldman's Woodrat
Nelsonia_neotomodon,C. H. Merriam,1897,Western Diminutive Woodrat,
Hodomys_alleni,C. H. Merriam,1892,Allen's Woodrat,
Neotoma_albigula,Hartley,1894,White-throated Woodrat,
Neotoma_angustapalata,R. H. Baker,1951,Tamaulipan Woodrat,
Neotoma_bryanti,C. H. Merriam,1887,Western Desert Woodrat,Bryant's Woodrat|Desert Woodrat|Anthony's Woodrat|Coronados Island Woodrat|San Martín Woodrat
Neotoma_chrysomelas,J. A. Allen,1908,Nicaraguan Woodrat,
Neotoma_cinerea,Ord,1815,Bushy-tailed Woodrat,Packrat
Neotoma_devia,E. A. Goldman,1927,Southeastern Desert Woodrat,Arizona Woodrat|Desert Woodrat
Neotoma_ferruginea,Tomes,1862,Ferruginous Woodrat,Tomes's Woodrat|Guatemala Woodrat
Neotoma_floridana,Ord,1818,Eastern Woodrat,Key Largo Woodrat
Neotoma_fuscipes,S. F. Baird,1857,Northern Dusky-footed Woodrat,San Joaquin Valley Woodrat|Riparian Woodrat|Dusky-footed Woodrat
Neotoma_goldmani,C. H. Merriam,1903,Goldman's Woodrat,
Neotoma_insularis,C. H. Townsend,1912,Angel de la Guarda Woodrat,
Neotoma_lepida,O. Thomas,1893,Central Desert Woodrat,Desert Woodrat
Neotoma_leucodon,C. H. Merriam,1894,White-toothed Woodrat,
Neotoma_macrotis,O. Thomas,1893,Southern Dusky-footed Woodrat,Large-eared Woodrat|San Joaquin Valley Woodrat|Riparian Woodrat|Dusky-footed Woodrat
Neotoma_magister,S. F. Baird,1857,Allegheny Woodrat,Appalachian Woodrat
Neotoma_melanura,C. H. Merriam,1894,Black-tailed Woodrat,Sonora Woodrat
Neotoma_mexicana,S. F. Baird,1855,Mexican Woodrat,
Neotoma_micropus,S. F. Baird,1855,Southern Plains Woodrat,
Neotoma_nelsoni,E. A. Goldman,1905,Nelson's Woodrat,
Neotoma_palatina,E. A. Goldman,1905,Bolaños Woodrat,
Neotoma_phenax,C. H. Merriam,1903,Sonoran Woodrat,
Neotoma_picta,E. A. Goldman,1904,Painted Woodrat,
Neotoma_stephensi,E. A. Goldman,1905,Stephens's Woodrat,
Xenomys_nelsoni,C. H. Merriam,1892,Magdalena Woodrat,Magdalena Rat
Ochrotomys_nuttalli,Harlan,1832,Golden Mouse,
Onychomys_arenicola,Mearns,1896,Chihuahuan Grasshopper Mouse,Mearns's Grasshopper Mouse
Onychomys_leucogaster,zu Wied-Neuwied,1841,Northern Grasshopper Mouse,
Onychomys_torridus,Coues,1874,Southern Grasshopper Mouse,
Habromys_chinanteco,P. B. Robertson & Musser,1976,Chinanteco Deermouse,Chinanteco Crested-tail Mouse
Habromys_delicatulus,"Carleton, O. Sánchez, & G. Urbano",2002,Delicate Deermouse,Delicate Crested-tail Mouse
Habromys_ixtlani,G. G. Goodwin,1964,Ixtlán Deermouse,Ixtlan Crested-tail Mouse|Ixtlan Deermouse
Habromys_lepturus,C. H. Merriam,1898,Zempoaltepec Deermouse,Zempoaltepec Crested-tail Mouse
Habromys_lophurus,Osgood,1904,Crested-tailed Deermouse,Crested-tailed Mouse
Habromys_schmidlyi,"Romo-Vázquez, León-Paniagua, & O. Sánchez",2005,Schmidly's Deermouse,Schmidly's Crested-tail Mouse
Habromys_simulatus,Osgood,1904,Xico Deermouse,Jico Crested-tail Mouse|Jico Deermouse
Megadontomys_cryophilus,Musser,1964,Oaxacan Big-toothed Deermouse,Oaxacan Giant Deermouse
Megadontomys_nelsoni,C. H. Merriam,1898,Nelson's Big-toothed Deermouse,Nelson's Giant Deer Mouse
Megadontomys_thomasi,C. H. Merriam,1898,Thomas's Big-toothed Deermouse,Thomas's Deermouse|Thomas's Giant Deer Mouse
Neotomodon_alstoni,C. H. Merriam,1898,Volcano Deermouse,Mexican Volcano Mouse
Osgoodomys_banderanus,J. A. Allen,1897,Osgood's Deermouse,Michoacan Deermouse
Peromyscus_amplus,Osgood,1904,Oaxacan Rock Deermouse,
Peromyscus_angelensis,Osgood,1904,Puerto Angel Deermouse,
Peromyscus_attwateri,J. A. Allen,1895,Texas Deermouse,Texas Mouse
Peromyscus_avius,Osgood,1909,Cerralvo Island Deermouse,
Peromyscus_aztecus,de Saussure,1860,Aztec Deermouse,Aztec Mouse|Oaxacan Deermouse
Peromyscus_bakeri,"Álvarez-Castañeda, Lorenzo, Segura-Trujillo, & Pérez-Consuegra",2019,Baker's Deermouse,
Peromyscus_beatae,O. Thomas,1903,Orizaba Deermouse,
Peromyscus_boylii,S. F. Baird,1855,Brush Deermouse,Brush Mouse
Peromyscus_bullatus,Osgood,1904,Perote Deermouse,Perote Mouse
Peromyscus_californicus,Gambel,1849,California Deermouse,California Mouse
Peromyscus_caniceps,Burt,1932,Monserrat Island Deermouse,Burt's Deermouse|Montserrat Island Canyon Mouse
Peromyscus_carletoni,"R. D. Bradley, Ordóñez-Garza, Sotero-Caio, Huynh, Kilpatrick, Iñiguez-Dávalos, & Schmidly",2014,Carleton's Deermouse,
Peromyscus_carminensis,"López-González, García-Mendoza, J. A. Fernández, & Correa-Ramírez",2026,Maderas del Carmen Rock Deermouse,
Peromyscus_carolpattonae,"Álvarez-Castañeda, Lorenzo, Segura-Trujillo, & Pérez-Consuegra",2019,Carol Patton's Deermouse,
Peromyscus_chrysopus,Hooper,1955,Jalisco Deermouse,
Peromyscus_collinus,Hooper,1952,Tamaulipas White-ankled Deermouse,White-ankled Deermouse
Peromyscus_cordillerae,Dickey,1928,Cordillera Deermouse,
Peromyscus_crinitus,C. H. Merriam,1891,Canyon Deermouse,Canyon Mouse
Peromyscus_dickeyi,Burt,1932,Dickey's Deermouse,Dickey's Mouse
Peromyscus_difficilis,J. A. Allen,1891,Southern Rock Deermouse,Zacatecan Deermouse
Peromyscus_ensinki,"R. D. Bradley, Ordóñez-Garza, C. W. Thompson, E. A. Wright, Ceballos, Kilpatrick, & Schmidly",2022,Ensink's Deermouse,
Peromyscus_eremicus,S. F. Baird,1857,Cactus Deermouse,Cactus Mouse
Peromyscus_eva,O. Thomas,1898,Southern Baja Deermouse,Eva's Desert Mouse
Peromyscus_felipensis,C. H. Merriam,1898,San Felipe Rock Deermouse,
Peromyscus_fraterculus,G. S. Miller,1892,Northern Baja Deermouse,
Peromyscus_furvus,J. A. Allen & F. M. Chapman,1897,Blackish Deermouse,
Peromyscus_gambelii,S. F. Baird,1857,Gambel's Deermouse,
Peromyscus_gardneri,"Lorenzo, Álvarez-Castañeda, Pérez-Consuegra, & J. L. Patton",2016,Gardner's Deermouse,
Peromyscus_gossypinus,Le Conte,1853,Cotton Deermouse,Cotton Mouse|Key Largo Cotton Mouse
Peromyscus_grandis,G. G. Goodwin,1932,Large Deermouse,Giant Deermouse
Peromyscus_gratus,C. H. Merriam,1898,Saxicoline Deermouse,Osgood's Mouse
Peromyscus_greenbaumi,"R. D. Bradley, Ordóñez-Garza, C. W. Thompson, E. A. Wright, Ceballos, Kilpatrick, & Schmidly",2022,Greenbaum's Deermouse,
Peromyscus_guardia,C. H. Townsend,1912,La Guarda Deermouse,Angel Island Mouse
Peromyscus_guatemalensis,C. H. Merriam,1898,Guatemalan Deermouse,
Peromyscus_gymnotis,O. Thomas,1894,Naked-eared Deermouse,
Peromyscus_hooperi,M. R. Lee & Schmidly,1977,Hooper's Deermouse,Hooper's Mouse
Peromyscus_hylocetes,C. H. Merriam,1898,Transvolcanic Deermouse,
Peromyscus_keeni,Rhoads,1894,Northwestern Deermouse,Keen's Mouse
Peromyscus_kilpatricki,"R. D. Bradley, Ordóñez-Garza, Ceballos, D. S. Rogers, & Schmidly",2016,Kilpatrick's Deermouse,
Peromyscus_labecula,D. G. Elliot,1903,Southern Deermouse,
Peromyscus_laceianus,V. O. Bailey,1906,Northern White-ankled Deermouse,Lacey's White-ankled Mouse|White-ankled Deermouse
Peromyscus_latirostris,Dalquest,1950,Wide-rostrum Deermouse,
Peromyscus_leucopus,Rafinesque,1818,White-footed Deermouse,White-footed Mouse
Peromyscus_leucurus,O. Thomas,1894,Tehuantepec Deermouse,
Peromyscus_levipes,C. H. Merriam,1898,Nimble-footed Deermouse,Nimble-footed Mouse
Peromyscus_madrensis,C. H. Merriam,1898,Tres Marías Deermouse,Tres Marias Deermouse
Peromyscus_maniculatus,J. A. Wagner,1844,Eastern Deermouse,North American Deermouse
Peromyscus_mayensis,Carleton & Huckaby,1975,Mayan Deermouse,Maya Mouse
Peromyscus_megalops,C. H. Merriam,1898,Broad-faced Deermouse,Brown Deermouse
Peromyscus_mekisturus,C. H. Merriam,1898,Puebla Deermouse,
Peromyscus_melanocarpus,Osgood,1904,Black-wristed Deermouse,
Peromyscus_melanophrys,Coues,1874,Plateau Deermouse,Plateau Mouse|Black-eyed Deermouse
Peromyscus_melanotis,J. A. Allen & F. M. Chapman,1897,Black-eared Deermouse,Black-eared Mouse
Peromyscus_melanurus,Osgood,1909,Black-tailed Deermouse,Black-tailed Mouse
Peromyscus_merriami,Mearns,1896,Merriam's Deermouse,Merriam's Mouse|Mesquite Mouse
Peromyscus_mexicanus,de Saussure,1860,Mexican Deermouse,
Peromyscus_micropus,R. H. Baker,1952,Small-footed Deermouse,
Peromyscus_nasutus,J. A. Allen,1891,Northern Rock Deermouse,Northern Rock Mouse
Peromyscus_nicaraguae,J. A. Allen,1908,Nicaraguan Deermouse,
Peromyscus_nudipes,J. A. Allen,1891,Talamancan Deermouse,Naked-footed Deermouse
Peromyscus_ochraventer,R. H. Baker,1951,El Carrizo Deermouse,
Peromyscus_pectoralis,Osgood,1904,Southern White-ankled Deermouse,Encinal Mouse|White-ankled Deermouse
Peromyscus_pembertoni,Burt,1932,Pemberton's Deermouse,
Peromyscus_perfulvus,Osgood,1945,Tawny Deermouse,Marsh Mouse
Peromyscus_polionotus,J. A. Wagner,1843,Oldfield Deermouse,Beach Mouse|Alabama Beach Mouse|Anastasia Island Beach Mouse|Choctawhatchee Beach Mouse|Perdido Key Beach Mouse|Saint Andrews Beach Mouse
Peromyscus_polius,Osgood,1904,Chihuahuan Deermouse,Chihuahuan Mouse
Peromyscus_purepechus,"León-Tapia, J. A. Fernández, Rico, Cervantes, & Espinosa de los Monteros",2020,Purepechus Deermouse,
Peromyscus_sagax,D. G. Elliot,1903,Michoacan Deermouse,
Peromyscus_salvadorensis,Dickey,1928,Salvadorean Deermouse,
Peromyscus_schmidlyi,"R. D. Bradley, D. S. Carroll, Haynie, Muñiz Martínez, M. J. Hamilton, & Kilpatrick",2004,Durango Deermouse,Schmidly's Deermouse
Peromyscus_sejugis,Burt,1932,Santa Cruz Deermouse,Santa Cruz Island Mouse
Peromyscus_silvicola,"López-González, García-Mendoza, J. A. Fernández, & Correa-Ramírez",2026,Forest Rock Deermouse,
Peromyscus_simulus,Osgood,1904,Sinaloan Deermouse,Nayarit Deermouse|Nayarit Mouse|Sinaloan Mouse
Peromyscus_slevini,Mailliard,1924,Catalina Deermouse,Slevin's Mouse
Peromyscus_sonoriensis,Le Conte,1853,Western Deermouse,
Peromyscus_spicilegus,J. A. Allen,1897,Gleaning Deermouse,Gleaning Mouse
Peromyscus_stephani,C. H. Townsend,1912,San Esteban Deermouse,
Peromyscus_stirtoni,Dickey,1928,Stirton's Deermouse,Stirton's Mouse
Peromyscus_tehuantepecus,C. H. Merriam,1898,Totontepec Deermouse,
Peromyscus_tropicalis,G. G. Goodwin,1932,Chimoxan Deermouse,
Peromyscus_truei,Shufeldt,1885,Pinyon Deermouse,Pinyon Mouse
Peromyscus_winkelmanni,Carleton,1977,Coalcoman Deermouse,Forest Mouse|Winkelmann's Deermouse|Winkelmann's Mouse
Peromyscus_xenurus,Osgood,1904,Zamora Deermouse,
Peromyscus_yucatanicus,J. A. Allen & F. M. Chapman,1897,Yucatán Deermouse,Yucatan Deermouse
Peromyscus_zarhynchus,C. H. Merriam,1898,Chiapan Deermouse,
Podomys_floridanus,F. M. Chapman,1889,Florida Deermouse,Florida Mouse
Isthmomys_flavidus,Bangs,1902,Yellow Deermouse,Yellow Isthmus Rat
Isthmomys_pirrensis,E. A. Goldman,1912,Mount Pirre Deermouse,Mount Pirri Isthmus Rat|Mount Pirri Deer Mouse
Reithrodontomys_albilabris,C. H. Merriam,1901,Oaxacan Highlands Harvest Mouse,Small-toothed Harvest Mouse
Reithrodontomys_australis,J. A. Allen,1895,Southern Harvest Mouse,
Reithrodontomys_brevirostris,G. G. Goodwin,1943,Short-nosed Harvest Mouse,
Reithrodontomys_burti,Benson,1939,Sonoran Harvest Mouse,
Reithrodontomys_cherrii,J. A. Allen,1891,Costa Rican Harvest Mouse,
Reithrodontomys_chrysopsis,C. H. Merriam,1900,Volcano Harvest Mouse,
Reithrodontomys_creper,Bangs,1902,Talamancan Harvest Mouse,Chiriqui Harvest Mouse
Reithrodontomys_darienensis,O. P. Pearson,1939,Darién Harvest Mouse,Darien Harvest Mouse
Reithrodontomys_fulvescens,J. A. Allen,1894,Fulvous Harvest Mouse,
Reithrodontomys_garichensis,Enders & O. P. Pearson,1940,Chiriquian Harvest Mouse,
Reithrodontomys_gracilis,J. A. Allen & F. M. Chapman,1897,Slender Harvest Mouse,
Reithrodontomys_hirsutus,C. H. Merriam,1901,Hairy Harvest Mouse,
Reithrodontomys_humulis,Audubon & Bachman,1841,Eastern Harvest Mouse,
Reithrodontomys_megalotis,S. F. Baird,1857,Western Harvest Mouse,Southern Marsh Harvest Mouse
Reithrodontomys_mexicanus,de Saussure,1860,Mexican Harvest Mouse,
Reithrodontomys_microdon,C. H. Merriam,1901,Small-toothed Harvest Mouse,
Reithrodontomys_montanus,S. F. Baird,1855,Plains Harvest Mouse,
Reithrodontomys_musseri,A. L. Gardner & Carleton,2009,Musser's Harvest Mouse,
Reithrodontomys_nerterus,C. H. Merriam,1901,Jalisco Harvest Mouse,
Reithrodontomys_paradoxus,J. K. Jones & Genoways,1970,Nicaraguan Harvest Mouse,
Reithrodontomys_raviventris,Dixon,1908,Salt-marsh Harvest Mouse,
Reithrodontomys_rodriguezi,G. G. Goodwin,1943,Rodriguez's Harvest Mouse,
Reithrodontomys_spectabilis,J. K. Jones & Lawlor,1965,Cozumel Harvest Mouse,
Reithrodontomys_sumichrasti,de Saussure,1861,Sumichrast's Harvest Mouse,
Reithrodontomys_tenuirostris,C. H. Merriam,1901,Narrow-nosed Harvest Mouse,
Reithrodontomys_wagneri,Hooper,1950,Wagner's Harvest Mouse,Small-toothed Harvest Mouse
Reithrodontomys_zacatecae,C. H. Merriam,1901,Zacatecan Harvest Mouse,
Abrothrix_andina,R. A. Philippi in R. A. Philippi & Landbeck,1858,Central Andean Soft-haired Mouse,Andean Akodont|Andean Altiplano Mouse|Andean Grass Mouse
Abrothrix_dolichonyx,R. A. Philippi,1896,North Andean Soft-haired Mouse,Gosse's Soft-haired Mouse
Abrothrix_hirta,O. Thomas,1895,Hairy Soft-haired Mouse,Hairy Soft-haired Akodont
Abrothrix_illutea,O. Thomas,1925,Gray Soft-haired Mouse,Gray Akodont|Gray Grass Mouse
Abrothrix_jelskii,O. Thomas,1894,Ornate Soft-haired Mouse,Jelski's Altiplano Mouse|Ornate Akodont|Ornate Grass Mouse
Abrothrix_lanosa,O. Thomas,1897,Woolly Soft-haired Mouse,Woolly Akodont|Woolly Grass Mouse
Abrothrix_longipilis,G. R. Waterhouse,1837,Long-haired Soft-haired Mouse,Long-haired Akodont|Long-haired Grass Mouse
Abrothrix_manni,"D'Elía, Teta, Upham, Pardiñas, & B. D. Patterson",2015,Mann's Soft-haired Mouse,Mann's Akodont
Abrothrix_olivacea,G. R. Waterhouse,1837,Olive Soft-haired Mouse,Olive-colored Akodont|Olive Grass Mouse
Abrothrix_sanborni,Osgood,1943,Sanborn's Soft-haired Mouse,Sanborn's Akodont|Sanborn's Grass Mouse
Chelemys_megalonyx,G. R. Waterhouse,1845,Chilean Long-clawed Mouse,Large Long-clawed Akodont|Large Long-clawed Mouse
Geoxus_annectens,B. D. Patterson,1992,Large Long-clawed Mouse,Pearson's Long-clawed Akodont|Pearson's Long-clawed Mouse
Geoxus_lafkenche,Teta & D'Elía,2020,Guafo Island Long-clawed Mouse,
Geoxus_michaelseni,Matschie,1898,Michaelsen's Long-clawed Mouse,
Geoxus_valdivianus,R. A. Philippi,1858,Valdivian Long-clawed Mouse,Long-clawed Mole Mouse|Valdivian Long-clawed Akodont
Notiomys_edwardsii,O. Thomas in A. Milne-Edwards,1891,Edwards's Long-clawed Mouse,Edward's Long-clawed Akodont
Paynomys_macronyx,O. Thomas,1894,Andean Long-clawed Mouse,Andean Long-clawed Akodont
Abrawayaomys_ruschii,F. L. de S. Cunha & J. F. Cruz,1979,Ruschi's Spiny Mouse,Ruschi's Rat
Akodon_aerosus,O. Thomas,1913,Yungas Grass Mouse,Highland Grass Mouse|Yungas Akodont
Akodon_affinis,J. A. Allen,1912,Colombian Grass Mouse,Colombian Akodont|Cordillera Occidental Akodont|Colombian Akodon
Akodon_albiventer,O. Thomas,1897,White-bellied Grass Mouse,White-bellied Akodont|White-bellied Akodon
Akodon_azarae,J. B. Fischer,1829,Azara's Grass Mouse,Azara's Akodont|Azara's Akodon
Akodon_baliolus,Osgood,1915,Dark Grass Mouse,Dark Akodont
Akodon_boliviensis,Meyen,1833,Bolivian Grass Mouse,Bolivian Akodont|Bolivian Akodon
Akodon_budini,O. Thomas,1918,Budin's Grass Mouse,Budin's Akodont|Budin's Akodon
Akodon_caenosus,O. Thomas,1918,Unicolored Grass Mouse,Unicolored Akodont|Unicolored Akodon
Akodon_cursor,Winge,1888,Cursorial Grass Mouse,Cursorial Akodont|Cursorial Akodon
Akodon_dayi,Osgood,1916,Day's Grass Mouse,Dusky Akodont
Akodon_diauarum,"Brandão, Carmignotto, Percequillo, A. U. Christoff, Mendes-Oliveira, & Geise",2022,Diauarum Grass Mouse,
Akodon_dolores,O. Thomas,1916,Dolores Grass Mouse,Cordoba Akodont|Córdoba Akodon
Akodon_fumeus,O. Thomas,1902,Smoky Grass Mouse,Smoky Akodont
Akodon_iniscatus,O. Thomas,1919,Intelligent Grass Mouse,Patagonian Akodont|Patagonian Akodon
Akodon_josemariarguedasi,"Jiménez, Pacheco, & Vivas",2013,Arguedas's Grass Mouse,Arguedas's Akodont
Akodon_juninensis,"Myers, J. L. Patton, & M. F. Smith",1990,Junin Grass Mouse,Junín Grass Mouse|Junín Akodon|Junin Akodont
Akodon_kadiweu,"Brandão, Percequillo, D'Elía, Paresque, & Carmignotto",2021,Kadiwéu Grass Mouse,
Akodon_kofordi,Myers & J. L. Patton,1989,Koford's Grass Mouse,Koford's Akodont|Koford's Akodon
Akodon_kotosh,Jiménez & Pacheco,2016,Kotosh Grass Mouse,
Akodon_lindberghi,Hershkovitz,1990,Lindbergh's Grass Mouse,Lindbergh's Akodont|Lindbergh's Akodon
Akodon_lutescens,J. A. Allen,1901,Altiplano Grass Mouse,Altiplano Akodont|Altiplano Akodon
Akodon_mimus,O. Thomas,1901,Thespian Grass Mouse,Hocicudo-like Akodont|Hocicudo-like Akodon
Akodon_mollis,O. Thomas,1894,Soft-furred Grass Mouse,Soft Grass Mouse|Soft-furred Akodont
Akodon_montensis,O. Thomas,1913,Montane Grass Mouse,Montane Akodont
Akodon_mystax,Hershkovitz,1998,Caparao Grass Mouse,Caparao Akodont|Caparaó Grass Mouse|Caparaó Akodont
Akodon_oenos,"J. K. Braun, Mares, & R. A. Ojeda",2000,Monte Grass Mouse,Monte Akodont
Akodon_orophilus,Osgood,1913,El Dorado Grass Mouse,Utcubamba Akodont
Akodon_paranaensis,"A. U. Christoff, Fagundes, I. J. Sbalqueiro, Mattevi, & Yonenaga-Yassuda",2000,Paraná Grass Mouse,Parana Akodont|Parana Grass Mouse|Paraná Akodont
Akodon_pervalens,O. Thomas,1925,Tarija Grass Mouse,Tarija Akodont
Akodon_philipmyersi,"Pardiñas, D'Elía, Cirignoli, & Suárez",2005,Philip Myers's Grass Mouse,Jesuita Akodont
Akodon_polopi,"Jayat, P. E. Ortiz, Salazar-Bravo, Pardiñas, & D'Elía",2010,Polop's Grass Mouse,Polop's Akodont
Akodon_reigi,"E. M. González, Langguth, & L. F. B. de Oliveira",1998,Reig's Grass Mouse,Reig's Akodont
Akodon_sanctipaulensis,Hershkovitz,1990,Sao Paulo Grass Mouse,Sao Paulo Akodon|São Paulo Grass Mouse|São Paulo Akodont
Akodon_siberiae,Myers & J. L. Patton,1989,Cochabamba Grass Mouse,Cochabamba Akodont
Akodon_simulator,O. Thomas,1916,Gray-bellied Grass Mouse,White-throated Akodont
Akodon_spegazzinii,O. Thomas,1897,Spegazzini's Grass Mouse,Spegazzini's Akodont
Akodon_subfuscus,Osgood,1944,Puno Grass Mouse,Puno Akodont
Akodon_surdus,O. Thomas,1917,Silent Grass Mouse,Slate-bellied Akodont
Akodon_sylvanus,O. Thomas,1921,Forest Grass Mouse,Woodland Akodont
Akodon_toba,O. Thomas,1921,Toba Grass Mouse,Chaco Grass Mouse|Toba Akodon|Toba Akodont
Akodon_torques,O. Thomas,1917,Cloud Forest Grass Mouse,Cloud Forest Akodont
Akodon_varius,O. Thomas,1902,Variable Grass Mouse,Variable Akodont
Bibimys_chacoensis,Shamel,1931,Chacoan Pink-lipped Mouse,Chacoan Akodont|Chacoan Swollen-nosed Mouse|Chaco Crimson-nosed Rat|Pink-lipped Mouse|Swollen-nosed Mouse
Bibimys_labiosus,Winge,1888,Lagoa Santa Pink-lipped Mouse,Lagoa Santa Akodont|Lagoa Santa Swollen-nosed Mouse|Large-lipped Crimson-nosed Rat
Bibimys_torresi,Massoia,1980,Torres's Pink-lipped Mouse,Torres's Akodont|Torres's Crimson-nosed Rat|Torres's Swollen-nosed Mouse
Blarinomys_breviceps,Winge,1888,Atlantic Forest Burrowing Mouse,Blarinine Akodont|Brazilian Shrew Mouse
Brucepattersonius_griserufescens,Hershkovitz,1998,Gray-bellied Brucie,Gray-bellied Akodont
Brucepattersonius_iheringi,O. Thomas,1896,Ihering's Brucie,Ihering's Akodont|Ihering's Hocicudo
Brucepattersonius_nebulosus,"de Abreu-Júnior, J. F. Vilela, A. U. Christoff, V. H. Valiati, & Percequillo in Percequillo & de Abreu-Júnior",2019,Nebulous Brucie,
Brucepattersonius_soricinus,Hershkovitz,1998,Short-tailed Brucie,Soricine Akodont|Soricine Brucie
Castoria_angustidens,Winge,1888,Serra do Mar Grass Mouse,Cerrado Grass Mouse|Serra do Mar Akodont
Deltamys_araucaria,"Quintela, Bertuol, E. M. González, Cordeiro-Estrela, de Freitas, & G. L. Gonçalves",2017,Araucaria Grass Mouse,
Deltamys_kempi,O. Thomas,1917,Kemp's Grass Mouse,Delta Mouse|Kemp's Akodont|Kemp's Mouse|Ratón Aterciopelado
Gyldenstolpia_fronto,Winge,1888,Fossorial Giant Rat,Fossorial Kunsia
Gyldenstolpia_planaltensis,de Avila-Pires,1972,Cerrado Giant Rat,
Juscelinomys_candango,Moojen,1965,Candango Burrowing Mouse,Candango Akodont
Juscelinomys_huanchacae,L. H. Emmons,1999,Huanchaca Burrowing Mouse,Huanchaca Akodont
Kunsia_tomentosus,H. Lichtenstein,1830,Woolly Giant Rat,Woolly Kunsia
Lenoxus_apicalis,J. A. Allen,1900,Andean Rat,White-tailed Akodont
Necromys_amoenus,O. Thomas,1900,Pleasant Akodont,Pleasant Bolo Mouse
Necromys_lactens,O. Thomas,1918,White-chinned Akodont,Rufous-bellied Bolo Mouse
Necromys_lasiurus,P. W. Lund,1838,Hairy-tailed Akodont,Hairy-tailed Bolo Mouse
Necromys_lenguarum,O. Thomas,1898,Paraguayan Akodont,Paraguayan Bolo Mouse
Necromys_lilloi,"Jayat, D'Elía, P. E. Ortiz, & Teta",2016,Lillo's Akodont,
Necromys_obscurus,G. R. Waterhouse,1837,Dark-furred Akodont,Dark Bolo Mouse
Necromys_punctulatus,O. Thomas,1894,Ecuadorean Akodont,Spotted Bolo Mouse
Necromys_urichi,J. A. Allen & F. M. Chapman,1897,Northern Akodont,Northern Grass Mouse|Ratón campestre|Ratón mochilero
Oxymycterus_akodontius,O. Thomas,1921,Southern Páramo Hocicudo,
Oxymycterus_amazonicus,Hershkovitz,1994,Amazonian Hocicudo,
Oxymycterus_caparaoe,Hershkovitz,1998,Mount Caparao Hocicudo,
Oxymycterus_dasytrichus,H. R. Schinz,1821,Atlantic Forest Hocicudo,Rato-bubo|Rato-porco|Trioréu
Oxymycterus_delator,O. Thomas,1903,Spy Hocicudo,Paraguayan Hocicudo| Rato-da-Vereda|Hocicudo-Purpúreo de Paraguay
Oxymycterus_hiska,"Hinojosa, S. Anderson, & J. L. Patton",1987,Small Yungas Hocicudo,Small Hocicudo
Oxymycterus_hucucha,"Hinojosa, S. Anderson, & J. L. Patton",1987,Quechuan Hocicudo,Hucucha
Oxymycterus_inca,O. Thomas,1900,Inca Hocicudo,Hocicudo Castaño del Perú
Oxymycterus_itapeby,"Peçanha, Quintela, Jorge Ribas, S. L. Althoff, Maestri, G. L. Gonçalves, & de Freitas",2019,Itapevi Hocicudo,Itapevi Hocicudo Rat
Oxymycterus_josei,"F. G. Hoffmann, E. P. Lessa, & M. F. Smith",2002,Cook's Hocicudo,
Oxymycterus_juliacae,J. A. Allen,1900,Upper Yungas Inca Hocicudo,
Oxymycterus_nasutus,G. R. Waterhouse,1837,Darwin's Hocicudo,Long-nosed Hocicudo
Oxymycterus_nigrifrons,Osgood,1944,Elfin Forest Hocicudo,
Oxymycterus_paramensis,O. Thomas,1902,Northern Páramo Hocicudo,Yungas Hocicudo|Páramo Hocicudo|Huacucho
Oxymycterus_quaestor,O. Thomas,1903,Quaestor Hocicudo,Rato-Quati|Rato-Mineiro
Oxymycterus_rufus,G. Fischer,1814,Red Hocicudo,Rufous Hocicudo|Rat Roux|Ratón Hocicudo de Azara|Hocicudo Común|Hocicudo Rojuzochico|Yaguarasapá|Anguya Pihtâ
Oxymycterus_wayku,"Jayat, D'Elía, Pardiñas, Miotti, & P. E. Ortiz",2008,Ravine Hocicudo,
Oxymycterus_willkaurco,"Zeballos, Medina, Rico-Cernohorska, & Salazar-Bravo",2021,Cusco Hocicudo,Cusco's Hocicudo
Podoxymys_roraimae,H. E. Anthony,1929,Roraima Mouse,Roraima Akodont
Scapteromys_aquaticus,O. Thomas,1920,Argentinean Swamp Rat,
Scapteromys_meridionalis,"Quintela, G. L. Gonçalves, S. L. Althoff, I. J. Sbalqueiro, L. F. B. de Oliveira, & de Freitas",2014,Brazilian Swamp Rat,Plateau Swamp Rat
Scapteromys_tumidus,G. R. Waterhouse,1837,Uruguay Swamp Rat,
Thalpomys_cerradensis,Hershkovitz,1990,Common Cerrado Mouse,Cerrado Akodont|Cerrado Mouse
Thalpomys_lasiotis,Winge,1888,Hairy-eared Cerrado Mouse,Hairy-eared Akodont
Thaptomys_nigrita,H. Lichtenstein,1830,Blackish Grass Mouse,Ebony Akodont
Andinomys_edax,O. Thomas,1902,Andean Mouse,Andean Rat|Chozchorito
Punomys_kofordi,Pacheco & J. L. Patton,1995,Koford's Puna Mouse,Eastern Puna Mouse
Punomys_lemminus,Osgood,1943,Western Puna Mouse,Puna Mouse
Chinchillula_sahamae,O. Thomas,1898,Altiplano Chinchilla Mouse,Achallo|Chinchillón|Carpinto
Delomys_altimontanus,P. R. Gonçalves & J. A. de Oliveira,2014,Montane Atlantic Forest Rat,Montane Delomys
Delomys_dorsalis,Hensel,1872,Striped Atlantic Forest Rat,Striped Delomys
Delomys_sublineatus,O. Thomas,1903,Pallid Atlantic Forest Rat,Pallid Delomys
Euneomys_chinchilloides,G. R. Waterhouse,1839,Patagonian Chinchilla Rat,Patagonian Chinchilla Mouse|Tierra del Fuego Euneomys
Euneomys_fossor,O. Thomas,1899,Salta Chinchilla Rat,Burrowing Euneomys|Salta Euneomys
Irenomys_tarsalis,R. A. Philippi,1900,Chilean Climbing Mouse,Chilean Tree Rat|Large-footed Irenomys
Neotomys_ebriosus,O. Thomas,1894,Andean Swamp Rat,Red-nosed Neotomys
Anotomys_leander,O. Thomas,1906,Earless Water Mouse,Ecuador Fish-eating Rat|Ecuadoran Ichthyomyine
Chibchanomys_trichotis,O. Thomas,1897,Northern Andean Water Mouse,Chibchan Ichthyomyine|Chibchan Water Mouse
Daptomys_ferreirai,"Percequillo, Carmignotto, & M. J. de J. Silva",2005,Ferreira's Fish-eating Rat,Ferreira's Ichthyomyine
Daptomys_musseri,"Pacheco & Sánchez-Vendizú in Pacheco, Sánchez-Vendizú, Loaiza Salazar, Pino, Medina, & Vivas-Ruiz",2020,Musser's Fish-eating Rat,Musser's Ichthyomyine
Daptomys_mussoi,Ochoa & Soriano,1991,Musso's Fish-eating Rat,Musso's Ichthyomyine
Daptomys_nunashae,"Pacheco, Sánchez-Vendizú, Fajardo, Cossíos, & Cadenillas",2025,Tingo María Fish-eating Rat,
Daptomys_oyapocki,Dubost & F. Petter,1979,Guianan Fish-eating Rat,Oyapock's Fish-eating Rat|Guianan Ichthyomyine
Daptomys_peruviensis,Musser & A. L. Gardner,1974,Peruvian Fish-eating Rat,Peruvian Ichthyomyine
Daptomys_venezuelae,H. E. Anthony,1929,Venezuelan Fish-eating Rat,Fish-eating Rat|Venezuelan Ichthyomyine
Ichthyomys_hydrobates,Winge,1891,Common Crab-eating Rat,Crab-eating Rat|Silver-bellied Ichthyomyine|Silver-bellied Ichthyomys
Ichthyomys_orientalis,H. E. Anthony,1923,Ecuadorean Crab-eating Rat,
Ichthyomys_pinei,"Fernández de Córdova, Nivelo-Villavicencio, Reyes-Puig, Pardiñas, & J. Brito",2020,Pine's Crab-eating Rat,
Ichthyomys_pittieri,Handley & Mondolfi,1963,Pittier's Crab-eating Rat,Pittier's Ichthyomyine|Pittier's Ichthyomys
Ichthyomys_stolzmanni,O. Thomas,1893,Stolzmann's Crab-eating Rat,Stolzmann's Ichthyomys
Ichthyomys_tweedii,H. E. Anthony,1921,Tweedy's Crab-eating Rat,Tweedy's Ichthyomyine|Tweedy's Ichthyomys
Incanomys_mayopuma,"Zeballos, A. Pari, Medina, & Pino in Zeballos, A. Pari, Medina, Pino, Arias, Arce, & F. N. Gonzales",2025,Incan Water Rat,
Incanomys_parviauris,"Sánchez-Vendizú, de Abreu-Júnior, Pacheco, & S. E. Pavan",2026,Small-eared Water Rat,Incan Small-eared Water Mouse
Neusticomys_monticolus,H. E. Anthony,1921,Montane Fish-eating Rat,Montane Ichthyomyine
Neusticomys_orcesi,P. D. Jenkins & A. A. Barnett,1997,Orces's Andean Water Mouse,Las Cajas Ichthyomyine|Las Cajas Water Mouse
Neusticomys_vossi,"J. D. Hanson, D'Elía, Ayers, Cox, S. F. Burneo, & T. E. Lee",2015,Voss's Fish-eating Rat,Voss's Ichthyomyine
Rheomys_mexicanus,G. G. Goodwin,1959,Mexican Water Mouse,Goodwin's Water Mouse|Mexican Ichthyomyine
Rheomys_raptor,E. A. Goldman,1912,Goldman's Water Mouse,Goldman's Ichthyomyine
Rheomys_thomasi,Dickey,1928,Thomas's Water Mouse,Thomas' Ichthyomyine
Rheomys_underwoodi,O. Thomas,1906,Underwood's Water Mouse,Underwood's Ichthyomyine
Cordimus_hooijeri,"Zijlstra, McFarlane, Van den Hoek Ostende, & Lundberg",2014,Hooijer's Rat,
Neomicroxus_bogotensis,O. Thomas,1895,Bogotá Grass Mouse,Bogota Akodont|Bogota Grass Mouse|Bogotá Akodont
Neomicroxus_latebricola,H. E. Anthony,1924,Ecuadorean Grass Mouse,Ecuadorean Akodont
Aegialomys_baroni,J. A. Allen,1897,Baron's Rice Rat,Baron's Aegialomys
Aegialomys_galapagoensis,G. R. Waterhouse,1839,Galapagos Rice Rat,Galapagos Aegialomys|Galapagos Oryzomys
Aegialomys_ica,Osgood,1944,Ica Rice Rat,Ica Aegialomys
Aegialomys_xanthaeolus,O. Thomas,1894,Yellowish Rice Rat,Yellowish Aegialomys|Yellowish Oryzomys
Amphinectomys_savamis,"Malygin in Malygin, Aniskin, Isayev, & Milishnikov",1994,Ucayali Water Rat,
Antillomys_rayi,"Brace, Turvey, Weksler, Hoogland, & I. Barnes",2023,Lesser Antillean Rice Rat,
Casiomys_alfaroi,J. A. Allen,1891,Alfaro's Rice Rat,Alfaro's Oryzomys
Casiomys_chapmani,O. Thomas,1898,Chapman's Rice Rat,Chapman's Oryzomys
Casiomys_guerrerensis,E. A. Goldman,1915,Guerrero Rice Rat,
Casiomys_melanotis,O. Thomas,1893,Black-eared Rice Rat,Black-eared Oryzomys
Casiomys_rhabdops,C. H. Merriam,1901,Highland Rice Rat,Highland Oryzomys|Striped Rice Rat
Casiomys_rostratus,C. H. Merriam,1901,Long-nosed Rice Rat,Long-nosed Oryzomys
Casiomys_saturatior,C. H. Merriam,1901,Cloud Forest Rice Rat,Cloud Forest Oryzomys
Cerradomys_akroai,"Bonvicino, Casado, & Weksler",2014,Akroa Rice Rat,Akroa Cerradomys
Cerradomys_goytaca,"W. C. Tavares, Pessôa, & P. R. Gonçalves",2011,Goytaca Rice Rat,Goytaca Cerradomys|Goytacá Cerradomys
Cerradomys_langguthi,"Percequillo, Hingst-Zaher, & Bonvicino",2008,Langguth's Rice Rat,Langguth's Cerradomys
Cerradomys_maracajuensis,Langguth & Bonvicino,2002,Maracaju Rice Rat,Maracaju Oryzomys|Maracaju Cerradomys
Cerradomys_marinhus,Bonvicino,2003,Marinho's Rice Rat,Marinho's Cerradomys|Marinho's Oryzomys
Cerradomys_scotti,Langguth & Bonvicino,2002,Lindbergh's Rice Rat,Lindbergh's Oryzomys|Lindbergh's Cerradomys
Cerradomys_subflavus,J. A. Wagner,1842,Terraced Rice Rat,Flavescent Cerradomys|Flavescent Oryzomys|Flavescent Rice Rat
Cerradomys_vivoi,"Percequillo, Hingst-Zaher, & Bonvicino",2008,Vivo's Rice Rat,Vivo's Cerradomys
Drymoreomys_albimaculatus,"Percequillo, Weksler, & L. P. Costa",2011,White-throated Montane Forest Rat,
Eremoryzomys_mesocaudis,Uturunco & Pacheco,2016,Medium-tailed Rice Rat,
Eremoryzomys_polius,Osgood,1913,Gray Rice Rat,Gray Eremoryzomys
Euryoryzomys_cerqueirai,Percequillo & Weksler,2023,Cerqueira's Rice Rat,Cerqueira's Euryoryzomys
Euryoryzomys_emmonsae,"Musser, Carleton, Brothers, & A. L. Gardner",1998,Emmons's Rice Rat,Emmons's Euryoryzomys|Emmons's Oryzomys
Euryoryzomys_lamia,O. Thomas,1901,Buffy-sided Rice Rat,Monster Rice Rat|Buffy-sided Euryoryzomys
Euryoryzomys_legatus,O. Thomas,1925,Big-headed Rice Rat,Tarija Euryoryzomys
Euryoryzomys_macconnelli,O. Thomas,1910,McConnell's Rice Rat,McConnell's Euryoryzomys|McConnell's Oryzomys
Euryoryzomys_nitidus,O. Thomas,1884,Elegant Rice Rat,Elegant Euryoryzomys
Euryoryzomys_russatus,J. A. Wagner,1848,Russet Rice Rat,Russet Euryoryzomys|Russet Oryzomys
Handleyomys_fuscatus,J. A. Allen,1912,Colombian Western Andes Cloud Forest Mouse,Dusky-footed Handley's Mouse|Dusky Montane Mouse
Handleyomys_intectus,O. Thomas,1921,Colombian Central Andes Cloud Forest Mouse,Colombian Rice Rat|White-footed Handley's Mouse
Holochilus_brasiliensis,A. G. Desmarest,1819,Brazilian Marsh Rat,Web-footed Marsh Rat
Holochilus_chacarius,O. Thomas,1906,Chacoan Marsh Rat,Chaco Marsh Rat
Holochilus_lagigliai,"Pardiñas, Teta, Voglino, & F. J. Fernández",2013,Lagiglia's Marsh Rat,
Holochilus_nanus,O. Thomas,1897,Amazonian Marsh Rat,
Holochilus_oxe,"J. R. Prado, Knowles, & Percequillo",2021,Brazilian Northeastern Marsh Rat,
Holochilus_sciureus,J. A. Wagner,1842,Cerrado Marsh Rat,Amazonian Marsh Rat
Holochilus_venezuelae,J. A. Allen,1904,Venezuelan Marsh Rat,
Holochilus_vulpinus,Brants,1827,Crafty Marsh Rat,
Hylaeamys_acritus,L. H. Emmons & J. L. Patton,2005,Bolivian Rice Rat,Bolivian Hylaeamys
Hylaeamys_megacephalus,G. Fischer,1814,Azara's Rice Rat,Azara's Broad-headed Oryzomys|Azara's Hylaeamys
Hylaeamys_oniscus,O. Thomas,1904,Sowbug Rice Rat,Northern Atlantic Forest Hylaeamys
Hylaeamys_perenensis,J. A. Allen,1901,Western Amazonian Rice Rat,Western Amazonian Hylaeamys|Western Amazonian Oryzomys
Hylaeamys_seuanezi,"Weksler, Geise, & Cerqueira",1999,Atlantic Forest Rice Rat,Atlantic Forest Hylaeamys|Atlantic Forest Oryzomys
Hylaeamys_tatei,"Musser, Carleton, Brothers, & A. L. Gardner",1998,Tate's Rice Rat,Tate's Hylaeamys|Tate's Oryzomys
Hylaeamys_yunganus,O. Thomas,1902,Yungas Rice Rat,Amazonian Oryzomys|Amazonian Hylaeamys
Lundomys_molitor,Winge,1888,Lund's Water Rat,Greater Marsh Rat|Lund's Amphibious Rat
Megalomys_camerhogne,"Mistretta, Giovas, Weksler, & Turvey",2021,Grenada Giant Rice Rat,
Megalomys_desmarestii,J. B. Fischer,1829,Martinique Giant Rice Rat,Desmarest's Pilorie|Martinique Muskrat|Antillean Giant Rice Rat
Megalomys_georginae,"Turvey, Brace, & Weksler",2012,Barbados Giant Rice Rat,
Megalomys_luciae,Forsyth Major,1901,Saint Lucia Giant Rice Rat,Saint Lucian Pilorie
Megaoryzomys_curioi,Niethammer,1964,Galapagos Giant Rat,
Melanomys_caliginosus,Tomes,1860,Dusky Rice Rat,Dusky Melanomys
Melanomys_chrysomelas,J. A. Allen,1897,Black-and-yellow Rice Rat,
Melanomys_columbianus,J. A. Allen,1899,Colombian Rice Rat,Colombian Melanomys
Melanomys_idoneus,E. A. Goldman,1912,Cinnamon-rufous Rice Rat,
Melanomys_robustulus,O. Thomas,1914,Robust Dark Rice Rat,Robust Melanomys
Melanomys_zunigae,Sanborn,1949,Zuniga's Dark Rice Rat,Zuniga's Melanomys
Microakodontomys_transitorius,Hershkovitz,1993,Intermediate Lesser Grass Mouse,Transitional Colilargo
Microryzomys_altissimus,Osgood,1933,Highland Small Rice Rat,Paramo Colilargo|Páramo Colilargo
Microryzomys_minutus,Tomes,1860,Forest Small Rice Rat,Montane Colilargo
Mindomys_hammondi,O. Thomas,1913,Hammond's Rice Rat,Hammond's Mindomys|Hammond's Oryzomys
Mindomys_kutuku,"J. Brito, C. Koch, Tinoco, & Pardiñas",2022,Kutukú Rice Rat,
Neacomys_aletheia,"Semedo, M. N. F. da Silva, Carmignotto, & R. V. Rossi",2021,Upper Juruá Bristly Mouse,Upper Juruá Spiny Mouse
Neacomys_amoenus,O. Thomas,1904,Pleasant Bristly Mouse,
Neacomys_auriventer,"J. Brito, Tinoco, S. Burneo, C. Koch, Arguero, Vargas, & C. M. Pinto",2021,Golden-bellied Bristly Mouse,Golden-belly Spiny Mouse
Neacomys_carceleni,Hershkovitz,1940,Carcelén’s Bristly Mouse,Alberto Carcelén’s Spiny Mouse
Neacomys_dubosti,"Voss, D. P. Lunde, & Simmons",2001,Dubost's Bristly Mouse,Dubost's Neacomys|Dubost's Spiny Mouse
Neacomys_elieceri,"Semedo, M. N. F. da Silva, Carmignotto, & R. V. Rossi",2021,Eliécer’s Bristly Mouse,Eliecer's Spiny Mouse
Neacomys_guianae,O. Thomas,1905,Guianan Bristly Mouse,Guianan Neacomys|Guianan Spiny Mouse
Neacomys_jau,"Semedo, M. N. F. da Silva, Carmignotto, & R. V. Rossi",2021,Jaú Bristly Mouse,Jaú Spiny Mouse
Neacomys_leilae,Caccavo & Weksler,2021,Leila Pessôa’s Bristly Mouse,Leila Pessôa’s Spiny Mouse
Neacomys_macedoruizi,"Sánchez-Vendizú, Pacheco, & Vivas-Ruiz",2018,Macedo Ruiz's Bristly Mouse,
Neacomys_marajoara,"Semedo, M. N. F. da Silva, Gutiérrez, D. C. Ferreira, M. da S. Nunes, Mendes-Oliveira, Farias, & R. V. Rossi",2020,Marajó Bristly Mouse,
Neacomys_marci,"J. Brito & Tinoco in Tinoco, C. Koch, Colmenares-Pinzón, F. X. Castellanos, & J. Brito",2023,Marc's Bristly Mouse,
Neacomys_minutus,"J. L. Patton, M. N. F. da Silva, & Malcolm",2000,Minute Bristly Mouse,Minute Neacomys|Minute Spiny Mouse
Neacomys_musseri,"J. L. Patton, M. N. F. da Silva, & Malcolm",2000,Musser's Bristly Mouse,Musser's Neacomys|Musser's Spiny Mouse
Neacomys_oliveirai,Caccavo & Weksler,2021,João Oliveira’s Bristly Mouse,João Oliveira’s Spiny Mouse
Neacomys_paracou,"Voss, D. P. Lunde, & Simmons",2001,Paracou Bristly Mouse,Paracou Neacomys|Paracou Spiny Mouse
Neacomys_pictus,E. A. Goldman,1912,Painted Bristly Mouse,Painted Neacomys
Neacomys_rosalindae,"Sánchez-Vendizú, Pacheco, & Vivas-Ruiz",2018,Rosalind's Bristly Mouse,
Neacomys_serranensis,Colmenares-Pinzón,2021,Serrano Bristly Mouse,Serrano Spiny Mouse
Neacomys_spinosus,O. Thomas,1882,Large Bristly Mouse,Common Neacomys|Large Spiny Mouse
Neacomys_tenuipes,O. Thomas,1900,Narrow-footed Bristly Mouse,Narrow-footed Neacomys|Slender Foot Spiny Mouse
Neacomys_vargasllosai,Hurtado & Pacheco,2017,Vargas Llosa's Bristly Mouse,
Neacomys_vossi,"Semedo, M. N. F. da Silva, Gutiérrez, D. C. Ferreira, M. da S. Nunes, Mendes-Oliveira, Farias, & R. V. Rossi",2020,Voss's Bristly Mouse,
Neacomys_xingu,"Semedo, M. N. F. da Silva, Gutiérrez, D. C. Ferreira, M. da S. Nunes, Mendes-Oliveira, Farias, & R. V. Rossi",2020,Xingu Bristly Mouse,
Nectomys_apicalis,W. C. H. Peters,1861,Western Amazonian Water Rat,Western Amazonian Nectomys
Nectomys_magdalenae,O. Thomas,1897,Magdalena Water Rat,Magdalena Nectomys|Magdalena-Cauca Water Rat
Nectomys_palmipes,J. A. Allen & F. M. Chapman,1893,Trinidad Water Rat,Trinidad Nectomys
Nectomys_rattus,von Pelzeln,1883,South American Water Rat,Amazonian Nectomys|Common Water Rat
Nectomys_saturatus,O. Thomas,1897,Ecuadorean Water Rat,
Nectomys_squamipes,Brants,1827,Atlantic Water Rat,Atlantic Forest Nectomys|South American Water Rat
Nephelomys_albigularis,Tomes,1860,White-throated Rice Rat,Tomes's Rice Rat|White-throated Nephelomys|White-throated Oryzomys
Nephelomys_auriventer,O. Thomas,1899,Greater Golden-bellied Rice Rat,Ecuadorean Rice Rat|Golden-bellied Oryzomys|Greater Golden-bellied Nephelomys
Nephelomys_caracolus,O. Thomas,1914,Coastal Cordilleran Rice Rat,Caracol Rice Rat|Coastal Cordillera Nephelomys|Costa Central Oryzomys|Coastal Cordilleran Nephelomys
Nephelomys_childi,O. Thomas,1895,Child's Rice Rat,Child's Nephelomys
Nephelomys_devius,Bangs,1902,Boquete Rice Rat,Montane Rice Rat|Talamancan Oryzomys
Nephelomys_keaysi,J. A. Allen,1900,Keays's Rice Rat,Keays's Nephelomys|Keays's Oryzomys
Nephelomys_levipes,O. Thomas,1902,Nimble-footed Rice Rat,Light-footed Rice Rat|Nimble-footed Nephelomys|Nimble-footed Oryzomys
Nephelomys_maculiventer,J. A. Allen,1899,Santa Marta Rice Rat,Santa Marta Nephelomys
Nephelomys_meridensis,O. Thomas,1894,Merida Rice Rat,Merida Nephelomys|Mérida Nephelomys|Merida Oryzomys
Nephelomys_moerex,O. Thomas,1914,Gray-bellied Rice Rat,Gray-bellied Nephelomys|Dark Cloud Forest Rice Rat
Nephelomys_nimbosus,H. E. Anthony,1926,Lesser Golden-bellied Rice Rat,Lesser Golden-bellied Nephelomys
Nephelomys_pectoralis,J. A. Allen,1912,Western Colombian Rice Rat,Western Colombian Nephelomys
Nephelomys_pirrensis,E. A. Goldman,1913,Mount Pirre Rice Rat,
Nephelomys_ricardopalmai,"Ruelas, Pacheco, Inche, & Tinoco",2021,Ricardo Palma's Rice Rat,
Nesoryzomys_darwini,Osgood,1929,Darwin's Galapagos Mouse,Darwin's Nesoryzomys
Nesoryzomys_fernandinae,Hutterer & Hirsch,1980,Small Fernandina Galapagos Mouse,Small Fernandina Nesoryzomys
Nesoryzomys_indefessus,O. Thomas,1899,Indefatigable Galapagos Mouse,Santa Cruz Nesoryzomys
Nesoryzomys_narboroughi,E. Heller,1904,Large Fernandina Galapagos Mouse,Large Fernandina Nesoryzomys
Nesoryzomys_swarthi,Orr,1938,Santiago Galapagos Mouse,Santiago Nesoryzomys|Swarth's Nesoryzomys
Noronhomys_vespuccii,Carleton & S. L. Olson,1999,Vespucci's Rat,Vespucci's Rodent
Oecomys_auyantepui,Tate,1939,Guianan Arboreal Rice Rat,Guianan Oecomys
Oecomys_bicolor,Tomes,1860,White-bellied Arboreal Rice Rat,Bicolored Arboreal Rice Rat|White-bellied Oecomys
Oecomys_catherinae,O. Thomas,1909,Atlantic Forest Arboreal Rice Rat,Atlantic Forest Oecomys
Oecomys_cleberi,Locks,1981,Cleber's Arboreal Rice Rat,Cleber's Oecomys
Oecomys_concolor,J. A. Wagner,1845,Unicolored Arboreal Rice Rat,Natterer's Oecomys|Unicolored Oecomys
Oecomys_flavicans,O. Thomas,1894,Yellow Arboreal Rice Rat,Tawny Oecomys
Oecomys_franciscorum,"Pardiñas, Teta, Salazar-Bravo, Myers, & C. A. Galliari",2016,Franciscos' Arboreal Rice Rat,Franciscos' Oecomys
Oecomys_galvez,"Voss, Fleck, & Giarla",2024,Río Gálvez Arboreal Rice Rat,
Oecomys_hiceae,"Voss, Giarla, B. K. Lim, & Engstrom",2025,Hice's Arboreal Rice Rat,
Oecomys_jamari,"Saldanha, Semedo, de Mendonça, L. G. Lima-Silva, M. R. Messias, I. Sampaio, Brandão, & R. V. Rossi",2023,Jamari Arboreal Rice Rat,
Oecomys_makampi,"Voss, Fleck, & Giarla",2024,Matses Arboreal Rice Rat,
Oecomys_mamorae,O. Thomas,1906,Mamore Arboreal Rice Rat,Mamore Oecomys
Oecomys_matogrossensis,Saldanha & R. V. Rossi,2021,Mato Grosso Arboreal Rice Rat,Mato Grosso Oecomys
Oecomys_nanus,"Voss, Fleck, & Giarla",2024,Dwarf Arboreal Rice Rat,
Oecomys_paricola,O. Thomas,1904,Brazilian Arboreal Rice Rat,Brazilian Oecomys
Oecomys_phaeotis,O. Thomas,1901,Dusky Arboreal Rice Rat,Dusky Oecomys
Oecomys_rex,O. Thomas,1910,King Arboreal Rice Rat,Regal Oecomys
Oecomys_roberti,O. Thomas,1904,Robert's Arboreal Rice Rat,Robert's Oecomys|Tapajos Arboreal Rice Rat
Oecomys_rutilus,H. E. Anthony,1921,Red Arboreal Rice Rat,Reddish Oecomys
Oecomys_speciosus,J. A. Allen & F. M. Chapman,1893,Savanna Arboreal Rice Rat,Arboreal Rice Rat|Savanna Oecomys
Oecomys_superans,O. Thomas,1911,Foothill Arboreal Rice Rat,Large Oecomys
Oecomys_sydandersoni,"Carleton, L. H. Emmons, & Musser",2009,Anderson's Arboreal Rice Rat,Anderson's Oecomys
Oecomys_trabeatus,G. M. Allen & T. Barbour,1923,Northwestern Arboreal Rice Rat,
Oecomys_trinitatis,J. A. Allen & F. M. Chapman,1893,Long-furred Arboreal Rice Rat,Big Arboreal Rice Rat|Long-furred Oecomys|Trinidad Arboreal Rice Rat
Oligoryzomys_andinus,Osgood,1914,Andean Pygmy Rice Rat,Andean Colilargo
Oligoryzomys_arenalis,O. Thomas,1913,Sandy Pygmy Rice Rat,Sandy Colilargo
Oligoryzomys_brendae,Massoia,1998,San Javier's Pygmy Rice Rat,Brenda's Colilargo|San Javier Colilargo|San Javier's Colilargo
Oligoryzomys_chacoensis,Myers & Carleton,1981,Chacoan Pygmy Rice Rat,Chacoan Colilargo
Oligoryzomys_costaricensis,J. A. Allen,1893,Costa Rican Pygmy Rice Rat,
Oligoryzomys_delicatus,J. A. Allen & F. M. Chapman,1897,Delicate Pygmy Rice Rat,Delicate Colilargo
Oligoryzomys_destructor,von Tschudi,1845,Tschudi's Pygmy Rice Rat,Destructive Pygmy Rice Rat|Tschudi's Colilargo
Oligoryzomys_flavescens,G. R. Waterhouse,1837,Yellow Pygmy Rice Rat,Flavescent Colilargo
Oligoryzomys_fulvescens,de Saussure,1860,Fulvous Pygmy Rice Rat,Fulvous Colilargo|Northern Pygmy Rice Rat
Oligoryzomys_gri,Bonvicino & Weksler,2024,Tiny Pygmy Rice Rat,
Oligoryzomys_griseolus,Osgood,1912,Grayish Pygmy Rice Rat,Grizzled Colilargo
Oligoryzomys_guille,Hurtado,2021,D'Elía's Pygmy Rice Rat,Guillermo D'Elía's Pygmy Rice Rat
Oligoryzomys_longicaudatus,E. T. Bennett,1832,Long-tailed Pygmy Rice Rat,Long-tailed Colilargo
Oligoryzomys_mattogrossae,J. A. Allen,1916,Mato Grosso Pygmy Rice Rat,Mato Grosso Colilargo
Oligoryzomys_messorius,O. Thomas,1901,Hairy Pygmy Rice Rat,Hairy Colilargo
Oligoryzomys_microtis,J. A. Allen,1916,Small-eared Pygmy Rice Rat,Small-eared Colilargo
Oligoryzomys_moojeni,Weksler & Bonvicino,2005,Moojen's Pygmy Rice Rat,Moojen's Colilargo
Oligoryzomys_nigripes,I. von Olfers,1818,Black-footed Pygmy Rice Rat,Black-footed Colilargo|Delta Pygmy Rice Rat
Oligoryzomys_pachecoi,Hurtado & D'Elía,2018,Pacheco's Pygmy Rice Rat,
Oligoryzomys_rupestris,Weksler & Bonvicino,2005,Highlands Pygmy Rice Rat,Highlands Colilargo
Oligoryzomys_stramineus,Bonvicino & Weksler,1998,Straw-colored Pygmy Rice Rat,Straw-colored Colilargo
Oligoryzomys_utiaritensis,J. A. Allen,1916,Utiariti Pygmy Rice Rat,Utiariti Colilargo
Oligoryzomys_vegetus,Bangs,1902,Sprightly Pygmy Rice Rat,Sprightly Colilargo
Oligoryzomys_victus,O. Thomas,1898,Saint Vincent Pygmy Rice Rat,Saint Vincent Colilargo
Oreoryzomys_balneator,O. Thomas,1900,Ecuadorean Mountain Mouse,Ecuadorean Oreoryzomys|Peruvian Rice Rat
Oreoryzomys_hesperus,H. E. Anthony,1924,Peruvian Mountain Mouse,
Oreoryzomys_huancabambensis,"Llancachahua-Tarqui, Ruelas, Escobar, & Pacheco",2025,Huancabamba Mountain Mouse,Huancabamba Rice Mouse|Huancabamba Rice Rat
Oreoryzomys_jumandi,"J. Brito, Vargas, R. García, Tinoco, & Pardiñas in J. Brito, Vargas, Tinoco, R. García, Carrión-Olmedo, C. Koch, Wistuba, Nivelo-Villavicencio, & Pardiñas",2026,Jumandi Mountain Mouse,
Oryzomys_albiventer,C. H. Merriam,1901,White-bellied Marsh Rice Rat,White Venter Rice Rat
Oryzomys_antillarum,O. Thomas,1898,Jamaican Rice Rat,
Oryzomys_couesi,Alston,1877,Coues's Marsh Rice Rat,Coues's Oryzomys|Coues's Rice Rat
Oryzomys_dimidiatus,O. Thomas,1905,Nicaraguan Marsh Rice Rat,Nicaraguan Oryzomys|Nicaraguan Rice Rat|Thomas's Rice Rat
Oryzomys_fulgens,O. Thomas,1893,Xochimilco Marsh Rice Rat,Xochimilco Oryzomys
Oryzomys_gorgasi,Hershkovitz,1971,Gorgas's Marsh Rice Rat,Gorgas's Oryzomys|Gorgas's Rice Rat
Oryzomys_mexicanus,J. A. Allen,1897,Mexican Marsh Rice Rat,Mexican Oryzomys|Mexican Rice Rat
Oryzomys_nelsoni,C. H. Merriam,1898,Tres Marías Rice Rat,Tres Marias Island Rice Rat|Tres Marias Rice Rat
Oryzomys_palustris,Harlan,1837,Northeastern Marsh Rice Rat,Marsh Oryzomys|Rice Meadow Mouse|Swamp Rice Rat|Common Marsh Rice Rat
Oryzomys_peninsulae,O. Thomas,1897,Lower California Rice Rat,
Oryzomys_texensis,J. A. Allen,1894,Northwestern Marsh Rice Rat,Texan Rice Rat|Texas Marsh Rice Rat
Pattonimus_ecominga,"J. Brito, C. Koch, Percequillo, Tinoco, Weksler, C. M. Pinto, & Pardiñas",2020,Ecominga Montane Rat,
Pattonimus_musseri,"J. Brito, C. Koch, Percequillo, Tinoco, Weksler, C. M. Pinto, & Pardiñas",2020,Musser's Montane Rat,
Pennatomys_nivalis,"Turvey, Weksler, E. L. Morris, & Nokkert",2010,Nevis Rice Rat,
Pseudoryzomys_simplex,Winge,1888,Brazilian False Rice Rat,False Oryzomys
Scolomys_melanops,H. E. Anthony,1924,Gray South American Spiny Mouse,Gray Spiny Mouse|Short-nosed Scolomys|South American Spiny Mouse
Scolomys_ucayalensis,Pacheco,1991,Ucayali South American Spiny Mouse,Long-nosed Scolomys|Ucayali Spiny Mouse
Sigmodontomys_alfari,J. A. Allen,1897,Alfaro's Water Rat,Alfaro's Rice Water Rat|Short-tailed Sigmodontomys
Sooretamys_angouya,G. Fischer,1814,Paraguayan Rice Rat,Angouya Sooretamys|Rat-headed Rice Rat
Tanyuromys_aphrastus,W. P. Harris,1932,Harris's Rice Rat,Long-tailed Montane Rat|Long-tailed Sigmodontomys|Harris's Rice Water Rat
Tanyuromys_thomasleei,"Timm, Pine, & J. D. Hanson",2018,Thomas Lee's Rice Rat,Thomas Lee's Rice Water Rat
Transandinomys_bolivaris,J. A. Allen,1901,Long-whiskered Rice Rat,Bolivar Rice Rat|Long-whiskered Oryzomys
Transandinomys_talamancae,J. A. Allen,1891,Talamancan Rice Rat,Transandean Oryzomys
Zygodontomys_brevicauda,J. A. Allen & F. M. Chapman,1893,Short-tailed Cane Mouse,Short-tailed Zygodont|Cane Mouse
Zygodontomys_brunneus,O. Thomas,1898,Colombian Cane Mouse,Brown Cane Mouse|Brown Zygodont
Andalgalomys_olrogi,D. F. Williams & Mares,1978,Olrog's Chaco Mouse,Olrog's Pericote
Andalgalomys_pearsoni,Myers,1977,Pearson's Chaco Mouse,Pearson's pericote
Auliscomys_boliviensis,G. R. Waterhouse in Bridges,1846,Bolivian Big-eared Mouse,Bolivian Pericote|Achulla|Achohalla|Pericote Orejón Boliviano
Auliscomys_pictus,O. Thomas,1884,Painted Big-eared Mouse,Lofty Pericote|Colorful Pericote|Hucucha Guanaco|Ratón Orejón Pintado
Auliscomys_sublimis,O. Thomas,1900,Andean Big-eared Mouse,Lofty Pericote|Pericote de la Puna|Pericote Andino
Calassomys_apicalis,"Pardiñas, G. M. Lessa, Teta, Salazar-Bravo, & Câmara",2014,Calaça's White-tailed Mouse,
Calomys_achaku,"Zeballos, Palma, Marquet, & Ceballos",2014,Arequipa Vesper Mouse,
Calomys_boliviae,O. Thomas,1901,Bolivian Vesper Mouse,Bolivian Laucha
Calomys_callidus,O. Thomas,1916,Crafty Vesper Mouse,Crafty Laucha|Reclusive Laucha
Calomys_callosus,Rengger,1830,Large Vesper Mouse,Big Laucha
Calomys_cerqueirai,"Bonvicino, J. A. de Oliveira, & Gentile",2010,Cerqueira's Vesper Mouse,Rato-bolinha de Cerqueira
Calomys_chinchilico,"Zeballos, Palma, Marquet, & Ceballos",2014,Coastal Vesper Mouse,
Calomys_expulsus,P. W. Lund,1840,Rejected Vesper Mouse,Caatinga Laucha|Rato-bolinha da Caatinga
Calomys_fecundus,O. Thomas,1926,Fecund Vesper Mouse,
Calomys_frida,O. Thomas,1917,Long-tailed Vesper Mouse,
Calomys_hummelincki,Husson,1960,Hummelinck's Vesper Mouse,Hummelinck's Laucha|Dwergwitvoetmuis
Calomys_laucha,G. Fischer,1814,Small Vesper Mouse,Little Laucha|Laucha Chica|Lauchita
Calomys_lepidus,O. Thomas,1884,Andean Vesper Mouse,Graceful Laucha|Hiska Achaco
Calomys_mattevii,"Gurgel-Filho, Feijó, & Langguth",2015,Mattevi's Vesper Mouse,
Calomys_miurus,O. Thomas,1926,Short-tailed Vesper Mouse,
Calomys_musculinus,O. Thomas,1913,Drylands Vesper Mouse,Drylands Laucha|Corn Mouse
Calomys_sorella,O. Thomas,1900,Peruvian Vesper Mouse,Peruvian Laucha
Calomys_tener,Winge,1888,Delicate Vesper Mouse,Delicate Laucha
Calomys_tocantinsi,"Bonvicino, J. F. S. Lima, & F. C. Almeida",2003,Tocantins Vesper Mouse,Tocantins Laucha|Rato-bolinha do Tocantins
Calomys_venustus,O. Thomas,1894,Córdoba Vesper Mouse,Córdoba Laucha|Cordoba Laucha|Cordoba Vesper Mouse
Eligmodontia_bolsonensis,"Mares, J. K. Braun, Coyner, & Van Den Bussche",2008,Bolson Gerbil Mouse,Bolson Laucha|Bolsón Gerbil Mouse|Bolsón Laucha
Eligmodontia_dunaris,"Spotorno, Zuleta, L. I. Walker, G. Manriquez, Valladares, & Marin",2013,Dune Gerbil Mouse,Dune Laucha
Eligmodontia_hirtipes,O. Thomas,1902,Hairy-footed Gerbil Mouse,Hairy-footed Laucha
Eligmodontia_moreni,O. Thomas,1896,Monte Gerbil Mouse,Monte Laucha
Eligmodontia_morgani,J. A. Allen,1901,Morgan's Gerbil Mouse,Western Patagonian Laucha
Eligmodontia_puerulus,R. A. Philippi,1896,Andean Gerbil Mouse,Altiplano Laucha
Eligmodontia_typus,F. Cuvier,1837,Lowland Gerbil Mouse,Eastern Patagonian Laucha|Highland Gerbil Mouse
Galenomys_garleppii,O. Thomas,1898,Garlepp's Mouse,Garlepp's Pericote
Graomys_chacoensis,J. A. Allen,1901,Chaco Pericote,
Graomys_domorum,O. Thomas,1902,Pale Pericote,Pale Leaf-eared Mouse
Graomys_edithae,O. Thomas,1919,Otro Cerro Pericote,Edith's Leaf-eared Mouse
Graomys_griseoflavus,G. R. Waterhouse,1837,Common Pericote,Gray Leaf-eared Mouse
Loxodontomys_micropus,G. R. Waterhouse,1837,Southern Big-eared Mouse,Southern Pericote
Phyllotis_alisosiensis,"Ferro, J. J. Martínez, & Barquez",2010,Los Alisos Leaf-eared Mouse,
Phyllotis_amicus,O. Thomas,1900,Friendly Leaf-eared Mouse,Peruvian Pericote
Phyllotis_andium,O. Thomas,1912,Andean Leaf-eared Mouse,Andean Pericote
Phyllotis_anitae,"Jayat, D'Elía, Pardiñas, & Namen",2007,Anita's Leaf-eared Mouse,
Phyllotis_bonariensis,Crespo,1964,Bonarian Leaf-eared Mouse,Buenos Aires Leaf-eared Mouse
Phyllotis_camiari,"Teta, Jayat, Steppan, A. A. Ojeda, P. E. Ortiz, Novillo, Lanzone, & R. A. Ojeda",2022,Camiari Leaf-eared Mouse,
Phyllotis_caprinus,O. P. Pearson,1958,Capricorn Leaf-eared Mouse,Capricorn Pericote
Phyllotis_darwinii,G. R. Waterhouse,1837,Darwin's Leaf-eared Mouse,Darwin's Pericote
Phyllotis_definitus,Osgood,1915,Ancash Leaf-eared Mouse,Ancash Pericote|Definitive Leaf-eared Mouse
Phyllotis_gerbillus,O. Thomas,1900,Peruvian Leaf-eared Mouse,Gerbil Leaf-eared Mouse
Phyllotis_haggardi,O. Thomas,1898,Haggard's Leaf-eared Mouse,Ecuadorean Pericote
Phyllotis_limatus,O. Thomas,1912,Lima Leaf-eared Mouse,Lima Pericote
Phyllotis_magister,O. Thomas,1912,Master Leaf-eared Mouse,Majestic Pericote
Phyllotis_nogalaris,O. Thomas,1921,Walnut Leaf-eared Mouse,
Phyllotis_occidens,Rengifo & Pacheco,2015,Western Leaf-eared Mouse,
Phyllotis_osgoodi,Mann,1945,Osgood's Leaf-eared Mouse,Osgood's Pericote
Phyllotis_osilae,J. A. Allen,1901,Bunch Grass Leaf-eared Mouse,Bunchgrass Pericote
Phyllotis_pearsoni,"Pacheco, Rengifo, & Vivas",2014,Pearson's Leaf-eared Mouse,
Phyllotis_pehuenche,"Jayat, Teta, A. A. Ojeda, Steppan, Osland, P. E. Ortiz, Novillo, Lanzone, & R. A. Ojeda",2022,Pehuenche Leaf-eared Mouse,
Phyllotis_tamborum,Osgood,1914,Narrow-nasal Leaf-eared Mouse,
Phyllotis_tucumanus,O. Thomas,1912,Tucuman Leaf-eared Mouse,
Phyllotis_vaccarum,O. Thomas,1912,Punta de Vacas Leaf-eared Mouse,
Phyllotis_xanthopygus,G. R. Waterhouse,1837,Yellow-rumped Leaf-eared Mouse,Patagonian Leaf-eared Mouse|Yellow-rumped Pericote|Rock-dwelling Leaf-eared Mouse
Salinomys_delicatus,J. K. Braun & Mares,1995,Delicate Salt Flat Mouse,Delicate Salinomys
Tapecomys_primus,S. Anderson & Yates,2000,Tapecua Leaf-eared Mouse,Primordial Tapecua
Tapecomys_wolffsohni,O. Thomas,1902,Wolffsohn's Leaf-eared Mouse,Wolffsohn's Pericote
Reithrodon_auritus,G. Fischer,1814,Hairy-soled Conyrat,Bunny Rat
Reithrodon_caurinus,O. Thomas,1920,Northwestern Conyrat,
Reithrodon_typicus,G. R. Waterhouse,1837,Naked-soled Conyrat,
Rhagomys_jequitiba,"Bonvicino, Pires, Lanes, & Faria",2024,Jequitibá Arboreal Mouse,
Rhagomys_longilingua,Luna & B. D. Patterson,2003,Long-tongued Arboreal Mouse,Long-tongued Rhagomys
Rhagomys_rufescens,O. Thomas,1886,Brazilian Arboreal Mouse,Rufescent Rhagomys
Rhagomys_septentrionalis,"Moreno Cárdenas, Tinoco, L. Albuja, & B. D. Patterson",2021,Northern Arboreal Mouse,Northern Rhagomys
Sigmodon_alleni,V. O. Bailey,1902,Allen's Cotton Rat,Brown Cotton Rat
Sigmodon_alstoni,O. Thomas,1881,Groove-toothed Cotton Rat,Alston's Cotton Rat
Sigmodon_arizonae,Mearns,1890,Arizona Cotton Rat,Colorado River Cotton Rat
Sigmodon_fulviventer,J. A. Allen,1889,Tawny-bellied Cotton Rat,
Sigmodon_hirsutus,Burmeister,1855,Burmeister's Cotton Rat,Southern Cotton Rat
Sigmodon_hispidus,Say & Ord,1825,Hispid Cotton Rat,
Sigmodon_inopinatus,H. E. Anthony,1924,Ecuadorean Cotton Rat,Unexpected Cotton Rat
Sigmodon_leucotis,V. O. Bailey,1902,White-eared Cotton Rat,
Sigmodon_mascotensis,J. A. Allen,1897,West Mexican Cotton Rat,Jaliscan Cotton Rat
Sigmodon_ochrognathus,V. O. Bailey,1902,Yellow-nosed Cotton Rat,
Sigmodon_peruanus,J. A. Allen,1897,Peruvian Cotton Rat,
Sigmodon_planifrons,E. W. Nelson & E. A. Goldman,1933,Miahuatlan Cotton Rat,
Sigmodon_toltecus,de Saussure,1860,Toltec Cotton Rat,
Sigmodon_zanjonensis,G. G. Goodwin,1932,Montane Cotton Rat,
Aepeomys_lugens,O. Thomas,1896,Merida Montane Mouse,Merida Aepeomys|Olive Montane Mouse|Mérida Aepeomys
Aepeomys_reigi,"Ochoa, Aguilera, Pacheco, & Soriano",2001,Reig's Montane Mouse,Reig's Aepeomys
Chilomys_carapazi,"J. Brito & Pardiñas in J. Brito, Tinoco, C. M. Pinto, R. García, C. Koch, Fernandez, S. Burneo, & Pardiñas",2022,Carapaz's Forest Mouse,
Chilomys_fumeus,Osgood,1912,Smoky Forest Mouse,Smoky Chilomys
Chilomys_georgeledecii,"J. Brito, Tinoco, R. García, C. Koch, & Pardiñas in J. Brito, Tinoco, C. M. Pinto, R. García, C. Koch, Fernandez, S. Burneo, & Pardiñas",2022,Ledeci's Forest Mouse,
Chilomys_instans,O. Thomas,1895,Colombian Forest Mouse,Andean Chilomys
Chilomys_neisi,"J. Brito, Tinoco, R. García, C. Koch, & Pardiñas in J. Brito, Tinoco, C. M. Pinto, R. García, C. Koch, Fernandez, S. Burneo, & Pardiñas",2022,Neisi Forest Mouse,
Chilomys_percequilloi,"J. Brito, Tinoco, R. García, & Pardiñas in J. Brito, Tinoco, C. M. Pinto, R. García, C. Koch, Fernandez, S. Burneo, & Pardiñas",2022,Percequillo's Forest Mouse,
Chilomys_weksleri,"J. Brito, R. García, C. M. Pinto, & Pardiñas in J. Brito, Tinoco, C. M. Pinto, R. García, C. Koch, Fernandez, S. Burneo, & Pardiñas",2022,Weksler's Forest Mouse,
Rhipidomys_albujai,"J. Brito, Tinoco, Chávez, Moreno Cárdenas, Batallas, & Ojala-Barbour",2017,Albuja's Climbing Rat,Albuja's Rhipidomys
Rhipidomys_austrinus,O. Thomas,1921,Southern Climbing Rat,Southern Andean Rhipidomys|Southern Climbing Mouse
Rhipidomys_bezerrensis,"Campos, Percequillo, & Langguth in Campos, Percequillo, G. B. de Miranda, & Langguth",2022,Bezerros Climbing Rat,
Rhipidomys_caracolensis,"Campos, Percequillo, & Langguth in Campos, Percequillo, G. B. de Miranda, & Langguth",2022,Caracol Climbing Rat,
Rhipidomys_cariri,Tribe,2005,Cariri Climbing Rat,Cariri Climbing Mouse|Cariri Rhipidomys
Rhipidomys_caucensis,J. A. Allen,1913,Lesser Colombian Climbing Rat,Cauca Climbing Mouse|Colombian Rhipidomys|Lesser Colombian Rhipidomys
Rhipidomys_couesi,J. A. Allen & F. M. Chapman,1893,Coues's Climbing Rat,Coues's Climbing Mouse|Coues's Rhipidomys
Rhipidomys_emiliae,J. A. Allen,1916,Snethlage's Climbing Rat,Eastern Amazon Climbing Mouse|Snethlage's Climbing Mouse|Snethlage's Rhipidomys
Rhipidomys_fulviventer,O. Thomas,1896,Tawny-bellied Climbing Rat,Buff-bellied Climbing Mouse|Tawny-bellied Rhipidomys
Rhipidomys_gardneri,"J. L. Patton, M. N. F. da Silva, & Malcolm",2000,Gardner's Climbing Rat,Gardner's Climbing Mouse|Gardner's Rhipidomys
Rhipidomys_ipukensis,"R. G. Rocha, B. M. de A. Costa, & L. P. Costa in R. G. Rocha, E. Ferreira, B. M. de A. Costa, I. C. M. Martins, Y. L. R. Leite, L. P. Costa, & C. Fonseca",2011,Ipuca Climbing Rat,Ipuca Climbing Mouse|Ipuca Rhipidomys
Rhipidomys_itoan,"B. M. de A. Costa, Geise, L. G. Pereira, & L. P. Costa",2011,Sky Climbing Rat,Sky Climbing Mouse|Sky Rhipidomys
Rhipidomys_latimanus,Tomes,1860,Broad-footed Climbing Rat,Broad-footed Climbing Mouse|Broad-footed Rhipidomys|Northwestern Rhipidomys|Northwestern Rhipidomys
Rhipidomys_leucodactylus,von Tschudi,1845,White-footed Climbing Rat,Great Rhipidomys|White-footed Rhipidomys|White-footed Climbing Mouse
Rhipidomys_macconnelli,de Winton,1900,McConnell's Tepui Climbing Rat,Macconnell's Climbing Mouse|Macconnell's Tepui Rhipidomys|Tepui Rhipidomys
Rhipidomys_macrurus,P. Gervais,1855,Cerrado Climbing Rat,Cerrado Climbing Mouse|Cerrado Rhipidomys|Long-tailed Rhipidomys
Rhipidomys_mastacalis,P. W. Lund,1840,Long-tailed Climbing Rat,Atlantic Forest Rhipidomys|Long-tailed Climbing Mouse|Northern Atlantic Forest Rhipidomys
Rhipidomys_modicus,O. Thomas,1926,Lesser Peruvian Climbing Rat,Lesser Peruvian Rhipidomys|Peruvian Climbing Mouse|Peruvian Rhipidomys
Rhipidomys_nitela,O. Thomas,1901,Splendid Climbing Rat,Guianan Rhipidomys|Splendid Climbing Mouse
Rhipidomys_ochoagrateroli,"F. J. García, T. G. Almeida, M. Machado, Delgado-Jaramillo, Araujo-Reyes, Vásquez-Parra, & Flórez",2020,Ochoa-Graterol's Climbing Rat,
Rhipidomys_ochrogaster,J. A. Allen,1901,Yellow-bellied Climbing Rat,Buff-bellied Rhipidomys|Yellow-bellied Climbing Mouse
Rhipidomys_similis,J. A. Allen,1912,Greater Colombian Climbing Rat,Greater Colombian Rhipidomys
Rhipidomys_tenuicauda,J. A. Allen,1899,Turimiquire Climbing Rat,Turimiquire Rhipidomys
Rhipidomys_tribei,"B. M. de A. Costa, Geise, L. G. Pereira, & L. P. Costa",2011,Tribe's Climbing Rat,Tribe's Climbing Mouse|Tribe's Rhipidomys
Rhipidomys_venezuelae,O. Thomas,1896,Venezuelan Climbing Rat,Venezuelan Climbing Mouse|Venezuelan Rhipidomys
Rhipidomys_venustus,O. Thomas,1900,Charming Climbing Rat,Charming Climbing Mouse|Merida Rhipidomys|Mérida Highland Rhipidomys
Rhipidomys_wetzeli,A. L. Gardner,1990,Wetzel's Climbing Rat,Wetzel's Climbing Mouse|Wetzel's Rhipidomys
Rhipidomys_ybyrae,Lanes & Bonvicino,2023,Ybyra Climbing Rat,
Thomasomys_andersoni,Salazar-Bravo & Yates,2007,Anderson's Oldfield Mouse,Anderson's Thomasomys
Thomasomys_antoniobracki,Ruelas & Pacheco,2021,Antonio Brack's Oldfield Mouse,
Thomasomys_apeco,Leo & A. L. Gardner,1993,Apeco Oldfield Mouse,Apeco Thomasomys
Thomasomys_aureus,Tomes,1860,Golden Oldfield Mouse,Golden Thomasomys
Thomasomys_auricularis,H. E. Anthony,1923,Red Andean Oldfield Mouse,Red Andean Thomasomys
Thomasomys_australis,H. E. Anthony,1925,Austral Oldfield Mouse,Austral Thomasomys
Thomasomys_baeops,O. Thomas,1899,Short-faced Oldfield Mouse,Beady-eyed Mouse|Short-faced Thomasomys
Thomasomys_bombycinus,H. E. Anthony,1925,Silky Oldfield Mouse,Silky Thomasomys
Thomasomys_burneoi,"T. E. Lee, Tinoco, & J. Brito",2022,Burneo's Oldfield Mouse,
Thomasomys_caudivarius,H. E. Anthony,1923,White-tipped Oldfield Mouse,White-tipped Thomasomys
Thomasomys_cinereiventer,J. A. Allen,1912,Ashy-bellied Oldfield Mouse,Ashy-bellied Thomasomys
Thomasomys_cinereus,O. Thomas,1882,Ash-colored Oldfield Mouse,Ash-colored Thomasomys|Olive-gray Thomasomys
Thomasomys_cinnameus,H. E. Anthony,1924,Cinnamon-colored Oldfield Mouse,Cinnamon-colored Thomasomys
Thomasomys_contradictus,H. E. Anthony,1925,Central Andes Oldfield Mouse,Central Andes Thomasomys
Thomasomys_daphne,O. Thomas,1917,Daphne's Oldfield Mouse,Daphne's Thomasomys
Thomasomys_dispar,H. E. Anthony,1925,Colombian Oldfield Mouse,Colombian Thomasomys
Thomasomys_eleusis,O. Thomas,1926,Peruvian Oldfield Mouse,Peruvian Thomasomys
Thomasomys_emeritus,O. Thomas,1916,Venezuelan Oldfield Mouse,Venezuelan Thomasomys
Thomasomys_erro,H. E. Anthony,1926,Wandering Oldfield Mouse,Wandering Thomasomys
Thomasomys_fumeus,H. E. Anthony,1924,Smoky Oldfield Mouse,Smoky Thomasomys
Thomasomys_gracilis,O. Thomas,1917,Slender Oldfield Mouse,Gracile Thomasomys
Thomasomys_hudsoni,H. E. Anthony,1923,Hudson's Oldfield Mouse,Hudson's Thomasomys
Thomasomys_hylophilus,Osgood,1912,Woodland Oldfield Mouse,Woodland Thomasomys
Thomasomys_igor,"J. Brito, R. García, F. X. Castellanos, Gavilanes, Curay, Carrión-Olmedo, Reyes-Barriga, Guayasamin, Salazar-Bravo, & C. M. Pinto",2024,Igor's Oldfield Mouse,Igor's Andean Mouse
Thomasomys_incanus,O. Thomas,1894,Inca Oldfield Mouse,Black-eared Thomasomys|Inca Thomasomys
Thomasomys_ischyrus,Osgood,1914,Long-tailed Oldfield Mouse,Long-tailed Thomasomys|Strong-tailed Oldfield Mouse
Thomasomys_kalinowskii,O. Thomas,1894,Kalinowski's Oldfield Mouse,Kalinowski's Thomasomys
Thomasomys_ladewi,H. E. Anthony,1926,Ladew's Oldfield Mouse,Ladew's Thomasomys
Thomasomys_laniger,O. Thomas,1895,Soft-furred Oldfield Mouse,Butcher Oldfield Mouse|Soft-furred Thomasomys
Thomasomys_lojapiuranus,Pacheco & Ruelas,2023,Piura Oldfield Mouse,Loja and Piura Thomasomys
Thomasomys_macrotis,A. L. Gardner & Romo,1993,Large-eared Oldfield Mouse,Large-eared Thomasomys
Thomasomys_monochromos,Bangs,1900,Unicolored Oldfield Mouse,Unicolored Thomasomys
Thomasomys_nicefori,O. Thomas,1921,Niceforo Maria's Oldfield Mouse,Niceforo Maria's Thomasomys|Nicéforo Maria's Thomasomys
Thomasomys_niveipes,O. Thomas,1896,Snow-footed Oldfield Mouse,Snow-footed Thomasomys|White-footed Thomasomys
Thomasomys_notatus,O. Thomas,1917,Distinguished Oldfield Mouse,Dusky-footed Thomasomys
Thomasomys_onkiro,Luna & Pacheco,2002,Ashaninka Oldfield Mouse,Ashaninka Thomasomys
Thomasomys_oreas,H. E. Anthony,1926,Montane Oldfield Mouse,Montane Thomasomys|Montane Fairy Thomasomys
Thomasomys_otavalo,"J. Brito, R. García, F. X. Castellanos, Gavilanes, Curay, Carrión-Olmedo, Reyes-Barriga, Guayasamin, Salazar-Bravo, & C. M. Pinto",2024,Otavalo's Oldfield Mouse,Otavalo's Andean Mouse
Thomasomys_pagaibambensis,Pacheco & Ruelas,2023,Pagaibamba Oldfield Mouse,Pagaibamba Thomasomys
Thomasomys_paramorum,O. Thomas,1898,Paramo Oldfield Mouse,Paramo Thomasomys|Páramo Thomasomys
Thomasomys_pardignasi,"J. Brito, Vaca-Puente, C. Koch, & Tinoco",2021,Pardiñas's Oldfield Mouse,Pardiñas' Andean Mouse
Thomasomys_popayanus,J. A. Allen,1912,Popayan Oldfield Mouse,Popayan Thomasomys|Popayán Thomasomys
Thomasomys_praetor,O. Thomas,1900,Cajamarca Oldfield Mouse,Cajamarca Thomasomys
Thomasomys_princeps,O. Thomas,1895,Principal Oldfield Mouse,Principal Thomasomys
Thomasomys_pyrrhonotus,O. Thomas,1886,Reddish-backed Oldfield Mouse,Reddish-backed Thomasomys|Thomas's Oldfield Mouse
Thomasomys_rosalinda,O. Thomas & St. Leger,1926,Reddish-nosed Oldfield Mouse,Reddish-nosed Thomasomys|Rosalinda's Oldfield Mouse|Rosalinda's Thomasomys
Thomasomys_salazari,"J. Brito, Tinoco, Curay, Vargas, Reyes-Puig, Romero, & Pardiñas",2019,Salazar's Oldfield Mouse,
Thomasomys_shallqukucha,Pacheco & Ruelas,2023,Shallqa Oldfield Mouse,Shallqa Thomasomys
Thomasomys_silvestris,H. E. Anthony,1924,Forest Oldfield Mouse,Forest Thomasomys|Sylvan Thomasomys
Thomasomys_taczanowskii,O. Thomas,1882,Taczanowski's Oldfield Mouse,Taczanowski's Thomasomys
Thomasomys_ucucha,Voss,2003,Ucucha Oldfield Mouse,Ucucha Thomasomys
Thomasomys_vestitus,O. Thomas,1898,Dressy Oldfield Mouse,Dressy Thomasomys|Merida Thomasomys|Mérida Thomasomys
Thomasomys_vulcani,O. Thomas,1898,Pichincha Oldfield Mouse,Pichincha Thomasomys
Juliomys_ossitenuis,"L. P. Costa, S. E. Pavan, Y. L. R. Leite, & Fagundes",2007,Delicate Red-nosed Tree Mouse,
Juliomys_pictipes,Osgood,1933,Small Red-nosed Tree Mouse,Lesser Wilfred's Mouse
Juliomys_rimofrons,J. A. de Oliveira & Bonvicino,2002,Montane Red-rumped Tree Mouse,Cleft-headed Juliomys
Juliomys_ximenezi,"A. U. Christoff, E. M. Vieira, L. R. Oliveira, J. W. Gonçalves, V. H. Valiati, & Tomasi",2016,Araucaria Forest Tree Mouse,Araucaria Forest Juliomys
Phaenomys_ferrugineus,O. Thomas,1894,Rio de Janeiro Arboreal Rat,Rusty Phaenomys
Wiedomys_cerradensis,"P. R. Gonçalves, F. C. Almeida, & Bonvicino",2005,Cerrado Red-nosed Mouse,Cerrado Wiedomys|Rato-de-Focinho-Vermelho
Wiedomys_pyrrhorinos,zu Wied-Neuwied,1821,Common Red-nosed Mouse,Red-nosed Mouse|Red-nosed Wiedomys
Wilfredomys_oenax,O. Thomas,1928,Red-nosed Tree Mouse,Greater Wilfred's Mouse|Rufous-nosed Wilfredomys
Nyctomys_sumichrasti,de Saussure,1860,Sumichrast's Vesper Rat,Vesper Rat
Otonyctomys_hatti,H. E. Anthony,1932,Yucatán Vesper Rat,Hatt's Vesper Mouse|Hatt's Vesper Rat|Yucatan Vesper Mouse|Yucatan Vesper Rat
Ototylomys_chiapensis,"C. A. Porter, N. E. Beasley, Ordóñez-Garza, Lindsey, D. S. Rogers, Lewis-Rogers, Sites, & R. D. Bradley",2017,La Pera Climbing Rat,La Pera Big-eared Climbing Rat
Ototylomys_phyllotis,C. H. Merriam,1901,Big-eared Climbing Rat,
Tylomys_bullaris,C. H. Merriam,1901,Chiapan Climbing Rat,
Tylomys_fulviventer,H. E. Anthony,1916,Fulvous-bellied Climbing Rat,
Tylomys_mirae,O. Thomas,1899,Mira Climbing Rat,Southern Climbing Rat
Tylomys_nudicaudus,W. C. H. Peters,1866,Peters's Climbing Rat,
Tylomys_panamensis,J. E. Gray,1873,Panama Climbing Rat,Panamanian Climbing Rat
Tylomys_tumbalensis,C. H. Merriam,1901,Tumbala Climbing Rat,
Tylomys_watsoni,O. Thomas,1899,Watson's Climbing Rat,
Acomys_cahirinus,É. Geoffroy Saint-Hilaire,1803,Northeast African Spiny Mouse,Cairo Spiny Mouse|Egyptian Spiny Mouse|Greater Wilfred's Mouse|Turkish Spiny Mouse|Crete Spiny Mouse|Cyprus Spiny Mouse
Acomys_chudeaui,Kollmann,1911,Chudeau's Spiny Mouse,Western Sahara Spiny Mouse
Acomys_cineraceus,von Heuglin in von Heuglin & Fitzinger,1866,Gray Spiny Mouse,Heuglin's Spiny Mouse
Acomys_dimidiatus,Cretzschmar,1827,Arabian Spiny Mouse,Eastern Spiny Mouse
Acomys_ignitus,Dollman,1910,Fiery Spiny Mouse,
Acomys_johannis,O. Thomas,1912,John's Spiny Mouse,
Acomys_kempi,Dollman,1911,Kemp's Spiny Mouse,
Acomys_louisae,O. Thomas,1896,Louise's Spiny Mouse,
Acomys_mullah,O. Thomas,1904,Mullah Spiny Mouse,
Acomys_muzei,"W. N. Verheyen, J. L. J. Hulselmans, Wendelen, Leirs, Corti, Backeljau, & E. Verheyen",2011,Muze Spiny Mouse,Eastern Arc Spiny Mouse
Acomys_ngurui,"W. N. Verheyen, J. L. J. Hulselmans, Wendelen, Leirs, Corti, Backeljau, & E. Verheyen",2011,Nguru Spiny Mouse,Coastal Forest Spiny Mouse
Acomys_percivali,Dollman,1911,Percival's Spiny Mouse,
Acomys_russatus,J. A. Wagner,1840,Golden Spiny Mouse,
Acomys_selousi,de Winton,1897,Selous's Spiny Mouse,
Acomys_seurati,Heim de Balsac,1936,Seurat's Spiny Mouse,
Acomys_spinosissimus,W. C. H. Peters,1852,Southern African Spiny Mouse,Least Spiny Mouse|Southern Spiny Mouse
Acomys_subspinosus,G. R. Waterhouse,1838,Cape Spiny Mouse,
Acomys_wilsoni,O. Thomas,1892,Wilson's Spiny Mouse,
Deomys_ferrugineus,O. Thomas,1888,Congo Forest Rat,Rusty Link Rat
Lophuromys_angolensis,"W. N. Verheyen, Dierckx, & J. Hulselmans",2000,Angolan Brush-furred Rat,
Lophuromys_ansorgei,de Winton,1896,Ansorge's Brush-furred Rat,
Lophuromys_aquilus,F. W. True,1892,Dark-colored Brush-furred Rat,
Lophuromys_brevicaudus,Osgood,1936,Short-tailed Brush-furred Rat,
Lophuromys_brunneus,O. Thomas,1906,Ethiopian Brush-furred Rat,Thomas's Ethiopian Brush-furred Rat
Lophuromys_chercherensis,"Lavrenchenko, W. N. Verheyen, E. Verheyen, J. Hulselmans, & Leirs",2007,Mount Chercher Brush-furred Rat,
Lophuromys_chrysopus,Osgood,1936,Ethiopian Forest Brush-furred Rat,Golden-footed Brush-furred Rat
Lophuromys_cinereus,Dieterlen & Gelmroth,1974,Gray Brush-furred Rat,
Lophuromys_dieterleni,"W. N. Verheyen, J. Hulselmans, Colyn, & Hutterer",1997,Mount Oku Brush-furred Rat,Dieterlen's Brush-furred Mouse
Lophuromys_dudui,"W. N. Verheyen, J. L. J. Hulselmans, Dierckx, & E. Verheyen",2002,Dudu's Brush-furred Rat,
Lophuromys_eisentrauti,Dieterlen,1979,Mount Lefo Brush-furred Rat,Eisentraut's Bush-furred Rat
Lophuromys_flavopunctatus,O. Thomas,1888,Buff-spotted Brush-furred Rat,Ethiopian Buff-spotted Brush-furred Rat|Yellow Spotted Brush-furred Rat
Lophuromys_huttereri,"W. N. Verheyen, Colyn, & J. Hulselmans",1996,Hutterer's Brush-furred Rat,Hutterer's Brush-furred Mouse
Lophuromys_kilonzoi,"W. N. Verheyen, J. L. J. Hulselmans, Dierckx, Mulungu, Leirs, Corti, & E. Verheyen",2007,Kilonzo's Brush-furred Rat,
Lophuromys_laticeps,O. Thomas & Wroughton,1907,Albertine Rift Brush-furred Rat,
Lophuromys_luteogaster,Hatt,1934,Buff-bellied Brush-furred Rat,Yellow-bellied Brush-furred Rat
Lophuromys_machangui,"W. N. Verheyen, J. L. J. Hulselmans, Dierckx, Mulungu, Leirs, Corti, & E. Verheyen",2007,Machangu's Brush-furred Rat,
Lophuromys_makundii,"W. N. Verheyen, J. L. J. Hulselmans, Dierckx, Mulungu, Leirs, Corti, & E. Verheyen",2007,Makundi's Brush-furred Rat,
Lophuromys_margarettae,E. Heller,1912,Margaret's Brush-furred Rat,Uaragues Harsh-furred Mouse
Lophuromys_medicaudatus,Dieterlen,1975,Western Rift Brush-furred Rat,Medium-tailed Brush-furred Rat
Lophuromys_melanonyx,F. Petter,1972,Black-clawed Brush-furred Rat,
Lophuromys_menageshae,"Lavrenchenko, W. N. Verheyen, E. Verheyen, J. Hulselmans, & Leirs",2007,North Western Rift Brush-furred Rat,
Lophuromys_nudicaudus,E. Heller,1911,Naked-tailed Brush-furred Rat,Fire-bellied Brush-furred Rat
Lophuromys_pseudosikapusi,"Lavrenchenko, W. N. Verheyen, E. Verheyen, J. Hulselmans, & Leirs",2007,Sheko Forest Brush-furred Rat,
Lophuromys_rahmi,W. N. Verheyen,1964,Rahm's Brush-furred Rat,
Lophuromys_rita,Dollman,1910,Congolese Brush-furred Rat,
Lophuromys_roseveari,"W. N. Verheyen, J. Hulselmans, Colyn, & Hutterer",1997,Mount Cameroon Brush-furred Rat,Roseveari's Brush-furred Rat
Lophuromys_sabunii,"W. N. Verheyen, J. L. J. Hulselmans, Dierckx, Mulungu, Leirs, Corti, & E. Verheyen",2007,Sabuni's Brush-furred Rat,
Lophuromys_sikapusi,Temminck,1853,Western Brush-furred Rat,Rusty-bellied Brush-furred Rat
Lophuromys_simensis,Osgood,1936,Simien Brush-furred Rat,
Lophuromys_stanleyi,"W. N. Verheyen, J. L. J. Hulselmans, Dierckx, Mulungu, Leirs, Corti, & E. Verheyen",2007,Rwenzori Brush-furred Rat,
Lophuromys_verhageni,"W. N. Verheyen, J. L. J. Hulselmans, Dierckx, & E. Verheyen",2002,Verhagen's Brush-furred Rat,
Lophuromys_woosnami,O. Thomas,1906,Woosnam's Brush-furred Rat,
Lophuromys_zena,Dollman,1909,Zena Brush-furred Rat,Air Spiny Mouse|Western Sahara Spiny Mouse
Uranomys_ruddi,Dollman,1909,Rudd's Bristle-furred Rat,Rudd's Mouse|White-bellied Brush-furred Rat
Ammodillus_imbellis,de Winton,1898,Ammodile,Somali Gerbil|Walo
Desmodilliscus_braueri,Wettstein-Westersheim,1916,Pouched Gerbil,Brauer's Dwarf Gerbil
Pachyuromys_duprasi,Lataste,1880,Fat-tailed Jird,Fat-tailed Gerbil
Brachiones_przewalskii,Büchner,1889,Przewalski's Jird,Przewalski's Gerbil
Gerbillus_acticola,O. Thomas,1918,Berbera Gerbil,
Gerbillus_agag,O. Thomas,1903,Agag Gerbil,
Gerbillus_amoenus,de Winton,1902,Pleasant Gerbil,Charming Gerbil
Gerbillus_andersoni,de Winton,1902,Anderson's Gerbil,Allenby's Gerbil
Gerbillus_aquilus,Schlitter & Setzer,1973,Swarthy Gerbil,
Gerbillus_bottai,Lataste,1882,Botta's Gerbil,Botta's Dipodil
Gerbillus_brockmani,O. Thomas,1910,Brockman's Gerbil,
Gerbillus_burtoni,F. Cuvier,1838,Burton's Gerbil,
Gerbillus_campestris,Loche,1867,North African Gerbil,Large North African Gerbil|North African Dipodil
Gerbillus_cheesmani,O. Thomas,1919,Cheesman's Gerbil,
Gerbillus_dasyurus,J. A. Wagner,1842,Wagner's Gerbil,Rough-tailed Gerbil|Wadi Hof Gerbil|Wagner's Dipodil
Gerbillus_dunni,O. Thomas,1904,Dunn's Gerbil,Bilen Gerbil|Somalia Gerbil
Gerbillus_famulus,Yerbury & O. Thomas,1895,Black-tufted Gerbil,
Gerbillus_floweri,O. Thomas,1919,Flower's Gerbil,
Gerbillus_garamantis,Lataste,1881,Algerian Gerbil,
Gerbillus_gerbillus,Olivier,1800,Lesser Egyptian Gerbil,Lesser Gerbil|Small Egyptian Gerbil
Gerbillus_gleadowi,J. A. Murray,1886,Indian Hairy-footed Gerbil,Little Hairy-footed Gerbil
Gerbillus_grobbeni,Klaptocz,1909,Grobben's Gerbil,
Gerbillus_harwoodi,O. Thomas,1901,Harwood's Gerbil,Harwood's Dipodil
Gerbillus_henleyi,de Winton,1903,Pygmy Gerbil,Henley's Gerbil|Henley's Pygmy Gerbil
Gerbillus_hesperinus,Cabrera,1906,Moroccan Gerbil,Western Gerbil
Gerbillus_hoogstraali,D. M. Lay,1975,Hoogstraal's Gerbil,
Gerbillus_jamesi,D. L. Harrison,1967,James's Gerbil,James's Dipodil
Gerbillus_latastei,O. Thomas & Trouessart,1903,Lataste's Gerbil,
Gerbillus_lowei,O. Thomas & Hinton,1923,Lowe's Gerbil,Lowe's Dipodil
Gerbillus_mackilligini,O. Thomas,1904,Mackilligin's Gerbil,Mackilligin's Dipodil
Gerbillus_maghrebi,Schlitter & Setzer,1972,Greater Short-tailed Gerbil,Maghreb Gerbil|Maghreb Dipodil
Gerbillus_mauritaniae,Heim de Balsac,1943,Mauritanian Gerbil,
Gerbillus_mesopotamiae,D. L. Harrison,1956,Mesopotamian Gerbil,Harrison's Gerbil
Gerbillus_muriculus,O. Thomas & Hinton,1923,Darfur Gerbil,Barfur Gerbil
Gerbillus_nancillus,O. Thomas & Hinton,1923,Sudan Gerbil,
Gerbillus_nanus,Blanford,1875,Balochistan Gerbil,Dwarf Gerbil
Gerbillus_nigeriae,O. Thomas & Hinton,1920,Nigerian Gerbil,Dallon's Gerbil
Gerbillus_occiduus,D. M. Lay,1975,Occidental Gerbil,
Gerbillus_poecilops,Yerbury & O. Thomas,1895,Large Aden Gerbil,
Gerbillus_principulus,O. Thomas & Hinton,1923,Principal Gerbil,
Gerbillus_pulvinatus,Rhoads,1896,Rhoads's Gerbil,Cushioned Gerbil
Gerbillus_pusillus,W. C. H. Peters,1878,Least Gerbil,Percival's Gerbil|Peter's Gerbil
Gerbillus_pyramidum,É. Geoffroy Saint-Hilaire,1803,Greater Egyptian Gerbil,Burton's Gerbil
Gerbillus_rosalinda,St. Leger,1929,Rosalinda Gerbil,Rosalind's Gerbil
Gerbillus_rupicola,"Granjon, Aniskin, Volobouev, & Sicard",2002,Rupicolous Gerbil,Rock Gerbil|Rupicolous Dipodil
Gerbillus_simoni,Lataste,1881,Lesser Short-tailed Gerbil,Simon's Dipodil|Simon's Gerbil
Gerbillus_somalicus,O. Thomas,1910,Somalian Gerbil,Somalian Dipodil
Gerbillus_stigmonyx,von Heuglin,1877,Khartoum Gerbil,Khartoum Dipodil
Gerbillus_syrticus,Misonne,1974,Sand Gerbil,
Gerbillus_tarabuli,O. Thomas,1902,Tarabul Gerbil,Libyan Gerbil|Riggenbach's Gerbil
Gerbillus_vivax,O. Thomas,1902,Vivacious Gerbil,
Gerbillus_watersi,de Winton,1901,Waters's Gerbil,
Meriones_arimalius,Cheesman & Hinton,1924,Arabian Jird,
Meriones_crassus,Sundevall,1843,Sundevall's Jird,Gentle Jird|Jerusalem Jird|Silky Jird
Meriones_dahli,Shidlovskiy,1962,Dahl's Jird,
Meriones_grandis,Cabrera,1907,Moroccan Jird,
Meriones_hurrianae,Jerdon,1867,Indian Desert Jird,Indian Desert Gerbil
Meriones_libycus,H. Lichtenstein,1823,Libyan Jird,Asiatic Hairy-footed Gerbil
Meriones_meridianus,Pallas,1773,Central Midday Jird,Midday Gerbil
Meriones_penicilliger,Heptner,1933,Western Midday Jird,
Meriones_persicus,Blanford,1875,Persian Jird,
Meriones_psammophilus,A. Milne-Edwards,1871,Eastern Midday Jird,
Meriones_rex,Yerbury & O. Thomas,1895,King Jird,
Meriones_sacramenti,O. Thomas,1922,Buxton's Jird,Negev Jird
Meriones_shawii,Duvernoy,1841,Shaw's Jird,
Meriones_tamariscinus,Pallas,1773,Tamarisk Jird,Tamarisk Gerbil
Meriones_tristrami,O. Thomas,1892,Tristram's Jird,
Meriones_unguiculatus,A. Milne-Edwards,1867,Mongolian Jird,Clawed Jird|Mongolian Gerbil
Meriones_vinogradovi,Heptner,1931,Vinogradov's Jird,
Meriones_zarudnyi,Heptner,1937,Zarudny's Jird,
Microdillus_peeli,de Winton,1898,Somali Pygmy Gerbil,Peel's Pygmy Gerbil
Psammomys_obesus,Cretzschmar,1828,Fat Sand Rat,
Psammomys_vexillaris,O. Thomas,1925,Lesser Sand Rat,Pale Sand Rat|Thin Sand Rat
Rhombomys_opimus,H. Lichtenstein,1823,Great Gerbil,
Sekeetamys_calurus,O. Thomas,1892,Bushy-tailed Jird,
Taterillus_arenarius,C. B. Robbins,1974,Robbins's Tateril,Sahel Gerbil|Sand Tateril
Taterillus_congicus,O. Thomas,1915,Congo Tateril,Congo Gerbil
Taterillus_emini,O. Thomas,1892,Emin's Tateril,Emin's Gerbil
Taterillus_gracilis,O. Thomas,1892,Gracile Tateril,Slender Gerbil|Slender Tateril
Taterillus_lacustris,O. Thomas & Wroughton,1907,Lake Chad Tateril,Lake Chad Gerbil
Taterillus_petteri,"Gautun, Tranier, & Sicard",1986,Petter's Tateril,Petter's Gerbil
Taterillus_pygargus,F. Cuvier,1837,Senegal Tateril,Cuvier's Tateril|Senegal Gerbil
Taterillus_tranieri,"Dobigny, Granjon, Aniskin, Bâ, & Volobouev",2003,Tranier's Tateril,Tranier's Gerbil
Desmodillus_auricularis,A. Smith,1834,Cape Short-tailed Gerbil,Namaqua Gerbil
Gerbilliscus_afer,J. E. Gray,1830,Cape Gerbil,
Gerbilliscus_boehmi,Noack,1887,Boehm's Gerbil,
Gerbilliscus_brantsii,A. Smith,1836,Highveld Gerbil,Brant's Gerbil
Gerbilliscus_gambianus,O. Thomas,1910,Sahelo-Sudanian Gerbil,Gambian Gerbil
Gerbilliscus_giffardi,Wroughton,1906,Giffard's Gerbil,
Gerbilliscus_guineae,O. Thomas,1910,Guinean Gerbil,
Gerbilliscus_inclusus,O. Thomas & Wroughton,1908,Gorongosa Gerbil,
Gerbilliscus_kempii,Wroughton,1906,Kemp's Gerbil,Northern Savanna Gerbil
Gerbilliscus_leucogaster,W. C. H. Peters,1852,Bushveld Gerbil,
Gerbilliscus_nigricaudus,W. C. H. Peters,1878,Black-tailed Gerbil,
Gerbilliscus_paeba,A. Smith,1836,Paeba Hairy-footed Gerbil,Pygmy Gerbil|Pygmy Hairy-footed Gerbil
Gerbilliscus_phillipsi,de Winton,1898,Phillips's Gerbil,Namaqua Gerbil
Gerbilliscus_robustus,Cretzschmar,1830,Fringe-tailed Gerbil,
Gerbilliscus_setzeri,Schlitter,1973,Setzer's Hairy-footed Gerbil,Namib Brush-tailed Gerbil
Gerbilliscus_tytonis,K. Bauer & Niethammer,1960,Dune Hairy-footed Gerbil,Namib Dune Gerbil
Gerbilliscus_validus,du Bocage,1890,Southern Savanna Gerbil,
Gerbilliscus_vallinus,O. Thomas,1918,Brush-tailed Hairy-footed Gerbil,
Gerbilliscus_vicinus,W. C. H. Peters,1878,East African Gerbil,Ukamba Gerbil
Tatera_indica,Hardwicke,1807,Indian Gerbil,Antelope Rat
Leimacomys_buettneri,Matschie,1893,Büttner's African Forest Mouse,Büttner Forest Mouse|Büttner Togo Mouse|Groove-toothed Forest Mouse|Togo Mouse
Lophiomys_imhausii,A. Milne-Edwards,1867,Maned Rat,Crested Rat
Apodemus_agrarius,Pallas,1771,Striped Field Mouse,
Apodemus_alpicola,Heinrich,1952,Alpine Field Mouse,
Apodemus_argenteus,Temminck,1844,Small Japanese Field Mouse,
Apodemus_chevrieri,A. Milne-Edwards,1872,Chevrier's Field Mouse,
Apodemus_draco,Barrett-Hamilton,1900,South China Field Mouse,
Apodemus_epimelas,Nehring,1902,Western Broad-toothed Field Mouse,
Apodemus_flavicollis,Melchior,1834,Yellow-necked Field Mouse,
Apodemus_gurkha,O. Thomas,1924,Nepalese Field Mouse,Himalayan Field Mouse|Himalayan Wood Mouse
Apodemus_hyrcanicus,"Vorontsov, Boyeskorov, & Mezhzherin in Vorontsov, Boyeskorov, Mezhzherin, Lyapunova, & Kandaurov",1992,Hyrcanian Field Mouse,Caucasian Field Mouse|Talysh Field Mouse
Apodemus_ilex,O. Thomas,1922,Yunnan Field Mouse,
Apodemus_latronum,O. Thomas,1911,Large-eared Field Mouse,Sichuan Field Mouse
Apodemus_mystacinus,Danford & Alston,1877,Eastern Broad-toothed Field Mouse,Broad-toothed Field Mouse|Eastern Rock Mouse
Apodemus_nigrus,"Ge Deyan, Feijó, & Yang Qisen in Ge Deyan, Feijó, Cheng Jilong, Lu Liang, Liu Rongrong, Abramov, Xia Lin, Wen Zhixin, Zhang Weiyong, Shi Lei, & Yang Qisen",2019,Black Field Mouse,
Apodemus_pallipes,Barrett-Hamilton,1900,Himalayan Field Mouse,Ward's Field Mouse
Apodemus_peninsulae,O. Thomas,1907,Korean Field Mouse,
Apodemus_ponticus,Sviridenko,1936,Caucasus Field Mouse,Black Sea Field Mouse
Apodemus_rusiges,G. S. Miller,1913,Kashmir Field Mouse,
Apodemus_semotus,O. Thomas,1908,Taiwan Field Mouse,Formosan Wood Mouse
Apodemus_speciosus,Temminck,1844,Large Japanese Field Mouse,
Apodemus_sylvaticus,Linnaeus,1758,Long-tailed Field Mouse,Small Wood Mouse|Wood Mouse
Apodemus_uralensis,Pallas,1811,Herb Field Mouse,Pygmy Field Mouse|Ural Field Mouse
Apodemus_witherbyi,O. Thomas,1902,Steppe Field Mouse,
Tokudaia_muenninki,D. H. Johnson,1946,Okinawa Island Spiny Rat,Muennink's Spiny Rat|Okinawa Spiny Rat
Tokudaia_osimensis,Y. Abe,1933,Amami Spiny Rat,Amami Oshima Spiny Rat|Ryukyu Spiny Rat
Tokudaia_tokunoshimensis,Endo & K. Tsuchiya,2006,Tokunoshima Spiny Rat,
Aethomys_bocagei,O. Thomas,1904,Bocage's Rock Rat,Bocage's Aethomys|Bocage's Veld Rat
Aethomys_chrysophilus,de Winton,1897,Red Rock Rat,Red Aethomys|Red Veld Aethomys|Red Veld Rat
Aethomys_hindei,O. Thomas,1902,Hinde's Rock Rat,Hinde's Aethomys|Hinde's Veld Rat
Aethomys_ineptus,O. Thomas & Wroughton,1908,Tete Rock Rat,Tete Aethomys|Tete Veld Aethomys|Tete Veld Rat
Aethomys_kaiseri,Noack,1887,Kaiser's Rock Rat,Kaiser's Aethomys|Kaiser's Veld Rat
Aethomys_nyikae,O. Thomas,1897,Nyika Rock Rat,Nyika Aethomys|Nyika Veld Rat
Aethomys_silindensis,A. Roberts,1938,Selinda Rock Rat,Selinda Aethomys|Selinda Veld Rat
Aethomys_stannarius,O. Thomas,1913,West African Rock Rat,Tinfields Rock Rat|West African Aethomys|West African Veld Rat
Aethomys_thomasi,de Winton,1897,Thomas's Rock Rat,Thomas's Aethomys|Thomas's Veld Rat
Arvicanthis_abyssinicus,Rüppell,1842,Abyssinian Grass Rat,Ethiopian Arvicanthis|Ethiopian Grass Rat
Arvicanthis_ansorgei,O. Thomas,1910,Sudanian Grass Rat,Ansorge's Grass Rat|Sudanian Arvicanthis
Arvicanthis_blicki,C. Frick,1914,Blick's Grass Rat,Blick's Arvicanthis
Arvicanthis_mearnsi,C. Frick,1914,Mearns' Grass Rat,
Arvicanthis_nairobae,J. A. Allen,1909,Nairobi Grass Rat,East African Arvicanthis
Arvicanthis_neumanni,Matschie,1894,Neumann's Grass Rat,Neumann's Arvicanthis|Somali Grass Rat
Arvicanthis_niloticus,É. Geoffroy Saint-Hilaire,1803,African Grass Rat,African Arvicanthis|Nile Grass Rat|Unstriped Grass Rat
Arvicanthis_raffertyi,C. Frick,1914,Rafferty's Grass Rat,
Arvicanthis_rufinus,Temminck,1853,Guinean Grass Rat,Guinean Arvicanthis|Rufous Grass Rat
Arvicanthis_saturatus,Dollman,1911,Menangesha Grass Rat,
Arvicanthis_somalicus,O. Thomas,1903,Somalian Grass Rat,
Dasymys_alleni,B. Lawrence & Loveridge,1953,Glover Allen's Shaggy Rat,Glover Allen's Dasymys
Dasymys_cabrali,"W. N. Verheyen, J. L. J. Hulselmans, Dierckx, Colyn, Leirs, & E. Verheyen",2003,Crawford-Cabral's Shaggy Rat,Cabral's Dasymys|Cabral's Shaggy Rat|Crawford-Cabral's Dasymys
Dasymys_capensis,A. Roberts,1936,Cape Shaggy Rat,Cape Dasymys
Dasymys_foxi,O. Thomas,1912,Fox's Shaggy Rat,Fox's Dasymys|Fox's Marsh Rat|Fox's Water Rat
Dasymys_griseifrons,Osgood,1936,Grayish-brown Shaggy Rat,Ethiopian Shaggy Rat|Grayish-brown Dasymys
Dasymys_incomtus,Sundevall,1847,African Shaggy Rat,Common Dasymys
Dasymys_longipilosus,Eisentraut,1963,Mount Cameroon Shaggy Rat,Long-haired Dasymys|Long-haired Shaggy Rat|Mount Cameroon Dasymys
Dasymys_medius,O. Thomas,1906,Middle Shaggy Rat,East African Altitude Shaggy Rat|Middle Dasymys
Dasymys_montanus,O. Thomas,1906,Rwenzori Shaggy Rat,Montane Dasymys|Montane Shaggy Rat|Rwenzori Dasymys
Dasymys_nudipes,W. C. H. Peters,1870,Angolan Shaggy Rat,Angolan Dasymys|Angolan Marsh Rat|Angolan Water Rat
Dasymys_robertsii,"S. K. Mullin, P. J. Taylor, & Pillay",2004,Roberts's Shaggy Rat,Roberts's Dasymys
Dasymys_rufulus,G. S. Miller,1900,West African Shaggy Rat,Rufous Dasymys|Rufous Shaggy Rat|West African Dasymys
Dasymys_rwandae,"W. N. Verheyen, J. L. J. Hulselmans, Dierckx, Colyn, Leirs, & E. Verheyen",2003,Rwandan Shaggy Rat,Rwanda Dasymys|Rwanda Shaggy Rat|Rwandan Dasymys
Dasymys_sua,"W. N. Verheyen, J. L. J. Hulselmans, Dierckx, Colyn, Leirs, & E. Verheyen",2003,Tanzanian Shaggy Rat,Sua Dasymys|Sua Shaggy Rat|Tanzanian Dasymys
Dephomys_defua,G. S. Miller,1900,Common Defua Rat,Defua Dephomys|Defua Rat
Dephomys_eburneae,Heim de Balsac & Bellier,1967,Ivory Coast Defua Rat,Ivory Coast Dephomys|Ivory Coast Rat
Desmomys_harringtoni,O. Thomas,1903,Harrington's Rat,Harrington's Desmomys
Desmomys_yaldeni,Lavrenchenko,2003,Yalden's Rat,Yalden's Desmomys
Golunda_ellioti,J. E. Gray,1837,Indian Bush Rat,
Grammomys_cometes,O. Thomas & Wroughton,1908,Mozambique Thicket Rat,Mozambique Grammomys|Mozambique Woodland Mouse|Selous's Thicket Rat|Selous's Grammomys
Grammomys_dolichurus,Smuts,1832,South African Thicket Rat,Common Grammomys|Woodland Grammomys|Woodland Mouse|Woodland Thicket Mouse
Grammomys_dryas,O. Thomas,1907,Albertine Rift Thicket Rat,Albertine Rift Grammomys|Forest Thicket Rat
Grammomys_ibeanus,Osgood,1910,East African Thicket Rat,East African Grammomys|Rwenzori Grammomys|Rwenzori Thicket Rat|Mount Kenya Thicket Rat|Giant Grammomys|Giant Thicket Rat|Mount Kenya Grammomys
Grammomys_macmillani,Wroughton,1907,Macmillan's Thicket Rat,Macmillan's Grammomys|Bunting's Thicket Rat|Bunting's Grammomys|Arid Woodland Thicket Rat|Arid Thicket Rat|Arid Woodland Grammomys
Grammomys_polionops,Osgood,1910,Ethiopian Thicket Rat,Ethiopian Grammomys|Short-snouted Thicket Rat|Loita Plain Grammomys|Loita Plain Thicket Rat|Short-snouted Grammomys
Grammomys_surdaster,O. Thomas & Wroughton,1908,Woodland Thicket Rat,Gray-headed Thicket Rat|Gray-headed Grammomys|Common Grammomys|Woodland Grammomys|Woodland Mouse
Hybomys_basilii,Eisentraut,1965,Father Basilio's Striped Mouse,Bioko Hybomys|Bioko Striped Mouse|Father Basilio's Hybomys
Hybomys_lunaris,O. Thomas,1906,Moon Mountains Striped Mouse,Moon Striped Mouse|Rwenzori Hybomys|Rwenzori Striped Mouse
Hybomys_rufocanus,Tullberg,1893,Cameroon Highland Striped Mouse,Bakossi Mountains Striped Mouse|Cameroon Highland Hybomys|Eisentraut's Hybomys|Eisentraut's Striped Mouse
Hybomys_univittatus,W. C. H. Peters,1876,Peters's Striped Mouse,Peters's Hybomys
Lamottemys_okuensis,F. Petter,1986,Mount Oku Rat,Mount Oku Lamottemys
Lemniscomys_barbarus,Linnaeus,1767,Barbary Striped Grass Mouse,Barbary Lemniscomys
Lemniscomys_griselda,O. Thomas,1904,Griselda Striped Grass Mouse,Griselda Lemniscomys
Lemniscomys_hoogstraali,Dieterlen,1991,Hoogstraal's Striped Grass Mouse,Hoogstraal's Lemniscomys
Lemniscomys_linulus,O. Thomas,1910,Senegal Striped Grass Mouse,Senegal Lemniscomys|Senegal One-striped Grass Mouse
Lemniscomys_macculus,O. Thomas & Wroughton,1910,Buffoon Striped Grass Mouse,Buffoon Lemniscomys
Lemniscomys_mittendorfi,Eisentraut,1968,Mittendorf's Striped Grass Mouse,Mittendorf's Lemniscomys
Lemniscomys_rosalia,O. Thomas,1904,Single-striped Grass Mouse,Single-striped Lemniscomys|Single-striped Mouse
Lemniscomys_roseveari,van der Straeten,1980,Rosevear's Striped Grass Mouse,Rosevear's Lemniscomys
Lemniscomys_striatus,Linnaeus,1758,Typical Striped Grass Mouse,Striated Lemniscomys
Lemniscomys_zebra,von Heuglin,1864,Heuglin's Striped Grass Mouse,Heuglin's Lemniscomys|Zebra Grass Mouse|Zebra Lemniscomys
Micaelamys_granti,Wroughton,1908,Grant's Rock Rat,Grant's Aethomys|Grant's Micaelamys|Grant's Rock Mouse
Micaelamys_namaquensis,A. Smith,1834,Namaqua Rock Rat,Namaqua Aethomys|Namaqua Micaelamys|Namaqua Rock Mouse
Mylomys_dybowskii,de Pousargues,1893,Dybowski's Three-toed Grass Rat,African Groove-toothed Rat|Common Groove-toothed Rat|Common Mylomys|Dybowski's Mylomys|Mill Rat
Mylomys_rex,O. Thomas,1906,Ethiopian Three-toed Grass Rat,Ethiopian Groove-toothed Rat|Ethiopian Mylomys|King Mylomys
Oenomys_hypoxanthus,Pucheran,1855,Common Rufous-nosed Rat,Common Oenomys|Common Rufous-toothed Rat|Rufous-nosed Rat
Oenomys_ornatus,O. Thomas,1911,West African Rufous-nosed Rat,Ghana Rufous-nosed Rat|West African Oenomys|West African Rufous-toothed Rat
Pelomys_campanae,Huet,1888,Angolan Groove-toothed Swamp Rat,Angolan Pelomys|Bell Groove-toothed Swamp Rat
Pelomys_fallax,W. C. H. Peters,1852,East African Groove-toothed Swamp Rat,Creek Groove-toothed Swamp Rat|Creek Pelomys|East African Pelomys
Pelomys_hopkinsi,Hayman,1955,Hopkins's Groove-toothed Swamp Rat,Hopkins Pelomys
Pelomys_isseli,De Beaux,1924,Lake Victoria Groove-toothed Swamp Rat,Issel's Groove-toothed Swamp Rat|Lake Victoria Pelomys|Issel's Pelomys
Pelomys_minor,Cabrera & Ruxton,1926,Least Groove-toothed Swamp Rat,Least Pelomys
Rhabdomys_bechuanae,O. Thomas,1893,West-central Four-striped Grass Rat,West-central South African Rhabdomys|West-central South African Four-striped Grass Rat
Rhabdomys_chakae,Wroughton,1905,KwaZulu Natal Four-striped Grass Rat,KwaZulu Natal Rhabdomys
Rhabdomys_dilectus,de Winton,1897,Mesic Four-striped Grass Rat,Mesic Rhabdomys
Rhabdomys_intermedius,Wroughton,1905,Karoo Four-striped Grass Rat,Karoo Rhabdomys
Rhabdomys_pumilio,Sparrman,1784,Xeric Four-striped Grass Rat,Four-striped Field Mouse|Four-striped Grass Mouse|Four-striped Grass Rat|Xeric Four-striped Rhabdomys
Stochomys_longicaudatus,Tullberg,1893,Target Rat,
Thallomys_loringi,E. Heller,1909,Loring's Thallomys,Loring's Rat
Thallomys_nigricauda,O. Thomas,1882,Black-tailed Thallomys,Black-tailed Rat|Black-tailed Tree Rat
Thallomys_paedulcus,Sundevall,1847,Sundevall's Thallomys,Acacia Rat|Acacia Thallomys
Thallomys_shortridgei,O. Thomas & Hinton,1923,Shortridge's Thallomys,Shortridge's Rat
Thamnomys_kempi,Dollman,1911,Kemp's Thicket Rat,Kemp's Thamnomys|Dollman's Thicket Rat|Dollman's Thamnomys
Thamnomys_kuru,O. Thomas & Wroughton,1907,Eastern Rainforest Thicket Rat,Eastern Rainforest Grammomys|Shining Thicket Rat|Shining Grammomys
Thamnomys_major,Hatt,1934,Hatt's Thicket Rat,Hatt's Thamnomys
Thamnomys_poensis,Eisentraut,1965,Western Rainforest Thicket Rat,Western Rainforest Grammomys
Thamnomys_schoutedeni,Hatt,1934,Schouteden's Thicket Rat,Schouteden's Thamnomys
Thamnomys_venustus,O. Thomas,1907,Thomas's Thicket Rat,Charming Thicket Rat|Thomas's Thamnomys|Charming Thamnomys
Typomys_planifrons,G. S. Miller,1900,Liberian Forest Striped Mouse,Liberian Forest Hybomys|Miller's Hybomys|Miller's Striped Mouse
Typomys_trivirgatus,Temminck,1853,West African Striped Mouse,Temminck's Striped Mouse|Temminck's Hybomys|West African Hybomys
Abeomelomys_sevia,Tate & Archbold,1935,Papuan Highland Brush Mouse,Highland Brush Mouse|Highland Pogonomelomys|Menzies's Mouse|Papuan Abeomelomys
Anisomys_imitator,O. Thomas,1904,Uneven-toothed Rat,Husk Shredder|Squirrel-toothed Rat
Apomys_abrae,Sanborn,1952,Luzon Cordillera Forest Mouse,Cordillera Pine Forest Mouse|Luzon Cordillera Apomys
Apomys_aurorae,"Heaney, Balete, Rickart, Alviola, M. R. M. Duya, M. V. Duya, M. J. Veluz, VandeVrede, & Steppan",2011,Aurora Forest Mouse,Aurora Apomys
Apomys_banahao,"Heaney, Balete, Rickart, Alviola, M. R. M. Duya, M. V. Duya, M. J. Veluz, VandeVrede, & Steppan",2011,Banahaw Forest Mouse,Banahaw Apomys
Apomys_brownorum,"Heaney, Balete, Rickart, Alviola, M. R. M. Duya, M. V. Duya, M. J. Veluz, VandeVrede, & Steppan",2011,Browns' Forest Mouse,Brown's Apomys|Tapulao Apomys|Tapulao Forest Mouse
Apomys_camiguinensis,Heaney & Tabaranza,2006,Camiguin Forest Mouse,Camiguin Apomys
Apomys_crinitus,"Heaney, Balete, M. R. M. Duya, M. V. Duya, Kyriazis, Rickart, Steppan, & Rowsey",2025,Fringe-eared Mindoro Forest Mouse,
Apomys_datae,A. B. Meyer,1899,Northern Luzon Forest Mouse,Cordillera Forest Mouse|Luzon Montane Forest Mouse|Northern Luzon Apomys
Apomys_gracilirostris,Ruedas,1995,Large Mindoro Forest Mouse,Large Mindoro Apomys
Apomys_hylocoetes,Mearns,1905,Mindanao Mossy Forest Mouse,Mindanao Apomys|Mount Apo Forest Mouse
Apomys_insignis,Mearns,1905,Mindanao Montane Forest Mouse,Great Apo Mouse|Mindanao Montane Forest Apomys
Apomys_iridensis,"Heaney, Balete, M. J. Veluz, Steppan, Esselstyn, Pfeiffer, & Rickart",2014,Mount Irid Forest Mouse,Irid Apomys|Southern Sierre Madre Forest Mouse
Apomys_littoralis,Sanborn,1952,Mindanao Lowland Forest Mouse,Mindanao Lowland Apomys
Apomys_lubangensis,"Heaney, Balete, M. J. Veluz, Steppan, Esselstyn, Pfeiffer, & Rickart",2014,Lubang Forest Mouse,Lubang Apomys
Apomys_magnus,"Heaney, Balete, Rickart, Alviola, M. R. M. Duya, M. V. Duya, M. J. Veluz, VandeVrede, & Steppan",2011,Large Forest Mouse,Large Apomys|Large Banahaw Forest Mouse
Apomys_microdon,Hollister,1913,Small Luzon Forest Mouse,Small Luzon Apomys
Apomys_minganensis,"Heaney, Balete, Rickart, Alviola, M. R. M. Duya, M. V. Duya, M. J. Veluz, VandeVrede, & Steppan",2011,Mount Mingan Forest Mouse,Mount Mingan Apomys
Apomys_minor,"Heaney, Balete, M. R. M. Duya, M. V. Duya, Kyriazis, Rickart, Steppan, & Rowsey",2025,Small Mindoro Forest Mouse,
Apomys_musculus,G. S. Miller,1910,Least Philippine Forest Mouse,Least Forest Mouse|Least Philippine Apomys
Apomys_sacobianus,D. H. Johnson,1962,Long-nosed Luzon Forest Mouse,Long-nosed Luzon Apomys|Pinatubo Volcano Mouse
Apomys_sierrae,"Heaney, Balete, Rickart, Alviola, M. R. M. Duya, M. V. Duya, M. J. Veluz, VandeVrede, & Steppan",2011,Sierra Madre Forest Mouse,North Sierra Madre Forest Mouse|Sierra Apomys
Apomys_veluzi,"Heaney, Balete, M. R. M. Duya, M. V. Duya, Kyriazis, Rickart, Steppan, & Rowsey",2025,Veluz's Mindoro Forest Mouse,
Apomys_zambalensis,"Heaney, Balete, Rickart, Alviola, M. R. M. Duya, M. V. Duya, M. J. Veluz, VandeVrede, & Steppan",2011,Zambales Forest Mouse,Zambales Apomys
Archboldomys_luzonensis,Musser,1982,Isarog Shrew Mouse,Mount Isarog Shrew Mouse
Archboldomys_maximus,"Balete, Rickart, Heaney, Alviola, M. V. Duya, M. R. M. Duya, Sosa, & Jansa",2012,Large Cordillera Shrew Mouse,Cordillera Archboldomys
Baiyankamys_habbema,Tate & Archbold,1941,Mountain Water Rat,Mountain Baiyankamys|New Guinea Mountain Water Rat
Baiyankamys_shawmayeri,Hinton,1943,Shaw Mayer's Water Rat,Shaw Mayer's Baiyankamys
Brassomys_albidens,Tate,1951,White-toothed Mouse,White-toothed Brush Mouse|White-toothed Coccymys|White-toothed Melomys
Chiropodomys_calamianensis,E. H. Taylor,1934,Palawan Pencil-tailed Tree Mouse,
Chiropodomys_gliroides,E. Blyth,1856,Indomalayan Pencil-tailed Tree Mouse,Pencil-tailed Tree Mouse
Chiropodomys_karlkoopmani,Musser,1979,Koopman's Pencil-tailed Tree Mouse,
Chiropodomys_major,O. Thomas,1893,Greater Pencil-tailed Tree Mouse,Large Pencil-tailed Tree Mouse|Large Sunda Tree Mouse
Chiropodomys_muroides,Medway,1965,Gray-bellied Pencil-tailed Tree Mouse,Gray Bellied Sunda Tree Mouse
Chiropodomys_pusillus,O. Thomas,1893,Lesser Pencil-tailed Tree Mouse,Small Pencil-tailed Tree Mouse
Chiropodomys_wandingensis,"Li Song & Qian Yishun in Y.-S. Qian, Mou Xin, Liu Shuo, & Li Song",2026,Wanding Pencil-tailed Tree Mouse,
Chiruromys_forbesi,O. Thomas,1888,Forbes's Tree Mouse,Forbes's Chiruromys|Greater Tree Mouse
Chiruromys_lamia,O. Thomas,1897,Broad-headed Tree Mouse,Broad-headed Chiruromys|Broad-skulled Tree Mouse
Chiruromys_vates,O. Thomas,1908,Lesser Tree Mouse,Lesser Chiruromys
Chrotomys_gonzalesi,Rickart & Heaney,1991,Isarog Striped Shrew Rat,Isarog Chrotomys|Isarog Striped Rat|Mount Isarog Striped Rat
Chrotomys_mindorensis,R. Kellogg,1945,Lowland Striped Shrew Rat,Lowland Chrotomys|Lowland Striped Rat|Mindoro Striped Rat|Mindoro Striped Shrew Rat
Chrotomys_sibuyanensis,"Rickart, Heaney, S. M. Goodman, & Jansa",2005,Sibuyan Striped Shrew Rat,Sibuyan Striped Chrotomys|Sibuyan Striped Earth-rat
Chrotomys_silaceus,O. Thomas,1895,Blazed Luzon Striped Shrew Rat,Blazed Luzon Shrew Rat|Blazed Luzon Chrotomys|Silver Earth Rat|Silver Chrotomys
Chrotomys_whiteheadi,O. Thomas,1895,Montane Striped Shrew Rat,Cordillera Chrotomys|Cordillera Striped Rat|Luzon Montane Striped Shrew Rat|Montane Chrotomys
Coccymys_kirrhos,Musser & D. P. Lunde,2009,Tawny Brush Mouse,Tawny Coccymys
Coccymys_ruemmleri,Tate & Archbold,1941,Rümmler's Brush Mouse,Rümmler's Coccymys|Rümmler's Mouse
Coccymys_shawmayeri,Hinton,1943,Central Cordillera Brush Mouse,Shaw Mayer's Coccymys|Shaw Mayer's Brush Mouse
Conilurus_albipes,H. Lichtenstein,1830,White-footed Rabbit Rat,White-footed Conilurus|Rabbit-eared Tree-rat|White-footed Tree-rat
Conilurus_capricornensis,Cramb & Hocknull,2010,Capricorn Rabbit Rat,
Conilurus_penicillatus,J. Gould,1842,Brush-tailed Rabbit Rat,Brush-tailed Conilurus|Brush-tailed Tree Rat|Rabbit-eared Tree Rat
Coryphomys_buehleri,Schaub,1937,Buehler's Giant Rat,Buhler's Coryphomys
Coryphomys_musseri,K. P. Aplin & K. M. Helgen,2010,Musser's Giant Rat,Musser's Coryphomys
Crossomys_moncktoni,O. Thomas,1907,Earless New Guinea Water Rat,Earless Water Rat|Papuan Earless Water Rat
Haeromys_margarettae,O. Thomas,1893,Margaret's Ranee Mouse,Margaret's Haeromys|Ranee Mouse
Haeromys_minahassae,O. Thomas,1896,Lowland Sulawesi Ranee Mouse,Lowland Sulawesi Haeromys|Minahassa Ranee Mouse|Minahassa Haeromys
Haeromys_pusillus,O. Thomas,1893,Sundaic Ranee Mouse,Lesser Ranee Mouse|Sundaic Haeromys
Hydromys_chrysogaster,É. Geoffroy Saint-Hilaire,1804,Common Water Rat,Australian Water Rat|Beaver Rat|Golden-bellied Water Rat|Rakali|Sooty Beaver Rat|White-bellied Beaver Rat
Hydromys_hussoni,Musser & Piik,1982,Husson's Water Rat,Husson's Hydromys|Western Hydromys|Western Water Rat
Hydromys_neobrittanicus,Tate & Archbold,1935,New Britain Water Rat,New Britain Hydromys
Hydromys_ziegleri,K. M. Helgen,2005,Ziegler's Water Rat,Ziegler's Hydromys
Hyomys_dammermani,G. Stein,1933,Western White-eared Giant Rat,Western Hyomys
Hyomys_goliath,A. Milne-Edwards,1900,Eastern White-eared Giant Rat,Eastern Hyomys
Leggadina_forresti,O. Thomas,1906,Central Short-tailed Mouse,Desert Short-tailed Mouse|Forrest's Leggadina|Forrest's Mouse|Forrest's Short-tailed Mouse
Leggadina_lakedownensis,Watts,1976,Northern Short-tailed Mouse,Lakeland Downs Leggadina|Lakeland Downs Mouse|Lakeland Downs Short-tailed Mouse|Thevenard Island Mouse|Tropical Short-tailed Mouse
Leporillus_apicalis,J. Gould,1853,Lesser Stick-nest Rat,
Leporillus_conditor,J. Gould in Sturt,1848,Greater Stick-nest Rat,House-building Rat
Leptomys_arfakensis,"Musser, K. M. Helgen, & D. P. Lunde",2008,Arfak Water Rat,Arfak Leptomys
Leptomys_elegans,O. Thomas,1897,Elegant Water Rat,Elegant Leptomys|Large Leptomys|Long-footed Rat|Long-footed Water Rat
Leptomys_ernstmayri,H. Rümmler,1932,Ernst Mayr's Water Rat,Ernst Mayr's Leptomys
Leptomys_paulus,"Musser, K. M. Helgen, & D. P. Lunde",2008,Small Water Rat,Small Leptomys
Leptomys_signatus,Tate & Archbold,1938,Fly River Water Rat,Fly River Leptomys
Lorentzimys_nouhuysii,Jentink,1911,Long-footed Tree Mouse,New Guinean Jumping Mouse
Macruromys_elegans,G. Stein,1933,Lesser Small-toothed Rat,Lesser Macruromys|Western Small-toothed Rat
Macruromys_major,H. Rümmler,1935,Greater Small-toothed Rat,Eastern Small-toothed Rat|Greater Macruromys
Mallomys_aroaensis,De Vis,1907,De Vis's Woolly Rat,De Vis's Mallomys
Mallomys_gunung,"Flannery, K. P. Aplin, & Groves in Flannery, K. P. Aplin, Groves, & M. Adams",1989,Alpine Woolly Rat,Alpine Mallomys
Mallomys_istapantap,"Flannery, K. P. Aplin, & Groves in Flannery, K. P. Aplin, Groves, & M. Adams",1989,Subalpine Woolly Rat,Subalpine Mallomys
Mallomys_rothschildi,O. Thomas,1898,Rothschild's Woolly Rat,Rothschild's Mallomys
Mammelomys_lanosus,O. Thomas,1922,Highland Mosaic-tailed Rat,Highland Mammelomys|Large-scaled Melomys|Large-scaled Mosaic-tailed Rat
Mammelomys_rattoides,O. Thomas,1922,Lowland Mosaic-tailed Rat,Large Melomys|Large-scaled Melomys|Lowland Mammelomys|Large Mosaic-tailed Rat
Mastacomys_fuscus,O. Thomas,1882,Australian Broad-toothed Rat,Broad-toothed Mastacomys|Broad-toothed Mouse|Broad-toothed Rat
Melomys_aerosus,O. Thomas,1920,Dusky Seram Mosaic-tailed Rat,Dusky Seram Melomys
Melomys_arcium,O. Thomas,1913,Rossel Island Mosaic-tailed Rat,Rossel Island Melomys
Melomys_bannisteri,D. J. Kitchener & Maryanto,1993,Bannister's Mosaic-tailed Rat,Bannister's Rat|Great Kai Island Mosaic-Tailed Rat|Great Kai Island Melomys
Melomys_bougainville,Troughton,1936,Bougainville Mosaic-tailed Rat,Bougainville Island Melomys
Melomys_burtoni,E. P. Ramsay,1887,Grassland Mosaic-tailed Rat,Grassland Melomys
Melomys_capensis,Tate,1951,Cape York Mosaic-tailed Rat,Cape York Melomys
Melomys_caurinus,O. Thomas,1921,Short-tailed Talaud Mosaic-tailed Rat,Short-tailed Talaud Melomys
Melomys_cervinipes,J. Gould,1852,Fawn-footed Mosaic-tailed Rat,Fawn-footed Melomys
Melomys_cooperae,D. J. Kitchener in D. J. Kitchener & Maryanto,1995,Yamdena Island Mosaic-tailed Rat,Yamdena Island Melomys
Melomys_dollmani,H. Rümmler,1935,Dollman's Mosaic-tailed Rat,Dollman's Melomys
Melomys_fraterculus,O. Thomas,1920,Manusela Mosaic-tailed Rat,Manusela Melomys
Melomys_frigicola,Tate,1951,Snow Mountains Grassland Mosaic-tailed Rat,Snow Mountains Grassland Melomys
Melomys_fulgens,O. Thomas,1920,Seram Long-tailed Mosaic-tailed Rat,Seram Long-tailed Melomys
Melomys_howi,D. J. Kitchener in D. J. Kitchener & Suyanto,1996,Riama Island Mosaic-tailed Rat,Riama Island Melomys
Melomys_leucogaster,Jentink,1909,White-bellied Mosaic-tailed Rat,White-bellied Melomys
Melomys_lutillus,O. Thomas,1913,Papua Grassland Mosaic-tailed Rat,Papua Grassland Melomys
Melomys_matambuai,"Flannery, D. Colgan, & Trimble",1994,Manus Island Mosaic-tailed Rat,Manus Island Melomys
Melomys_obiensis,O. Thomas,1911,Obi Island Mosaic-tailed Rat,Obi Island Melomys
Melomys_paveli,K. M. Helgen,2003,Pavel's Seram Mosaic-tailed Rat,Pavel's Seram Melomys
Melomys_rubicola,O. Thomas,1924,Bramble Cay Mosaic-tailed Rat,Bramble Cay Melomys
Melomys_rufescens,Alston,1877,Black-tailed Mosaic-tailed Rat,Black-tailed Melomys
Melomys_spechti,Flannery & Wickler,1990,Buka Island Mosaic-tailed Rat,Buka Island Melomys
Melomys_talaudium,O. Thomas,1921,Long-tailed Talaud Mosaic-tailed Rat,Long-tailed Talaud Melomys
Mesembriomys_gouldii,J. E. Gray,1843,Black-footed Tree Rat,Black-footed Mesembriomys
Mesembriomys_macrurus,W. C. H. Peters,1876,Golden-backed Tree Rat,Golden-backed Mesembriomys
Microhydromys_argenteus,"K. M. Helgen, Leary, & K. P. Aplin",2010,Southern Groove-toothed Shrew Mouse,
Microhydromys_richardsoni,Tate & Archbold,1941,Northern Groove-toothed Shrew Mouse,Richardson's Shrew Mouse
Mirzamys_louiseae,K. M. Helgen & L. E. Helgen,2009,Mirza's Western Moss Rat,
Mirzamys_norahae,K. M. Helgen & L. E. Helgen,2009,Mirza's Eastern Moss Rat,
Notomys_alexis,O. Thomas,1922,Spinifex Hopping Mouse,
Notomys_amplus,Brazenor,1936,Short-tailed Hopping Mouse,
Notomys_aquilo,O. Thomas,1921,Northern Hopping Mouse,
Notomys_cervinus,J. Gould,1853,Fawn Hopping Mouse,
Notomys_fuscus,Wood Jones,1925,Dusky Hopping Mouse,
Notomys_longicaudatus,J. Gould,1844,Long-tailed Hopping Mouse,
Notomys_macrotis,O. Thomas,1921,Big-eared Hopping Mouse,
Notomys_mitchellii,W. Ogilby,1838,Mitchell's Hopping Mouse,
Notomys_mordax,O. Thomas,1922,Darling Downs Hopping Mouse,
Notomys_robustus,"Mahoney, M. J. Smith, & Medlin",2008,Broad-cheeked Hopping Mouse,Great Hopping Mouse
Parahydromys_asper,O. Thomas,1906,New Guinea Waterside Rat,Coarse-haired Water Rat|Waterside Rat
Paraleptomys_rufilatus,Osgood,1945,Northern Water Rat,Northern Hydromyine|Northern Paraleptomys|Northern Rat
Paraleptomys_wilhelmina,Tate & Archbold,1941,Short-haired Water Rat,Central Cordilleran Paraleptomys|Short-haired Hydromyine
Paramelomys_gressitti,Menzies,1996,Gressitt's Mosaic-tailed Rat,Gressit's Paramelomys
Paramelomys_levipes,O. Thomas,1897,Papuan Lowland Mosaic-tailed Rat,Long-nosed Mosaic-tailed Rat|Long-nosed Paramelomys|Papuan Lowland Paramelomys
Paramelomys_lorentzii,Jentink,1909,Lorentz's Mosaic-tailed Rat,Lorentz's Paramelomys
Paramelomys_mollis,O. Thomas,1913,Montane Soft-furred Mosaic-tailed Rat,Montane Soft-furred Paramelomys|Thomas's Melomys|Thomas's Mosaic-tailed Rat
Paramelomys_moncktoni,O. Thomas,1904,Monckton's Mosaic-tailed Rat,Monckton's Paramelomys
Paramelomys_naso,O. Thomas,1911,Long-nosed Mosaic-tailed Rat,Long-nosed Paramelomys
Paramelomys_platyops,O. Thomas,1906,Common Lowland Mosaic-tailed Rat,Common Lowland Paramelomys|Lowland Mosaic-tailed Rat
Paramelomys_rubex,O. Thomas,1922,Mountain Mosaic-tailed Rat,Mountain Paramelomys
Paramelomys_steini,H. Rümmler,1935,Stein's Mosaic-tailed Rat,Stein's Paramelomys
Pogonomelomys_brassi,Tate & Archbold,1941,Brass's Brush Mouse,Brass's Pogonomelomys|Gray Pogonomelomys
Pogonomelomys_bruijnii,W. C. H. Peters & Doria,1876,Bruijn's Brush Mouse,Bruijn's Pogonomelomys|Large Pogonomelomys|Lowland Bruijn's Brush Mouse
Pogonomelomys_mayeri,W. Rothschild & Dollman,1932,Shaw Mayer's Brush Mouse,Shaw Mayer's Pogonomelomys
Pogonomys_championi,Flannery,1988,Champion's Tree Mouse,Champion's Pogonomys
Pogonomys_fergussoniensis,Laurie,1952,D'Entrecasteaux Archipelago Tree Mouse,D'Entrecasteaux Archipelago Pogonomys
Pogonomys_loriae,O. Thomas,1897,Loria's Tree Mouse,Large Tree Mouse|Loria's Pogonomys
Pogonomys_macrourus,A. Milne-Edwards,1877,Chestnut Tree Mouse,Chestnut Pogonomys|Prehensile-tailed Mouse|Soft-haired Tree Mouse|Tree Mouse
Pogonomys_sylvestris,O. Thomas,1920,Gray-bellied Tree Mouse,Gray-bellied Pogonomys
Protochromys_fellowsi,Hinton,1943,Papuan Mosaic-tailed Rat,Papuan Protochromys|Red-bellied Mosaic-tailed Rat|Red-bellied Protochromys
Pseudohydromys_berniceae,K. M. Helgen & L. E. Helgen,2009,Bishop Moss Mouse,
Pseudohydromys_carlae,K. M. Helgen & L. E. Helgen,2009,Huon Small-toothed Moss Mouse,
Pseudohydromys_eleanorae,K. M. Helgen & L. E. Helgen,2009,Laurie's Moss Mouse,
Pseudohydromys_ellermani,Laurie & J. Edwards Hill,1954,Shaw Mayer's Shrew Mouse,One-toothed Shrew Mouse
Pseudohydromys_fuscus,Laurie,1952,Mottled-tailed Shrew Mouse,
Pseudohydromys_germani,K. M. Helgen,2005,German's One-toothed Moss Mouse,
Pseudohydromys_murinus,H. Rümmler,1934,Eastern New Guinea Shrew Mouse,Eastern Shrew Mouse
Pseudohydromys_musseri,Flannery,1989,Torricelli Mountains Shrew Mouse,Musser's Shrew Mouse
Pseudohydromys_occidentalis,Tate,1951,Western New Guinea Shrew Mouse,Western Shrew Mouse
Pseudohydromys_patriciae,K. M. Helgen & L. E. Helgen,2009,Woolley's Moss Mouse,
Pseudohydromys_pumehanae,K. M. Helgen & L. E. Helgen,2009,Southern Small-toothed Moss Mouse,
Pseudohydromys_sandrae,K. M. Helgen & L. E. Helgen,2009,White-bellied Moss Mouse,
Pseudomys_albocinereus,J. Gould,1845,Ash-gray Mouse,Ash-gray Pseudomys
Pseudomys_apodemoides,H. H. Finlayson,1932,Silky Mouse,Silky Pseudomys
Pseudomys_auritus,O. Thomas,1910,Long-eared Mouse,
Pseudomys_australis,J. E. Gray,1832,Plains Mouse,Plains Pseudomys|Plains Rat
Pseudomys_bolami,Troughton,1932,Bolam's Mouse,Bolam's Pseudomys
Pseudomys_calabyi,D. J. Kitchener & Humphreys,1987,Kakadu Pebble Mouse,Calaby's Mouse|Kakadu Pebble-mound Mouse|Kakadu Pebble-mound Pseudomys
Pseudomys_chapmani,D. J. Kitchener,1980,Western Pebble Mouse,Pilbara Pebble Mouse|Western Pebble-mound Mouse
Pseudomys_delicatulus,J. Gould,1842,Northern Delicate Mouse,Delicate Mouse|Delicate Pseudomys|Mollinipi|Little Native Mouse
Pseudomys_desertor,Troughton,1932,Desert Mouse,Desert Pseudomys
Pseudomys_fumeus,Brazenor,1934,Australian Smoky Mouse,Smoky Mouse|Smoky Pseudomys
Pseudomys_glaucus,O. Thomas,1910,Blue-grey Mouse,Blue-grey Pseudomys
Pseudomys_gouldii,G. R. Waterhouse,1839,Gould's Mouse,Gould's Pseudomys|Shark Bay Mouse|Alice Springs Mouse|Djoongari|Shark Bay Pseudomys
Pseudomys_gracilicaudatus,J. Gould,1845,Eastern Chestnut Mouse,Eastern Chestnut Pseudomys
Pseudomys_hermannsburgensis,Waite,1896,Sandy Inland Mouse,Sandy Inland Pseudomys
Pseudomys_higginsi,Trouessart,1897,Long-tailed Mouse,Long-tailed Pseudomys
Pseudomys_johnsoni,D. J. Kitchener,1985,Central Pebble Mouse,Central Pebble-mound Mouse|Central Pebble-mound Pseudomys|Kimberley Mouse
Pseudomys_mimulus,O. Thomas,1926,Eastern Delicate Mouse,
Pseudomys_nanus,J. Gould,1858,Western Chestnut Mouse,Western Chestnut Pseudomys
Pseudomys_novaehollandiae,G. R. Waterhouse,1843,New Holland Mouse,New Holland Pseudomys
Pseudomys_occidentalis,Tate,1951,Western Mouse,Walyadji|Western Pseudomys
Pseudomys_oralis,O. Thomas,1921,Hastings River Mouse,Hastings River Pseudomys|Koontoo
Pseudomys_patrius,O. Thomas & Dollman,1909,Eastern Pebble Mouse,Country Mouse|Eastern Pebble-mound Mouse|Eastern Pebble-mound Pseudomys|Queensland Pebble-mound Mouse
Pseudomys_pilbarensis,"Roycroft, Breed, & F. Ford in Roycroft, F. Ford, Ramm, Schembri, Breed, P. A. Burns, K. C. Rowe, & Moritz",2024,Pilbara Delicate Mouse,Western Delicate Mouse|Kalunyja
Pseudomys_shortridgei,O. Thomas,1907,Heath Mouse,Dayang|Heath Pseudomys|Heath Rat|Shortridge's Native Mouse
Rhynchomys_banahao,"Balete, Rickart, Rosell-Ambal, Jansa, & Heaney",2007,Mount Banahaw Shrew Rat,Mount Banahaw Rhynchomys
Rhynchomys_isarogensis,Musser & Freeman,1981,Mount Isarog Shrew Rat,Isarog Rhynchomys|Isarog Shrew Rat|Mount Isarog Rhynchomys
Rhynchomys_labo,"Rickart, Balete, Timm, Alviola, Esselstyn, & Heaney",2019,Labo Shrew Rat,Labo Shrew-rat
Rhynchomys_mingan,"Rickart, Balete, Timm, Alviola, Esselstyn, & Heaney",2019,Mingan Shrew Rat,Mingan Shrew-rat
Rhynchomys_soricoides,O. Thomas,1895,Mount Data Shrew Rat,Cordillera Shrew Rat|Northern Luzon Rhynchomys|Northern Luzon Shrew-rat
Rhynchomys_tapulao,"Balete, Rickart, Rosell-Ambal, Jansa, & Heaney",2007,Mount Tapulao Shrew Rat,Tapulao Rhynchomys|Zambales Rhynchomys|Zambales Shrew Rat
Solomys_ponceleti,Troughton,1935,Poncelet's Giant Rat,Poncelet's Naked-tailed Rat|Poncelet's Solomys
Solomys_salamonis,E. P. Ramsay,1882,Ugi Island Giant Rat,Florida Island Giant Rat|Florida Island Solomys|Ugi Island Solomys|Nggele Giant Rat
Solomys_salebrosus,Troughton,1936,Bougainville Island Giant Rat,Bougainville Island Solomys|Bougainville Naked-tailed Rat
Solomys_sapientis,O. Thomas,1902,Isabel Island Giant Rat,Isabel Island Solomys|Isabel Naked-tailed Rat
Solomys_spriggsarum,Flannery & Wickler,1990,Buka Island Giant Rat,Buka Island Solomys
Soricomys_kalinga,"Balete, Rickart, & Heaney",2006,Kalinga Shrew Mouse,Cordillera Shrew Mouse
Soricomys_leonardocoi,"Balete, Rickart, Heaney, Alviola, M. V. Duya, M. R. M. Duya, Sosa, & Jansa",2012,Leonardo Shrew Mouse,Co's Shrew Mouse|Mingan Shrew Mouse
Soricomys_montanus,"Balete, Rickart, Heaney, Alviola, M. V. Duya, M. R. M. Duya, Sosa, & Jansa",2012,Mountain Shrew Mouse,Southern Cordillera Shrew Mouse
Soricomys_musseri,"Rickart, Heaney, Tabaranza, & Balete",1998,Sierra Madre Shrew Mouse,Palanan Shrew Mouse
Uromys_anak,O. Thomas,1907,Black-tailed Giant Rat,Black-tailed Uromys|Giant Naked-tailed Rat
Uromys_boeadii,Groves & Flannery,1994,Biak Island Giant Rat,Biak Giant Rat|Biak Island Uromys
Uromys_caudimaculatus,Krefft,1867,White-tailed Giant Rat,Atherton Uromys|Cape York Uromys|Giant Mosaic-tailed Rat|Giant Naked-tailed Rat|Giant White-tailed Rat|Giant White-tailed Uromys|Mottled-tailed Giant Rat|Hinchinbrook Island Uromys
Uromys_emmae,Groves & Flannery,1994,Emma's Giant Rat,Emma's Uromys
Uromys_hadrourus,J. W. Winter,1984,Masked White-tailed Giant Rat,Masked White-tailed Rat|Masked White-tailed Uromys|Pygmy White-tailed Rat|Thornton Peak Melomys
Uromys_imperator,O. Thomas,1888,Emperor Giant Rat,Emperor Rat|Emperor Uromys
Uromys_neobrittanicus,Tate & Archbold,1935,New Britain Island Giant Rat,Bismarck Giant Rat|New Britain Island Uromys
Uromys_porculus,O. Thomas,1904,Guadalcanal Giant Rat,Gaudalcanal Rat|Guadalcanal Uromys
Uromys_rex,O. Thomas,1888,King Giant Rat,King Rat|King Uromys
Uromys_siebersi,O. Thomas,1923,Great Key Island Giant Rat,Great Key Giant Rat|Great Key Island Uromys
Uromys_vika,Lavery & Judge,2017,Vangunu Giant Rat,Masked White-tailed Rat|Masked White-tailed Uromys|Pygmy White-tailed Rat|Thornton Peak Melomys
Xenuromys_barbatus,A. Milne-Edwards,1900,Rock-dwelling Giant Rat,Mimic Tree Rat|Rock-dwelling Rat|White-tailed New Guinea Rat
Xeromys_myoides,O. Thomas,1889,False Water Rat,False Swamp Rat|Water Mouse
Zyzomys_argurus,O. Thomas,1889,Common Australian Rock Rat,Common Rock Rat|Silver-tailed Rock Rat
Zyzomys_maini,D. J. Kitchener,1989,Arnhem Land Rock Rat,Arnhem Rock Rat
Zyzomys_palatalis,D. J. Kitchener,1989,Carpentarian Rock Rat,
Zyzomys_pedunculatus,Waite,1896,Central Australian Rock Rat,Central Rock Rat|MacDonnell Ranges Rock Rat
Zyzomys_woodwardi,O. Thomas,1909,Kimberley Rock Rat,Large Rock Rat
Hadromys_humei,O. Thomas,1886,Hume's Hadromys,Hume's Rat|Manipur Bush Rat
Hadromys_yunnanensis,Yang Guangrong & Wang Yingxiang,1987,Yunnan Hadromys,Yunnan Bush Rat
Hapalomys_delacouri,O. Thomas,1927,Lesser Marmoset Rat,Delacour's Marmoset Rat
Hapalomys_longicaudatus,E. Blyth,1859,Greater Marmoset Rat,Marmoset Rat
Hapalomys_suntsovi,"Abramov, A. E. Balakirev, & Rozhnov",2017,Suntsov's Marmoset Rat,
Micromys_erythrotis,E. Blyth,1856,Red-eared Harvest Mouse,Indochinese Harvest Mouse
Micromys_minutus,Pallas,1771,Eurasian Harvest Mouse,Harvest Mouse
Micromys_pygmaeus,A. Milne-Edwards,1872,Pygmy Harvest Mouse,
Pithecheir_melanurus,Lesson,1840,Red Tree Rat,Javan Pithecheir
Pithecheir_parva,Kloss,1916,Malayan Tree Rat,Malay Peninsula Pithecheir|Malayan Woolly Rat|Malay Woolly Tree Rat|Monkey-footed Rat
Pithecheirops_otion,L. H. Emmons,1993,Bornean Tree Rat,Bornean Pithecheirops|Emmon's Tree Rat|Woolly Tree Rat
Vandeleuria_nilagiricus,Jerdon,1867,Nilgiri Long-tailed Climbing Mouse,Nilgiri Long-tailed Tree Mouse|Nilgiri Vandeleuria
Vandeleuria_nolthenii,W. W. A. Phillips,1929,Sri Lankan Long-tailed Climbing Mouse,Nolthenius's Long-tailed Climbing Mouse|Sri Lankan Highland Tree Mouse|Sri Lankan Vandeleuria
Vandeleuria_oleraceus,E. T. Bennett,1832,Indomalayan Long-tailed Climbing Mouse,Asiatic Long-tailed Climbing Mouse|Indomalayan Vandeleuria
Malacomys_cansdalei,Ansell,1958,Cansdale's Swamp Rat,Cansdale's Malacomys
Malacomys_edwardsi,A. T. de Rochebrune,1885,Edwards's Swamp Rat,Edwards's Malacomys
Malacomys_longipes,A. Milne-Edwards,1876,Common Swamp Rat,Common Malacomys|Long-footed Swamp Rat|Big-eared Swamp Rat
Cremnomys_cutchicus,Wroughton,1912,Cutch Rat,Cutch Cremnomys|Cutch Rock Rat
Cremnomys_elvira,Ellerman,1947,Elvira Rat,Elvira Cremnomys|Large Rock Rat
Diomys_crumpi,O. Thomas,1917,Crump's Rat,Crump's Diomys|Crump's Mouse
Madromys_blanfordi,O. Thomas,1881,White-tailed Wood Rat,Blanford's Madromys|Blanford's Rat
Millardia_gleadowi,J. A. Murray,1886,Sand-colored Soft-furred Rat,Sand-colored Metad
Millardia_kathleenae,O. Thomas,1914,Burmese Soft-furred Rat,Burmese Metad|Miss Ryley's Soft-furred Rat|Popa Soft-furred Rat
Millardia_kondana,A. C. Mishra & Dhanda,1975,Kondana Soft-furred Rat,Kondana Rat|Large Metad
Millardia_meltada,J. E. Gray,1837,Common Soft-furred Rat,Common Metad|Soft-furred Field Rat|Soft-furred Metad|Soft-furred Rat
Mus_baoulei,Vermeiren & W. N. Verheyen,1980,Baoule Mouse,
Mus_booduga,J. E. Gray,1837,Little Indian Field Mouse,
Mus_bufo,O. Thomas,1906,Toad Mouse,Rwenzori Mouse
Mus_callewaerti,O. Thomas,1925,Callewaert's Mouse,
Mus_caroli,Bonhote,1902,Ryukyu Mouse,Ricefield Mouse
Mus_cervicolor,B. H. Hodgson,1845,Fawn-colored Mouse,
Mus_cookii,Ryley,1914,Cook's Mouse,Ryley's Spiny Mouse
Mus_crociduroides,H. C. Robinson & Kloss,1916,Sumatran Shrew-like Mouse,
Mus_cypriacus,"Cucchi, A. Orth, J.-C. Auffray, Renaud, L. Fabre, J. Catalan, Hadjisterkotis, Bonhomme, & Vigne",2006,Cypriot Mouse,Cyprus Mouse
Mus_dumbara,"Boyagoda, M. Meegaskumbura, & Manamendra-Arachchi",2026,Dumbara Valley Spiny Mouse,
Mus_famulus,Bonhote,1898,Servant Mouse,Bonhote's Mouse
Mus_fernandoni,W. W. A. Phillips,1932,Ceylon Spiny Mouse,
Mus_fragilicauda,"J.-C. Auffray, A. Orth, J. Catalan, Gonzalez, Desmarais, & Bonhomme",2003,Sheath-tailed Mouse,Fragile-tailed Mouse
Mus_gairdneri,Kloss,1921,Gairdner's Shrew-like Mouse,Gairdner's Shrewmouse
Mus_goundae,F. Petter & Genest,1970,Gounda Mouse,Gounda River Mouse
Mus_harennensis,"Lavrenchenko & Bryja in Krásová, Mikula, Lavrenchenko, Šumbera, Meheretu, & Bryja",2022,Harenna Mouse,
Mus_haussa,O. Thomas & Hinton,1920,Hausa Mouse,Hausa Pygmy Mouse
Mus_imberbis,Rüppell,1842,Ethiopian Striped Mouse,Ethiopian Mouse
Mus_indutus,O. Thomas,1910,Desert Pygmy Mouse,
Mus_jacksoniae,O. Thomas,1921,Jackson's Shrew-like Mouse,Jacksoniae’s Shrewmouse
Mus_lepidoides,Fry,1931,Little Burmese Field Mouse,Little Burma Field Mouse
Mus_macedonicus,B. Petrov & Ružić,1983,Macedonian Mouse,Balkan Short-tailed Mouse
Mus_mahomet,Rhoads,1896,Mahomet Mouse,
Mus_mattheyi,F. Petter,1969,Matthey's Mouse,
Mus_mayori,O. Thomas,1915,Mayor's Mouse,Highland Rat
Mus_minutoides,A. Smith,1834,Sub-Saharan Pygmy Mouse,Pygmy Mouse|South African Pygmy Mouse|Tiny Pygmy Mouse
Mus_musculoides,Temminck,1853,West African Pygmy Mouse,
Mus_musculus,Linnaeus,1758,House Mouse,
Mus_neavei,O. Thomas,1910,Neave's Mouse,
Mus_nitidulus,E. Blyth,1859,Blyth's Mouse,Little Myanmar Field Mouse
Mus_oubanguii,F. Petter & Genest,1970,Ubangui Mouse,
Mus_pahari,O. Thomas,1916,Indochinese Shrew-like Mouse,
Mus_phillipsi,Wroughton,1912,Phillips's Mouse,Wroughton's Small Spiny Mouse
Mus_platythrix,E. T. Bennett,1832,Flat-haired Mouse,Brown Spiny Mouse
Mus_proconodon,Rhoads,1896,Ethiopian Mouse,
Mus_saxicola,W. Elliot,1839,Saxicolous Mouse,Elliot's Spiny Mouse
Mus_setulosus,W. C. H. Peters,1876,Peters's Mouse,
Mus_setzeri,F. Petter,1978,Setzer's Mouse,Setzer's Pygmy Mouse
Mus_shortridgei,O. Thomas,1914,Shortridge's Mouse,
Mus_sorella,O. Thomas,1909,Thomas's Mouse,Sorella Pygmy Mouse
Mus_spicilegus,Petényi,1882,Mound-building Mouse,Steppe Mouse
Mus_spretus,Lataste,1883,Western Mediterranean Mouse,Algerian Mouse|Grassland Mouse
Mus_tenellus,O. Thomas,1903,Delicate Mouse,
Mus_terricolor,E. Blyth,1851,Earth-colored Mouse,Indian Pygmy Field Mouse
Mus_triton,O. Thomas,1909,Gray-bellied Mouse,Gray-bellied Pygmy Mouse
Mus_vulcani,H. C. Robinson & Kloss,1919,Javan Shrew-like Mouse,Volcano Mouse
Otomys_anchietae,du Bocage,1882,Angolan Vlei Rat,Anchieta's Vlei Rat
Otomys_angoniensis,Wroughton,1906,Angoni Vlei Rat,
Otomys_auratus,Wroughton,1906,South East African Vlei Rat,
Otomys_barbouri,B. Lawrence & Loveridge,1953,Barbour's Vlei Rat,
Otomys_brantsii,A. Smith,1834,Brants's Whistling Rat,
Otomys_burtoni,O. Thomas,1918,Burton's Vlei Rat,
Otomys_cheesmani,"P. J. Taylor, Lavrenchenko, Carleton, E. Verheyen, N. C. Bennett, Oosthuizen, & Maree",2011,Cheesman's Vlei Rat,
Otomys_cuanzensis,J. Eric Hill & T. D. Carter,1937,Cuanza Vlei Rat,
Otomys_dartmouthi,O. Thomas,1906,Rwenzori Vlei Rat,
Otomys_denti,O. Thomas,1906,Dent's Vlei Rat,
Otomys_dollmani,E. Heller,1912,Dollman's Vlei Rat,
Otomys_fortior,O. Thomas,1906,Charada Vlei Rat,
Otomys_helleri,C. Frick,1914,Heller's Vlei Rat,
Otomys_irroratus,Brants,1827,Southern African Vlei Rat,
Otomys_jacksoni,O. Thomas,1891,Mount Elgon Vlei Rat,
Otomys_karoensis,A. Roberts,1931,Fynbos Vlei Rat,
Otomys_lacustris,G. M. Allen & Loveridge,1933,Tanzanian Vlei Rat,Lake Vlei Rat
Otomys_laminatus,O. Thomas & Schwann,1905,KwaZulu Natal Vlei Rat,Laminate Vlei Rat
Otomys_littledalei,O. Thomas,1918,Littledale's Whistling Rat,
Otomys_occidentalis,Dieterlen & van der Straeten,1992,Western Vlei Rat,
Otomys_orestes,O. Thomas,1900,Afroalpine Vlei Rat,
Otomys_rowleyi,O. Thomas,1918,Rowley's Vlei Rat,
Otomys_simiensis,"P. J. Taylor, Lavrenchenko, Carleton, E. Verheyen, N. C. Bennett, Oosthuizen, & Maree",2011,Simien Vlei Rat,
Otomys_sloggetti,O. Thomas,1902,Sloggett's Vlei Rat,Ice Rat|Sloggett's Rat
Otomys_sungae,L. Bohmann,1943,Eastern Arc Vlei Rat,Sunga Vlei Rat
Otomys_thomasi,Osgood,1910,Thomas's Vlei Rat,
Otomys_tropicalis,O. Thomas,1902,East African Vlei Rat,Tropical Vlei Rat
Otomys_typus,von Heuglin,1877,Ethiopian Vlei Rat,Typical Vlei Rat
Otomys_unisulcatus,F. Cuvier in É. Geoffroy Saint-Hilaire & F. Cuvier,1829,Karoo Vlei Rat,Bush Vlei Rat|Karoo Bush Rat
Otomys_uzungwensis,B. Lawrence & Loveridge,1953,Udzungwa Vlei Rat,
Otomys_willani,"P. J. Taylor, Kearney, D. L. Dalton, Chakona, C. M. R. Kelly, & Barker",2019,Willan's Vlei Rat,
Otomys_yaldeni,"P. J. Taylor, Lavrenchenko, Carleton, E. Verheyen, N. C. Bennett, Oosthuizen, & Maree",2011,Yalden's Vlei Rat,
Otomys_zinki,L. Bohmann,1943,Mount Kilimanjaro Vlei Rat,Bohmann's Vlei Rat
Batomys_dentatus,G. S. Miller,1910,Large-toothed Hairy-tailed Rat,Large-toothed Batomys
Batomys_grantii,O. Thomas,1895,Luzon Cordillera Hairy-tailed Rat,Luzon Batomys|Luzon Forest Rat|Luzon Hairy-tailed Rat
Batomys_hamiguitan,"Balete, Heaney, Rickart, Quidlat, & Ibanez",2008,Hamiguitan Hairy-tailed Rat,
Batomys_russatus,"Musser, Heaney, & Tabaranza",1998,Russet Hairy-tailed Rat,Dinagat Hairy-tailed Rat|Russet Batomys
Batomys_salomonseni,Sanborn,1953,Mindanao Hairy-tailed Rat,Mindanao Batomys
Batomys_uragon,"Balete, Rickart, Heaney, & Jansa",2015,Mount Isarog Hairy-tailed Rat,
Carpomys_melanurus,O. Thomas,1895,Black-tailed Dwarf Cloud Rat,Large Luzon Carpomys|Short-footed Luzon Tree Rat
Carpomys_phaeurus,O. Thomas,1895,Brown-tailed Dwarf Cloud Rat,Small Luzon Carpomys|White-bellied Luzon Tree Rat|White-bellied Tree Rat
Crateromys_australis,"Musser, Heaney, & Rabor",1985,Dinagat Bushy-tailed Cloud Rat,Dinagat Crateromys|Dinagat Hairy-tailed Cloud Rat|Dinagat Island Cloud Rat
Crateromys_heaneyi,P. C. Gonzales & R. S. Kennedy,1996,Panay Bushy-tailed Cloud Rat,Panay Cloud Runner|Panay Crateromys
Crateromys_paulus,Musser & Gordon,1981,Ilin Bushy-tailed Cloud Rat,Ilin Crateromys|Ilin Hairy-tailed Cloud Rat
Crateromys_schadenbergi,A. B. Meyer,1895,Luzon Bushy-tailed Cloud Rat,Giant Bushy-tailed Cloud Rat|Luzon Crateromys
Musseromys_anacuao,"Heaney, Balete, Rickart, M. J. Veluz, & Jansa",2014,Mount Anacuao Tree Mouse,Sierra Madre Tree Mouse
Musseromys_beneficus,"Heaney, Balete, Rickart, M. J. Veluz, & Jansa",2014,Mount Pulag Tree Mouse,Burger's Tree Mouse
Musseromys_gulantang,"Heaney, Balete, Rickart, M. J. Veluz, & Jansa",2009,Mount Banahaw Tree Mouse,
Musseromys_inopinatus,"Heaney, Balete, Rickart, M. J. Veluz, & Jansa",2014,Mount Amuyao Tree Mouse,
Phloeomys_cumingi,G. R. Waterhouse,1839,Southern Luzon Giant Cloud Rat,Southern Giant Slender-tailed Cloud Rat|Southern Luzon Phloeomys
Phloeomys_pallidus,Nehring,1890,Northern Luzon Giant Cloud Rat,Northern Luzon Phloeomys
Chingawaemys_rarus,"Lavrenchenko, Mikula, & Bryja in Nicolas, Mikula, Lavrenchenko, Šumbera, Bartáková, Bryjová, Meheretu, E. Verheyen, Missoup, Lemmon, Moriarty Lemmon, & Bryja",2021,Chingawa Forest Rat,
Colomys_eisentrauti,Dieterlen,1983,Cameroonean Wading Rat,
Colomys_goslingi,O. Thomas & Wroughton,1907,East African Wading Rat,African Water Rat|Velvet Mouse|Velvet Wading Rat
Colomys_lumumbai,"Kerbis Peterhans, Giarla, & Demos in Giarla, Demos, Monadjem, Hutterer, D. Dalton, M. L. Mamba, Roff, Mosher, Mikeš, C. P. Kofron, & Kerbis Peterhans",2020,Congo Wading Rat,Lumumba's Wading Rat
Colomys_wologizi,"Hutterer, Monadjem, & Kerbis Peterhans in Giarla, Demos, Monadjem, Hutterer, D. Dalton, M. L. Mamba, Roff, Mosher, Mikeš, C. P. Kofron, & Kerbis Peterhans",2020,Wologizi Wading Rat,
Congomys_lukolelae,Hatt,1934,Lukolela Swamp Mouse,Lukolela Soft-furred Mouse|Lukolela Praomys|Lukolela Swamp Rat
Congomys_verschureni,W. N. Verheyen & van der Straeten,1977,Verschuren's Swamp Mouse,Verschuren's Soft-furred Mouse|Verschuren's Praomys|Verschuren's Swamp Rat
Heimyscus_fumosus,"Brosset, Dubost, & Heim de Balsac",1965,African Smoky Mouse,Smoky Heimyscus
Hylomyscus_aeta,O. Thomas,1911,Beaded Wood Mouse,Beaded Hylomyscus
Hylomyscus_alleni,G. R. Waterhouse,1838,Allen's Wood Mouse,Allen's Hylomyscus
Hylomyscus_anselli,I. R. Bishop,1979,Ansell's Wood Mouse,Ansell's Hylomyscus
Hylomyscus_arcimontensis,Carleton & Stanley,2005,Eastern Arc Wood Mouse,Arc Mountain Wood Mouse|Eastern Arc Hylomyscus|Arc Mountain Hylomyscus
Hylomyscus_baeri,Heim de Balsac & Aellen,1965,Baer's Wood Mouse,Baer's Hylomyscus
Hylomyscus_carillus,O. Thomas,1904,Angolan Wood Mouse,Angolan Hylomyscus
Hylomyscus_denniae,O. Thomas,1906,Montane Wood Mouse,Montane Hylomyscus
Hylomyscus_endorobae,E. Heller,1910,Mount Kenya Wood Mouse,Heller's Hylomyscus|Heller's Wood Mouse|Mount Kenya Hylomyscus|Small-footed Forest Mouse
Hylomyscus_grandis,Eisentraut,1969,Mount Oku Wood Mouse,Large Hylomyscus|Large Wood Mouse|Mount Oku Hylomyscus
Hylomyscus_heinrichorum,"Carleton, Banasiak, & Stanley",2015,Heinrichs' Wood Mouse,Heinrich's Hylomyscus
Hylomyscus_kerbispeterhansi,"Demos, Agwanda, & Hickerson",2014,Kerbis-Peterhans's Wood Mouse,Kerbis-Peterhans's Hylomyscus
Hylomyscus_mpungamachagorum,"Demos, Hutterer, & Kerbis Peterhans in Kerbis Peterhans, Hutterer, Doty, Malekani, Moyer, Krásová, Bryja, Banasiak, & Demos",2020,Mahale Wood Mouse,
Hylomyscus_pamfi,"Nicolas, Olayemi, Wendelen, & Colyn",2010,Dahomey Gap Wood Mouse,Dahomey Gap Hylomyscus|PAMF's Hylomyscus|PAMF's Wood Mouse
Hylomyscus_parvus,"Brosset, Dubost, & Heim de Balsac",1965,Lesser Wood Mouse,Lesser Hylomyscus|Little Wood Mouse
Hylomyscus_pygmaeus,"Kerbis Peterhans, Hutterer, & Demos in Kerbis Peterhans, Hutterer, Doty, Malekani, Moyer, Krásová, Bryja, Banasiak, & Demos",2020,Pygmy Wood Mouse,
Hylomyscus_simus,G. M. Allen & Coolidge,1930,West African Wood Mouse,Liberian Hylomyscus|Liberian Wood Mouse|West African Hylomyscus
Hylomyscus_stanleyi,"Kerbis Peterhans, Hutterer, & Demos in Kerbis Peterhans, Hutterer, Doty, Malekani, Moyer, Krásová, Bryja, Banasiak, & Demos",2020,Stanley's Wood Mouse,
Hylomyscus_stella,O. Thomas,1911,Stella Wood Mouse,Stella Hylomyscus|Tanzanian Wood Mouse|East African Wood Mouse|East African Hylomyscus|Kakamega Wood Mouse|Kakamega Hylomyscus|Tanzanian Hylomyscus
Hylomyscus_thornesmithae,"Kerbis Peterhans, Hutterer, & Demos in Kerbis Peterhans, Hutterer, Doty, Malekani, Moyer, Krásová, Bryja, Banasiak, & Demos",2020,Mother Ellen's Wood Mouse,
Hylomyscus_vulcanorum,Lönnberg & Gyldenstolpe,1925,Albertine Rift Wood Mouse,Volcano Hylomyscus|Volcano Wood Mouse
Hylomyscus_walterverheyeni,"Nicolas, Wendelen, Barrière, A. Dudu, & Colyn",2008,Walter Verheyen's Wood Mouse,Walter Verheyen's Hylomyscus
Mastomys_angolensis,du Bocage,1890,Angolan Multimammate Mouse,Angolan Meadow Mouse|Angolan Myomyscus
Mastomys_awashensis,"Lavrenchenko, Likhnova, & Baskevich in Lavrenchenko, Likhnova, Baskevich, & Bekele",1998,Awash Multimammate Mouse,Awash Mastomys
Mastomys_coucha,A. Smith,1836,Southern African Multimammate Mouse,Southern African Mastomys
Mastomys_erythroleucus,Temminck,1853,Reddish-white Multimammate Mouse,Guinea Mastomys|Guinea Multimammate Mouse|Reddish-white Mastomys
Mastomys_huberti,Wroughton,1908,Hubert's Multimammate Mouse,Hubert's Mastomys
Mastomys_kollmannspergeri,F. Petter,1957,Kollmannsperger's Multimammate Mouse,Kollmannsperger's Mastomys
Mastomys_natalensis,A. Smith,1834,Natal Multimammate Mouse,Natal Mastomys
Mastomys_shortridgei,St. Leger,1933,Shortridge's Multimammate Mouse,Shortridge's Mastomys
Montemys_delectorum,O. Thomas,1910,Delicate Montane Mouse,Delicate Soft-furred Mouse|Delectable Soft-furred Mouse|Delicate Praomys|East African Praomys
Myomyscus_verreauxi,A. Smith,1834,Verreaux's Meadow Mouse,Verreaux's Myomyscus|Verreaux's White-footed Rat|White-footed Mouse
Nilopegamys_plumbeus,Osgood,1928,Ethiopian Amphibious Rat,Ethiopian Water Mouse|Ethiopian Water Rat
Ochromyscus_brockmani,O. Thomas,1906,Brockman's White-bellied Rocky Mouse,Brockman's Meadow Mouse|Brockman's Myomyscus|Smoky Meadow Mouse
Ochromyscus_niveiventris,Osgood,1910,Snowy White-bellied Rocky Mouse,
Ochromyscus_yemeni,Sanborn & Hoogstraal,1953,Yemen White-bellied Rocky Mouse,Yemen Meadow Mouse|Yemeni Mouse|Yemeni Myomyscus|Yemen White-footed Rat
Praomys_coetzeei,van der Straeten,2008,Coetzee's Soft-furred Mouse,Coetzee's Praomys
Praomys_daltoni,O. Thomas,1892,Dalton's Soft-furred Mouse,Dalton's Mouse|Dalton's Praomys
Praomys_degraaffi,van der Straeten & Kerbis Peterhans,1999,De Graaff's Soft-furred Mouse,De Graaff's Praomys
Praomys_hartwigi,Eisentraut,1968,Hartwig's Soft-furred Mouse,Hartwig's Praomys
Praomys_jacksoni,de Winton,1897,Jackson's Soft-furred Mouse,Jackson's Praomys
Praomys_minor,Hatt,1934,Least Soft-furred Mouse,Least Praomys
Praomys_misonnei,van der Straeten & Dieterlen,1987,Misonne's Soft-furred Mouse,Misonne's Praomys
Praomys_morio,Trouessart,1881,Cameroon Soft-furred Mouse,Cameroon Praomys
Praomys_mutoni,van der Straeten & A. M. Dudu,1990,Riverine Soft-furred Mouse,Masako Soft-furred Mouse|Muton's Soft-furred Mouse|Riverine Praomys
Praomys_obscurus,"Hutterer & Dieterlen in Hutterer, Dieterlen, & Nikolaus",1992,Gotel Mountain Soft-furred Mouse,Gotel Mountain Praomys|Obscure Soft-Furred Mouse|Obscure Praomys
Praomys_petteri,"van der Straeten, Lecompte, & Denys",2003,Petter's Soft-furred Mouse,Petter's Praomys
Praomys_rostratus,G. S. Miller,1900,West African Soft-furred Mouse,Forest Soft-furred Mouse|West African Praomys
Praomys_togoensis,"Hounmavo, Demos, Lutz, Delapré, R. Cornette, Segniagbeto, Kerbis Peterhans, & Nicolas",2026,Togo Soft-furred Mouse,
Praomys_tullbergi,O. Thomas,1894,Tullberg's Soft-furred Mouse,Tullberg's Praomys|Tullberg's Rock Rat
Serengetimys_pernanus,P. S. Kershaw,1921,Dwarf Serengeti Mouse,Dwarf Multimammate Mouse|Dwarf Mastomys
Stenocephalemys_albipes,Rüppell,1842,White-footed Ethiopian Rat,Ethiopian White-footed Mouse|White-footed Stenocephalemys
Stenocephalemys_albocaudatus,C. Frick,1914,White-tailed Ethiopian Rat,Ethiopian Narrow-headed Rat|White-tailed Stenocephalemys
Stenocephalemys_griseicauda,F. Petter,1972,Gray-tailed Ethiopian Rat,Gray-tailed Narrow-headed Rat|Gray-tailed Stenocephalemys
Stenocephalemys_ruppi,van der Straeten & Dieterlen,1983,Rupp's Ethiopian Rat,Rupp's Mouse|Rupp's Stenocephalemys
Stenocephalemys_sokolovi,"Lavrenchenko & Bryja in Mizerovská, Mikula, Meheretu, Bartáková, Bryjová, Kostin, Šumbera, Lavrenchenko, & Bryja",2020,Sokolov's Ethiopian Rat,
Stenocephalemys_zimai,"Lavrenchenko & Bryja in Mizerovská, Mikula, Meheretu, Bartáková, Bryjová, Kostin, Šumbera, Lavrenchenko, & Bryja",2020,Zima's Ethiopian Rat,
Zelotomys_hildegardeae,O. Thomas,1902,Hildegarde's Broad-headed Mouse,Hildegarde's Zelotomys
Zelotomys_woosnami,Schwann,1906,Woosnam's Broad-headed Mouse,Woosnam's Zelotomys
Abditomys_latidens,Sanborn,1952,Luzon Broad-toothed Rat,
Anonymomys_mindorensis,Musser,1981,Mindoro Climbing Rat,Mindoro Forest Anonymomys|Mindoro Rat
Baletemys_kampalili,"Rowsey, M. R. M. Duya, Ibañez, Jansa, Rickart, & Heaney",2022,Kampalili Shrew Mouse,Kampalili Whrew-mouse|Kampalili Baletemys
Bandicota_bengalensis,J. E. Gray,1835,Lesser Bandicoot Rat,Indian Mole-rat|Sind Rice Rat
Bandicota_indica,Bechstein,1799,Greater Bandicoot Rat,
Bandicota_savilei,O. Thomas,1916,Savile's Bandicoot Rat,
Berylmys_berdmorei,E. Blyth,1851,Berdmore's White-toothed Rat,Berdmore's Berylmys|Small White-toothed Rat
Berylmys_bowersii,J. Anderson,1879,Bowers's White-toothed Rat,Bowers's Berylmys|Bowers's Rat
Berylmys_latouchei,O. Thomas,1897,West Chinese White-toothed Rat,
Berylmys_mackenziei,O. Thomas,1916,Mackenzie's White-toothed Rat,Kenneth's White-toothed Rat|Mackenzie's Berylmys|Mackenzie's Rat
Berylmys_manipulus,O. Thomas,1916,Manipur White-toothed Rat,Manipur Berylmys
Bullimus_bagobus,Mearns,1905,Mindanao Forest Rat,Bagobo Forest Rat|Bagobo Rat|Large Mindanao Forest Rat|Mindanao Bullimus
Bullimus_carletoni,"Heaney, Kyriazis, Balete, Rickart, & J. M. Bates",2021,Carleton's Forest Rat,
Bullimus_gamay,"Rickart, Heaney, & Tabaranza",2002,Camiguin Forest Rat,Camiguin Bullimus
Bullimus_luzonicus,O. Thomas,1895,Luzon Forest Rat,Large Luzon Forest Rat|Luzon Bullimus
Bunomys_andrewsi,J. A. Allen,1911,Andrews's Hill Rat,Andrews's Bunomys
Bunomys_chrysocomus,B. Hoffmann,1887,Common Hill Rat,Common Bunomys|Yellow-haired Hill Rat
Bunomys_coelestis,O. Thomas,1896,Lompobatang Hill Rat,Heavenly Hill Rat|Lompobatang Bunomys
Bunomys_karokophilus,Musser,2014,Karoko Hill Rat,Karoko Bunomys
Bunomys_penitus,G. S. Miller & Hollister,1921,Montane Hill Rat,Inland Hill Rat|Montane Bunomys
Bunomys_prolatus,Musser,1991,Tambusisi Hill Rat,Long-headed Hill Rat|Tambusisi Bunomys
Bunomys_torajae,"Musser, A. S. Achmadi, Esselstyn, & K. C. Rowe in Musser",2014,Tana Toraja Hill Rat,Tana Toraja Bunomys
Chiromyscus_chiropus,O. Thomas,1891,Burmese Tree Rat,Fea's Tree Rat|Indochinese Chiromyscus
Chiromyscus_langbianis,H. C. Robinson & Kloss,1922,Langbian Tree Rat,Indochinese Arboreal Niviventer|Langbian Masked Tree Rat
Chiromyscus_thomasi,"A. E. Balakirev, Abramov, & Rozhnov",2014,Thomas's Tree Rat,Thomas's Masked Tree Rat
Crunomys_alticola,O. Thomas,1888,Bornean Mountain Spiny Rat,Bornean Mountain Maxomys|Mountain Spiny Rat
Crunomys_baeodon,O. Thomas,1894,Small Bornean Spiny Rat,Small Bornean Maxomys|Small Spiny Rat
Crunomys_bartelsii,Jentink,1910,Bartels's Javan Spiny Rat,Bartels's Javan Maxomys|Bartels's Spiny Rat
Crunomys_celebensis,Musser,1982,Sulawesi Shrew Mouse,Celebes Shrew Rat|Small Shrew Rat|Sulawesi Small-bodied Shrew Rat
Crunomys_dollmani,Ellerman,1941,Dollman's Sulawesi Spiny Rat,Dollman's Sulawesi Maxomys|Dollman's Spiny Rat
Crunomys_fallax,O. Thomas,1897,Luzon Shrew Mouse,Northern Luzon Shrew Mouse|Northern Luzon Shrew Rat
Crunomys_hellwaldii,Jentink,1879,Hellwald's Sulawesi Spiny Rat,Hellwald's Spiny Rat|Hellwald's Sulawesi Maxomys
Crunomys_hylomyoides,H. C. Robinson & Kloss,1916,Sumatran Mountain Spiny Rat,Sumatran Mountain Maxomys|Sumatran Mountain Rat|Sumatran Spiny Rat
Crunomys_inas,Bonhote,1906,Malayan Mountain Spiny Rat,Malayan Mountain Maxomys
Crunomys_inflatus,H. C. Robinson & Kloss,1916,Broad-nosed Sumatran Spiny Rat,Broad-nosed Sumatran Maxomys|Fat-nosed Spiny Rat
Crunomys_melanius,O. Thomas,1907,Mindanao Shrew Mouse,Mindanao Shrew Rat|Southern Philippine Shrew Mouse
Crunomys_moi,H. C. Robinson & Kloss,1922,Indochinese Mountain Spiny Rat,Indochinese Mountain Maxomys|Indochinese Spiny Rat|Indochinese Maxomys|Mo's Spiny Rat
Crunomys_musschenbroekii,Jentink,1879,Musschenbroek's Sulawesi Spiny Rat,Musschenbroek's Sulawesi Maxomys|Musschenbroek's Spiny Rat
Crunomys_ochraceiventer,O. Thomas,1894,Ochraceous-bellied Bornean Spiny Rat,Chestnut-bellied Spiny Rat|Ochraceous-bellied Bornean Maxomys
Crunomys_pagensis,G. S. Miller,1903,Mentawai Archipelago Spiny Rat,Mentawai Archipelago Leopoldamys|Mentawai Archipelago Maxomys|Pagai Spiny Rat
Crunomys_panglima,H. C. Robinson,1921,Palawan Spiny Rat,Palawan Maxomys
Crunomys_rajah,O. Thomas,1894,Rajah Sundaic Spiny Rat,Brown Spiny Rat|Rajah Spiny Rat|Rajah Sundaic Maxomys
Crunomys_suncoides,"Rickart, Heaney, Tabaranza, & Balete",1998,Katanglad Shrew Mouse,
Crunomys_surifer,G. S. Miller,1900,Indomalayan Spiny Rat,Indomalayan Maxomys|Red Spiny Rat|Red Maxomys|Red Spiny Maxomys
Crunomys_tajuddinii,"A. S. Achmadi, Maryanto, & Maharadatunkamsi",2012,Tajuddin's Spiny Rat,Tajuddin's Sundaic Spiny Rat
Crunomys_tompotika,"A. S. Achmadi & P.-H. Fabre in Giarla, A. S. Achmadi, P.-H. Fabre, Handika, Chipps, Swanson, Nations, Morni, William-Dee, Inayah, Dwijayanti, Nurdin, K. E. Griffin, F. A. A. Khan, Heaney, K. C. Rowe, & Esselstyn",2025,Mount Tompotika Spiny Rat,
Crunomys_wattsi,Musser,1991,Watts's Sulawesi Spiny Rat,Watts's Spiny Rat|Watts's Sulawesi Maxomys
Crunomys_whiteheadi,O. Thomas,1894,Whitehead's Sundaic Spiny Rat,Whitehead's Spiny Rat|Whitehead's Sundaic Maxomys
Dacnomys_millardi,O. Thomas,1916,Millard's Rat,Millard's Dacnomys
Diplothrix_legata,O. Thomas,1906,Ryukyu Islands Tree Rat,Ryukyu Long-tailed Giant Rat|Ryukyu Rat
Echiothrix_centrosa,G. S. Miller & Hollister,1921,Central Sulawesi Spiny Rat,Central Sulawesi Echiothrix
Echiothrix_leucura,J. E. Gray,1867,Northern Sulawesi Spiny Rat,Northern Sulawesi Echiothrix|Sulawesi Spiny Rat
Eropeplus_canus,G. S. Miller & Hollister,1921,Sulawesi Soft-furred Rat,
Frateromys_fratrorum,O. Thomas,1896,Northeastern Peninsula Hill Rat,Fraternal Hill Rat|Northeastern Peninsula Bunomys
Gracilimus_radix,"K. C. Rowe, A. S. Achmadi, & Esselstyn",2016,Sulawesi Slender Root Rat,
Halmaheramys_bokimekot,"P.-H. Fabre, Pagès, Musser, Y. S. Fitriana, Semiadi, & K. M. Helgen in P.-H. Fabre, Pagès, Musser, Y. S. Fitriana, Fjeldså, A. Jennings, Jønsson, J. Kennedy, Michaux, Semiadi, N. Supriatna, & K. M. Helgen",2013,Spiny Boki Mekot Rat,
Halmaheramys_wallacei,"P.-H. Fabre, Reeve, Y. S. Fitriana, K. P. Aplin, & K. M. Helgen",2018,Wallace's Large Spiny Rat,Bisa Rat
Hyorhinomys_stuempkei,"Esselstyn, A. S. Achmadi, Handika, & K. C. Rowe",2015,Hog-nosed Shrew Rat,Hog-nosed Rat|Sulawesi Snouter
Kadarsanomys_sodyi,M. Bartels,1937,Javan Bamboo Rat,Sody's Tree Rat
Komodomys_rintjanus,Sody,1941,Komodo Rat,Nusa Tenggara Komodomys
Lenomys_grovesi,Musser,2015,Groves's Giant Rat,
Lenomys_meyeri,Jentink,1879,Meyer's Giant Rat,Meyer's Lenomys|Trefoil-toothed Giant Rat
Lenothrix_cana,G. S. Miller,1903,Gray Tree Rat,Sundaic Lenothrix
Leopoldamys_ciliatus,Bonhote,1901,Sundaic Mountain Long-tailed Giant Rat,Sundaic Mountain Leopoldamys
Leopoldamys_diwangkarai,Maryanto & M. H. Sinaga,2008,Diwangkara's Long-tailed Giant Rat,Diwangkara's Leopoldamys
Leopoldamys_edwardsi,O. Thomas,1882,Edwards's Long-tailed Giant Rat,Edwards's Leopoldamys|Edwards's Rat
Leopoldamys_hainanensis,Xu Longhui & Yu Simian,1985,Hainan Long-tailed Giant Rat,Hainan Leopoldamys
Leopoldamys_herberti,Kloss,1916,Herbert's Long-tailed Giant Rat,Herbert's Leopoldamys
Leopoldamys_milleti,H. C. Robinson & Kloss,1922,Millet's Long-tailed Giant Rat,Millet's Leopoldamys
Leopoldamys_neilli,J. T. Marshall,1976,Neill's Long-tailed Giant Rat,Limestone Long-tailed Giant Rat|Neill's Leopoldamys
Leopoldamys_sabanus,O. Thomas,1887,Indomalayan Long-tailed Giant Rat,Indomalayan Leopoldamys|Long-tailed Giant Rat|Noisy Rat
Leopoldamys_siporanus,O. Thomas,1895,Mentawai Long-tailed Giant Rat,Mentawai Archipelago Leopoldamys|Mentawai Archipelago Long-tailed Giant Rat
Limnomys_bryophilus,"Rickart, Heaney, & Tabaranza",2003,Gray-bellied Moss Mouse,Gray-bellied Limnomys
Limnomys_sibuanus,Mearns,1905,Long-tailed Moss Mouse,Mindanao Mountain Rat|White-bellied Limnomys
Margaretamys_beccarii,Jentink,1880,Beccari's Margareta Rat,Beccari's Margaretamys|Spiny Lowland Margaretamys
Margaretamys_christinae,"Mortelliti, Castiglia, Amori, Maryanto, & Musser",2012,Christina's Margareta Rat,Christina's Margaretamys
Margaretamys_elegans,Musser,1981,Elegant Margareta Rat,Elegant Margaretamys
Margaretamys_parvus,Musser,1981,Lesser Margareta Rat,Lesser Margaretamys
Melasmothrix_naso,G. S. Miller & Hollister,1921,Diurnal Sulawesian Shrew Rat,Diurnal Sulawesi Shrew Rat|Sulawesi Shrew Rat
Nesokia_bunnii,Khajuria,1981,Long-tailed Bandicoot Rat,Bunni's Bandicoot Rat|Bunni's Short-tailed Bandicoot Rat|Long-tailed Nesokia|Red Pest Rat
Nesokia_indica,J. E. Gray,1830,Short-tailed Bandicoot Rat,Pest Rat|Short-tailed Nesokia
Niviventer_andersoni,O. Thomas,1911,Anderson's White-bellied Rat,Anderson's Niviventer
Niviventer_brahma,O. Thomas,1914,Brahman White-bellied Rat,Brahman Niviventer|Mishmi White-bellied Rat|Thomas's Chestnut Rat
Niviventer_bukit,Bonhote,1903,Bukit White-bellied Rat,Bukit Niviventer
Niviventer_cameroni,Chasen,1940,Cameron Highlands White-bellied Rat,Cameron Highlands Niviventer|Malaysian White-bellied Rat
Niviventer_confucianus,A. Milne-Edwards in A. David,1871,Confucian White-bellied Rat,Chinese Niviventer|Chinese White-bellied Rat|Confucian Niviventer|Sulphur-bellied Rat
Niviventer_coninga,Swinhoe,1864,Spiny Taiwan White-bellied Rat,Coxing's Niviventer|Coxing's White-bellied Rat|Formosan Niviventer
Niviventer_cremoriventer,G. S. Miller,1900,Sundaic Arboreal White-bellied Rat,Dark-tailed Niviventer|Dark-tailed Tree Rat|Sundaic Arboreal Niviventer
Niviventer_culturatus,O. Thomas,1917,Soft-furred Taiwan White-bellied Rat,Formosan White-bellied Rat|Oldfield White-bellied Rat
Niviventer_eha,Wroughton,1916,Smoke-bellied White-bellied Rat,Little Himalayan Rat|Smoke-bellied Niviventer|Smoke-bellied Rat
Niviventer_excelsior,O. Thomas,1911,Sichuan White-bellied Rat,Large White-bellied Rat|Sichuan Niviventer
Niviventer_fengi,"Ge Deyan, Feijó, & Yang Qisen in Ge Deyan, Feijó, Abramov, Wen Zhixin, Liu Zhengjia, Cheng Jilong, Xia Lin, Lu Liang, & Yang Qisen",2020,Feng's White-bellied Rat,Feng's Niviventer
Niviventer_fraternus,H. C. Robinson & Kloss,1916,Montane Sumatran White-bellied Rat,Montane Sumatran Niviventer
Niviventer_fulvescens,J. E. Gray,1847,Indochinese White-bellied Rat,Chestnut White-bellied Rat|Indochinese Niviventer|Indomalayan Niviventer
Niviventer_gladiusmaculus,"Ge Deyan, Lu Liang, Xia Lin, Du Yuanbao, Wen Zhixin, Cheng Jilong, Abramov, & Yang Qisen",2018,Least White-bellied Rat,Least Niviventer
Niviventer_hinpoon,J. T. Marshall,1976,Limestone White-bellied Rat,Limestone Niviventer|Limestone Rat
Niviventer_huang,Bonhote,1905,South China White-bellied Rat,South China Niviventer
Niviventer_lepturus,Jentink,1880,Montane Javan White-bellied Rat,Montane Javan Niviventer|Narrow-tailed White-bellied Rat
Niviventer_lotipes,G. M. Allen,1926,Hainan White-bellied Rat,Hainan Niviventer
Niviventer_mekongis,H. C. Robinson & Kloss,1922,Mekong White-bellied Rat,Mekong Niviventer
Niviventer_niviventer,B. H. Hodgson,1836,Himalayan White-bellied Rat,Common Niviventer|Common White-bellied Rat|Himalayan Niviventer
Niviventer_pianmaensis,Li Song & Yang Junxing,2009,Pianma White-bellied Rat,Pianma Niviventer
Niviventer_rapit,Bonhote,1903,Montane Bornean White-bellied Rat,Bornean White-bellied Rat|Long-tailed Mountain Rat|Montane Bornean Niviventer|Rapit Rat
Niviventer_sacer,O. Thomas,1908,Shandong White-bellied Rat,Shandong Niviventer
Niviventer_tenaster,O. Thomas,1916,Indochinese Mountain White-bellied Rat,Indochinese Mountain Niviventer|Tenasserim White-bellied Rat
Palawanomys_furvus,Musser & Newcomb,1983,Palawan Mountain Rat,Palawan Soft-furred Mountain Rat
Papagomys_armandvillei,Jentink,1892,Armandville's Giant Tree Rat,Armandville's Papagomys|Flores Giant Rat|Flores Giant Tree Rat
Paucidentomys_vermidax,"Esselstyn, A. S. Achmadi, & K. C. Rowe",2012,Edented Sulawesi Rat,Few-toothed Worm-eating Rat
Paulamys_naso,Musser,1981,Paula's Long-nosed Rat,Flores Long-nosed Rat
Rattus_adustus,Sody,1940,Burnished Enggano Rat,Burnished Rat|Sunburnt Rat
Rattus_andamanensis,E. Blyth,1860,Indochinese Forest Rat,Sikkim Rat
Rattus_arfakiensis,H. Rümmler,1935,Vogelkop Mountain Rat,Arfak Rat
Rattus_argentiventer,H. C. Robinson & Kloss,1916,Ricefield Rat,
Rattus_arrogans,O. Thomas,1922,Western New Guinea Mountain Rat,
Rattus_baluensis,O. Thomas,1894,Kinabalu Rat,Summit Rat
Rattus_blangorum,G. S. Miller,1942,Aceh Rat,
Rattus_bontanus,O. Thomas,1921,Southwestern Xanthurus Rat,Bonthain Rat
Rattus_burrus,G. S. Miller,1902,Nicobar Archipelago Rat,Nonsense Rat|Miller's Nicobar Rat
Rattus_ceramicus,O. Thomas,1920,Seram Island Mountain Rat,Seram Rat
Rattus_colletti,O. Thomas,1904,Australian Dusky Rat,Collett's Rat|Dusky Rat|Mulbu|Territory Dusky Rat
Rattus_detentus,"Timm, Weijola, K. P. Aplin, Flannery, & Pine in Timm, Weijola, K. P. Aplin, Donnellan, Flannery, V. Thomson, & Pine",2016,Manus Island Spiny Rat,Admiralties Rat
Rattus_elaphinus,Sody,1941,Sula Archipelago Rat,Sula Rat
Rattus_enganus,G. S. Miller,1906,Enggano Island Rat,Enggano Rat
Rattus_everetti,A. Günther,1879,Philippine Forest Rat,Common Philippine Forest Rat
Rattus_exulans,T. R. Peale,1849,Pacific Rat,Polynesian Rat
Rattus_facetus,G. S. Miller & Hollister,1921,Lore Lindu Xanthurus Rat,
Rattus_feileri,"P.-H. Fabre, Portela Miguez, Holden, Y. S. Fitriana, Semiadi, Musser, & K. M. Helgen",2023,Feiler's Rat,
Rattus_feliceus,O. Thomas,1920,Spiny Seram Island Rat,Spiny Seram Rat
Rattus_fuscipes,G. R. Waterhouse,1839,Australian Bush Rat,Allied Rat|Bush Rat|Western Swamp Rat|Southern Bush Rat
Rattus_giluwensis,J. Edwards Hill,1960,Mount Giluwe Rat,Giluwe Rat
Rattus_hainaldi,"D. J. Kitchener, How, & Maharadatunkamsi",1991,Hainald's Flores Island Rat,Hainald's Rat
Rattus_halmaheraensis,"P.-H. Fabre, Portela Miguez, Holden, Y. S. Fitriana, Semiadi, Musser, & K. M. Helgen",2023,Halmahera Island Rat,
Rattus_hoffmanni,Matschie,1901,Hoffmann's Sulawesi Rat,Hoffmann's Rat|Sulawesian Rat
Rattus_hoogerwerfi,Chasen,1939,Hoogerwerf's Sumatran Rat,Atjehan Mountain Rat|Hoogerwerf's Rat
Rattus_jobiensis,H. Rümmler,1935,Yapen Island Rat,Japen Rat|Yapen Rat
Rattus_koopmani,Musser & Holden,1991,Koopman's Peleng Island Rat,Koopman's Rat
Rattus_korinchi,H. C. Robinson & Kloss,1916,Sumatran Mountain Rat,Kerinci Rat
Rattus_leucopus,J. E. Gray,1867,Cape York Rat,Mottle-tailed Rat|Mottle-tailed Cape York Rat|Spiny-furred Rat
Rattus_losea,Swinhoe,1871,Losea Rat,Lesser Ricefield Rat
Rattus_lugens,G. S. Miller,1903,Mentawai Rat,Mentawai Archipelago Rat
Rattus_lutreola,J. E. Gray,1841,Australian Swamp Rat,Swamp Rat|Velvet-furred Rat
Rattus_macleari,O. Thomas,1887,Maclear's Rat,Maclear's Christmas Island Rat
Rattus_marmosurus,O. Thomas,1921,Marmoset Xanthurus Rat,Marmoset Rat|Opossum Rat|Opossum Xanthurus Rat
Rattus_mindorensis,O. Thomas,1897,Mindoro Mountain Rat,Mindoro Black Rat|Mindoro Soft-furred Rat
Rattus_mollicomulus,Tate & Archbold,1935,Lampobatang Sulawesi Rat,Little Soft-furred Rat
Rattus_montanus,W. W. A. Phillips,1932,Sri Lankan Mountain Rat,Jungle Rat|Nellu Rat|Nillu Rat
Rattus_mordax,O. Thomas,1904,Eastern New Guinea Rat,Eastern Rat
Rattus_morotaiensis,R. Kellogg,1945,Moluccan Prehensile-tailed Rat,Halmahara Rat
Rattus_nativitatis,O. Thomas,1889,Bulldog Rat,Christmas Island Rat|Christmas Island Burrowing Rat
Rattus_nikenii,"Maryanto, M. H. Sinaga, A. S. Achmadi, & Maharadatunkamsi",2010,Gag Island Rat,Niken's Rat
Rattus_niobe,O. Thomas,1906,Eastern New Guinea Mountain Rat,Moss-forest Rat
Rattus_nitidus,B. H. Hodgson,1845,White-footed Indochinese Rat,Himalayan Field Rat
Rattus_norvegicus,J. Berkenhout,1769,Brown Rat,Common Rat|Domestic Rat|Fancy Rat|Lab Rat|Norway Rat|Sewer Rat
Rattus_novaeguineae,"J. M. Taylor & Calaby in J. M. Taylor, Calaby, & Van Deusen",1982,Papua New Guinea Rat,New Guinea Rat
Rattus_ombirah,"P.-H. Fabre, Portela Miguez, Holden, Y. S. Fitriana, Semiadi, Musser, & K. M. Helgen",2024,Obi Island Rat,
Rattus_omichlodes,Misonne,1979,Arianus's New Guinea Mountain Rat,Arianus's Rat
Rattus_osgoodi,Musser & Newcomb,1985,Osgood's Vietnamese Rat,Osgood's Rat
Rattus_palmarum,Zelebor,1868,Car Nicobar Rat,Palm Rat|Zelebor's Nicobar Rat
Rattus_pelurus,Sody,1941,Peleng Island Xanthurus Rat,Peleng Rat|Peleng Xanthurus Rat
Rattus_pococki,Ellerman,1941,Pocock's New Guinea Highland Rat,Pocock's Highland Rat
Rattus_praetor,O. Thomas,1888,Large New Guinea Spiny Rat,Large New Guinea Rat|Large Spiny Rat
Rattus_pyctoris,B. H. Hodgson,1845,Himalayan Rat,Turkestan Rat
Rattus_radityaniae,"Dwijayanti, Maryanto, A. S. Achmadi, Wiantoro, Dharmayanthi, Kurnianingsih, & Maharadatunkamsi",2025,Radityani's Rat,
Rattus_ranjiniae,Agrawal & Ghosal,1969,Ranjini's Rat,Kerala Rat|Ranjini's Field Rat
Rattus_rattus,Linnaeus,1758,Roof Rat,Black Rat|Common House Rat|House Rat|Ship Rat
Rattus_richardsoni,Tate,1949,Richardson's New Guinea Mountain Rat,Glacier Rat|Richardson's Mountain Rat
Rattus_sakeratensis,Gyldenstolpe,1916,Little Indochinese Field Rat,
Rattus_salocco,Tate & Archbold,1935,Southeastern Xanthurus Rat,
Rattus_sanila,Flannery & J. P. White,1991,New Ireland Forest Rat,
Rattus_satarae,Hinton,1918,Sahyadris Forest Rat,Sahayadri Rat
Rattus_simalurensis,G. S. Miller,1903,Simalur Archipelago Rat,Simalur Rat
Rattus_sordidus,J. Gould,1858,Canefield Rat,Dusky Field-rat|Sombre Downs Rat|Sordid Rat
Rattus_steini,H. Rümmler,1935,Stein's New Guinea Rat,Small Spiny Rat|Stein's Rat
Rattus_stoicus,G. S. Miller,1902,Andaman Archipelago Rat,Andaman Rat
Rattus_taliabuensis,"P.-H. Fabre, Portela Miguez, Holden, Y. S. Fitriana, Semiadi, Musser, & K. M. Helgen",2023,Taliabu Island Rat,
Rattus_tanezumi,Temminck,1844,East Asian House Rat,Oriental Rat|Oriental Roof Rat|Tanizumi Rat|Oriental House Rat
Rattus_tawitawiensis,Musser & Heaney,1985,Tawitawi Forest Rat,Tawitawi Island Rat
Rattus_timorensis,"D. J. Kitchener, K. P. Aplin, & Boeadi",1991,Timor Forest Rat,Timor Rat
Rattus_tiomanicus,G. S. Miller,1900,Malaysian Field Rat,Malayan Field Rat|Tioman Rat
Rattus_tunneyi,O. Thomas,1904,Australian Pale Field Rat,Pale Field Rat|Tunney's Rat
Rattus_turkestanicus,Satunin,1903,Turkistan Rat,
Rattus_vandeuseni,"J. M. Taylor & Calaby in J. M. Taylor, Calaby, & Van Deusen",1982,Van Deusen's New Guinea Mountain Rat,Van Deusen's Rat
Rattus_verecundus,O. Thomas,1904,New Guinea Slender Rat,
Rattus_villosissimus,Waite,1898,Australian Long-haired Rat,Long-haired Rat|Plague Rat
Rattus_xanthurus,J. E. Gray,1867,Northeastern Xanthurus Rat,Yellow-tailed Forest Rat|Yellow-tailed Rat
Saxatilomys_paulinae,"Musser, A. L. Smith, M. F. Robinson, & D. P. Lunde",2005,Paulina's Limestone Rat,
Sommeromys_macrorhinos,Musser & Durden,2002,Sommer's Sulawesi Rat,Sommer's Rat
Srilankamys_ohiensis,W. W. A. Phillips,1929,Ohia Rat,Phillips's Srilankamys
Sundamys_annandalei,Bonhote,1903,Annandale's Sundaic Rat,Annandale's Rat
Sundamys_infraluteus,O. Thomas,1888,Mountain Giant Rat,Mountain Sundamys
Sundamys_maxi,Sody,1932,Bartels's Rat,Javan Sundamys
Sundamys_muelleri,Jentink,1880,Müller's Rat,Müller's Giant Sunda Rat|Müller's Sundamys
Taeromys_arcuatus,Tate & Archbold,1935,Salokko Rat,Southeastern Mountain Taeromys
Taeromys_callitrichus,Jentink,1879,Lovely-haired Rat,Greater Taeromys
Taeromys_celebensis,J. E. Gray,1867,Celebes Rat,Long-tailed Taeromys
Taeromys_dominator,O. Thomas,1921,Giant Sulawesi Rat,Sulawesi Giant Rat
Taeromys_hamatus,G. S. Miller & Hollister,1921,Sulawesi Montane Rat,Central Mountain Taeromys
Taeromys_microbullatus,Tate & Archbold,1935,Small-eared Rat,Small-eared Taeromys
Taeromys_punicans,G. S. Miller & Hollister,1921,Sulawesi Forest Rat,Reddish-furred Taeromys
Taeromys_taerae,Sody,1932,Tondano Rat,Northeastern Mountain Taeromys
Tarsomys_apoensis,Mearns,1905,Dusky Moss Mouse,Dusky Tarsomys|Long-footed Rat|Dusky Long-footed Rat
Tarsomys_echinatus,Musser & Heaney,1992,Spiny Moss Mouse,Mindanao Spiny Rat|Spiny Tarsomys|Spiny Long-footed Rat
Tarsomys_orientalis,"Rickart, Rowsey, Ibañez, Quidlat, Balete, & Heaney",2024,Kampalili Moss Mouse,Kampalili Tarsomys
Tateomys_macrocercus,Musser,1982,Long-tailed Sulawesian Shrew Rat,Long-tailed Shrew Rat
Tateomys_rhinogradoides,Musser,1969,Tate's Sulawesian Shrew Rat,Tate's Shrew Rat
Tonkinomys_daovantieni,"Musser, D. P. Lunde, & Nguyen Truong Son",2006,Daovantien's Limestone Rat,
Tryphomys_adustus,G. S. Miller,1910,Luzon Short-nosed Rat,Luzon Tryphomys|Mearns's Luzon Rat
Waiomys_mamasae,"K. C. Rowe, A. S. Achmadi, & Esselstyn",2014,Mamasa Water Rat,Mamasa Rat
Vernaya_foramena,"Wang Youzhi, Hu Jinchu, & Chen Ke",1980,Apparent Climbing Mouse,
Vernaya_fulva,G. M. Allen,1927,Vernay's Climbing Mouse,Red Climbing Mouse
Vernaya_meiguites,"Zhao Songping, Li Binbin V., Wang Xuming, Jiang Xuelong, Liu Shaoying, & Chen Shunde in Zhao Songping, Wang Xuming, Li Binbin V., Dou Liang, Liu Yingxun, Yang Siyu, Fan Ronghui, Jiang Yong, Li Quan, Liao Rui, Hu Miao, Jiang Xuelong, Liu Shaoying, & Chen Shunde",2023,Meigu Climbing Mouse,
Vernaya_nushanensis,"Zhao Songping, Liu Yingxun, Jiang Xuelong, Liu Shaoying, & Chen Shunde in Zhao Songping, Wang Xuming, Li Binbin V., Dou Liang, Liu Yingxun, Yang Siyu, Fan Ronghui, Jiang Yong, Li Quan, Liao Rui, Hu Miao, Jiang Xuelong, Liu Shaoying, & Chen Shunde",2023,Nushan Climbing Mouse,
Beamys_hindei,O. Thomas,1909,Hinde's Long-tailed Pouched Rat,Hinde's Pouched Rat
Beamys_major,Dollman,1914,Greater Long-tailed Pouched Rat,Greater Pouched Rat
Cricetomys_ansorgei,O. Thomas,1904,Southern Giant Pouched Rat,
Cricetomys_emini,Wroughton,1910,Forest Giant Pouched Rat,Emin's Giant Pouched Rat
Cricetomys_gambianus,G. R. Waterhouse,1840,Northern Giant Pouched Rat,Gambian Giant Pouched Rat
Cricetomys_kivuensis,Lönnberg,1917,Kivu Giant Pouched Rat,
Saccostomus_campestris,W. C. H. Peters,1846,Southern African Pouched Mouse,Cape Pouched Mouse
Saccostomus_mearnsi,E. Heller,1910,East African Pouched Mouse,Mearn's Pouched Mouse
Saccostomus_umbriventer,G. S. Miller,1910,Gray-bellied Pouched Mouse,
Dendromus_abyssinicus,Osgood,1936,Ethiopian African Climbing Mouse,
Dendromus_insignis,O. Thomas,1903,Montane African Climbing Mouse,Remarkable Climbing Mouse
Dendromus_kahuziensis,Dieterlen,1969,Mount Kahuzi African Climbing Mouse,Kahuzi African Climbing Mouse
Dendromus_kumasi,L. Bohmann,1939,Kumasi African Climbing Mouse,
Dendromus_lachaisei,Denys & Aniskin,2012,Lachaise's African Climbing Mouse,Lachaise's Climbing Mouse
Dendromus_leucostomus,Monard,1933,Monard's African Climbing Mouse,
Dendromus_lovati,de Winton,1900,Lovat's African Climbing Mouse,Lovat's Climbing Mouse
Dendromus_mesomelas,Brants,1827,Brants's African Climbing Mouse,Brants's Climbing Mouse
Dendromus_messorius,O. Thomas,1903,Banana African Climbing Mouse,Banana Climbing Mouse
Dendromus_mystacalis,von Heuglin,1863,Chestnut African Climbing Mouse,Chestnut Climbing Mouse
Dendromus_nyasae,O. Thomas,1916,Kivu African Climbing Mouse,
Dendromus_oreas,Osgood,1936,Cameroon African Climbing Mouse,Cameroon Climbing Mouse
Dendromus_pseudomystacalis,"Kerbis Peterhans, Lavrenchenko, G. Mulualem, Craig, Meheretu, & Bryja in G. Mulualem, Lavrenchenko, Kerbis Peterhans, Mikula, Bryjová, Meheretu, & Bryja",2024,Ethiopian Highland African Climbing Mouse,
Dendromus_rogersi,"Kerbis Peterhans & Voelker in G. Mulualem, Lavrenchenko, Kerbis Peterhans, Mikula, Bryjová, Meheretu, & Bryja",2024,Rogers' African Climbing Mouse,
Dendromus_ruppi,Dieterlen,2009,Rupp's African Climbing Mouse,
Dendromus_vernayi,J. Eric Hill & T. D. Carter,1937,Vernay's African Climbing Mouse,
Dendroprionomys_rousseloti,F. Petter,1966,Velvet African Climbing Mouse,Congo Tree Mouse|Velvet Climbing Mouse
Malacothrix_typica,A. Smith,1834,Long-eared Desert Mouse,Gerbil Mouse|Large-eared African Desert Mouse|Long-eared Mouse
Megadendromus_nikolausi,Dieterlen & Rupp,1978,Nikolaus's African Climbing Mouse,Bale Mouse|Giant Climbing Mouse|Nikolaus's Mouse
Poemys_melanotis,A. Smith,1834,Gray African Climbing Mouse,
Poemys_nyikae,Wroughton,1909,Nyika African Climbing Mouse,Nyika Climbing Mouse
Poemys_pecilei,A. Milne-Edwards in Rivière,1886,Pecile's African Climbing Mouse,
Prionomys_batesi,Dollman,1910,Bates's African Climbing Mouse,Dollman's African Tree Mouse|Dollman's Tree Mouse
Steatomys_bocagei,O. Thomas,1892,Bocage's Fat Mouse,Bocage's African Fat Mouse
Steatomys_caurinus,O. Thomas,1912,Northwestern Fat Mouse,Northwestern African Fat Mouse
Steatomys_cuppedius,O. Thomas & Hinton,1920,Dainty Fat Mouse,Dainty African Fat Mouse
Steatomys_jacksoni,Hayman,1936,Jackson's Fat Mouse,Jackson's African Fat Mouse
Steatomys_krebsii,W. C. H. Peters,1852,Krebs's Fat Mouse,Krebs's African Fat Mouse
Steatomys_opimus,de Pousargues,1894,Pousargues's Fat Mouse,Pousargues African Fat Mouse
Steatomys_parvus,Rhoads,1896,Tiny Fat Mouse,Tiny African Fat Mouse
Steatomys_pratensis,W. C. H. Peters,1846,Common Fat Mouse,Common African Fat Mouse
Brachytarsomys_albicauda,A. Günther,1875,White-tailed Tree Rat,White-tailed Antsangy
Brachytarsomys_villosus,F. Petter,1962,Hairy-tailed Tree Rat,Hairy-tailed Antsangy
Brachyuromys_betsileoensis,E. Bartlett,1880,Small Short-tailed Rat,Betsileo Short-tailed Rat|Lesser Short-tailed Rat
Brachyuromys_ramirohitra,Forsyth Major,1896,Large Short-tailed Rat,Greater Short-tailed Rat|Gregarious Short-tailed Rat
Eliurus_antsingy,"Carleton, S. M. Goodman, & D. Rakotondravony",2001,Antsingy Tufted-tail Rat,Tsingy Tuft-tailed Rat
Eliurus_carletoni,"S. M. Goodman, Raheriarisena, & Jansa",2009,Carleton's Tufted-tail Rat,
Eliurus_danieli,Carleton & S. M. Goodman,2007,Daniel's Tufted-tail Rat,Daniel's Tuft-tailed Rat
Eliurus_ellermani,Carleton,1994,Ellerman's Tufted-tail Rat,Ellerman's Tuft-tailed Rat
Eliurus_majori,O. Thomas,1895,Major's Tufted-tail Rat,Major's Tuft-tailed Rat
Eliurus_minor,Forsyth Major,1896,Lesser Tufted-tail Rat,Lesser Tuft-tailed Rat
Eliurus_myoxinus,A. Milne-Edwards,1885,Milne-Edwards's Tufted-tail Rat,Western Tuft-tailed Rat
Eliurus_penicillatus,O. Thomas,1908,White-tailed Tufted-tail Rat,White-tipped Tuft-tailed Rat
Eliurus_tanala,Forsyth Major,1896,Tanala Tufted-tail Rat,Tanala Tuft-tailed Rat
Eliurus_tsingimbato,"Jansa, Carleton, Soarimalala, Z. Rakotomalala, & S. M. Goodman",2019,Limestone Tufted-tail Rat,
Eliurus_webbi,Ellerman,1949,Webb's Tufted-tail Rat,Webb's Tuft-tailed Rat
Gymnuromys_roberti,Forsyth Major,1896,Sleek-furred Ground Rat,Voalavoanala
Hypogeomys_antimena,A. Grandidier,1869,Giant Jumping Rat,Malagasy Giant Jumping Rat|Votsovotsa
Macrotarsomys_bastardi,A. Milne-Edwards & G. Grandidier,1898,Bastard's Big-footed Mouse,Lesser Big-footed Mouse|Western Big-footed Mouse|Western Forest Mouse
Macrotarsomys_ingens,F. Petter,1959,Ankarafantsika Big-footed Mouse,Greater Big-footed Mouse|Long-tailed Big-footed Mouse
Macrotarsomys_petteri,S. M. Goodman & Soarimalala,2005,Petter's Big-footed Mouse,
Monticolomys_koopmani,Carleton & S. M. Goodman,1996,Koopman's Forest Mouse,Koopman's Montane Voalavo|Malagasy Mountain Mouse
Nesomys_audeberti,Jentink,1879,Audebert's Forest Rat,Lowland Red Forest Rat|White-bellied Nesomys
Nesomys_lambertoni,G. Grandidier,1929,Lamberton's Forest Rat,Western Nesomys|Western Red Forest Rat
Nesomys_rufus,W. C. H. Peters,1870,Red Forest Rat,Eastern Red Forest Rat|Rufous Nesomys
Voalavo_antsahabensis,"S. M. Goodman, D. Rakotondravony, Randriamanantsoa, & Rakotomalala-Razanahoera",2005,Anjozorobe Naked-tail Forest Mouse,Eastern Voalavo
Voalavo_grandidieri,Carleton & S. M. Goodman,1998,Grandidier's Tufted-tail Rat,Grandidier's Tuft-tailed Rat
Voalavo_gymnocaudus,Carleton & S. M. Goodman,1998,Northern Naked-tail Forest Mouse,Naked-tailed Voalavo|Northern Voalavo
Voalavo_petteri,Carleton,1994,Petter's Tufted-tail Rat,Petter's Tuft-tailed Rat
Delanymys_brooksi,Hayman,1962,Delany's Swamp Mouse,
Mystromys_albicaudatus,A. Smith,1834,African White-tailed Rat,Southern African Hamster|White-tailed Mouse
Petromyscus_barbouri,Shortridge & T. D. Carter,1938,Barbour's Pygmy Rock Mouse,Barbour's Rock Mouse|Namaqua Pygmy Rock Mouse
Petromyscus_collinus,O. Thomas & Hinton,1925,Common Pygmy Rock Mouse,
Petromyscus_monticularis,O. Thomas & Hinton,1925,Short-eared Pygmy Rock Mouse,Brukkaros Pygmy Rock Mouse
Petromyscus_shortridgei,O. Thomas,1926,Shortridge's Pygmy Rock Mouse,Kaokoveld Pygmy Rock Mouse|Shortridge's Rock Mouse
Platacanthomys_lasiurus,E. Blyth,1859,Malabar Spiny Tree Mouse,Malabar Spiny Dormouse|Malabar Spiny Mouse
Typhlomys_chapensis,Osgood,1932,Chapa Tree Mouse,Chapa Pygmy Dormouse|Vietnamese Pygmy Dormouse
Typhlomys_cinereus,A. Milne-Edwards,1876,Soft-furred Tree Mouse,Chinese Pygmy Dormouse|Pygmy Dormouse|Soft-furred Pygmy-dormouse
Typhlomys_daloushanensis,"Wang Yingxiang & Li Chongyun in Wang Yingxiang, Li Chongyun, & Chen Zhiping",1996,Dalou Mountains Tree Mouse,
Typhlomys_fengjiensis,"Pu Yingting, Chen Shunde, & Liu Shaoying in Pu Yingting, Wan Tao, Fan Ronghui, Fu Changkun, Tang Keyi, Jiang Xuelong, Zhang Baowei, Hu Tingli, Chen Shunde, & Liu Shaoying",2022,Fengjie Tree Mouse,
Typhlomys_huangshanensis,"Hu Tingli & Zhang Baowei in Hu Tingli, Cheng Feng, Xu Zhen, Chen Zhongzheng, Yu Lei, Ban Qian, Li Chunlin, Pan Tao, & Zhang Baowei",2020,Huangshan Tree Mouse,
Typhlomys_nanus,"Cheng Feng, He Kai, Chen Zhongzheng, Zhang Bin, Wan Tao, Li Jiatang, Zhang Baowei, & Jiang Xuelong",2017,Dwarf Tree Mouse,
Typhlomys_taxuansis,"A. E. Balakirev, Bui Phuong, & Rozhnov",2024,Southern Tree Mouse,Southern Blind Tree Mouse
Typhlomys_zhengkuni,"Zhang Tao, Liu Shaoying, & Chen Shunde in Zhang Tao, Hu Zhengkun, Zou Qingfang, Gu Lin, Zhuang, Gu Pengxi, Zhan Jiali, Mi, Liu Shaoying, & Chen Shunde",2026,Fanjing Mountain Tree Mouse,
Eospalax_baileyi,O. Thomas,1911,Plateau Zokor,
Eospalax_cansus,Lyon,1907,Gansu Zokor,
Eospalax_fontanierii,A. Milne-Edwards,1867,Fontanier's Zokor,Chinese Zokor
Eospalax_minshanensis,"Liu Yingxun, Zhang Tao, He Ya, Wang Xuming, Pan Xuan, Xu Ronglin, Liao Rui, Peng Buqing, Zhou Caiquan, & Liu Shaoying",2025,Minshan Mountain Zokor,
Eospalax_muliensis,"Zhang Tao, Chen Zhongzheng, & Shi Peng in Zhang Tao, Lei Menglong, Zhou Hao, Chen Zhongzheng, & Shi Peng",2022,Muli Zokor,
Eospalax_rothschildi,O. Thomas,1911,Rothschild's Zokor,
Eospalax_rufescens,J. A. Allen,1909,Qinling Zokor,
Eospalax_smithii,O. Thomas,1911,Smith's Zokor,
Myospalax_armandii,A. Milne-Edwards,1867,Armand's Zokor,
Myospalax_aspalax,Pallas,1776,Steppe Zokor,False Zokor
Myospalax_epsilanus,O. Thomas,1912,Khingan Zokor,
Myospalax_myospalax,Laxmann,1773,Altai Zokor,Siberian Zokor
Myospalax_psilurus,A. Milne-Edwards,1869,Manchurian Zokor,North China Zokor|Transbaikal Zokor
Cannomys_badius,B. H. Hodgson,1841,Lesser Bamboo Rat,Bay Bamboo Rat
Rhizomys_pruinosus,E. Blyth,1851,Hoary Bamboo Rat,
Rhizomys_sinensis,J. E. Gray,1831,Chinese Bamboo Rat,
Rhizomys_sumatrensis,Raffles,1821,Indomalayan Bamboo Rat,Large Bamboo Rat|Sumatran Bamboo Rat
Tachyoryctes_macrocephalus,Rüppell,1842,Giant Root Rat,Big-headed Mole-rat|Giant Mole-rat|Ethiopian African Mole-rat
Tachyoryctes_splendens,Rüppell,1836,African Root Rat,East African Mole-rat|Ankole African Mole-rat|Mianzini African Mole-rat|Aberdare Mountains African Mole-rat|Demon African Mole-rat|Kenyan African Mole-rat|Navivasha African Mole-rat|King African Mole-rat|Rwanda African Mole-rat|Rudd's African Mole-rat|Embi African Mole-Rat|Northeast African Mole-rat|Storey's African Mole-rat
Nannospalax_bulgaricus,Savić & Soldatović,1984,Bulgarian Blind Mole-rat,
Nannospalax_ceyhanus,Szunyoghy,1941,Ceyhan Blind Mole-rat,
Nannospalax_cilicicus,Méhelÿ,1909,Central Anatolian Blind Mole-rat,
Nannospalax_colaki,"T. Kankılıç, Tatyüz, Yürümez, T. Kankılıç, Köse, Coşkun, & Civelek",2025,Çolak's Blind Mole-rat,
Nannospalax_ehrenbergi,Nehring,1898,Levantine Blind Mole-rat,Ehrenberg's Mole-rat|Palestine Mole-rat|Middle East Blind Mole-rat
Nannospalax_garzanensis,"T. Kankılıç, Tatyüz, Yürümez, T. Kankılıç, Köse, Coşkun, & Civelek",2025,Garzan Blind Mole-rat,
Nannospalax_hellenicus,Méhelÿ,1909,Hellenic Blind Mole-rat,
Nannospalax_hungaricus,Nehring,1898,Hungarian Blind Mole-rat,
Nannospalax_insularis,O. Thomas,1917,Limnos Blind Mole-rat,
Nannospalax_intermedius,Nehring,1898,Intermediate Blind Mole-rat,
Nannospalax_karyominor,"T. Kankılıç, Tatyüz, Yürümez, T. Kankılıç, Köse, Coşkun, & Civelek",2025,Kuseyr Plateau Blind Mole-rat,
Nannospalax_leucodon,von Nordmann,1839,Lesser Blind Mole-rat,Lesser Mole-rat
Nannospalax_montanoserbicus,Savić & Soldatović,1974,Central Serbian Blind Mole-rat,
Nannospalax_montanosyrmiensis,Savić & Soldatović,1974,North Serbian Blind Mole-rat,
Nannospalax_monticola,Nehring,1898,Montane Blind Mole-rat,
Nannospalax_nehringi,Satunin,1898,Nehring's Blind Mole-rat,
Nannospalax_serbicus,Méhelÿ,1909,South Serbian Blind Mole-rat,
Nannospalax_tuncelicus,Coşkun,1996,Tunceli Blind Mole-rat,
Nannospalax_turcicus,Méhelÿ,1909,Thracean Blind Mole-rat,
Nannospalax_xanthodon,von Nordmann,1839,Western Anatolian Blind Mole-rat,Anatolian Mole-rat
Spalax_antiquus,Méhelÿ,1909,Mehely's Blind Mole-rat,
Spalax_arenarius,Reshetnik,1939,Sandy Blind Mole-rat,Sandy Mole-rat
Spalax_giganteus,Nehring,1898,Giant Blind Mole-rat,Giant Mole-rat
Spalax_graecus,Nehring,1898,Bukovina Blind Mole-rat,Balkan Blind Mole-rat|Balkan Mole-rat
Spalax_istricus,Méhelÿ,1909,Oltenia Blind Mole-rat,
Spalax_lyapunovae,"Brandler, Tukhbatullin, S. Y. Kapustina, & Puzachenko in Brandler, Tukhbatullin, S. Y. Kapustina, Matveevsky, F. A. Tembotova, & Puzachenko",2026,Lyapunova’s Blind Mole-rat,
Spalax_microphthalmus,von Güldenstädt,1770,Greater Blind Mole-rat,Greater Mole-rat
Spalax_uralensis,Tiflov & Usov,1939,Kazakhstan Blind Mole-rat,Ural Blind Mole-rat
Spalax_zemni,Erxleben,1777,Podolsk Blind Mole-rat,Podolian Mole-rat|Podolsk Mole-rat
Atelerix_albiventris,J. A. Wagner,1841,Four-toed Hedgehog,African Pygmy Hedgehog|Central African Hedgehog|White-bellied Hedgehog
Atelerix_algirus,Lereboullet in Duvernoy & Lereboullet,1842,North African Hedgehog,Algerian Hedgehog
Atelerix_frontalis,A. Smith,1831,Southern African Hedgehog,Cape Hedgehog|South African Hedgehog
Atelerix_sclateri,J. Anderson,1895,Somali Hedgehog,Somalian Hedgehog
Erinaceus_amurensis,von Schrenck,1859,Amur Hedgehog,Chinese Hedgehog|Manchurian Hedgehog
Erinaceus_concolor,W. C. L. Martin,1838,Southern White-breasted Hedgehog,White-bellied Hedgehog|White-chested Hedgehog
Erinaceus_europaeus,Linnaeus,1758,West European Hedgehog,Brown-breasted Hedgehog|Common Hedgehog|European Hedgehog|Northern Hedgehog
Erinaceus_roumanicus,Barrett-Hamilton,1900,Northern White-breasted Hedgehog,Eastern European Hedgehog
Hemiechinus_auritus,S. G. Gmelin,1770,Common Long-eared Hedgehog,Afghan Hedgehog|Long-eared Steppe Hedgehog
Hemiechinus_collaris,J. E. Gray,1830,Indian Long-eared Hedgehog,Collared Hedgehog|Hardwicke's Hedgehog|Long-eared Desert Hedgehog
Mesechinus_dauuricus,Sundevall,1842,Daurian Hedgehog,
Mesechinus_hughi,O. Thomas,1908,Hugh's Hedgehog,Central Chinese Hedgehog|Shanxi Hedgehog
Mesechinus_miodon,O. Thomas,1908,Small-toothed Forest Hedgehog,Miodont Forest Hedgehog
Mesechinus_orientalis,"Shi Zifan, Yao Hongfeng, He Kai, Bai Weipeng, Zhou Jiajun, Fan Jingyi, Su Weiting, Nie Wenhui, Yang Shuzhen, Onditi, Jiang Xuelong, & Chen Zhongzheng",2023,Eastern Forest Hedgehog,
Mesechinus_wangi,"He Kai, Jiang Xuelong, & Ai Huaisen in Ai Huaisen, He Kai, Chen Zhongzheng, Li Jiaqi, Wan Tao, Li Quan, Nie Wenhuan, Wang Jinhuan, Su Weiting, & Jiang Xuelong",2018,Wang's Forest Hedgehog,Gaoligong Forest Hedgehog
Paraechinus_aethiopicus,Hemprich & Ehrenberg in Ehrenberg,1833,Desert Hedgehog,Ethiopian Hedgehog
Paraechinus_hypomelas,J. F. von Brandt,1836,Brandt's Hedgehog,Brandt's Steppic Hedgehog|Long-spined Hedgehog
Paraechinus_micropus,E. Blyth in T. Hutton,1846,Indian Hedgehog,Indian Desert Hedgehog|Pale Hedgehog
Paraechinus_nudiventris,Horsfield,1851,Bare-bellied Hedgehog,Madras Hedgehog
Echinosorex_gymnura,Raffles,1821,Moonrat,Malayan Moonrat|Raffles' Gymnure
Podogymnura_aureospinula,Heaney & G. S. Morgan,1982,Dinagat Gymnure,Dinagat Moonrat|Dinagat Wood Shrew|Golden-spined Moonrat|Spiny Moonrat
Podogymnura_intermedia,"Balete, Heaney, Rickart, Quidlat, Rowsey, & L. E. Olson",2023,Eastern Mindanao Gymnure,
Podogymnura_minima,Sanborn,1953,Kitanglad Gymnure,
Podogymnura_truei,Mearns,1905,Mount Apo Gymnure,Long-footed Woodshrew|Mindanao Moonrat|Mindanao Gymnure|Mindanao Wood-shrew|Philippine Wood Shrew
Hylomys_dorsalis,O. Thomas,1888,Bornean Short-tailed Gymnure,
Hylomys_macarong,"A. Hinckley, D. Lunde, & M. T. R. Hawkins in A. Hinckley, Camacho-Sanchez, Chua, Ruedi, D. Lunde, Maldonado, Omar, J. A. Leonard, & M. T. R. Hawkins",2023,Dalat Gymnure,
Hylomys_maxi,Sody,1933,Max's Short-tailed Gymnure,
Hylomys_parvus,H. C. Robinson & Kloss,1916,Dwarf Gymnure,Dwarf Moonrat
Hylomys_peguensis,E. Blyth,1859,Northern Short-tailed Gymnure,
Hylomys_suillus,S. Müller in Temminck,1840,Javan Short-tailed Gymnure,Lesser Moonrat|Short-tailed Moonrat|Short-tailed Gymnure
Hylomys_vorax,"A. Hinckley, D. Lunde, & M. T. R. Hawkins in A. Hinckley, Camacho-Sanchez, Chua, Ruedi, D. Lunde, Maldonado, Omar, J. A. Leonard, & M. T. R. Hawkins",2023,Leuser Gymnure,
Neohylomys_hainanensis,T. H. Shaw & Wong Song,1959,Hainan Gymnure,Hainan Moonrat
Neohylomys_vietnamensis,"Bannikova, Lebedev, Gorchkhanov, Fei, Dinh The Dung, Bui Tuan Hai, Kruskop, Rozhnov, & Abramov",2024,Vietnam Gymnure,
Neotetracus_sinensis,Trouessart,1909,Shrew Gymnure,Chinese Moonrat
Otohylomys_megalotis,P. D. Jenkins & M. F. Robinson,2002,Long-eared Gymnure,Long-eared Moonrat
Crocidura_abscondita,"Esselstyn, A. S. Achmadi, & Maharadatunkamsi",2014,Javan Long-tailed White-toothed Shrew,Javan Long-tailed Shrew|Mysterious White-toothed Shrew
Crocidura_aequicauda,H. C. Robinson & Kloss,1918,Mount Korinchi White-toothed Shrew,
Crocidura_afeworkbekelei,"Lavrenchenko, Voyta, & Hutterer",2016,Bekele's White-toothed Shrew,Bekele's Shrew
Crocidura_aleksandrisi,I. E. Vesmanis,1977,Cyrenaica White-toothed Shrew,Alexandrian Shrew|Cyrenaica Shrew|Lybian Shrew
Crocidura_allex,Osgood,1910,East African Highland White-toothed Shrew,East African Highland Shrew|Highlands Shrew
Crocidura_andamanensis,G. S. Miller,1902,Andaman White-toothed Shrew,Andaman Shrew
Crocidura_anhuiensis,"Zhang Heng, Zhang Baowei, & Li Chunlin in Zhang Heng, Wu Guiyou, Wu Yanqing, Yao Jianfei, You Shuo, Wang Chencheng, Cheng Feng, Chen Jingjing, Tang Mingxia, Li Chunlin, & Zhang Baowei",2019,Anhui White-toothed Shrew,
Crocidura_annamitensis,"P. D. Jenkins, D. P. Lunde, & Moncrieff",2009,Annamite White-toothed Shrew,
Crocidura_ansellorum,Hutterer & Dippenaar,1987,Ansells' White-toothed Shrew,Ansell's Shrew
Crocidura_arabica,Hutterer & D. L. Harrison,1988,Arabian White-toothed Shrew,Arabian Shrew
Crocidura_arispa,Spitzenberger,1971,Jackass White-toothed Shrew,Jackass Shrew
Crocidura_armenica,"Gureev in Gromov, Gureev, Novikov, Sokolov, Strelkov, & Chapskiy",1963,Armenian White-toothed Shrew,Armenian Shrew
Crocidura_attenuata,A. Milne-Edwards in A. David,1871,Asian Gray White-toothed Shrew,
Crocidura_attila,Dollman,1915,Hun White-toothed Shrew,Hun Shrew
Crocidura_australis,"Esselstyn, A. S. Achmadi, Handika, Swanson, Giarla, & K. C. Rowe",2021,Southwest Peninsula White-toothed Shrew,
Crocidura_baileyi,Osgood,1936,Bailey's White-toothed Shrew,Bailey's Shrew|Simien Shrew
Crocidura_baletei,"Esselstyn, A. S. Achmadi, Handika, Swanson, Giarla, & K. C. Rowe",2021,Balete's White-toothed Shrew,
Crocidura_balingka,"Nations, Handika, Mursyid, Darma Busta, Apandi, A. S. Achmadi, & Esselstyn",2024,Balingka White-toothed Shrew,Balingka Shrew
Crocidura_baluensis,O. Thomas,1898,Kinabalu White-toothed Shrew,Kinabalu Shrew
Crocidura_barapi,"Nations, Handika, Mursyid, Darma Busta, Apandi, A. S. Achmadi, & Esselstyn",2024,Barapi White-toothed Shrew,Barapi Shrew
Crocidura_batakorum,Hutterer,2007,Batak White-toothed Shrew,Batak Shrew
Crocidura_beata,G. S. Miller,1910,Mindanao White-toothed Shrew,Mindanao Shrew
Crocidura_beccarii,Dobson,1887,Beccari's White-toothed Shrew,Beccari's Shrew
Crocidura_binco,"Hutterer in Hutterer, Jocque, J. Mertens, Mpongo, & Mbende",2024,short-tailed Salonga White-toothed Shrew,
Crocidura_bloyeti,Dekeyser,1943,Bloyet's White-toothed Shrew,Bloyet's Shrew
Crocidura_bottegi,O. Thomas,1898,Bottego's White-toothed Shrew,Bottego's Shrew
Crocidura_bottegoides,Hutterer & Yalden,1990,Bale White-toothed Shrew,Bale Shrew|Tricolored Pygmy Shrew
Crocidura_brevicauda,"Esselstyn, A. S. Achmadi, Handika, Swanson, Giarla, & K. C. Rowe",2021,Short-tailed White-toothed Shrew,
Crocidura_brunnea,Jentink,1888,Thick-tailed White-toothed Shrew,Thick-tailed Shrew
Crocidura_buettikoferi,Jentink,1888,Büttikofer's White-toothed Shrew,Büttikofer's Shrew
Crocidura_caliginea,Hollister,1916,African Dusky White-toothed Shrew,African Dusky Shrew|African Foggy Shrew
Crocidura_canariensis,"Hutterer, López-Jurado, & Vogel",1987,Canarian White-toothed Shrew,Canarian Shrew
Crocidura_caspica,O. Thomas,1907,Caspian White-toothed Shrew,Caspian Shrew
Crocidura_caudicrassa,"Esselstyn, A. S. Achmadi, Handika, Swanson, Giarla, & K. C. Rowe",2021,Thick-tailed Sulawesi White-toothed Shrew,
Crocidura_caudipilosa,"Esselstyn, A. S. Achmadi, Handika, Giarla, & K. C. Rowe",2019,Hairy-tailed White-toothed Shrew,Sulawesi Hairy-Tailed Shrew
Crocidura_cinderella,O. Thomas,1911,Cinderella White-toothed Shrew,Cinderella Shrew
Crocidura_congobelgica,Hollister,1916,Congo White-toothed Shrew,Congo Shrew|Congo White-toothed Swamp Shrew
Crocidura_cranbrooki,"P. D. Jenkins, D. P. Lunde, & Moncrieff",2009,Cranbrook's White-toothed Shrew,
Crocidura_crenata,"Brosset, Dubost, & Heim de Balsac",1965,Long-footed White-toothed Shrew,Jumping Shrew
Crocidura_crossei,O. Thomas,1895,Crosse's White-toothed Shrew,Crosse's Shrew
Crocidura_cyanea,Duvernoy,1838,Reddish-gray White-toothed Shrew,Reddish-gray Shrew
Crocidura_cypria,Bate,1904,Cyprus White-toothed Shrew,
Crocidura_darvishi,"Mahmoudi, Kryštufek, & Shad in Mahmoudi, Shad, & Kryštufek",2025,Darvish's White-toothed Shrew,
Crocidura_denti,Dollman,1915,Dent's White-toothed Shrew,Dent's Shrew
Crocidura_desperata,"Hutterer, P. D. Jenkins, & W. N. Verheyen",1991,Desperate White-toothed Shrew,Desperate Shrew
Crocidura_dewi,"Nations, Handika, Mursyid, Darma Busta, Apandi, A. S. Achmadi, & Esselstyn",2024,Dewi White-toothed Shrew,Dewi Shrew
Crocidura_dhofarensis,Hutterer & D. L. Harrison,1988,Dhofar White-toothed Shrew,Dhofar Shrew
Crocidura_dolichura,W. C. H. Peters,1876,Long-tailed White-toothed Shrew,Long-tailed Musk Shrew
Crocidura_douceti,Heim de Balsac,1958,Doucet's White-toothed Shrew,Doucet's Shrew|Doucet's Musk Shrew
Crocidura_dracula,O. Thomas,1912,Large White-toothed Shrew,Dracula Shrew
Crocidura_dsinezumi,Temminck,1843,Dsinezumi White-toothed Shrew,Dsinezumi Shrew|Japanese White-toothed Shrew
Crocidura_eburnea,Heim de Balsac,1958,Ivory Coast White-toothed Shrew,
Crocidura_eisentrauti,Heim de Balsac,1957,Eisentraut's White-toothed Shrew,
Crocidura_elgonius,Osgood,1910,Elgon White-toothed Shrew,Elgon Shrew
Crocidura_elongata,G. S. Miller & Hollister,1921,Northern Elongated White-toothed Shrew,Elongated Shrew|Sulawesi Long-tailed Shrew
Crocidura_erica,Dollman,1915,Heather White-toothed Shrew,Heather Shrew|Angolan White-toothed Shrew
Crocidura_fimbriata,Wagler,1832,South European White-toothed Shrew,
Crocidura_fingui,"Ceríaco, M. P. Marques, Jacquet, Nicolas, Colyn, Denys, Sardinha, & Bastos-Silveira",2015,Fingui White-toothed Shrew,
Crocidura_fischeri,Pagenstecher,1885,Fischer's White-toothed Shrew,Fischer's Shrew
Crocidura_flavescens,I. Geoffroy Saint-Hilaire,1827,Greater Red White-toothed Shrew,Greater Red Musk Shrew
Crocidura_floweri,Dollman,1915,Flower's White-toothed Shrew,Flower's Shrew
Crocidura_foetida,W. C. H. Peters,1870,Bornean White-toothed Shrew,Bornean Shrew|Lowland Bornean Shrew|Mountain Bornean Shrew|Kelabit Shrew
Crocidura_foxi,Dollman,1915,Fox's White-toothed Shrew,Fox's Shrew
Crocidura_fuliginosa,E. Blyth,1855,Southeast Asian White-toothed Shrew,Southeast Asian Shrew
Crocidura_fulvastra,Sundevall,1843,Savanna White-toothed Shrew,Savanna Shrew
Crocidura_fumosa,O. Thomas,1904,Smoky White-toothed Shrew,Smoky Mountain Shrew
Crocidura_fuscomurina,von Heuglin,1865,Bicolored African White-toothed Shrew,Bicolored Musk Shrew|Tiny Musk Shrew
Crocidura_gathornei,P. D. Jenkins,2013,Gathorne's White-toothed Shrew,Gathorne's Shrew
Crocidura_glassi,Heim de Balsac,1966,Glass's White-toothed Shrew,Glass's Shrew|Ethiopian Mountain Shrew|Thalia's Shrew|Thalia's White-toothed Shrew
Crocidura_goliath,O. Thomas,1906,Goliath White-toothed Shrew,Goliath Shrew
Crocidura_gracilipes,W. C. H. Peters,1870,Peters's White-toothed Shrew,Peters's Musk Shrew|Short-faced Shrew
Crocidura_grandiceps,Hutterer,1983,Large-headed White-toothed Shrew,Large-headed Shrew|Large-headed Forest Shrew
Crocidura_grandis,G. S. Miller,1910,Mount Malindang White-toothed Shrew,Greater Mindanao Shrew|Mount Malindang Shrew
Crocidura_grassei,"Brosset, Dubost, & Heim de Balsac",1965,Grasse's White-toothed Shrew,Grasse's Shrew
Crocidura_grayi,Dobson,1890,Luzon White-toothed Shrew,Luzon Shrew
Crocidura_greenwoodi,Heim de Balsac,1966,Greenwood's White-toothed Shrew,Greenwood's Shrew
Crocidura_gueldenstaedtii,Pallas,1811,Güldenstädt's White-toothed Shrew,Güldenstädt's Shrew
Crocidura_guy,"P. D. Jenkins, D. P. Lunde, & Moncrieff",2009,Vietnamese White-toothed Shrew,
Crocidura_harenna,Hutterer & Yalden,1990,Harenna White-toothed Shrew,Harenna Shrew
Crocidura_hikmiya,"S. Meegaskumbura, M. Meegaskumbura, Pethiyagoda, Manamendra-Arachchi, & C. J. Schneider",2007,Sinharaja White-toothed Shrew,Sinharaja Shrew
Crocidura_hildegardeae,O. Thomas,1904,Hildegarde's White-toothed Shrew,Hildegarde's Shrew
Crocidura_hilliana,P. D. Jenkins & A. L. Smith,1995,Hill's White-toothed Shrew,Hill's Shrew
Crocidura_hirta,W. C. H. Peters,1852,Lesser Red White-toothed Shrew,Lesser Red Musk Shrew
Crocidura_hispida,O. Thomas,1913,Andaman Spiny White-toothed Shrew,Andaman Spiny Shrew
Crocidura_horsfieldii,Tomes,1856,Horsfield's White-toothed Shrew,Horsfield's Shrew
Crocidura_huangshanensis,"Yang Liu, Zhang Baowei, & Li Chunlin in Yang Liu, Zhang Heng, Zhang Chenling, Wu Jun, Wang Zhaocheng, Li Chunlin, & Zhang Baowei",2020,Huangshan White-toothed Shrew,Dongjiangyuan White-toothed Shrew
Crocidura_hutanis,Ruedi & Vogel,1995,Hutan White-toothed Shrew,Hutan Shrew
Crocidura_iculisma,Mottaz,1908,Iberian White-toothed Shrew,Southwest European White-toothed Shrew
Crocidura_indochinensis,H. C. Robinson & Kloss,1922,Indochinese White-toothed Shrew,Indochinese Shrew
Crocidura_jacksoni,O. Thomas,1904,Jackson's White-toothed Shrew,Jackson's Shrew
Crocidura_jenkinsi,Chakraborty,1978,Jenkins's White-toothed Shrew,Jenkin's Andaman Spiny Shrew|Jenkin's Shrew
Crocidura_jouvenetae,Heim de Balsac,1958,Jouvenet's White-toothed Shrew,Jouvenet's Shrew
Crocidura_katinka,Bate,1937,Katinka's White-toothed Shrew,Katinka Shrew
Crocidura_kegoensis,"D. P. Lunde, Musser, & T. Ziegler",2004,Ke Go White-toothed Shrew,Ke Go Shrew
Crocidura_lamottei,Heim de Balsac,1968,Lamotte's White-toothed Shrew,Lamotte's Shrew
Crocidura_lanosa,Heim de Balsac,1968,Kivu Long-haired White-toothed Shrew,Kivu Long-haired Shrew|Lemara Shrew
Crocidura_lasiura,Dobson,1890,Ussuri White-toothed Shrew,Ussuri Shrew
Crocidura_latona,Hollister,1916,Latona's White-toothed Shrew,Latona's Shrew
Crocidura_lea,G. S. Miller & Hollister,1921,Lesser Black-footed White-toothed Shrew,Sulawesi Shrew
Crocidura_lepidura,Lyon,1908,Sumatran Giant White-toothed Shrew,Sumatran Giant Shrew
Crocidura_leucodon,Hermann in E. A. W. von Zimmermann,1780,Bicolored White-toothed Shrew,Bicolored Shrew
Crocidura_levicula,G. S. Miller & Hollister,1921,Sulawesi Tiny White-toothed Shrew,Celebes Shrew|Sulawesi Tiny Shrew
Crocidura_littoralis,E. Heller,1910,Naked-tailed White-toothed Shrew,Butiaba Naked-tailed Shrew|Naked-tailed Shrew
Crocidura_longipes,Hutterer & D. C. D. Happold,1983,Savanna White-toothed Swamp Shrew,Savanna Swamp Shrew
Crocidura_lucina,Dippenaar,1980,Lucina's White-toothed Shrew,Lucina's Shrew|Moorland Shrew
Crocidura_ludia,Hollister,1916,Dramatic White-toothed Shrew,Ludia's Shrew
Crocidura_luna,Dollman,1910,Moonshine White-toothed Shrew,Greater Gray-brown Musk Shrew|Moonshine Shrew
Crocidura_lusitania,Dollman,1915,Mauritanian White-toothed Shrew,Mauritanian Shrew
Crocidura_lwiroensis,"Kerbis Peterhans & Hutterer in Kerbis Peterhans, Huhndorf, Plumptre, Hutterer, Kaleme, & Ndara",2013,Misotshi-Kabogo White-toothed Shrew,Kabogo Shrew
Crocidura_macarthuri,St. Leger,1934,MacArthur's White-toothed Shrew,Macarthur's Shrew
Crocidura_macmillani,Dollman,1915,Macmillan's White-toothed Shrew,Macmillan's Shrew
Crocidura_macowi,Dollman,1915,Nyiro White-toothed Shrew,Macow's Shrew|Nyiro Shrew
Crocidura_makeda,"Konečný, Hutterer, Meheretu, & Bryja",2020,Makeda White-toothed Shrew,
Crocidura_malayana,H. C. Robinson & Kloss,1911,Malayan White-toothed Shrew,Malayan Shrew
Crocidura_manengubae,Hutterer,1982,Manenguba White-toothed Shrew,Manenguba Shrew
Crocidura_maquassiensis,A. Roberts,1946,Makwassie White-toothed Shrew,Makwassie Musk Shrew
Crocidura_mariquensis,A. Smith,1844,Swamp White-toothed Shrew,Swamp Musk Shrew
Crocidura_maurisca,O. Thomas,1904,Gracile White-toothed Shrew,Dark Shrew|Gracile Naked-tailed Shrew
Crocidura_maxi,Sody,1936,Javan White-toothed Shrew,Max's Shrew
Crocidura_mdumai,"Stanley, Hutterer, Giarla, & Esselstyn",2015,Mduma's White-toothed Shrew,Mduma's Shrew
Crocidura_mediocris,"Esselstyn, A. S. Achmadi, Handika, Swanson, Giarla, & K. C. Rowe",2021,Central Sulawesi White-toothed Shrew,
Crocidura_medogensis,"Chen Shunde, Wu Nanfei, & Liu Shaoying in Chen Shunde, Yang Siyu, Qing Jiao, Fan Ronghui, Tang Keyi, Liao Rui, Guo Keji, Zhang Mengfei, Wu Nanfei, & Liu Shaoying",2024,Medog White-toothed Shrew,
Crocidura_microelongata,"Esselstyn, A. S. Achmadi, Handika, Swanson, Giarla, & K. C. Rowe",2021,Small Elongated White-toothed Shrew,
Crocidura_mindorus,G. S. Miller,1910,Mindoro White-toothed Shrew,Mindoro Shrew
Crocidura_miya,W. W. A. Phillips,1929,Sri Lankan White-toothed Shrew,Sri Lankan Long-tailed Shrew
Crocidura_monax,O. Thomas,1910,Kilimanjaro White-toothed Shrew,Kilimanjaro Shrew|Rombo Shrew
Crocidura_monticola,W. C. H. Peters,1870,Sunda White-toothed Shrew,Javan White-toothed Shrew
Crocidura_montis,O. Thomas,1906,Montane White-toothed Shrew,
Crocidura_munissii,"Stanley, Hutterer, Giarla, & Esselstyn",2015,Munissi's White-toothed Shrew,Munissi's Shrew
Crocidura_muricauda,G. S. Miller,1900,West African White-toothed Shrew,Mouse-tailed Shrew|West African Long-tailed Shrew
Crocidura_musseri,Ruedi & Vogel,1995,Mossy Forest White-toothed Shrew,Mossy Forest Shrew
Crocidura_mutesae,E. Heller,1910,Ugandan White-toothed Shrew,Ugandan Musk Shrew
Crocidura_nana,Dobson,1890,Somali Dwarf White-toothed Shrew,Dwarf White-toothed Shrew|Somali Dwarf Shrew
Crocidura_nanilla,O. Thomas,1909,Savanna Dwarf White-toothed Shrew,Tiny White-toothed Shrew
Crocidura_narcondamica,"Kamalakannan, Sivaperuman, Kundu, Gokulakrishnan, Venkatraman, & Chandra",2021,Narcondam White-toothed Shrew,Narcondom Shrew
Crocidura_neglecta,Jentink,1888,Neglected White-toothed Shrew,Sumatran White-toothed Shrew
Crocidura_negrina,Rabor,1952,Negros White-toothed Shrew,Negros Shrew
Crocidura_newmarki,"Stanley, Hutterer, Giarla, & Esselstyn",2015,Newmark's White-toothed Shrew,Newmark's Shrew
Crocidura_nicobarica,G. S. Miller,1902,Nicobar White-toothed Shrew,Nicobar Shrew|Nicobar White-tailed Shrew
Crocidura_nigeriae,Dollman,1915,Nigerian White-toothed Shrew,Nigerian Shrew
Crocidura_nigricans,du Bocage,1889,Blackish White-toothed Shrew,Blackish Shrew|Black White-toothed Shrew
Crocidura_nigripes,G. S. Miller & Hollister,1921,Black-footed White-toothed Shrew,Black-footed Shrew
Crocidura_nigrofusca,Matschie,1895,African Black White-toothed Shrew,African Black Shrew
Crocidura_nimbae,Heim de Balsac,1956,Nimba White-toothed Shrew,Nimba Shrew
Crocidura_nimbasilvanus,Hutterer,2003,Nimba Giant White-toothed Shrew,Nimba Giant Shrew|West African Giant Shrew
Crocidura_ninoyi,Esselstyn & S. M. Goodman,2010,Sibuyan White-toothed Shrew,Sibuyan Shrew
Crocidura_niobe,O. Thomas,1906,Niobe's White-toothed Shrew,Niobe's Shrew|Kivu Shrew|Kivu White-toothed Shrew
Crocidura_normalis,"Esselstyn, A. S. Achmadi, Handika, Swanson, Giarla, & K. C. Rowe",2021,Typical Sulawesi White-toothed Shrew,
Crocidura_obscurior,Heim de Balsac,1958,West African Pygmy White-toothed Shrew,Obscure White-toothed Shrew|West African Pygmy Shrew
Crocidura_olivieri,Lesson,1827,African Giant White-toothed Shrew,African Giant Shrew|Olivier's Shrew
Crocidura_ordinaria,"Esselstyn, A. S. Achmadi, Handika, Swanson, Giarla, & K. C. Rowe",2021,West Sulawesi White-toothed Shrew,
Crocidura_orientalis,Jentink,1890,Oriental White-toothed Shrew,Oriental Shrew
Crocidura_orii,Kuroda,1924,Greater Ryukyu White-toothed Shrew,Amami Shrew|Orii's Shrew
Crocidura_pachyura,Küster,1835,North African White-toothed Shrew,Pantellerian Shrew
Crocidura_palawanensis,E. H. Taylor,1934,Palawan White-toothed Shrew,Palawan Shrew
Crocidura_pallida,"Esselstyn, A. S. Achmadi, Handika, Swanson, Giarla, & K. C. Rowe",2021,Pallid-footed White-toothed Shrew,
Crocidura_panayensis,Hutterer,2007,Panay White-toothed Shrew,Panay Shrew
Crocidura_paradoxura,Dobson,1887,Sumatran Long-tailed White-toothed Shrew,Paradox Shrew|Sumatran Long-tailed Shrew
Crocidura_parva,"Esselstyn, A. S. Achmadi, Handika, Swanson, Giarla, & K. C. Rowe",2021,Tiny Sulawesi White-toothed Shrew,
Crocidura_parvipes,Osgood,1910,Small-footed White-toothed Shrew,Small-footed Shrew
Crocidura_pasha,Dollman,1915,Sahelian Tiny White-toothed Shrew,Pasha Shrew|Sahelian Tiny Shrew
Crocidura_pediculus,"Voet, R. Cornette, & Nicolas in Voet, Delapre, Denys, Lalis, R. Cornette, & Nicolas",2026,Little-footed White-toothed Shrew,
Crocidura_pergrisea,G. S. Miller,1913,Pale Gray White-toothed Shrew,Baltistan Shrew|Kashmir Rock Shrew
Crocidura_persica,O. Thomas,1907,Persian White-toothed Shrew,Iranian Bicolored Shrew
Crocidura_phaeura,Osgood,1936,Guramba White-toothed Shrew,Guramba Shrew
Crocidura_phanluongi,"P. D. Jenkins, Abramov, Rozhnov, & A. Olsson",2010,Phan Luong White-toothed Shrew,
Crocidura_phuquocensis,"Abramov, P. D. Jenkins, Rozhnov, & Kalinin",2008,Phu Quoc White-toothed Shrew,
Crocidura_picea,I. T. Sanderson,1940,Cameroon White-toothed Shrew,Assumbo Shrew|Pitch Shrew
Crocidura_pitmani,Barclay,1932,Pitman's White-toothed Shrew,Pitman's Shrew
Crocidura_planiceps,E. Heller,1910,Flat-headed White-toothed Shrew,Flat-headed Shrew
Crocidura_poensis,L. Fraser,1843,Fraser's White-toothed Shrew,Fraser's Shrew|Fraser's Musk Shrew
Crocidura_polia,Hollister,1916,Polia's White-toothed Shrew,Fuscous Shrew|Polia's Shrew
Crocidura_pseudorhoditis,"Esselstyn, A. S. Achmadi, Handika, Swanson, Giarla, & K. C. Rowe",2021,North Peninsula White-toothed Shrew,
Crocidura_pullata,G. S. Miller,1911,Kashmir White-toothed Shrew,Asiatic White-toothed Shrew|Dusky Shrew
Crocidura_quasielongata,"Esselstyn, A. S. Achmadi, Handika, Swanson, Giarla, & K. C. Rowe",2021,Southern Elongated White-toothed Shrew,
Crocidura_raineyi,E. Heller,1912,Rainey's White-toothed Shrew,Rainey's Shrew
Crocidura_ramona,"E. Yu. Ivanitskaya, Shenbrot, & Nevo",1996,Negev White-toothed Shrew,Negev Shrew|Ramon's Shrew
Crocidura_rapax,G. M. Allen,1923,Chinese White-toothed Shrew,
Crocidura_religiosa,I. Geoffroy Saint-Hilaire in Champollion,1826,Egyptian Pygmy White-toothed Shrew,Egyptian Pygmy Shrew|Sacred Shrew
Crocidura_rhoditis,G. S. Miller & Hollister,1921,Temboan White-toothed Shrew,Sulawesi White-handed Shrew|Temboan Shrew
Crocidura_roosevelti,E. Heller,1910,Roosevelt's White-toothed Shrew,Roosevelts Shrew
Crocidura_russula,Hermann in E. A. W. von Zimmermann,1780,Greater White-toothed Shrew,Greater Shrew
Crocidura_salonga,"Hutterer in Hutterer, Jocque, J. Mertens, Mpongo, & Mbende",2024,Long-tailed Salonga White-toothed Shrew,
Crocidura_sapaensis,"P. D. Jenkins, Abramov, Bannikova, & Rozhnov",2013,Sa Pa White-toothed Shrew,
Crocidura_selina,Dollman,1915,Ugandan Lowland White-toothed Shrew,Moon Shrew|Ugandan Lowland Shrew
Crocidura_serezkyensis,M. K. Laptev,1929,Serezkaya White-toothed Shrew,Lesser Rock Shrew|Lesser Rock White-toothed Shrew|Jackass White-toothed Shrew|Jackass Shrew
Crocidura_shantungensis,G. S. Miller,1901,Shantung White-toothed Shrew,Asian Lesser White-toothed Shrew|Shantung Shrew
Crocidura_sibirica,Dukel'skaya,1930,Siberian White-toothed Shrew,Siberian Shrew
Crocidura_sicula,G. S. Miller,1901,Sicilian White-toothed Shrew,Sicilian Shrew
Crocidura_silacea,O. Thomas,1895,Lesser Gray-brown White-toothed Shrew,Lesser Gray-brown Musk Shrew|Lesser Gray-brown Shrew
Crocidura_similiturba,"Konečný, Hutterer, Meheretu, & Bryja",2020,Medabo White-toothed Shrew,
Crocidura_smithii,O. Thomas,1895,Desert White-toothed Shrew,Desert Musk Shrew|Desert Shrew
Crocidura_sokolovi,"P. D. Jenkins, Abramov, Rozhnov, & Makarova",2007,Sokolov White-toothed Shrew,
Crocidura_solita,"Esselstyn, A. S. Achmadi, Handika, Swanson, Giarla, & K. C. Rowe",2021,West-central Sulawesi White-toothed Shrew,
Crocidura_somalica,O. Thomas,1895,Somali White-toothed Shrew,Somali Shrew
Crocidura_stanleyi,"Craig, Bryjová, Bryja, Meheretu, Lavrenchenko, & Kerbis Peterhans",2025,Stanley's White-toothed Shrew,
Crocidura_stenocephala,Heim de Balsac in Dieterlen & Heim de Balsac,1979,Kahuzi White-toothed Swamp Shrew,Kahuzi Swamp Shrew|Narrow-headed Shrew
Crocidura_suaveolens,Pallas,1811,Lesser White-toothed Shrew,Lesser Shrew
Crocidura_susiana,Redding & D. M. Lay,1978,Iranian White-toothed Shrew,Iranian Shrew|Susiana Shrew
Crocidura_tadae,M. Tokuda & Kano,1936,Kuroda's White-toothed Shrew,
Crocidura_tanakae,Kuroda,1938,Taiwanese Gray White-toothed Shrew,Taiwanese Gray Shrew
Crocidura_tansaniana,Hutterer,1986,Tanzanian White-toothed Shrew,Tanzanian Shrew
Crocidura_tarella,Dollman,1915,Tarella White-toothed Shrew,Tarella Shrew
Crocidura_tarfayaensis,I. E. Vesmanis & A. Vesmanis,1980,Saharan White-toothed Shrew,Saharan Shrew|Tarfaya Shrew
Crocidura_telfordi,Hutterer,1986,Telford's White-toothed Shrew,Telford's Shrew
Crocidura_tenebrosa,"Esselstyn, A. S. Achmadi, Handika, Swanson, Giarla, & K. C. Rowe",2021,Dark White-toothed Shrew,
Crocidura_tenuis,S. Müller in Temminck,1840,Timor White-toothed Shrew,Timor Shrew|Thin Shrew
Crocidura_theresae,Heim de Balsac,1968,Therese's White-toothed Shrew,Therese's Shrew
Crocidura_thomensis,du Bocage,1887,Sao Tome White-toothed Shrew,Sao Tome Shrew
Crocidura_trichura,Dobson in O. Thomas,1889,Christmas Island White-toothed Shrew,Christmas Island Shrew
Crocidura_turba,Dollman,1910,Turbo White-toothed Shrew,Tumultuous Shrew|Turbo Shrew
Crocidura_ultima,Dollman,1915,Ultimate White-toothed Shrew,Ultimate Shrew
Crocidura_umbra,"Demos, A. S. Achmadi, Handika, Maharadatunkamsi, K. C. Rowe, & Esselstyn",2016,Javan Ghost White-toothed Shrew,Javan Ghost Shrew
Crocidura_usambarae,Dippenaar,1980,Usambara White-toothed Shrew,Usambara Shrew
Crocidura_viaria,I. Geoffroy Saint-Hilaire,1831,Savanna Path White-toothed Shrew,Savanna Path Shrew
Crocidura_virgata,I. T. Sanderson,1940,Mamfe White-toothed Shrew,Mamfe Shrew
Crocidura_voi,Osgood,1910,Voi White-toothed Shrew,Voi Shrew
Crocidura_vorax,G. M. Allen,1923,Voracious White-toothed Shrew,Voracious Shrew
Crocidura_vosmaeri,Jentink,1888,Bangka White-toothed Shrew,Bangka Shrew
Crocidura_watasei,Kuroda,1924,Lesser Ryukyu White-toothed Shrew,Lesser Ryukyu Shrew|Watase's Shrew
Crocidura_whitakeri,de Winton,1898,Whitaker's White-toothed Shrew,Lesser Maghrebi Shrew|Whitaker's Shrew
Crocidura_wimmeri,Heim de Balsac & Aellen,1958,Wimmer's White-toothed Shrew,Wimmer's Shrew
Crocidura_wuchihensis,"Wang Song in Shaw Tsenhwang, Wang Song, Lu Changkwun, & Chang Luankuang",1966,Hainan White-toothed Shrew,Hainan Island Shrew|Wuchi Shrew
Crocidura_xantippe,Osgood,1910,Xanthippe's White-toothed Shrew,Vermiculate Shrew|Xanthippe's Shrew|Yellow-footed Shrew
Crocidura_yaldeni,"Lavrenchenko, Voyta, & Hutterer",2016,Yalden's White-toothed Shrew,Yalden's Shrew
Crocidura_yankariensis,Hutterer & P. D. Jenkins,1980,Yankari White-toothed Shrew,Yankari Shrew
Crocidura_zaphiri,Dollman,1915,Zaphiro's White-toothed Shrew,Zaphiro's Shrew
Crocidura_zarudnyi,Ognev,1928,Zarudny's White-toothed Shrew,Zarudny's Rock Shrew|Zarudny's Shrew
Crocidura_zhadaensis,"Chen Shunde, Wu Nanfei, & Liu Shaoying in Chen Shunde, Yang Siyu, Qing Jiao, Fan Ronghui, Tang Keyi, Liao Rui, Guo Keji, Zhang Mengfei, Wu Nanfei, & Liu Shaoying",2024,Zanda White-toothed Shrew,
Crocidura_zimmeri,Osgood,1936,Upemba White-toothed Shrew,Zimmer's Shrew
Crocidura_zimmermanni,Wettstein-Westersheim,1953,Cretan White-toothed Shrew,Cretan Shrew
Diplomesodon_pulchellus,H. Lichtenstein,1823,Piebald Shrew,Turkestan Desert Shrew
Diplomesodon_sonnerati,Cheke in Cheke & J. P. Hume,2018,Sonnerat's Shrew,
Feroculus_feroculus,Kelaart,1850,Kelaart's Long-clawed Shrew,Kelaart's Shrew
Palawanosorex_ater,Medway,1965,Black Shrew,
Palawanosorex_muscorum,"Hutterer, Balete, Giarla, Heaney, & Esselstyn",2018,Palawan Moss Shrew,
Paracrocidura_graueri,Hutterer,1986,Grauer's Large-headed Shrew,Grauer's Shrew
Paracrocidura_maxima,Heim de Balsac,1959,Greater Large-headed Shrew,Greater Shrew
Paracrocidura_schoutedeni,Heim de Balsac,1956,Lesser Large-headed Shrew,Schouteden's Shrew
Ruwenzorisorex_suncoides,Osgood,1936,Rwenzori Shrew,
Scutisorex_somereni,O. Thomas,1910,Armored Hero Shrew,Armored Shrew|Hero Shrew
Scutisorex_thori,"Stanley, Malekani, & Gambalemoke in Stanley, L. W. Robbins, Malekani, Gambalemoke, Migurimu, J. C. Mukinzi, J. Hulselmans, Prévot, E. Verheyen, Hutterer, Doty, Monroe, Nakazawa, Braden, D. Carroll, Kerbis Peterhans, J. M. Bates, & Esselstyn",2013,Thor's Hero Shrew,
Solisorex_pearsoni,O. Thomas,1924,Pearson's Long-clawed Shrew,Pearson's Shrew
Suncus_aequatorius,E. Heller,1912,Taita Shrew,Dodoma Shrew|Taita Dwarf Shrew
Suncus_dayi,Dobson,1888,Day's Shrew,
Suncus_etruscus,Savi,1822,Etruscan Shrew,Common Dwarf Shrew|Etruscan Dwarf Shrew|Pygmy White-toothed Shrew|Savi's Pygmy Shrew
Suncus_fellowesgordoni,W. W. A. Phillips,1932,Sri Lankan Shrew,Ceylon Pygmy Shrew|Gordon's Pygmy Shrew
Suncus_hosei,O. Thomas,1893,Bornean Pygmy Shrew,Hose's Pygmy Shrew|Hose's Shrew
Suncus_hututsi,Kerbis Peterhans & Hutterer,2009,Hutu-Tutsi Dwarf Shrew,
Suncus_infinitesimus,E. Heller,1912,Least Dwarf Shrew,
Suncus_lixa,O. Thomas,1898,Greater Dwarf Shrew,
Suncus_malayanus,Kloss,1917,Malayan Pygmy Shrew,
Suncus_megalurus,Jentink,1888,Climbing Shrew,Climbing Dwarf Shrew
Suncus_mertensi,Kock,1974,Flores Shrew,Flores Pygmy Shrew
Suncus_montanus,Kelaart,1850,Sri Lankan Highland Shrew,Asian Highland Shrew|Black Shrew-mouse|Hill Shrew
Suncus_murinus,Linnaeus,1766,Asian House Shrew,Asian Musk Shrew|Gray Musk Shrew|Indian Musk Shrew
Suncus_niger,Horsfield,1851,Nilgiri Highland Shrew,South Indian Highland Shrew
Suncus_remyi,"Brosset, Dubost, & Heim de Balsac",1965,Remy's Pygmy Shrew,Gabon Dwarf Shrew|Remy's Dwarf Shrew|Remy's Shrew
Suncus_stoliczkanus,J. Anderson,1877,Anderson's Shrew,Yellow-throated Shrew
Suncus_varilla,O. Thomas,1895,Lesser Dwarf Shrew,Termite Shrew
Suncus_zeylanicus,W. W. A. Phillips,1928,Jungle Shrew,Ceylon Jungle Shrew|Sri Lankan Shrew
Sylvisorex_akaibei,"I. Mukinzi, Hutterer, & Barrière",2009,Akaibe's Forest Shrew,Dudu Akaibe's Pygmy Shrew
Sylvisorex_camerunensis,Heim de Balsac,1968,Cameroonian Forest Shrew,Cameroon Forest Shrew
Sylvisorex_corbeti,Hutterer & Montermann,2009,Corbet's Forest Shrew,Corbet's Pygmy Shrew
Sylvisorex_granti,O. Thomas,1907,Grant's Forest Shrew,Grant's Shrew
Sylvisorex_howelli,P. D. Jenkins,1984,Howell's Forest Shrew,Howell's Shrew|Uluguru Forest Shrew
Sylvisorex_isabellae,Heim de Balsac,1968,Bioko Forest Shrew,Isabella Forest Shrew|Isabella Shrew
Sylvisorex_johnstoni,Dobson,1888,Johnston's Forest Shrew,Johnston's Shrew|Johnston's Pygmy Shrew|Pygmy Forest Shrew
Sylvisorex_konganensis,J. C. Ray & Hutterer,1996,Kongana Forest Shrew,Kongana Shrew
Sylvisorex_lunaris,O. Thomas,1906,Moon Forest Shrew,Crescent Shrew
Sylvisorex_morio,J. E. Gray,1862,Mount Cameroon Forest Shrew,Arrogant Shrew
Sylvisorex_ollula,O. Thomas,1913,Greater Forest Shrew,Forest Musk Shrew
Sylvisorex_oriundus,Hollister,1916,Lesser Forest Shrew,Mountain Shrew
Sylvisorex_pluvialis,Hutterer & Schlitter,1996,Rainforest Shrew,
Sylvisorex_silvanorum,"Hutterer, Riegert, & Sedláček",2009,Bamenda Forest Shrew,Bamenda Pygmy Shrew
Sylvisorex_vulcanorum,Hutterer & W. N. Verheyen,1985,Volcano Forest Shrew,Volcano Shrew
Congosorex_phillipsorum,"Stanley, M. A. Rogers, & Hutterer",2005,Phillips' Congo Shrew,
Congosorex_polli,Heim de Balsac & Lamotte,1956,Greater Congo Shrew,Poll's Shrew
Congosorex_verheyeni,"Hutterer, Barrière, & Colyn",2001,Lesser Congo Shrew,
Myosorex_babaulti,Heim de Balsac & Lamotte,1956,Babault's Mouse Shrew,
Myosorex_blarina,O. Thomas,1906,Montane Mouse Shrew,Mountain Mouse Shrew|Rwenzori Mouse Shrew
Myosorex_bururiensis,"Kerbis Peterhans & Hutterer in Kerbis Peterhans, Hutterer, Mwanga, Ndara, L. Davenport, Karhagomba, & Udelhoven",2010,Bururi Mouse Shrew,Bururi Forest Shrew
Myosorex_cafer,Sundevall,1847,Dark-footed Mouse Shrew,Dark-footed Forest Shrew
Myosorex_eisentrauti,Heim de Balsac,1968,Eisentraut's Mouse Shrew,
Myosorex_geata,G. M. Allen & Loveridge,1927,Geata Mouse Shrew,
Myosorex_gnoskei,"Kerbis Peterhans, Hutterer, Kaliba, & Mazibuko",2008,Nyika Mouse Shrew,Nyika Burrowing Shrew
Myosorex_jejei,"Kerbis Peterhans & Hutterer in Kerbis Peterhans, Hutterer, Mwanga, Ndara, L. Davenport, Karhagomba, & Udelhoven",2010,Kahuzi Mouse Shrew,Kahuzi Swamp Shrew
Myosorex_kabogoensis,"Kerbis Peterhans & Hutterer in Kerbis Peterhans, Huhndorf, Plumptre, Hutterer, Kaleme, & Ndara",2013,Kabogo Mouse Shrew,Misotshi-Kabogo Myosorex
Myosorex_kihaulei,Stanley & Hutterer,2000,Kihaule's Mouse Shrew,
Myosorex_longicaudatus,Meester & Dippenaar,1978,Long-tailed Mouse Shrew,Long-tailed Forest Shrew
Myosorex_meesteri,"P. J. Taylor, Kearney, Kerbis Peterhans, Baxter, & Willows-Munro",2013,Meester's Mouse Shrew,Meester's Forest Shrew
Myosorex_okuensis,Heim de Balsac,1968,Oku Mouse Shrew,
Myosorex_rumpii,Heim de Balsac,1968,Rumpi Mouse Shrew,
Myosorex_schalleri,Heim de Balsac,1966,Schaller's Mouse Shrew,
Myosorex_sclateri,O. Thomas & Schwann,1905,Sclater's Mouse Shrew,Sclater's Tiny Mouse Shrew
Myosorex_tenuis,O. Thomas & Schwann,1905,Thin Mouse Shrew,
Myosorex_varius,Smuts,1832,South African Mouse Shrew,Forest Shrew
Myosorex_zinki,Heim de Balsac & Lamotte,1956,Kilimanjaro Mouse Shrew,
Nagasorex_albidens,"Hutterer, Swanson, Esselstyn, & Heaney",2025,Nagaland Shrew,
Surdisorex_norae,O. Thomas,1906,Aberdare Mole Shrew,Aberdare Shrew
Surdisorex_polulus,Hollister,1916,Mount Kenya Mole Shrew,Mount Kenya Shrew
Surdisorex_schlitteri,"Kerbis Peterhans, Stanley, Hutterer, Demos, & Agwanda",2009,Schlitter's Mole Shrew,Mount Elgon Mole Shrew
Anourosorex_assamensis,J. Anderson,1875,Assam Mole Shrew,
Anourosorex_schmidi,F. Petter,1963,Giant Mole Shrew,
Anourosorex_squamipes,A. Milne-Edwards,1872,Chinese Mole Shrew,Chinese Short-tailed Shrew|Sichuan Burrowing Shrew
Anourosorex_yamashinai,Kuroda,1935,Taiwanese Mole Shrew,
Blarinella_quadraticauda,A. Milne-Edwards in A. David,1871,Sichuan Short-tailed Shrew,Asiatic Short-tailed Shrew|Chinese Short-tailed Shrew|Northern Short-tailed Shrew
Blarinella_wardi,O. Thomas,1915,Burmese Short-tailed Shrew,Southern Short-tailed Shrew|Ward's Short-tailed Shrew
Parablarinella_griselda,O. Thomas,1912,Chinese Short-tailed Shrew,Indochinese Short-tailed Shrew
Parablarinella_latimaxillata,"Chen Zhongzheng & Jiang Xuelong in Chen Zhongzheng, Hu Jiangxiao, He Kai, Zhang Baowei, Zhang Yucai, Chu Jun, Zhao Kai, Onditi, & Jiang Xuelong",2023,Anhui Short-tailed Shrew,
Blarina_brevicauda,Say in James,1823,Northern Short-tailed Shrew,Giant Mole Shrew
Blarina_carolinensis,Bachman,1837,Southern Short-tailed Shrew,Carolina Short-eared Shrew
Blarina_hylophaga,D. G. Elliot,1899,Elliot's Short-tailed Shrew,
Blarina_peninsulae,C. H. Merriam,1895,Everglades Short-tailed Shrew,Florida Short-tailed Shrew|Peninsular Short-tailed Shrew
Blarina_shermani,W. J. Hamilton,1955,Sherman's Short-tailed Shrew,
Cryptotis_albujai,"Moreno Cárdenas, Pacheco, Ruelas, & Ron",2025,Albuja's Short-tailed Shrew,Albuja's Shrew
Cryptotis_alticola,C. H. Merriam,1895,Popocatepetl Broad-clawed Shrew,Central Mexican Broad-clawed Shrew|Central Mexican Shrew|Popocatepetl Shrew
Cryptotis_andinus,Woodman,2023,Southern Colombian Small-eared Shrew,
Cryptotis_aroensis,Quiroga-Carmona & Molinari,2012,Aroa Small-eared Shrew,Sierra de Aroa Shrew
Cryptotis_berlandieri,S. F. Baird,1857,Berlandier's Least Shrew,Berlandier's Shrew
Cryptotis_brachyonyx,Woodman,2003,Eastern Cordillera Small-eared Shrew,Eastern Cordillera Small-footed Shrew|Short-clawed Colombian Shrew
Cryptotis_cavatorculus,Woodman,2015,Santa Barbara Broad-clawed Shrew,
Cryptotis_celaque,Woodman,2015,Celaque Broad-clawed Shrew,
Cryptotis_colombianus,Woodman & Timm,1993,Colombian Small-eared Shrew,Colombian Shrew
Cryptotis_dinirensis,Quiroga-Carmona & DoNascimiento,2016,Dinira Small-eared Shrew,Dinira Shrew
Cryptotis_eckerlini,Woodman,2019,Cucurucho Broad-clawed Shrew,Ralph's Broad-clawed Shrew
Cryptotis_endersi,Setzer,1950,Enders's Small-eared Shrew,Enders's Shrew
Cryptotis_equatoris,O. Thomas,1912,Ecuadorean Small-eared Shrew,Ecuadorian Shrew
Cryptotis_floridanus,C. H. Merriam,1895,Florida Least Shrew,
Cryptotis_goldmani,C. H. Merriam,1895,Goldman's Broad-clawed Shrew,Goldman's Shrew|Goldman's Small-eared Shrew
Cryptotis_goodwini,H. H. T. Jackson,1933,Goodwin's Broad-clawed Shrew,Goodwin's Small-eared Shrew
Cryptotis_gracilis,G. S. Miller,1911,Talamancan Broad-clawed Shrew,Talamancan Small-eared Shrew
Cryptotis_griseoventris,H. H. T. Jackson,1933,Dark Mexican Broad-clawed Shrew,Dark Mexican Shrew
Cryptotis_hondurensis,Woodman & Timm,1992,Honduran Small-eared Shrew,
Cryptotis_huttereri,Woodman,2023,Rainer's Small-eared Shrew,
Cryptotis_lacandonensis,"L. Guevara, Sánchez-Cordero, León-Paniagua, & Woodman",2014,Lacandona Small-eared Shrew,Lacandona Shrew
Cryptotis_lacertosus,Woodman,2010,Muscular Broad-clawed Shrew,Strong-armed Broad-clawed Shrew
Cryptotis_magnimanus,Woodman & Timm,1999,Honduran Broad-clawed Shrew,
Cryptotis_magnus,C. H. Merriam,1895,Big Mexican Small-eared Shrew,Big Small-eared Shrew|Big Mexican Shrew
Cryptotis_mam,Woodman,2010,Mam Broad-clawed Shrew,
Cryptotis_matsoni,Woodman,2019,Mataquescuintla Broad-clawed Shrew,Jack's Broad-clawed Shrew
Cryptotis_mayensis,C. H. Merriam,1901,Yucatán Small-eared Shrew,Maya Small-eared Shrew|Yucatan Shrew|Yucatan Small-eared Shrew
Cryptotis_mccarthyi,Woodman,2015,Omoa Broad-clawed Shrew,
Cryptotis_medellinius,O. Thomas,1921,Medellín Small-eared Shrew,Medellin Shrew|Medellin Small-eared Shrew
Cryptotis_meridensis,O. Thomas,1898,Merida Small-eared Shrew,Cloud Forest Shrew|Merida Shrew
Cryptotis_merriami,Choate,1970,Merriam's Small-eared Shrew,
Cryptotis_merus,E. A. Goldman,1912,Darién Small-eared Shrew,Darien Shrew|Darien Small-eared Shrew
Cryptotis_mexicanus,Coues,1877,Small Mexican Small-eared Shrew,Mexican Short-tailed Shrew|Grizzled Small-eared Shrew|Grizzled Mexican Small-eared Shrew|Grizzled Shrew
Cryptotis_montecristo,Woodman,2019,Montecristo Broad-clawed Shrew,
Cryptotis_monteverdensis,Woodman & Timm,2016,Monteverde Small-eared Shrew,
Cryptotis_montivagus,H. E. Anthony,1921,Wandering Small-eared Shrew,Grizzled Ecuadorean Shrew
Cryptotis_nelsoni,C. H. Merriam,1895,Nelson's Small-eared Shrew,Nelson's Shrew
Cryptotis_niausa,Moreno Cárdenas & L. Albuja,2014,Blind Small-eared Shrew,
Cryptotis_nigrescens,J. A. Allen,1895,Blackish Small-eared Shrew,
Cryptotis_oreoryctes,Woodman,2011,Highland Broad-clawed Shrew,Yalijux Shrew
Cryptotis_orophilus,J. A. Allen,1895,Central American Least Shrew,Central American Small-eared Shrew
Cryptotis_osgoodi,Stone,1914,Osgood's Small-eared Shrew,Osgood's Shrew
Cryptotis_parvus,Say in James,1823,North American Least Shrew,American Least Shrew
Cryptotis_peregrinus,C. H. Merriam,1895,Oaxacan Broad-clawed Shrew,Mexican Mountain Shrew
Cryptotis_perijensis,Quiroga-Carmona & Woodman,2015,Perija Small-eared Shrew,Perija Shrew
Cryptotis_peruviensis,"E. Vivar, Pacheco, & Valqui",1997,Peruvian Small-eared Shrew,Peruvian Shrew|Evaristo's Small-eared Shrew
Cryptotis_phillipsii,Schaldach,1966,Phillips's Small-eared Shrew,Phillips's Shrew
Cryptotis_pueblensis,H. H. T. Jackson,1933,Puebla Least Shrew,Puebla Shrew
Cryptotis_soricinus,C. H. Merriam,1895,Mexican Least Shrew,
Cryptotis_squamipes,J. A. Allen,1912,Western Colombian Small-eared Shrew,Cali Shrew|Cali Small-eared Shrew|Scaly-footed Shrew|Scaly-footed Small-eared Shrew
Cryptotis_tamensis,Woodman,2002,Tama Small-eared Shrew,Tama Shrew
Cryptotis_thomasi,C. H. Merriam,1897,Thomas's Small-eared Shrew,Thomas's Shrew
Cryptotis_tropicalis,C. H. Merriam,1895,Tropical Least Shrew,Tropical Shrew|Tropical Small-eared Shrew
Cryptotis_venezuelensis,Quiroga-Carmona,2013,Venezuelan Small-eared Shrew,Serrania del Litoral Small-eared Shrew
Cryptotis_woodmani,L. Guevara,2023,El Triunfo Small-eared Shrew,Woodman's Small-eared Shrew
Chimarrogale_hantu,J. L. Harrison,1958,Malayan Water Shrew,Asiatic Water Shrew|Hantu Water Shrew
Chimarrogale_himalayica,J. E. Gray,1842,Himalayan Water Shrew,
Chimarrogale_leander,O. Thomas,1902,Leander's Water Shrew,Taiwanese Water Shrew
Chimarrogale_phaeura,O. Thomas,1898,Bornean Water Shrew,Borneo Water Shrew|Sunda Water Shrew
Chimarrogale_platycephala,Temminck,1843,Japanese Water Shrew,Flat-headed Water Shrew
Chimarrogale_styani,de Winton,1899,Chinese Water Shrew,Styan's Water Shrew
Chimarrogale_sumatrana,O. Thomas,1921,Sumatran Water Shrew,Sumatra Water Shrew
Chimarrogale_varennei,O. Thomas,1927,Vietnamese Water Shrew,
Chodsigoa_caovansunga,"D. P. Lunde, Musser, & Nguyen Truong Son",2003,Van Sung's Brown-toothed Shrew,Van Sung's Shrew
Chodsigoa_dabieshanensis,"Chen Zhongzheng, Hu Tingli, Pei Xiaoxin, Yang Guangdao, Yong Fan, Xu Zhen, Qu Weiying, Onditi, & Zhang Baowei",2022,Dabieshan Brown-toothed Shrew,Dabieshan Long-tailed Shrew
Chodsigoa_furva,H. E. Anthony,1941,Dusky Brown-toothed Shrew,Dark Brown-toothed Shrew|Dusky Long-tailed Shrew
Chodsigoa_hoffmanni,"Chen Zhongzheng, He Kai, Huang Cheng, Wan Tao, Lin Liangkong, Liu Shaoying, & Jiang Xuelong",2017,Hoffmann's Brown-toothed Shrew,Hoffmann's Long-tailed Shrew
Chodsigoa_hypsibia,de Winton,1899,De Winton's Brown-toothed Shrew,De Winton's Shrew
Chodsigoa_parca,G. M. Allen,1923,Lowe's Brown-toothed Shrew,Lowe's Shrew
Chodsigoa_parva,G. M. Allen,1923,Pygmy Brown-toothed Shrew,Pygmy Red-toothed Shrew
Chodsigoa_salenskii,Kastschenko,1907,Salenski's Brown-toothed Shrew,Salenski's Shrew
Chodsigoa_smithii,O. Thomas,1911,Smith's Brown-toothed Shrew,Smith's Shrew
Chodsigoa_sodalis,O. Thomas,1913,Lesser Taiwanese Brown-toothed Shrew,Koshun Shrew|Lesser Taiwanese Shrew
Episoriculus_baileyi,O. Thomas,1914,Bailey's Brown-toothed Shrew,Bailey's Long-tailed Shrew
Episoriculus_caudatus,Horsfield,1851,Hodgson's Brown-toothed Shrew,Hidden Brown-toothed Shrew
Episoriculus_leucops,Horsfield,1855,Long-tailed Brown-toothed Shrew,
Episoriculus_macrurus,Blanford,1888,Arboreal Brown-toothed Shrew,Long-tailed Mountain Shrew
Episoriculus_sacratus,O. Thomas,1911,Sichuan Brown-toothed Shrew,Chinese Brown-toothed Shrew
Episoriculus_soluensis,Gruber,1969,Nepalese Brown-toothed Shrew,Solu Long-tailed Shrew
Nectogale_elegans,A. Milne-Edwards,1870,Elegant Water Shrew,Web-footed Water Shrew
Nectogale_sikhimensis,de Winton,1899,Sikkim Water Shrew,
Neomys_anomalus,Cabrera,1907,Iberian Water Shrew,Mediterranean Water Shrew|Miller's Water Shrew|Southern Water Shrew
Neomys_fodiens,Pennant,1771,Eurasian Water Shrew,Northern Water Shrew|Water Shrew
Neomys_milleri,Mottaz,1907,Mediterranean Water Shrew,
Neomys_teres,G. S. Miller,1908,Transcaucasian Water Shrew,
Pseudosoriculus_fumidus,O. Thomas,1913,Taiwanese Brown-toothed Shrew,Taiwan Brown-toothed Shrew|Taiwanese Red-toothed Shrew
Soriculus_beibengensis,"Pei Xiaoxin, Chen Zhongzheng, Li Quan, Li Xueyou, Pu Changzhe, Luo Kang, Luo Jing, Pu Mingjin, Wang Hongjiao, Khanal, & Jiang Xuelong",2024,Beibeng Large-clawed Shrew,
Soriculus_dexingensis,"Zhang Tao, Liu Shaoying, & Chen Shunde in Zhang Tao, Yang Siyu, Jiang Haijun, Gu Lin, Zou Qingfang, Fu Changkun, Guo Keji, Zhang Tong, Liu Shaoying, & Chen Shunde",2025,Dexing Large-clawed Shrew,
Soriculus_medogensis,"Chen Zhongzheng & Jiang Xuelong in Chen Zhongzheng, Pei Xiaoxin, Hu Jiangxiao, Song Wenyu, Khanal, Li Quan, & Jiang Xuelong",2023,Medog Large-clawed Shrew,
Soriculus_minor,Dobson,1890,Lesser Large-clawed Shrew,
Soriculus_nigrescens,J. E. Gray,1842,Himalayan Large-clawed Shrew,Sikkim Large-clawed Shrew|Himalayan Shrew
Soriculus_nivatus,"Chen Zhongzheng & Jiang Xuelong in Chen Zhongzheng, Pei Xiaoxin, Hu Jiangxiao, Song Wenyu, Khanal, Li Quan, & Jiang Xuelong",2023,Snow Mountain Large-clawed Shrew,
Megasorex_gigas,C. H. Merriam,1897,Mexican Shrew,Merriam's Desert Shrew|Mexican Giant Shrew
Notiosorex_carrawayae,"Camargo, Polly, Álvarez-Castañeda, & Stuhler",2024,Carraway's Gray Shrew,Carraway's Desert Shrew
Notiosorex_cockrumi,"R. J. Baker, M. B. O'Neill, & McAliley",2003,Cockrum's Gray Shrew,Cockrum's Desert Shrew|Cockrum's Shrew
Notiosorex_crawfordi,Coues,1877,Desert Gray Shrew,Crawford's Desert Shrew|Crawford's Gray Shrew|Crawford's Shrew|Desert Shrew
Notiosorex_evotis,Coues,1877,Large-eared Gray Shrew,
Notiosorex_tataticuli,Camargo & Álvarez-Castañeda,2020,Ticul's Gray Shrew,Ticul's Desert Shrew
Notiosorex_villai,Carraway & Timm,2000,Villa's Gray Shrew,Villa's Shrew
Sorex_albibarbis,Cope,1862,Eastern Water Shrew,
Sorex_alpinus,H. R. Schinz,1834,Alpine Shrew,
Sorex_altoensis,Carraway,2007,Alto Shrew,
Sorex_antinorii,Bonaparte,1840,Valais Shrew,
Sorex_araneus,Linnaeus,1758,Common Shrew,Eurasian Shrew|European Shrew
Sorex_arcticus,Kerr,1792,Arctic Shrew,Black-backed Shrew|Saddle-back Shrew
Sorex_arizonae,Diersing & Hoffmeister,1977,Arizona Shrew,
Sorex_asper,O. Thomas,1914,Tian Shan Shrew,
Sorex_bedfordiae,O. Thomas,1911,Lesser Striped Shrew,Lesser Stripe-backed Shrew
Sorex_bendirii,C. H. Merriam,1884,Marsh Shrew,Pacific Water Shrew
Sorex_buchariensis,Ognev,1922,Buchara Shrew,Pamir Shrew
Sorex_caecutiens,Laxmann,1788,Laxmann's Shrew,Masked Shrew
Sorex_camtschaticus,Yudin,1972,Kamchatka Shrew,
Sorex_cansulus,O. Thomas,1912,Gansu Shrew,
Sorex_chiapensis,H. H. T. Jackson,1925,Chiapan Shrew,
Sorex_cinereus,Kerr,1792,Masked Shrew,Cinereus Shrew|Maryland Shrew|Eastern Shrew
Sorex_coronatus,Millet,1828,Crowned Shrew,Millet's Shrew
Sorex_cruzi,"Andino-Madrid, Mérida Colindres, Pérez-Consuegra, & Matson",2020,Cruz's Long-tailed Shrew,
Sorex_cylindricauda,A. Milne-Edwards in A. David,1871,Greater Striped Shrew,Greater Stripe-backed Shrew
Sorex_daphaenodon,O. Thomas,1907,Siberian Large-toothed Shrew,
Sorex_dispar,Batchelder,1911,Rock Shrew,Long-tailed Shrew|Gaspé Shrew
Sorex_emarginatus,H. H. T. Jackson,1925,Zacatecas Shrew,Jackson's Shrew|Sierra Madre Long-tailed Shrew|Zacatecas Long-tailed Shrew
Sorex_excelsus,G. M. Allen,1923,Chinese Highland Shrew,Lofty Shrew|Yunnan Shrew
Sorex_eximius,Osgood,1901,Western Pygmy Shrew,
Sorex_fumeus,G. S. Miller,1895,Smoky Shrew,
Sorex_gomphus,G. M. Allen,1923,Yunnan Striped Shrew,
Sorex_gracillimus,O. Thomas,1907,Slender Shrew,
Sorex_granarius,G. S. Miller,1910,Iberian Shrew,Lagranja Shrew
Sorex_haydeni,S. F. Baird,1857,Prairie Shrew,Hayden's Shrew
Sorex_hosonoi,Imaizumi,1954,Azumi Shrew,
Sorex_hoyi,S. F. Baird,1857,Eastern Pygmy Shrew,American Pygmy Shrew
Sorex_ibarrai,Matson & T. J. McCarthy,2005,Ibarra's Shrew,
Sorex_isodon,Turov,1936,Taiga Shrew,Even-toothed Shrew
Sorex_ixtlanensis,Carraway,2007,Ixtlán Shrew,Ixtlan Shrew
Sorex_jacksoni,E. R. Hall & Gilmore,1932,Saint Lawrence Island Shrew,Saint Lawrence Shrew
Sorex_kozlovi,Stroganov,1952,Kozlov's Shrew,
Sorex_leucogaster,Kuroda,1933,Paramushir Shrew,
Sorex_longirostris,Bachman,1837,Southeastern Shrew,
Sorex_lyelli,C. H. Merriam,1902,Mount Lyell Shrew,Lyell Shrew
Sorex_macrodon,C. H. Merriam,1895,Mexican Large-toothed Shrew,
Sorex_madrensis,Matson & Ordóñez-Garza,2017,Sierra Shrew,Guatemalan Sierra Shrew
Sorex_maritimensis,R. W. Smith,1939,Maritime Shrew,
Sorex_mccarthyi,Matson & Ordóñez-Garza,2017,McCarthy's Shrew,
Sorex_mediopua,Carraway,2007,Jalisco Shrew,
Sorex_merriami,Dobson,1890,Merriam's Shrew,
Sorex_milleri,H. H. T. Jackson,1947,Carmen Mountain Shrew,Miller's Shrew
Sorex_minutissimus,E. A. W. von Zimmermann,1780,Eurasian Least Shrew,Least Siberian Shrew|Lesser Pygmy Shrew|Miniscule Shrew
Sorex_minutus,Linnaeus,1766,Eurasian Pygmy Shrew,
Sorex_mirabilis,Ognev,1937,Ussuri Shrew,Giant Shrew
Sorex_monticolus,C. H. Merriam,1890,Southern Montane Shrew,Montane Shrew|Mountain Shrew|Dusky Shrew
Sorex_mutabilis,C. H. Merriam,1898,Mutable Shrew,
Sorex_nanus,C. H. Merriam,1895,Dwarf Shrew,Rocky Mountain Dwarf Shrew
Sorex_navigator,S. F. Baird,1857,Western Water Shrew,
Sorex_nepalensis,Weigel,1969,Nepalese Striped Shrew,
Sorex_nivicola,"Bannikova, P. D. Jenkins, Lebedev, Pavlova, & B. I. Sheftel in Bannikova, P. D. Jenkins, Lebedev, Pavlova, Yakushov, Raspopova, Zhu Yongke, Fang Yun, Sun Yuehua, & B. I. Sheftel",2025,Gansu Striped Shrew,
Sorex_obscurus,C. H. Merriam,1895,Northern Montane Shrew,Montane Shrew|Mountain Shrew|Dusky Shrew
Sorex_oreopolus,C. H. Merriam,1892,Mexican Long-tailed Shrew,Volcano Shrew
Sorex_orizabae,C. H. Merriam,1895,Orizaba Long-tailed Shrew,Orizaba Shrew
Sorex_ornatus,C. H. Merriam,1895,Ornate Shrew,Suisun Shrew|Tule Shrew
Sorex_pacificus,Coues,1877,Pacific Shrew,Montane Shrew|Mountain Shrew|Dusky Shrew
Sorex_palustris,J. Richardson,1828,American Water Shrew,
Sorex_planiceps,G. S. Miller,1911,Kashmir Shrew,Kashmir Pygmy Shrew
Sorex_portenkoi,Stroganov,1956,Portenko's Shrew,
Sorex_preblei,H. H. T. Jackson,1922,Preble's Shrew,Malheur Shrew
Sorex_pribilofensis,C. H. Merriam,1895,Pribilof Island Shrew,Pribilof Shrew
Sorex_raddei,Satunin,1895,Radde's Shrew,
Sorex_roboratus,Hollister,1913,Flat-skulled Shrew,
Sorex_rohweri,"R. L. Rausch, Feagin, & V. R. Rausch",2007,Olympic Shrew,Rohwer's Shrew
Sorex_salvini,C. H. Merriam,1897,Salvin's Shrew,
Sorex_samniticus,Altobello,1926,Apennine Shrew,
Sorex_satunini,Ognev,1922,Caucasian Shrew,
Sorex_saussurei,C. H. Merriam,1892,Saussure's Shrew,
Sorex_sclateri,C. H. Merriam,1897,Sclater's Shrew,
Sorex_shinto,O. Thomas,1905,Shinto Shrew,
Sorex_sinalis,O. Thomas,1912,Chinese Shrew,Dusky Shrew
Sorex_sonomae,H. H. T. Jackson,1921,Fog Shrew,Sonoma Shrew
Sorex_stizodon,C. H. Merriam,1895,Pale-toothed Shrew,
Sorex_tenellus,C. H. Merriam,1895,Inyo Shrew,Great Basin Dwarf Shrew
Sorex_thibetanus,Kastschenko,1905,Tibetan Shrew,
Sorex_trowbridgii,S. F. Baird,1857,Trowbridge's Shrew,
Sorex_tundrensis,C. H. Merriam,1900,Tundra Shrew,Holarctic Shrew
Sorex_ugyunak,R. M. Anderson & A. L. Rand,1945,Barren Ground Shrew,
Sorex_unguiculatus,Dobson,1890,Long-clawed Shrew,
Sorex_vagrans,S. F. Baird,1857,Vagrant Shrew,Salt Marsh Shrew
Sorex_ventralis,C. H. Merriam,1895,Chestnut-bellied Shrew,San Felipe Long-tailed Shrew
Sorex_veraecrucis,H. H. T. Jackson,1925,Veracruz Shrew,
Sorex_veraepacis,Alston,1877,Verapaz Shrew,
Sorex_volnuchini,Ognev,1922,Caucasian Pygmy Shrew,Volnuchin's Shrew
Sorex_wardi,O. Thomas,1911,Ward's Striped Shrew,
Condylura_cristata,Linnaeus,1758,Star-nosed Mole,
Desmana_moschata,Linnaeus,1758,Russian Desman,Desman|Water Mole
Galemys_pyrenaicus,É. Geoffroy Saint-Hilaire,1811,Pyrenean Desman,Iberian Desman
Alpiscaptulus_medogensis,"Jiang Xuelong & Chen Zhongzheng in Chen Zhongzheng, He Shuiwang, Hu Wenhao, Song Wenyu, Onditi, Li Xueyou, & Jiang Xuelong",2021,Medog Mole,
Parascalops_breweri,Bachman,1842,Hairy-tailed Mole,Brewer's Mole
Scapanulus_oweni,O. Thomas,1912,Gansu Mole,
Scalopus_aquaticus,Linnaeus,1758,Eastern Mole,
Scapanus_anthonyi,J. A. Allen,1893,Mexican Mole,Blind Mole
Scapanus_latimanus,Bachman,1842,Northern Broad-footed Mole,Broad-footed Mole|Broad-handed Mole
Scapanus_occultus,J. Grinnell & Swarth,1912,Southern Broad-footed Mole,Broad-footed Mole
Scapanus_orarius,F. W. True,1896,Coast Mole,Coastal Mole|Pacific Mole|Red-footed Mole
Scapanus_townsendii,Bachman,1839,Townsend's Mole,
Euroscaptor_darwini,"Nguyen Truong Son, Bui Tuan Hai, Dau, Phuong Dinh Le, & Yen Huong Vu",2025,Darwin's Mole,
Euroscaptor_grandis,G. S. Miller,1940,Greater Chinese Mole,
Euroscaptor_klossi,O. Thomas,1929,Kloss's Mole,
Euroscaptor_kuznetsovi,"Zemlemerova, Bannikova, Lebedev, Rozhnov, & Abramov",2016,Kuznetsov's Mole,
Euroscaptor_longirostris,A. Milne-Edwards,1870,Long-nosed Mole,
Euroscaptor_malayanus,Chasen,1940,Malaysian Mole,
Euroscaptor_micrurus,B. H. Hodgson,1841,Himalayan Mole,Short-tailed Mole
Euroscaptor_ngoclinhensis,"Zemlemerova, Bannikova, Lebedev, Rozhnov, & Abramov",2016,Ngoc Linh Mole,
Euroscaptor_orlovi,"Zemlemerova, Bannikova, Lebedev, Rozhnov, & Abramov",2016,Orlov's Mole,
Euroscaptor_parvidens,G. S. Miller,1940,Small-toothed Mole,
Euroscaptor_subanura,"Kawada, Nguyen Truong Son, & Dang Ngoc Can",2012,Vietnamese Mole,
Mogera_etigo,Yoshiyuki & Imaizumi,1991,Echigo Mole,Etigo Mole
Mogera_hainana,O. Thomas,1910,Hainan Mole,
Mogera_imaizumii,Kuroda,1957,Small Japanese Mole,Lesser Japanese Mole|Japanese Eastern Mole
Mogera_insularis,Swinhoe,1863,Formosan Mole,Insular Mole
Mogera_kanoana,"Kawada, Shinohara, Kobayashi, M. Harada, Oda, & Lin Liangkong",2007,Kano's Mole,
Mogera_latouchei,O. Thomas,1907,La Touche's Mole,
Mogera_robusta,Nehring,1891,Ussuri Mole,Large Mole
Mogera_tokudae,Kuroda,1940,Sado Mole,Tokuda's Mole
Mogera_uchidai,"H. Abe, Shiraishi, & S. Arai",1991,Senkaku Mole,Ryukyu Mole
Mogera_wogura,Temminck,1843,Large Japanese Mole,Japanese Western Mole|Temminck's Mole
Oreoscaptor_mizura,A. Günther,1880,Japanese Mountain Mole,Mizura Mole
Parascaptor_leucura,E. Blyth,1850,White-tailed Mole,Assamese Mole|Blyth's Mole|Indian Mole
Scaptochirus_moschatus,A. Milne-Edwards,1867,Short-faced Mole,
Talpa_altaica,Nikol'skiy,1883,Altai Mole,Siberian Mole
Talpa_aquitania,"Nicolas, Martínez-Vargas, & Hugot",2017,Aquitanian Mole,
Talpa_caeca,Savi,1822,Blind Mole,Mediterranean Mole
Talpa_caucasica,Satunin,1908,Caucasian Mole,
Talpa_davidiana,A. Milne-Edwards,1884,Pere David's Mole,Persian Mole
Talpa_europaea,Linnaeus,1758,European Mole,Common Mole|Mole
Talpa_hakkariensis,"Gündüz, Demirtaş, Silsüpür, Özmen, Polly, & Bilton",2023,Hakkari Mole,
Talpa_levantis,O. Thomas,1906,Levant Mole,Levantine Mole
Talpa_martinorum,"Kryštufek, Nedyalkov, J. J. Astrin, & Hutterer",2018,Martinos' Mole,
Talpa_occidentalis,Cabrera,1907,Iberian Mole,Spanish Mole
Talpa_ognevi,Stroganov,1944,Ognev's Mole,
Talpa_romana,O. Thomas,1902,Roman Mole,
Talpa_stankovici,V. E. Martino & E. V. Martino,1931,Balkan Mole,Stankovic's Mole
Talpa_streeti,D. M. Lay,1965,Street's Mole,
Talpa_talyschensis,Vereshchagin,1945,Talysch Mole,
Talpa_transcaucasica,Dal',1945,Transcaucasian Mole,
Scaptonyx_affinis,O. Thomas,1912,Southern Long-tailed Mole,
Scaptonyx_fusicauda,A. Milne-Edwards in A. David,1871,Northern Long-tailed Mole,Long-tailed Mole
Scaptonyx_wangi,"Song Wenyu & Jiang Xuelong in Song Wenyu, Chen Zhongzheng, Li Quan, Hu Wenhao, Zhou Hongwei, Xie Mengru, Li Xueyou, & Jiang Xuelong",2025,Wang's Long-tailed Mole,
Dymecodon_pilirostris,F. W. True,1886,True's Shrew Mole,Lesser Japanese Shrew Mole
Neurotrichus_gibbsii,S. F. Baird,1857,American Shrew Mole,Shrew Mole
Urotrichus_talpoides,Temminck,1841,Japanese Shrew Mole,Greater Japanese Shrew Mole
Uropsilus_aequodonenia,"Liu Yang, Liu Shaoying, Sun Zhiyu, Guo Peng, Fan Zhenxin, & R. W. Murphy",2013,Equivalent-teeth Shrew Mole,Sichuan Shrew Mole
Uropsilus_andersoni,O. Thomas,1911,Anderson's Shrew Mole,
Uropsilus_atronates,G. M. Allen,1923,Black-backed Shrew Mole,
Uropsilus_cinereonates,"Li Yixian, Song Wenyu, & Jiang Xuelong in Li Yixian, Li Quan, Song Wenyu, Li Xueyou, Onditi, Pei Xiaoxin, Wang Hongjiao, Fu Changkun, Liu Shaoying, Chen Zhongzheng, & Jiang Xuelong",2026,Gray-rumped Shrew Mole,
Uropsilus_dabieshanensis,"Hu Tingli, Xu Zhen, Zhang Heng, Liu Yingxun, Liao Rui, Yang Guangdao, Sun Ruolei, Shi Jie, Ban Qian, Li Chunlin, Liu Shaoying, & Zhang Baowei",2021,Dabie Mountains Shrew Mole,
Uropsilus_fansipanensis,"Bui Tuan Hai, Okabe, Le Hoang Tu Linh, Nguyen Thi Ngan, & Motokawa",2023,Fansipan Shrew Mole,
Uropsilus_funiushanensis,"Jiang Haijun & Lu Jiqi in Jiang Haijun, Yang Yaohua, Zhou Yanyan, Tian Jundong, & Lu Jiqi",2025,Funiushan Shrew Mole,
Uropsilus_gracilis,O. Thomas,1911,Gracile Shrew Mole,
Uropsilus_huanggangensis,"Chen Zhongzheng, Jiang Xuelong, & Ren Xueyang in Ren Xueyang, Xu Yifan, Li Yixian, Yao Hongfeng, Fang Yi, Khanal, Cheng Lin, Zeng Wei, Jiang Xuelong, & Chen Zhongzheng",2023,Huangang Shrew Mole,
Uropsilus_investigator,O. Thomas,1922,Inquisitive Shrew Mole,
Uropsilus_leptocranium,"Li Yixian & Jiang Xuelong in Li Yixian, Li Quan, Song Wenyu, Li Xueyou, Onditi, Pei Xiaoxin, Wang Hongjiao, Fu Changkun, Liu Shaoying, Chen Zhongzheng, & Jiang Xuelong",2026,Slender Skull Shrew Mole,
Uropsilus_maximus,"Li Yixian & Jiang Xuelong in Li Yixian, Li Quan, Song Wenyu, Li Xueyou, Onditi, Pei Xiaoxin, Wang Hongjiao, Fu Changkun, Liu Shaoying, Chen Zhongzheng, & Jiang Xuelong",2026,Large Shrew Mole,
Uropsilus_ningshanensis,"Li Yixian & Jiang Xuelong in Li Yixian, Li Quan, Song Wenyu, Li Xueyou, Onditi, Pei Xiaoxin, Wang Hongjiao, Fu Changkun, Liu Shaoying, Chen Zhongzheng, & Jiang Xuelong",2026,Ningshan Shrew Mole,
Uropsilus_nivatus,G. M. Allen,1923,Snow Mountain Shrew Mole,
Uropsilus_parvoniger,"Li Yixian, Li Quan, & Jiang Xuelong in Li Yixian, Li Quan, Song Wenyu, Li Xueyou, Onditi, Pei Xiaoxin, Wang Hongjiao, Fu Changkun, Liu Shaoying, Chen Zhongzheng, & Jiang Xuelong",2026,Black Shrew Mole,
Uropsilus_soricipes,A. Milne-Edwards in A. David,1871,Chinese Shrew Mole,
Uropsilus_wulingshanensis,"Li Yixian, Liu Shaoying, & Jiang Xuelong in Li Yixian, Li Quan, Song Wenyu, Li Xueyou, Onditi, Pei Xiaoxin, Wang Hongjiao, Fu Changkun, Liu Shaoying, Chen Zhongzheng, & Jiang Xuelong",2026,Wuling Mountains Shrew Mole,
Nesophontes_edithae,H. E. Anthony,1916,Puerto Rican Nesophontes,
Nesophontes_hemicingulus,"G. S. Morgan, MacPhee, R. Woods, & Turvey",2019,Cayman Nesophontes,
Nesophontes_hypomicrus,G. S. Miller,1929,Atalaye Nesophontes,
Nesophontes_longirostris,H. E. Anthony,1919,Slender Cuban Nesophontes,
Nesophontes_major,Arredondo,1970,Greater Cuban Nesophontes,
Nesophontes_micrus,G. M. Allen,1917,Lesser Cuban Nesophontes,Western Cuban Nesophontes
Nesophontes_paramicrus,G. S. Miller,1929,Saint Michel Nesophontes,
Nesophontes_zamicrus,G. S. Miller,1929,Haitian Nesophontes,
Atopogale_arredondoi,G. S. Morgan & J. A. Ottenwalder,1993,Giant Solenodon,
Atopogale_cubana,W. C. H. Peters,1861,Cuban Solenodon,Almiqui
Solenodon_marcanoi,B. Patterson,1962,Marcano's Solenodon,
Solenodon_paradoxus,J. F. von Brandt,1833,Hispaniolan Solenodon,Haitian Solenodon
Balantiopteryx_infusca,O. Thomas,1897,Ecuadorian Sac-winged Bat,
Balantiopteryx_io,O. Thomas,1904,Thomas's Sac-winged Bat,Least Sac-winged Bat
Balantiopteryx_plicata,W. C. H. Peters,1867,Gray Sac-winged Bat,Peters's Sac-winged Bat
Centronycteris_centralis,O. Thomas,1912,Thomas's Shaggy Bat,
Centronycteris_maximiliani,J. B. Fischer,1829,Common Shaggy Bat,Maximilian's Shaggy Bat
Cormura_brevirostris,J. A. Wagner,1843,Chestnut Sac-winged Bat,Wagner's Sac-winged Bat
Cyttarops_alecto,O. Thomas,1913,Short-eared Bat,
Diclidurus_albus,zu Wied-Neuwied,1820,Northern Ghost Bat,White Ghost Bat
Diclidurus_ingens,Hernández-Camacho,1955,Greater Ghost Bat,
Diclidurus_isabella,O. Thomas,1920,Isabelline Ghost Bat,Isabelle's Ghost Bat|Pale-brown Ghost Bat
Diclidurus_scutatus,W. C. H. Peters,1869,Lesser Ghost Bat,Little Ghost Bat
Peropteryx_kappleri,W. C. H. Peters,1867,Greater Dog-like Bat,
Peropteryx_leucoptera,W. C. H. Peters,1867,White-winged Dog-like Bat,
Peropteryx_macrotis,J. A. Wagner,1843,Lesser Dog-like Bat,
Peropteryx_pallidoptera,"B. K. Lim, Engstrom, F. A. Reid, Simmons, Voss, & Fleck",2010,Pale-winged Dog-like Bat,
Peropteryx_trinitatis,G. S. Miller,1899,Trinidad Dog-like Bat,Trinidadian Dog-like Bat
Rhynchonycteris_naso,zu Wied-Neuwied,1820,Proboscis Bat,Brazilian Long-nosed Bat|Long-nosed Proboscis Bat|River Bat|Sharp-nosed Bat
Saccopteryx_antioquensis,J. Muñoz & Cuartas-Calle,2001,Antioquian Sac-winged Bat,Antioquian White-lined Bat
Saccopteryx_bilineata,Temminck,1838,Greater Sac-winged Bat,Greater White-lined Bat
Saccopteryx_canescens,O. Thomas,1901,Frosted Sac-winged Bat,Frosted White-lined Bat|Gray White-lined Bat
Saccopteryx_gymnura,O. Thomas,1901,Amazonian Sac-winged Bat,Amazonian White-lined Bat|Little White-lined Bat
Saccopteryx_leptura,von Schreber,1774,Lesser Sac-winged Bat,Brown White-lined Bat|Lesser White-lined Bat
Coleura_afra,W. C. H. Peters,1851,African Sheath-tailed Bat,Mozambique Sheath-tailed Bat
Coleura_gallarum,O. Thomas,1915,Arabian Sheath-tailed Bat,
Coleura_kibomalandy,"S. M. Goodman, Puechmaille, Friedli-Weyeneth, Gerlach, Ruedi, M. C. Schoeman, Stanley, & E. C. Teeling",2012,Madagascar Sheath-tailed Bat,
Coleura_seychellensis,W. C. H. Peters,1868,Seychelles Sheath-tailed Bat,
Emballonura_alecto,Eydoux & P. Gervais,1836,Small Asian Sheath-tailed Bat,Philippine Sheath-tailed Bat
Emballonura_beccarii,W. C. H. Peters & Doria,1881,Beccari's Sheath-tailed Bat,
Emballonura_dianae,J. Edwards Hill,1956,Large-eared Sheath-tailed Bat,
Emballonura_furax,O. Thomas,1911,New Guinea Sheath-tailed Bat,Greater Sheath-tailed Bat|New Guinean Sheath-tailed Bat
Emballonura_monticola,J. E. Gray,1838,Lesser Sheath-tailed Bat,
Emballonura_raffrayana,Dobson,1879,Raffray's Sheath-tailed Bat,
Emballonura_semicaudata,T. R. Peale,1849,Pacific Sheath-tailed Bat,Caroline Sheath-tailed Bat|Mariana Sheath-tailed Bat|Polynesian Sheath-tailed Bat
Emballonura_serii,Flannery,1995,Seri's Sheath-tailed Bat,
Mosia_nigrescens,J. E. Gray,1843,Dark Sheath-tailed Bat,Lesser Sheath-tailed Bat
Paremballonura_atrata,W. C. H. Peters,1875,Peters's Sheath-tailed Bat,
Paremballonura_tiavato,"S. M. Goodman, Cardiff, Ranivo, A. L. Russell, & Yoder",2006,Western Sheath-tailed Bat,Rock-dwelling Sheath-tailed Bat
Saccolaimus_flaviventris,W. C. H. Peters,1867,Yellow-bellied Sheath-tailed Bat,White-bellied Sheath-tailed Bat|Yellow-bellied Pouched Bat
Saccolaimus_mixtus,Troughton,1925,Papuan Sheath-tailed Bat,Cape York Sheath-tailed Bat
Saccolaimus_peli,Temminck,1853,Pel's Pouched Bat,Black-hawk Bat|Giant Pouched Bat
Saccolaimus_saccolaimus,Temminck,1838,Bare-rumped Sheath-tailed Bat,Naked-rumped Free-tail Bat|Naked-rumped Pouched Bat|Naked-rumped Sheath-tailed Bat|Naked-tailed Saccolaimus|Pouch-bearing Tomb Bat|Pouched Tomb Bat
Taphozous_achates,O. Thomas,1915,Indonesian Tomb Bat,
Taphozous_australis,J. Gould,1854,Coastal Sheath-tailed Bat,Coastal Tomb Bat|Little Sheath-tailed Bat|Northeastern Sheath-tailed Bat|Southern Sheath-tailed Bat
Taphozous_georgianus,O. Thomas,1915,Common Sheath-tailed Bat,Sharp-nosed Tomb Bat
Taphozous_hamiltoni,O. Thomas,1920,Hamilton's Tomb Bat,
Taphozous_hildegardeae,O. Thomas,1909,Hildegarde's Tomb Bat,White-winged Tomb Bat
Taphozous_hilli,D. J. Kitchener,1980,Hill's Sheath-tailed Bat,Hill's Tomb Bat|Slender-toothed Sheath-tailed Bat
Taphozous_kapalgensis,McKean & Friend,1979,Arnhem Sheath-tailed Bat,Arnhem Tomb Bat|White-striped Sheath-tailed Bat
Taphozous_longimanus,Hardwicke,1825,Long-winged Sheath-tailed Bat,Indian Sheath-tailed Bat|Long-winged Tomb Bat
Taphozous_mauritianus,É. Geoffroy Saint-Hilaire,1813,Mauritian Tomb Bat,
Taphozous_melanopogon,Temminck,1841,Black-bearded Tomb Bat,
Taphozous_nudiventris,Cretzschmar,1830,Naked-rumped Tomb Bat,
Taphozous_perforatus,É. Geoffroy Saint-Hilaire,1813,Egyptian Tomb Bat,African Taphozous|Geoffroy's Tomb Bat|Lesser Tomb Bat|Perforated Taphozous Bat
Taphozous_theobaldi,Dobson,1872,Theobald's Tomb Bat,Theobald's Bat
Taphozous_troughtoni,Tate,1952,Troughton's Sheath-tailed Bat,Troughton's Tomb Bat
Myzopoda_aurita,A. Milne-Edwards & A. Grandidier,1878,Eastern Sucker-footed Bat,Madagascar Sucker-footed Bat
Myzopoda_schliemanni,"S. M. Goodman, Rakotondraparany, & Kofoky",2007,Western Sucker-footed Bat,Schliemann's Sucker-footed Bat
Nycteris_arge,O. Thomas,1903,Bates's Slit-faced Bat,
Nycteris_aurita,Andersen,1912,Andersen's Slit-faced Bat,
Nycteris_gambiensis,Andersen,1912,Gambian Slit-faced Bat,
Nycteris_grandis,W. C. H. Peters,1865,Large Slit-faced Bat,
Nycteris_hispida,von Schreber,1774,Hairy Slit-faced Bat,Hairy Long-eared Bat
Nycteris_intermedia,Aellen,1959,Intermediate Slit-faced Bat,
Nycteris_javanica,É. Geoffroy Saint-Hilaire,1813,Javan Slit-faced Bat,Javan Hollow-faced Bat
Nycteris_macrotis,Dobson,1876,Large-eared Slit-faced Bat,Vinson's Slit-faced Bat
Nycteris_major,Andersen,1912,Dja Slit-faced Bat,Ja Slit-faced Bat
Nycteris_nana,Andersen,1912,Dwarf Slit-faced Bat,
Nycteris_parisii,De Beaux,1924,Parisi's Slit-faced Bat,Parissi's Slit-faced Bat
Nycteris_thebaica,É. Geoffroy Saint-Hilaire,1813,Egyptian Slit-faced Bat,Cape Long-eared Bat|Cape Slit-faced Bat|Common Slit-faced Bat|Geoffroy's Nycteris
Nycteris_tragata,Andersen,1912,Malayan Slit-faced Bat,Malayan Hollow-faced Bat
Nycteris_woodi,Andersen,1914,Wood's Slit-faced Bat,Wood's Long-eared Bat
Amorphochilus_schnablii,W. C. H. Peters,1877,Smoky Bat,Schnabl's Smoky Bat
Furipterus_horrens,F. Cuvier,1828,Thumbless Bat,Smoky Bat
Mormoops_blainvillei,Leach,1821,Antillean Ghost-faced Bat,Blainville's Ghost-faced Bat
Mormoops_megalophylla,W. C. H. Peters,1865,Peters's Ghost-faced Bat,Leaf-chinned Bat|Old-man Bat
Pteronotus_alitonus,"A. C. Pavan, Bobrowiec, & Percequillo",2018,Amazonian Common Mustached Bat,Amazonian Mustached Bat
Pteronotus_davyi,J. E. Gray,1838,Davy's Naked-backed Bat,Lesser Naked-backed Bat
Pteronotus_fulvus,O. Thomas,1892,Thomas's Naked-backed Bat,
Pteronotus_fuscus,J. A. Allen,1911,Allen's Common Mustached Bat,Allen's Mustached Bat|Common Mustached Bat
Pteronotus_gymnonotus,J. A. Wagner,1843,Big Naked-backed Bat,
Pteronotus_macleayii,J. E. Gray,1839,Macleay's Mustached Bat,
Pteronotus_mesoamericanus,J. D. Smith,1972,Mesoamerican Common Mustached Bat,Mesoamerican Mustached Bat|Smith's Common Mustached Bat|Common Mustached Bat
Pteronotus_mexicanus,G. S. Miller,1902,Mexican Common Mustached Bat,Mexican Mustached Bat|Common Mustached Bat
Pteronotus_paraguanensis,O. J. Linares & Ojasti,1974,Paraguana Common Mustached Bat,Paraguana Mustached Bat|Common Mustached Bat
Pteronotus_parnellii,J. E. Gray,1843,Parnell's Common Mustached Bat,Parnell's Mustached Bat|Common Mustached Bat
Pteronotus_personatus,J. A. Wagner,1843,Wagner's Lesser Mustached Bat,Lesser Mustached Bat
Pteronotus_portoricensis,G. S. Miller,1902,Puerto Rican Common Mustached Bat,Puerto Rican Mustached Bat|Common Mustached Bat
Pteronotus_psilotis,Dobson,1878,Dobson's Lesser Mustached Bat,Dobson's Mustached Bat
Pteronotus_pusillus,G. M. Allen,1917,Hispaniolan Common Mustached Bat,Hispaniolan Mustached Bat|Common Mustached Bat
Pteronotus_quadridens,J. Gundlach,1840,Sooty Mustached Bat,
Pteronotus_rubiginosus,J. A. Wagner,1843,Wagner's Common Mustached Bat,Wagner's Mustached Bat|Common Mustached Bat
Mystacina_robusta,Dwyer,1962,Greater New Zealand Short-tailed Bat,New Zealand Greater Short-tailed Bat
Mystacina_tuberculata,J. E. Gray,1843,Lesser New Zealand Short-tailed Bat,Kauri Forest Lesser New Zealand Short-tailed Bat|Southern Lesser New Zealand Short-tailed Bat|Volcanic Plateau Lesser New Zealand Short-tailed Bat
Noctilio_albiventris,A. G. Desmarest,1818,Lesser Bulldog Bat,
Noctilio_leporinus,Linnaeus,1758,Greater Bulldog Bat,Fisherman Bat
Carollia_benkeithi,Solari & R. J. Baker,2006,Ben Keith's Short-tailed Bat,Benkeith's Short-tailed Bat
Carollia_brevicauda,H. R. Schinz,1821,Silky Short-tailed Bat,
Carollia_castanea,H. Allen,1890,Chestnut Short-tailed Bat,
Carollia_manu,"Pacheco, Solari, & Velazco",2004,Manu Short-tailed Bat,
Carollia_monohernandezi,"J. Muñoz, Cuartas-Calle, & M. González",2004,Hernandez's Short-tailed Bat,Mono's Short-tailed Bat
Carollia_perspicillata,Linnaeus,1758,Seba's Short-tailed Bat,Common Short-tailed Bat
Carollia_sowelli,"R. J. Baker, Solari, & F. G. Hoffmann",2002,Sowell's Short-tailed Bat,
Carollia_subrufa,W. L. Hahn,1905,Gray Short-tailed Bat,Hahn's Short-tailed Bat
Desmodus_rotundus,É. Geoffroy Saint-Hilaire,1810,Common Vampire Bat,
Diaemus_youngii,Jentink,1893,White-winged Vampire Bat,
Diphylla_ecaudata,von Spix,1823,Hairy-legged Vampire Bat,
Brachyphylla_cavernarum,J. E. Gray,1834,Eastern Antillean Fruit-eating Bat,Antillean Fruit-eating Bat
Brachyphylla_nana,G. S. Miller,1902,Western Antillean Fruit-eating Bat,Antillean Nectar Bat|Cuban Fruit-eating Bat
Erophylla_bombifrons,G. S. Miller,1899,Brown Flower Bat,
Erophylla_sezekorni,J. Gundlach in W. C. H. Peters,1861,Buffy Flower Bat,
Phyllonycteris_aphylla,G. S. Miller,1898,Jamaican Flower Bat,
Phyllonycteris_poeyi,J. Gundlach in W. C. H. Peters,1861,Cuban Flower Bat,
Anoura_aequatoris,Lönnberg,1921,Ecuadorean Tailless Bat,
Anoura_cadenai,Mantilla-Meluk & R. J. Baker,2006,Cadena's Tailless Bat,
Anoura_caudifer,É. Geoffroy Saint-Hilaire,1818,Tailed Tailless Bat,Lesser Tailless Bat
Anoura_cultrata,Handley,1960,Handley's Tailless Bat,Black Tailless Bat|Handley's Long-tongued Bat
Anoura_fistulata,"Muchhala, Mena, & L. Albuja",2005,Tube-lipped Tailless Bat,Long-lipped Bat|Long-lipped Tailless Bat
Anoura_geoffroyi,J. E. Gray,1838,Geoffroy's Tailless Bat,
Anoura_javieri,"Pacheco, Sánchez-Vendizú, & Solari",2018,Peruvian Tailless Bat,Javier's Tailless Bat
Anoura_latidens,Handley,1984,Broad-toothed Tailless Bat,
Anoura_luismanueli,Molinari,1994,Luis Manuel's Tailless Bat,Molinari's Tailless Bat
Anoura_peruana,von Tschudi,1844,Tschudi's Tailless Bat,
Choeroniscus_godmani,O. Thomas,1903,Godman's Long-tailed Bat,Godman's Long-tongued Bat
Choeroniscus_minor,W. C. H. Peters,1868,Lesser Long-tailed Bat,Lesser Long-tongued Bat|Little Long-nosed Bat|Little Long-tongued Bat
Choeroniscus_periosus,Handley,1966,Greater Long-tailed Bat,Handley's Long-tailed Bat
Choeronycteris_mexicana,von Tschudi,1844,Mexican Long-tongued Bat,
Dryadonycteris_capixaba,"Nogueira, I. P. Lima, A. L. Peracchi, & Simmons",2012,Capixaba Nectar-feeding Bat,
Hylonycteris_underwoodi,O. Thomas,1903,Underwood's Long-tongued Bat,
Lichonycteris_degener,G. S. Miller,1931,Pale Brown Long-tongued Bat,Pale Brown Long-nosed Bat
Lichonycteris_obscura,O. Thomas,1895,Dark Long-tongued Bat,Dark Brown Long-nosed Bat
Musonycteris_harrisoni,Schaldach & McLaughlin,1960,Banana Bat,Colima Long-nosed Bat|Trumpet-nosed Bat
Scleronycteris_ega,O. Thomas,1912,Ega Long-tongued Bat,
Glossophaga_antillarum,Rehn,1902,Jamaican Long-tongued Bat,
Glossophaga_bakeri,Webster & J. K. Jones,1987,Baker's Long-tongued Bat,
Glossophaga_commissarisi,A. L. Gardner,1962,Commissaris's Long-tongued Bat,Brown Long-tongued Bat
Glossophaga_leachii,J. E. Gray,1844,Gray's Long-tongued Bat,
Glossophaga_longirostris,G. S. Miller,1898,Miller's Long-tongued Bat,Greater Long-tongued Bat
Glossophaga_morenoi,L. Martínez & Villa-Ramírez,1938,Western Long-tongued Bat,
Glossophaga_mutica,C. H. Merriam,1898,Merriam's Long-tongued Bat,
Glossophaga_soricina,Pallas,1766,Pallas's Long-tongued Bat,
Glossophaga_valens,G. S. Miller,1913,Ecuadorian Long-tongued Bat,
Leptonycteris_curasoae,G. S. Miller,1900,Southern Long-nosed Bat,Curaçaoan Long-nosed Bat
Leptonycteris_nivalis,de Saussure,1860,Greater Long-nosed Bat,Mexican Long-nosed Bat
Leptonycteris_yerbabuenae,L. Martínez & Villa-Ramírez,1940,Lesser Long-nosed Bat,Sanborn's Long-nosed Bat|Tequila Bat
Monophyllus_plethodon,G. S. Miller,1900,Eastern Antillean Single-leaf Bat,Insular Long-tongued Bat|Lesser Antillean Long-tongued Bat|Insular Single-leaf Bat
Monophyllus_redmani,Leach,1821,Western Antillean Single-leaf Bat,Greater Antillean Long-tongued Bat|Leach's Long-tongued Bat|Leach's Single-leaf Bat
Glyphonycteris_behnii,W. C. H. Peters,1865,Behn's Big-eared Bat,Behn's Bat|Behn's Graybeard Bat
Glyphonycteris_daviesi,J. Edwards Hill,1964,Davies's Big-eared Bat,Davies's Graybeard Bat|Graybeard Bat
Glyphonycteris_sylvestris,O. Thomas,1896,Tricolored Big-eared Bat,Brown Small-eared Bat|Little Graybeard Bat|Tricolored Bat
Neonycteris_pusilla,Sanborn,1949,Least Big-eared Bat,
Trinycteris_nicefori,Sanborn,1949,Niceforo's Big-eared Bat,Niceforo's Bat
Hsunycteris_cadenai,Woodman & Timm,2006,Cadena's Nectar Bat,Cadena's Small Nectar Bat
Hsunycteris_dashe,"Velazco, Soto-Centeno, Fleck, Voss, & Simmons",2017,Dashe's Nectar Bat,Dashe's Nectar-feeding Bat
Hsunycteris_pattoni,Woodman & Timm,2006,Patton's Nectar Bat,Patton's Small Nectar Bat
Hsunycteris_thomasi,J. A. Allen,1904,Thomas's Nectar Bat,Thomas's Small Nectar Bat
Lionycteris_spurrelli,O. Thomas,1913,Chestnut Long-tongued Bat,Spurrell's Long-nosed Bat
Lonchophylla_bokermanni,"Sazima, Vizotto, & Taddei",1978,Bokermann's Nectar Bat,
Lonchophylla_chocoana,Dávalos,2004,Chocoan Nectar Bat,
Lonchophylla_concava,E. A. Goldman,1914,Goldman's Nectar Bat,Central American Nectar Bat
Lonchophylla_dekeyseri,"Taddei, Vizotto, & Sazima",1983,Dekeyser's Nectar Bat,
Lonchophylla_fornicata,Woodman,2007,Pacific Forest Long-tongued Bat,Pacific Forest Nectar Bat
Lonchophylla_handleyi,J. Edwards Hill,1980,Handley's Nectar Bat,
Lonchophylla_hesperia,G. M. Allen,1908,Western Nectar Bat,
Lonchophylla_inexpectata,Moratelli & D. Dias,2015,Pale-bellied Nectar Bat,Pernambuco Nectar Bat|Unexpected Nectar Bat
Lonchophylla_mordax,O. Thomas,1903,Brazilian Nectar Bat,Goldman's Nectar Bat
Lonchophylla_orcesi,L. Albuja & A. L. Gardner,2005,Orces's Long-tongued Bat,Orces's Nectar Bat
Lonchophylla_orienticollina,Dávalos & Corthals,2008,Eastern Cordilleran Nectar Bat,
Lonchophylla_peracchii,"D. Dias, Esbérard, & Moratelli",2013,Peracchi's Nectar Bat,
Lonchophylla_robusta,G. S. Miller,1912,Orange Nectar Bat,Big Nectar Bat
Platalina_genovensium,O. Thomas,1928,Long-snouted Bat,Peruvian Long-tongued Bat
Xeronycteris_vieirai,Gregorin & Ditchfield,2005,Vieira's Long-tongued Bat,Vieira's Flower Bat
Lonchorhina_aurita,Tomes,1863,Common Sword-nosed Bat,Tomes's Sword-nosed Bat
Lonchorhina_fernandezi,Ochoa & Ibáñez,1984,Fernandez's Sword-nosed Bat,
Lonchorhina_inusitata,Handley & Ochoa,1997,Uncommon Sword-nosed Bat,Hairy-faced Sword-nosed Bat|Northern Sword-nosed Bat
Lonchorhina_mankomara,Mantilla-Meluk & O. Montenegro,2016,Chiribiquete Sword-nosed Bat,Mother Mara's Sword-nosed Bat
Lonchorhina_marinkellei,Hernández-Camacho & Cadena,1978,Marinkelle's Sword-nosed Bat,
Lonchorhina_orinocensis,O. J. Linares & Ojasti,1971,Orinoco Sword-nosed Bat,Orinocoan Sword-nosed Bat
Macrotus_californicus,S. F. Baird,1858,Californian Leaf-nosed Bat,
Macrotus_waterhousii,J. E. Gray,1843,Waterhouse's Leaf-nosed Bat,
Lampronycteris_brachyotis,Dobson,1879,Orange-throated Bat,Yellow-throated Bat|Yellow-throated Big-eared Bat
Micronycteris_brosseti,Simmons & Voss,1998,Brosset's Big-eared Bat,
Micronycteris_buriri,"P. A. Larsen, Siles, S. C. Pedersen, & Kwiecinski",2011,Saint Vincent Big-eared Bat,
Micronycteris_giovanniae,"R. J. Baker & R. M. Fonseca in R. M. Fonseca, Hoofer, C. A. Porter, Cline, Parish, F. G. Hoffmann, & R. J. Baker",2007,Giovanni's Big-eared Bat,
Micronycteris_hirsuta,W. C. H. Peters,1869,Hairy Big-eared Bat,Crested Big-eared Bat
Micronycteris_matses,"Simmons, Voss, & Fleck",2002,Matses Big-eared Bat,
Micronycteris_megalotis,J. E. Gray,1842,Little Big-eared Bat,Brazilian Big-eared Bat
Micronycteris_microtis,G. S. Miller,1898,Common Big-eared Bat,Little Big-eared Bat
Micronycteris_minuta,P. Gervais,1855,Tiny Big-eared Bat,White-bellied Big-eared Bat
Micronycteris_sanborni,Simmons,1996,Sanborn's Big-eared Bat,
Micronycteris_schmidtorum,Sanborn,1935,Schmidts' Big-eared Bat,
Micronycteris_simmonsae,Siles & R. J. Baker,2020,Simmons's Big-eared Bat,
Micronycteris_tresamici,Siles & R. J. Baker,2020,Northern Big-eared Bat,
Micronycteris_yatesi,"Siles & Brooks in Siles, Brooks, Aranibar, Tarifa, Vargas M., J. M. Rojas, & R. J. Baker",2013,Yates's Big-eared Bat,
Macrophyllum_macrophyllum,H. R. Schinz,1821,Long-legged Bat,
Trachops_cirrhosus,von Spix,1823,Common Fringe-lipped Bat,Frog-eating Bat|Fringe-lipped Bat
Trachops_coffini,E. A. Goldman,1925,Central American Fringe-lipped Bat,Frog-eating Bat|Fringe-lipped Bat
Trachops_ehrhardti,Felten,1956,Atlantic Forest Fringe-lipped Bat,Frog-eating Bat|Fringe-lipped Bat
Gardnerycteris_crenulata,É. Geoffroy Saint-Hilaire,1803,Striped Hairy-nosed Bat,Striped Spear-nosed Bat
Gardnerycteris_keenani,Handley,1960,Keenan's Hairy-nosed Bat,
Gardnerycteris_koepckeae,A. L. Gardner & J. L. Patton,1972,Koepcke's Hairy-nosed Bat,
Lophostoma_brasiliense,W. C. H. Peters,1867,Pygmy Round-eared Bat,Lesser Round-eared Bat|Little Round-eared Bat
Lophostoma_carrikeri,J. A. Allen,1910,Carriker's Round-eared Bat,
Lophostoma_evote,W. B. Davis & D. C. Carter,1978,Davis's Round-eared Bat,
Lophostoma_kalkoae,Velazco & A. L. Gardner,2012,Kalko's Round-eared Bat,
Lophostoma_nicaraguae,G. G. Goodwin,1942,Mesoamerican Round-eared Bat,
Lophostoma_occidentale,W. B. Davis & D. C. Carter,1978,Western Round-eared Bat,
Lophostoma_schulzi,Genoways & S. L. Williams,1980,Schulz's Round-eared Bat,
Lophostoma_silvicola,d'Orbigny,1836,White-throated Round-eared Bat,D'Orbigny's Round-eared Bat
Phylloderma_septentrionale,G. G. Goodwin,1940,Northern Pale-faced Bat,Spear-nosed Bat|Pale-faced Bat
Phylloderma_stenops,W. C. H. Peters,1865,Southern Pale-faced Bat,Spear-nosed Bat|Pale-faced Bat
Phyllostomus_discolor,J. A. Wagner,1843,Pale Spear-nosed Bat,
Phyllostomus_elongatus,É. Geoffroy Saint-Hilaire,1810,Lesser Spear-nosed Bat,
Phyllostomus_hastatus,Pallas,1767,Greater Spear-nosed Bat,
Phyllostomus_latifolius,O. Thomas,1901,Guianan Spear-nosed Bat,
Tonatia_bakeri,"S. L. Williams, Willig, & F. A. Reid",1995,Northern Stripe-headed Round-eared Bat,Pale-crowned Bat
Tonatia_bidens,von Spix,1823,Greater Round-eared Bat,Spix's Round-eared Bat
Tonatia_maresi,"S. L. Williams, Willig, & F. A. Reid",1995,Southern Stripe-headed Round-eared Bat,Pale-crowned Bat
Chrotopterus_auritus,W. C. H. Peters,1856,Woolly False Vampire Bat,Big-eared Woolly Bat|Great Woolly Bat|Peters's Woolly False Vampire Bat
Mimon_bennettii,J. E. Gray,1838,Southern Golden Bat,Bennett's Spear-nosed Bat
Mimon_cozumelae,E. A. Goldman,1914,Cozumelan Golden Bat,Cozumel Spear-nosed Bat
Vampyrum_spectrum,Linnaeus,1758,Spectral Bat,Great False Vampire Bat|Great Spectral Bat|Linnaeus's False Vampire Bat
Rhinophylla_alethina,Handley,1966,Hairy Little Fruit Bat,
Rhinophylla_fischerae,D. C. Carter,1966,Fischer's Little Fruit Bat,
Rhinophylla_pumilio,W. C. H. Peters,1865,Dwarf Little Fruit Bat,
Artibeus_aequatorialis,Andersen,1906,Ecuadorian Fruit-eating Bat,Ecuatorial Fruit-eating Bat
Artibeus_amplus,Handley,1987,Large Fruit-eating Bat,Giant Artibeus|Giant Fruit-eating Bat
Artibeus_concolor,W. C. H. Peters,1865,Brown Fruit-eating Bat,
Artibeus_fimbriatus,J. E. Gray,1838,Fringed Fruit-eating Bat,Fringed-lipped Artibeus
Artibeus_fraterculus,H. E. Anthony,1924,Fraternal Fruit-eating Bat,Fraternal Artibeus
Artibeus_hirsutus,Andersen,1906,Hairy Fruit-eating Bat,
Artibeus_inopinatus,W. B. Davis & D. C. Carter,1964,Honduran Fruit-eating Bat,
Artibeus_intermedius,J. A. Allen,1897,Intermediate Fruit-eating Bat,Great Fruit-eating Bat
Artibeus_jamaicensis,Leach,1821,Jamaican Fruit-eating Bat,Jamaican Artibeus
Artibeus_lituratus,I. von Olfers,1818,Great Fruit-eating Bat,Great Artibeus
Artibeus_obscurus,H. R. Schinz,1821,Dark Fruit-eating Bat,Dark Artibeus|Black Artibeus
Artibeus_planirostris,von Spix,1823,Flat-faced Fruit-eating Bat,Flat-headed Fruit-eating Bat|Spix's Artibeus
Artibeus_schwartzi,J. K. Jones,1978,Schwartz's Fruit-eating Bat,
Dermanura_anderseni,Osgood,1916,Andersen's Fruit-eating Bat,Andersen's Little Fruit-eating Bat
Dermanura_azteca,Andersen,1906,Aztec Fruit-eating Bat,
Dermanura_bogotensis,Andersen,1906,Bogotá Fruit-eating Bat,Bogota Fruit-eating Bat
Dermanura_cinerea,P. Gervais,1855,Gervais's Fruit-eating Bat,
Dermanura_glauca,O. Thomas,1893,Silvery Fruit-eating Bat,Silver Little Fruit-eating Bat
Dermanura_gnomus,Handley,1987,Dwarf Fruit-eating Bat,Dwarf Little Fruit-eating Bat
Dermanura_phaeotis,G. S. Miller,1902,Pygmy Fruit-eating Bat,
Dermanura_rava,G. S. Miller,1902,Little Fruit-eating Bat,Amber Fruit-eating Bat|Yellowish Little Fruit-eating Bat
Dermanura_rosenbergi,O. Thomas,1897,Rosenberg's Fruit-eating Bat,Rosenberg's Little Fruit-eating Bat
Dermanura_tolteca,de Saussure,1860,Toltec Fruit-eating Bat,
Dermanura_watsoni,O. Thomas,1901,Thomas's Fruit-eating Bat,Watson's Fruit-eating Bat
Ectophylla_alba,H. Allen,1892,Honduran White Bat,White Bat
Enchisthenes_hartii,O. Thomas,1892,Velvety Fruit-eating Bat,Hart's Little Fruit Bat
Ametrida_centurio,J. E. Gray,1847,Little White-shouldered Bat,
Ardops_nichollsi,O. Thomas,1891,Tree Bat,Lesser Antillean Tree Bat
Ariteus_flavescens,J. E. Gray,1831,Jamaican Fig-eating Bat,Naseberry Bat|Pale Pit-nose Bat
Centurio_senex,J. E. Gray,1842,Wrinkle-faced Bat,Lattice-winged Bat
Phyllops_falcatus,J. E. Gray,1839,Cuban Fig-eating Bat,Cuban White-shouldered Bat
Pygoderma_bilabiatum,J. A. Wagner,1843,Ipanema Broad-nosed Bat,Ipanema Bat
Sphaeronycteris_toxophyllum,W. C. H. Peters,1882,Visored Bat,
Stenoderma_rufum,Goldfuss,1820,Red Fruit Bat,Red Fig-eating Bat
Chiroderma_doriae,O. Thomas,1891,Brazilian Big-eyed Bat,
Chiroderma_gorgasi,Handley,1960,Handley's Big-eyed Bat,
Chiroderma_improvisum,R. J. Baker & Genoways,1976,Guadeloupean Big-eyed Bat,
Chiroderma_salvini,Dobson,1878,Salvin's Big-eyed Bat,Dwarf Big-eyed Bat
Chiroderma_scopaeum,Handley,1966,Mexican Big-eyed Bat,Salvin's Big-eyed Bat
Chiroderma_trinitatum,G. G. Goodwin,1958,Little Big-eyed Bat,
Chiroderma_villosum,W. C. H. Peters,1861,Hairy Big-eyed Bat,
Mesophylla_macconnelli,O. Thomas,1901,MacConnell's Bat,
Platyrrhinus_albericoi,Velazco,2005,Alberico's Broad-nosed Bat,
Platyrrhinus_angustirostris,"Velazco, A. L. Gardner, & B. D. Patterson",2010,Slender Broad-nosed Bat,
Platyrrhinus_aquilus,Handley & Ferris,1972,Darién Broad-nosed Bat,Darien Broad-nosed Bat
Platyrrhinus_aurarius,Handley & Ferris,1972,Eldorado Broad-nosed Bat,
Platyrrhinus_brachycephalus,Rouk & D. C. Carter,1972,Short-headed Broad-nosed Bat,
Platyrrhinus_dorsalis,O. Thomas,1900,Thomas's Broad-nosed Bat,
Platyrrhinus_fusciventris,"Velazco, A. L. Gardner, & B. D. Patterson",2010,Brown-bellied Broad-nosed Bat,
Platyrrhinus_guianensis,Velazco & B. K. Lim,2014,Guianan Broad-nosed Bat,
Platyrrhinus_helleri,W. C. H. Peters,1866,Heller's Broad-nosed Bat,
Platyrrhinus_incarum,O. Thomas,1912,Incan Broad-nosed Bat,
Platyrrhinus_infuscus,W. C. H. Peters,1880,Buffy Broad-nosed Bat,
Platyrrhinus_ismaeli,Velazco,2005,Ismael's Broad-nosed Bat,
Platyrrhinus_lineatus,É. Geoffroy Saint-Hilaire,1810,White-lined Broad-nosed Bat,White-lined Bat
Platyrrhinus_masu,Velazco,2005,Quechuan Broad-nosed Bat,
Platyrrhinus_matapalensis,Velazco,2005,Matapalo Broad-nosed Bat,
Platyrrhinus_nitelinea,Velazco & A. L. Gardner,2009,Western Broad-nosed Bat,
Platyrrhinus_recifinus,O. Thomas,1901,Recife Broad-nosed Bat,
Platyrrhinus_umbratus,Lyon,1902,Shadowy Broad-nosed Bat,
Platyrrhinus_vittatus,W. C. H. Peters,1859,Greater Broad-nosed Bat,
Uroderma_bakeri,Mantilla-Meluk,2014,Baker's Tent-making Bat,
Uroderma_bilobatum,W. C. H. Peters,1866,Common Tent-making Bat,Peters's Tent-making Bat|White-lined Tent-making Bat
Uroderma_convexum,Lyon,1902,Pacific Tent-making Bat,Arcuate Tent-making Bat
Uroderma_davisi,R. J. Baker & McDaniel,1972,Davis's Tent-making Bat,
Uroderma_magnirostrum,W. B. Davis,1968,Brown Tent-making Bat,
Vampyressa_elisabethae,"V. da C. Tavares, A. L. Gardner, Ramírez-Chaves, & Velazco",2014,Kalko's Yellow-eared Bat,Elisabeth's Yellow-eared Bat
Vampyressa_melissa,O. Thomas,1926,Melissa's Yellow-eared Bat,Peruvian Yellow-eared Bat
Vampyressa_pusilla,J. A. Wagner,1843,Southern Little Yellow-eared Bat,Southern Yellow-eared Bat
Vampyressa_thyone,O. Thomas,1909,Northern Little Yellow-eared Bat,
Vampyressa_villai,"Garbino, Hernández-Canchola, León-Paniagua, & V. da C. Tavares",2024,Villa's Little Yellow-eared Bat,
Vampyressa_voragine,"D. M. Morales-Martínez, Rodríguez-Posada, & Ramírez-Chaves",2021,Voragine's Yellow-eared Bat,
Vampyriscus_bidens,Dobson,1878,Bidentate Yellow-eared Bat,
Vampyriscus_brocki,R. L. Peterson,1968,Brock's Yellow-eared Bat,
Vampyriscus_nymphaeus,O. Thomas,1909,Striped Yellow-eared Bat,
Vampyrodes_caraccioli,O. Thomas,1889,Caracciolo's Stripe-faced Bat,
Vampyrodes_major,G. M. Allen,1908,Great Stripe-faced Bat,Greater Stripe-faced Bat
Sturnira_adrianae,"Molinari, Bustos, S. F. Burneo, Camacho, S. A. Moreno, & Fermín",2017,Adriana's Yellow-shouldered Bat,Caripe Yellow-shouldered Bat
Sturnira_angeli,de la Torre,1966,Dominica Yellow-shouldered Bat,Angel's Yellow-shouldered Bat|Guadeloupe Yellow-shouldered Bat
Sturnira_aratathomasi,R. L. Peterson & Tamsitt,1968,Arata-Thomas Yellow-shouldered Bat,Arata Yellow-shouldered Bat|Giant Yellow-shouldered Bat|Thomas's Yellow-shouldered Bat
Sturnira_bakeri,Velazco & B. D. Patterson,2014,Baker's Yellow-shouldered Bat,
Sturnira_bidens,O. Thomas,1915,Bidentate Yellow-shouldered Bat,
Sturnira_boadai,"Yánez-Fernández, M. R. Marchán-Rivadeneira, Velazco, S. F. Burneo, Tinoco, & Camacho",2023,Boada's Yellow-shouldered Bat,
Sturnira_bogotensis,Shamel,1927,Bogotá Yellow-shouldered Bat,Bogota Yellow-shouldered Bat
Sturnira_burtonlimi,Velazco & B. D. Patterson,2014,Burton's Yellow-shouldered Bat,Burton Lim's Yellow-shouldered Bat
Sturnira_erythromos,von Tschudi,1844,Hairy Yellow-shouldered Bat,Andean Fruit Bat|Small Yellow-shouldered Bat
Sturnira_giannae,Velazco & B. D. Patterson,2019,Gianna's Yellow-shouldered Bat,
Sturnira_hondurensis,G. G. Goodwin,1940,Honduran Yellow-shouldered Bat,
Sturnira_koopmanhilli,"T. J. McCarthy, L. Albuja, & M. S. Alberico",2006,Choco Yellow-shouldered Bat,Chocoan Yellow-shouldered Bat|Koopman and Hill's Yellow-shouldered Bat
Sturnira_lilium,É. Geoffroy Saint-Hilaire,1810,Little Yellow-shouldered Bat,
Sturnira_ludovici,H. E. Anthony,1924,Highland Yellow-shouldered Bat,Ludovic's Yellow-shouldered Bat
Sturnira_luisi,W. B. Davis,1980,Luis's Yellow-shouldered Bat,
Sturnira_magna,de la Torre,1966,Greater Yellow-shouldered Bat,
Sturnira_mistratensis,M. Contreras & Cadena,2000,Mistratoan Yellow-shouldered Bat,Mistrato Yellow-shouldered Bat
Sturnira_mordax,G. G. Goodwin,1938,Talamancan Yellow-shouldered Bat,
Sturnira_nana,A. L. Gardner & J. P. O'Neill,1971,Lesser Yellow-shouldered Bat,
Sturnira_oporaphilum,von Tschudi,1844,Tschudi's Yellow-shouldered Bat,Eastern Yellow-shouldered Bat
Sturnira_parvidens,E. A. Goldman,1917,Northern Yellow-shouldered Bat,
Sturnira_paulsoni,de la Torre & A. Schwartz,1966,Paulson's Yellow-shouldered Bat,
Sturnira_perla,Jarrín-Valladares & Kunz,2011,Perla Yellow-shouldered Bat,La Perla Forest Yellow-shouldered Bat
Sturnira_sorianoi,"C. Sánchez-Hernández, Romero-Almaraz, & Schnell",2005,Soriano's Yellow-shouldered Bat,
Sturnira_tildae,de la Torre,1959,Tilda's Yellow-shouldered Bat,
Thyroptera_devivoi,"Gregorin, E. Gonçalves, B. K. Lim, & Engstrom",2006,De Vivo's Disk-winged Bat,
Thyroptera_discifera,H. Lichtenstein & W. C. H. Peters,1854,Peters's Disk-winged Bat,
Thyroptera_lavali,Pine,1993,LaVal's Disk-winged Bat,
Thyroptera_tricolor,von Spix,1823,Spix's Disk-winged Bat,
Thyroptera_wynneae,"Velazco, Gregorin, Voss, & Simmons",2014,Patricia's Disk-winged Bat,Wynne's Disk-winged Bat
Cistugo_lesueuri,A. Roberts,1919,Le Sueur's Wing-gland Bat,Le Sueur's Hairy Bat|Lesueur's Wing-gland Bat
Cistugo_seabrae,O. Thomas,1912,Angolan Wing-gland Bat,Angolan Hairy Bat|Seabra's Wing-gland Bat
Miniopterus_aelleni,"S. M. Goodman, Maminirina, Weyeneth, Bradman, Christidis, Ruedi, & B. Appleton",2009,Aellen's Long-fingered Bat,Aellen's Bent-winged Bat
Miniopterus_africanus,Sanborn,1936,African Long-fingered Bat,African Bent-winged Bat
Miniopterus_ambohitrensis,"S. M. Goodman, Ramasindrazana, K. M. Naughton, & B. Appleton",2015,Montagne d'Ambre Long-fingered Bat,Ambohitra Long-fingered Bat|Montagne d'Ambre Bent-winged Bat
Miniopterus_arenarius,E. Heller,1912,Sandy Long-fingered Bat,Sandy Bent-winged Bat
Miniopterus_australis,Tomes,1858,Little Long-fingered Bat,Little Bent-winged Bat
Miniopterus_brachytragos,"S. M. Goodman, Maminirina, Bradman, Christidis, & B. Appleton",2009,Madagascar Long-fingered Bat,Broad-tragused Long-fingered Bat|Madagascar Bent-winged Bat
Miniopterus_egeri,"S. M. Goodman, Ramasindrazana, Maminirina, M. C. Schoeman, & B. Appleton",2011,Eger's Long-fingered Bat,Eger's Bent-winged Bat
Miniopterus_eschscholtzii,G. R. Waterhouse,1845,Eschscholtz's Long-fingered Bat,Eschscholtz's Bent-winged Bat
Miniopterus_fraterculus,O. Thomas & Schwann,1906,Lesser Long-fingered Bat,Lesser Bent-winged Bat
Miniopterus_fuliginosus,B. H. Hodgson,1835,Asian Long-fingered Bat,Asian Bent-winged Bat|Eastern Bent-winged Bat|Eastern Long-fingered Bat|Javanese Bent-winged Bat|Javanese Long-fingered Bat
Miniopterus_fuscus,Bonhote,1902,Ryukyu Long-fingered Bat,Japanese Long-fingered Bat|Ryukyu Bent-winged Bat|Southeast Asian Bent-winged Bat|Southeast Asian Long-fingered Bat
Miniopterus_gleni,"R. L. Peterson, Eger, & L. Mitchell",1995,Glen's Long-fingered Bat,Glen's Bent-winged Bat
Miniopterus_griffithsi,"S. M. Goodman, Maminirina, Bradman, Christidis, & B. R. Appleton",2010,Griffiths's Long-fingered Bat,Griffiths's Bent-winged Bat
Miniopterus_griveaudi,D. L. Harrison,1959,Griveaud's Long-fingered Bat,Comoros Bent-winged Bat|Comoros Long-fingered Bat
Miniopterus_inflatus,O. Thomas,1903,Greater Long-fingered Bat,Greater Bent-winged Bat
Miniopterus_macrocneme,Revilliod,1914,Small Melanesian Long-fingered Bat,Small Melanesian Bent-winged Bat
Miniopterus_maghrebensis,"Puechmaille, Allegrini, Benda, Bilgin, Ibáñez, & Juste in Puechmaille, Allegrini, Benda, Gürün, Šrámek, Ibáñez, Juste, & Bilgin",2014,Maghrebian Long-fingered Bat,Maghrebian Bent-winged Bat
Miniopterus_magnater,Sanborn,1931,Large Long-fingered Bat,Large Bent-winged Bat|Western Bent-winged Bat|Western Long-fingered Bat
Miniopterus_mahafaliensis,"S. M. Goodman, Maminirina, Bradman, Christidis, & B. Appleton",2009,Mahafaly Long-fingered Bat,Mahafaly Bent-winged Bat
Miniopterus_majori,O. Thomas,1906,Major's Long-fingered Bat,Major's Bent-winged Bat
Miniopterus_manavi,O. Thomas,1906,Manavil Long-fingered Bat,Manavil Bent-winged Bat
Miniopterus_medius,O. Thomas & Wroughton,1909,Intermediate Long-fingered Bat,Intermediate Bent-winged Bat|Medium Bent-winged Bat
Miniopterus_minor,W. C. H. Peters,1867,Least Long-fingered Bat,Least Bent-winged Bat
Miniopterus_mossambicus,"Monadjem, S. M. Goodman, Stanley, & B. Appleton",2013,Mozambican Long-fingered Bat,Mozambican Bent-winged Bat|Mozambique Long-fingered Bat
Miniopterus_natalensis,A. Smith,1833,Natal Long-fingered Bat,Natal Bent-winged Bat
Miniopterus_newtoni,du Bocage,1889,Newton's Long-fingered Bat,Newton's Bent-winged Bat
Miniopterus_nimbae,"Monadjem, Shapiro, L. R. Richards, Karabulut, Crawley, Nielsen, A. Hansen, K. Bohmann, & Mourier",2020,Nimba Long-fingered Bat,
Miniopterus_orianae,O. Thomas,1922,Australian Long-fingered Bat,Australian Bent-winged Bat|Northern Bent-winged Bat|Australasian Bent-winged Bat|Oriana's Long-fingered Bat
Miniopterus_pallidus,O. Thomas,1907,Pallid Long-fingered Bat,Anatolian Bent-winged Bat|Anatolian Long-fingered Bat|Ashen Long-fingered Bat|Pallid Bent-winged Bat
Miniopterus_paululus,Hollister,1913,Philippine Long-fingered Bat,Philippine Bent-winged Bat
Miniopterus_petersoni,"S. M. Goodman, Bradman, Maminirina, K. E. Ryan, Christidis, & B. Appleton",2008,Peterson's Long-fingered Bat,Peterson's Bent-winged Bat
Miniopterus_phillipsi,"Kusuminda, Mannakkara, Ukuwela, Kruskop, Amarasinghe, Saikia, Venugopal, Karunarathna, R. Gamage, Ruedi, Csorba, W. B. Yapa, & B. D. Patterson",2022,Phillips's Long-fingered Bat,
Miniopterus_pusillus,Dobson,1876,Small Long-fingered Bat,Nicobar Bent-winged Bat|Nicobar Long-fingered Bat|Small Bent-winged Bat
Miniopterus_robustior,Revilliod,1914,Loyalty Long-fingered Bat,Loyalty Bent-winged Bat
Miniopterus_schreibersii,Kuhl,1817,Schreibers's Long-fingered Bat,Schreiber's Bent-winged Bat
Miniopterus_shortridgei,Laurie & J. Edwards Hill,1957,Shortridge's Long-fingered Bat,
Miniopterus_sororculus,"S. M. Goodman, K. E. Ryan, Maminirina, Fahr, Christidis, & B. Appleton",2007,Sororcula Long-fingered Bat,Malagasy Long-fingered Bat|Sororcula Bent-winged Bat
Miniopterus_srinii,B. Srinivasulu & A. Srinivasulu,2023,Srini's Long-fingered Bat,Srini's Bent-winged Bat
Miniopterus_tristis,G. R. Waterhouse,1845,Great Long-fingered Bat,Great Bent-winged Bat|Greater Bent-winged Bat
Miniopterus_villiersi,Aellen,1956,Villiers's Long-fingered Bat,Villiers's Bent-winged Bat
Miniopterus_wilsoni,"Monadjem, J. Guyton, Naskrecki, L. R. Richards, Kropff, & D. L. Dalton",2020,Wilson's Long-fingered Bat,
Austronomus_australis,J. E. Gray,1838,White-striped Free-tailed Bat,White-striped Mastiff Bat
Austronomus_kuboriensis,McKean & Calaby,1968,New Guinea Free-tailed Bat,New Guinea Mastiff Bat
Cabreramops_aequatorianus,Cabrera,1917,Equatorial Dog-faced Bat,Cabrera's Free-tailed Bat
Cheiromeles_parvidens,G. S. Miller & Hollister,1921,Lesser Naked Bat,Sulawesi Mastiff Bat
Cheiromeles_torquatus,Horsfield,1824,Greater Naked Bat,
Cynomops_abrasus,Temminck,1826,Cinnamon Dog-faced Bat,
Cynomops_freemani,"L. M. Moras, Gregorin, Sattler, & V. da C. Tavares",2018,Freeman's Dog-faced Bat,
Cynomops_greenhalli,G. G. Goodwin,1958,Greenhall's Dog-faced Bat,
Cynomops_kuizha,"Arenas-Viveros, Sánchez-Vendizú, Giraldo, & Salazar-Bravo",2021,Awa Dog-faced Bat,
Cynomops_mastivus,O. Thomas,1911,Thomas's Dog-faced Bat,
Cynomops_mexicanus,J. K. Jones & Genoways,1967,Mexican Dog-faced Bat,
Cynomops_milleri,Osgood,1914,Miller's Dog-faced Bat,
Cynomops_planirostris,W. C. H. Peters,1866,Southern Dog-faced Bat,
Cynomops_tonkigui,"L. M. Moras, Gregorin, Sattler, & V. da C. Tavares",2018,Waorani Dog-faced Bat,
Eumops_auripendulus,G. K. Shaw,1800,Black Bonneted Bat,Shaw's Bonneted Bat|Shaw's Mastiff Bat
Eumops_bonariensis,W. C. H. Peters,1874,Common Dwarf Bonneted Bat,Dwarf Bonneted Bat|Southern Bonneted Bat|Southern Dwarf Bonneted Bat
Eumops_chimaera,"Gregorin, L. M. Moras, Acosta, Vasconcellos, Poma, F. R. dos Santos, & Paca",2016,Chimera's Bonneted Bat,Chimers Bonneted Bat
Eumops_chiribaya,"Medina, Gregorin, Zeballos, Zamora, & L. M. Moras",2014,Chiribaya's Bonneted Bat,
Eumops_dabbenei,O. Thomas,1914,Big Bonneted Bat,Great Bonneted Bat|Dabbene's Bonneted Bat|Dabbene's Mastiff Bat
Eumops_delticus,O. Thomas,1923,Delta Bonneted Bat,Marajo Island Bonneted Bat
Eumops_ferox,J. C. Gundlach in W. C. H. Peters,1861,Fierce Bonneted Bat,Chestnut Mastiff Bat|Wild Bonneted Bat
Eumops_floridanus,G. M. Allen,1932,Florida Bonneted Bat,
Eumops_glaucinus,J. A. Wagner,1843,Wagner's Bonneted Bat,
Eumops_hansae,Sanborn,1932,Sanborn's Bonneted Bat,
Eumops_maurus,O. Thomas,1901,Guianan Bonneted Bat,Thomas's Mastiff Bat
Eumops_nanus,G. S. Miller,1900,Northern Dwarf Bonneted Bat,Dwarf Bonneted Bat
Eumops_patagonicus,O. Thomas,1924,Patagonian Dwarf Bonneted Bat,Patagonian Bonneted Bat
Eumops_perotis,H. R. Schinz,1821,Western Bonneted Bat,Greater Bonneted Bat|Greater Mastiff Bat|Western Mastiff Bat
Eumops_trumbulli,O. Thomas,1901,Trumbull's Bonneted Bat,
Eumops_underwoodi,G. G. Goodwin,1940,Underwood's Bonneted Bat,
Eumops_wilsoni,"R. J. Baker, M. M. McDonough, Swier, P. A. Larsen, Carrera, & Ammerman",2009,Wilson's Bonneted Bat,
Micronomus_norfolkensis,J. E. Gray,1839,East Coast Free-tailed Bat,East Coast Mastiff Bat|Eastern Freetail Bat|Eastern Little Mastiff Bat|Norfolk Island Mastiff Bat
Molossops_griseiventer,Sanborn,1941,Colombian Dog-faced Bat,
Molossops_neglectus,S. L. Williams & Genoways,1980,Rufous Dog-faced Bat,
Molossops_temminckii,Burmeister,1854,Dwarf Dog-faced Bat,
Molossus_alvarezi,"González-Ruiz, Ramírez-Pulido, & Arroyo-Cabrales",2011,Alvarez's Mastiff Bat,Alvarez's Free-tailed Bat
Molossus_aztecus,de Saussure,1860,Aztec Mastiff Bat,Aztec Free-tailed Bat
Molossus_bondae,J. A. Allen,1904,Bonda Mastiff Bat,
Molossus_coibensis,J. A. Allen,1904,Coiban Mastiff Bat,Coiban Free-tailed Bat
Molossus_currentium,O. Thomas,1901,Thomas's Mastiff Bat,Thomas's Free-tailed Bat|Corrientes Mastiff Bat
Molossus_fentoni,"Loureiro, B. K. Lim, & Engstrom",2018,Fenton's Mastiff Bat,Fenton's Free-tailed Bat
Molossus_fluminensis,Lataste,1891,Southern Black Mastiff Bat,
Molossus_melini,"Montani, I. H. Tomasco, Barberis, Romano, Barquez, & M. M. Díaz",2021,Melin's Mastiff Bat,
Molossus_molossus,Pallas,1766,Pallas's Mastiff Bat,Pallas's Free-tailed Bat|Velvety Free-tailed Bat
Molossus_nigricans,G. S. Miller,1902,Northern Black Mastiff Bat,
Molossus_paranaensis,"Caraballo, Pavé, Argoitia, Schierloh, & Chambi Velasquez in Chambi Velasquez, Pavé, Argoitia, Schierloh, Piccirilli, V. C. Colombo, Beltrán, Cisterna, & Caraballo",2024,Paraná River Mastiff Bat,
Molossus_pretiosus,G. S. Miller,1902,Miller's Mastiff Bat,Miller's Free-tailed Bat
Molossus_rufus,É. Geoffroy Saint-Hilaire,1805,Common Black Mastiff Bat,Black Free-tailed Bat|Black Mastiff Bat
Molossus_sinaloae,J. A. Allen,1906,Sinaloan Mastiff Bat,Allen's Mastiff Bat|Sinaloan Free-tailed Bat|Trinidadian Free-tailed Bat
Molossus_tropidorhynchus,J. E. Gray,1839,Pug-nosed Mastiff Bat,Pug-nosed Bat|Pug-nosed Free-tailed Bat
Molossus_verrilli,J. A. Allen,1908,Hispaniolan Mastiff Bat,Hispaniolan Free-tailed Bat
Mops_aloysiisabaudiae,Festa,1907,Duke of Abruzzi's Free-tailed Bat,Abruzzi's Wrinkle-lipped Bat|Duke of Abruzzi's Wrinkle-lipped Bat
Mops_ansorgei,O. Thomas,1913,Ansorge's Free-tailed Bat,Ansorge's Wrinkle-lipped Bat
Mops_atsinanana,"S. M. Goodman, Buccas, Naidoo, F. Ratrimomanarivo, P. J. Taylor, & J. Lamb",2010,Madagascar Free-tailed Bat,Eastern Madagascar Free-tailed Bat
Mops_bakarii,Stanley,2008,Bakari's Free-tailed Bat,
Mops_bemmeleni,Jentink,1879,Gland-tailed Free-tailed Bat,Gland-tailed Wrinkle-lipped Bat|Van Bemmelen's Wrinkle-lipped Bat
Mops_bivittatus,von Heuglin,1861,Spotted Free-tailed Bat,Spotted Gland-tailed Bat|Spotted Wrinkle-lipped Bat
Mops_brachypterus,W. C. H. Peters,1851,Short-winged Free-tailed Bat,Short-winged Mops Bat|Sierra Leone Free-tailed Bat|Sierra Leone Mops Bat|White-fingered Free-tailed Bat
Mops_bregullae,Felten,1964,Fijian Free-tailed Bat,Fiji Free-tailed Bat|Fijian Mastiff Bat|Fiji Mastiff Bat
Mops_chapini,"J. A. Allen in J. A. Allen, H. Lang, & Chapin",1917,Long-crested Free-tailed Bat,Chapin's Free-tailed Bat|Chapin's Wrinkle-lipped Bat|Crested Free-tailed Bat|Crested Wrinkle-lipped Bat|Long-crested Gland-tailed Bat|Long-crested Wrinkle-lipped Bat|Pale Free-tailed Bat|Shortridge's Free-tailed Bat
Mops_condylurus,A. Smith,1833,Angolan Free-tailed Bat,Angolan Mops Bat|Knob-tailed Mops Bat|Knob-tailed Nyctinome
Mops_congicus,"J. A. Allen in J. A. Allen, H. Lang, & Chapin",1917,Congo Free-tailed Bat,Medje Free-tailed Bat|Medje Greater Free-tailed Bat|Medje Mops Bat
Mops_demonstrator,O. Thomas,1903,Mongalla Free-tailed Bat,Mongalla Mops Bat|Mongallan Mops Bat
Mops_gallagheri,D. L. Harrison,1975,Gallagher's Free-tailed Bat,Gallagher's Wrinkle-lipped Bat|Zaire Gland-tailed Bat
Mops_jobensis,G. S. Miller,1902,Greater Northern Free-tailed Bat,Northern Mastiff Bat|Northern Free-tailed Bat|Wrinkle-lipped Mastiff Bat
Mops_jobimena,S. M. Goodman & Cardiff,2004,Black-and-red Free-tailed Bat,
Mops_johorensis,Dobson,1873,Lesser Northern Free-tailed Bat,Northern Free-tailed Bat|Johore Wrinkle-lipped Bat
Mops_leucogaster,A. Grandidier,1869,Grandidier's Free-tailed Bat,Madagascan White-bellied Free-tailed Bat
Mops_leucostigma,G. M. Allen,1918,Malagasy White-bellied Free-tailed Bat,Madagascar White-bellied Free-tailed Bat|White-shouldered Bat
Mops_major,Trouessart,1897,Lappet-eared Free-tailed Bat,Giant Gland-tailed Bat|Lappet-eared Wrinkle-lipped Bat|Large Wrinkle-lipped Bat
Mops_midas,Sundevall,1843,Midas Free-tailed Bat,Midas Bat|Midas Groove-cheeked Bat|Midas Mops Bat|Sundevall's Free-tailed Bat
Mops_mops,de Blainville,1840,Malayan Free-tailed Bat,
Mops_nanulus,"J. A. Allen in J. A. Allen, H. Lang, & Chapin",1917,Dwarf Free-tailed Bat,Dwarf Mops Bat
Mops_niangarae,"J. A. Allen in J. A. Allen, H. Lang, & Chapin",1917,Niangara Free-tailed Bat,Niangara Mops Bat|Niangaran Mops Bat
Mops_nigeriae,O. Thomas,1913,Nigerian Free-tailed Bat,Nigerian Wrinkle-lipped Bat
Mops_niveiventer,Cabrera & Ruxton,1926,White-bellied Free-tailed Bat,White-bellied Mops Bat
Mops_petersoni,El-Rayah,1981,Peterson's Free-tailed Bat,Peterson's Mops Bat
Mops_plicatus,Buchannan,1800,Wrinkle-lipped Free-tailed Bat,Wrinkle-lipped Bat
Mops_pumilus,Cretzschmar,1830,Little Free-tailed Bat,Lesser Free-tailed Bat|Little Wrinkle-lipped Bat|White-bellied Free-tailed Bat
Mops_pusillus,G. S. Miller,1902,Seychelles Free-tailed Bat,
Mops_russatus,"J. A. Allen in J. A. Allen, H. Lang, & Chapin",1917,Russet Free-tailed Bat,Russet Wrinkle-lipped Bat
Mops_sarasinorum,A. B. Meyer,1899,Sulawesian Free-tailed Bat,Sulawesi Free-tailed Bat
Mops_solomonis,Troughton,1931,Solomons Free-tailed Bat,Solomons Mastiff Bat
Mops_spurrelli,Dollman,1911,Spurrell's Free-tailed Bat,Spurrell's Mops Bat
Mops_thersites,O. Thomas,1903,Railer Free-tailed Bat,Railer Bat|Railer Mops Bat
Mops_tomensis,Juste & Ibáñez,1993,Sao Tome Free-tailed Bat,
Mops_trevori,"J. A. Allen in J. A. Allen, H. Lang, & Chapin",1917,Trevor's Free-tailed Bat,Trevor's Bat|Trevor's Mops Bat
Mormopterus_acetabulosus,Hermann,1804,Mauritian Little Mastiff Bat,Mauritian Free-tailed Bat|Natal Free-tailed Bat
Mormopterus_doriae,Andersen,1907,Sumatran Little Mastiff Bat,Sumatran Mastiff Bat
Mormopterus_francoismoutoui,"S. M. Goodman, Jansen van Vuuren, F. Ratrimomanarivo, Probst, & Bowie",2008,Reunion Little Mastiff Bat,Moutou's Free-tailed Bat|Reunion Free-tailed Bat
Mormopterus_jugularis,W. C. H. Peters in P. L. Sclater,1865,Peters's Little Mastiff Bat,Peters's Goblin Bat|Peters's Little Free-tailed Bat|Peters's Wrinkle-lipped Bat
Mormopterus_kalinowskii,O. Thomas,1893,Kalinowski's Little Mastiff Bat,Kalinowski's Mastiff Bat
Mormopterus_minutus,G. S. Miller,1899,Least Little Mastiff Bat,Little Goblin Bat|Little Goblin Mastiff Bat
Mormopterus_phrudus,Handley,1956,Incan Little Mastiff Bat,Incan Mastiff Bat
Myopterus_daubentonii,Ranzani,1820,Daubenton's Winged-mouse Bat,Daubenton's Free-tailed Bat|Senegal Mastiff Bat
Myopterus_whitleyi,R. F. Scharff,1900,Bini Winged-mouse Bat,Bini Free-tailed Bat|Whitley's Winged-mouse Bat
Neoplatymops_mattogrossensis,C. O. da C. Vieira,1942,Mato Grosso Dog-faced Bat,Mato Grosso Free-tailed Bat|South American Flat-headed Bat|South American Free-tailed Bat
Nyctinomops_aurispinosus,T. R. Peale,1849,Peale's Free-tailed Bat,
Nyctinomops_femorosaccus,C. H. Merriam,1889,Pocketed Free-tailed Bat,
Nyctinomops_laticaudatus,É. Geoffroy Saint-Hilaire,1805,Broad-eared Free-tailed Bat,Broad-eared Bat|Broad-tailed Bat|Espirito Santo Free-tailed Bat|Geoffroy's Free-tailed Bat|Guaraní Free-tailed Bat
Nyctinomops_macrotis,J. E. Gray,1839,Big Free-tailed Bat,
Nyctinomus_aegyptiacus,É. Geoffroy Saint-Hilaire,1813,Egyptian Free-tailed Bat,Egyptian Guano Bat|Egyptian Nyctinome
Otomops_formosus,Chasen,1939,Java Giant Mastiff Bat,Java Free-tailed Bat|Java Mastiff Bat|Javan Mastiff Bat
Otomops_harrisoni,"Ralph, L. R. Richards, P. J. Taylor, Napier, & J. M. Lamb",2015,Harrison's Giant Mastiff Bat,Harrison's Large-eared Giant Mastiff Bat
Otomops_johnstonei,"D. J. Kitchener, How, & Maryanto",1992,Johnstone's Giant Mastiff Bat,Johnstone's Free-tailed Bat|Johnstone's Mastiff Bat
Otomops_madagascariensis,Dorst,1953,Madagascar Giant Mastiff Bat,Madagascar Free-tailed Bat|Madagascar Mastiff Bat
Otomops_martiensseni,Matschie,1897,Large-eared Giant Mastiff Bat,Giant Mastiff Bat|Large-eared Free-tailed Bat|Martienssen's Free-tailed Bat|Martienssen Bat|Martienssen's Big-eared Bulldog Bat
Otomops_papuensis,B. Lawrence,1948,Papuan Giant Mastiff Bat,Big-eared Mastiff Bat|Papuan Free-tailed Bat|Papuan Mastiff Bat
Otomops_secundus,Hayman in Laurie,1952,Mantled Giant Mastiff Bat,Mantled Free-tailed Bat|Mantled Mastiff Bat
Otomops_wroughtoni,O. Thomas,1913,Wroughton's Giant Mastiff Bat,
Ozimops_beccarii,W. C. H. Peters,1881,Beccari's Free-tailed Bat,Beccari's Mastiff Bat
Ozimops_cobourgianus,D. H. Johnson,1959,Northern Coastal Free-tailed Bat,Mangrove Free-tailed Bat|Northwestern Freetail Bat|Western Little Free-tailed Bat
Ozimops_halli,"Reardon, N. L. McKenzie, & M. Adams in Reardon, N. L. McKenzie, S. J. B. Cooper, B. Appleton, Carthew, & M. Adams",2014,Cape York Free-tailed Bat,Cape York Mastiff Bat|Hall's Free-tailed Bat
Ozimops_kitcheneri,"N. L. McKenzie, Reardon, & M. Adams in Reardon, N. L. McKenzie, S. J. B. Cooper, B. Appleton, Carthew, & M. Adams",2014,Southwestern Free-tailed Bat,Western Free-tailed Bat|Western Mastiff Bat
Ozimops_loriae,O. Thomas,1897,Loria's Free-tailed Bat,Loria's Mastiff Bat|Little Northern Mastiff Bat
Ozimops_lumsdenae,"Reardon, N. L. McKenzie, & M. Adams in Reardon, N. L. McKenzie, S. J. B. Cooper, B. Appleton, Carthew, & M. Adams",2014,Lumsden's Free-tailed Bat,Northern Free-tailed Bat|Northern Mastiff Bat
Ozimops_petersi,Leche,1884,Inland Free-tailed Bat,Inland Mastiff Bat|Little Free-tailed Bat|Little Mastiff Bat
Ozimops_planiceps,W. C. H. Peters,1866,Southern Free-tailed Bat,Southeastern Free-tailed Bat
Ozimops_ridei,Felten,1964,Ride's Free-tailed Bat,Eastern Free-tailed Bat|Eastern Little Free-tailed Bat|Eastern Mastiff Bat
Platymops_setiger,W. C. H. Peters,1878,Peters's Flat-headed Bat,East African Flat-headed Bat|Flat-headed Free-tailed Bat
Promops_centralis,O. Thomas,1915,Big Crested Mastiff Bat,Big-crested Free-tailed Bat|Crested Mastiff Bat
Promops_davisoni,O. Thomas,1921,Davison's Mastiff Bat,Davison's Free-tailed Bat
Promops_nasutus,von Spix,1823,Brown Mastiff Bat,Brown Free-tailed Bat
Sauromys_petrophilus,A. Roberts,1917,Roberts's Flat-headed Bat,Flat-headed Free-tailed Bat|Rock-dwelling Flat-headed Bat|Rock-loving Flat-headed Bat
Setirostris_eleryi,"Reardon & N. McKenzie in Reardon, M. Adams, N. McKenzie, & P. D. Jenkins",2008,Hairy-nosed Free-tailed Bat,Bristle-faced Freetail Bat|Bristle-faced Free-tailed Bat|Hairy-nosed Freetail Bat|Hairy-rostrum Freetail Bat
Tadarida_brasiliensis,I. Geoffroy Saint-Hilaire,1824,Brazilian Free-tailed Bat,Mexican Free-tailed Bat
Tadarida_fulminans,O. Thomas,1903,Malagasy Free-tailed Bat,Madagascan Large Free-tailed Bat|Madagascar Large Free-tailed Bat|Large Free-tailed Bat|Large Guano Bat|Lightning Guano Bat|Madagascan Large Guano Bat
Tadarida_insignis,E. Blyth,1862,East Asian Free-tailed Bat,Oriental Free-tailed Bat
Tadarida_latouchei,O. Thomas,1920,La Touche's Free-tailed Bat,
Tadarida_lobata,O. Thomas,1891,Kenyan Big-eared Free-tailed Bat,Big-eared Free-tailed Bat|Big-eared Guano Bat|Big-eared Kenyan Guano Bat|Big-eared Kenya Free-tailed Bat|Eastern Africa Free-tailed Bat
Tadarida_teniotis,Rafinesque,1814,European Free-tailed Bat,
Tadarida_ventralis,von Heuglin,1861,African Giant Free-tailed Bat,Giant Free-tailed Bat|Giant African Free-tailed Bat|Giant Guano Bat|Giant African Guano Bat|Transvaal Free-tailed Bat
Tomopeas_ravum,G. S. Miller,1900,Blunt-eared Bat,Blunt-eared Free-tailed Bat|Peruvian Crevice-dwelling Bat
Chilonatalus_macer,G. S. Miller,1914,Cuban Lesser Funnel-eared Bat,Cuban Least Funnel-eared Bat
Chilonatalus_micropus,Dobson,1880,Caribbean Lesser Funnel-eared Bat,Caribbean Least Funnel-eared Bat
Chilonatalus_tumidifrons,G. S. Miller,1903,Bahamian Lesser Funnel-eared Bat,Bahaman Funnel-eared Bat|Bahamian Least Funnel-eared Bat
Natalus_jamaicensis,G. G. Goodwin,1959,Jamaican Greater Funnel-eared Bat,
Natalus_macrourus,P. Gervais,1855,Brazilian Funnel-eared Bat,
Natalus_major,G. S. Miller,1902,Hispaniolan Greater Funnel-eared Bat,
Natalus_mexicanus,G. S. Miller,1902,Mexican Funnel-eared Bat,Mexican Greater Funnel-eared Bat|Woolly Funnel-eared Bat
Natalus_primus,H. E. Anthony,1919,Cuban Greater Funnel-eared Bat,
Natalus_stramineus,J. E. Gray,1838,Lesser Antillean Funnel-eared Bat,Gray's Funnel-eared Bat
Natalus_tumidirostris,G. S. Miller,1900,Trinidadian Funnel-eared Bat,Miller's Funnel-eared Bat
Nyctiellus_lepidus,P. Gervais,1837,Gervais's Funnel-eared Bat,Moth Funnel-eared Bat
Kerivoula_africana,Dobson,1878,Tanzanian Woolly Bat,
Kerivoula_agnella,O. Thomas,1908,Saint Aignan's Woolly Bat,Louisiade Woolly Bat|Saint Aignan's Trumpet-eared Bat
Kerivoula_argentata,Tomes,1861,Damara Woolly Bat,Silvery Woolly Bat
Kerivoula_crypta,Wroughton & Ryley,1913,Cryptic Woolly Bat,
Kerivoula_cuprosa,O. Thomas,1912,Coppery Woolly Bat,Copper Woolly Bat
Kerivoula_depressa,G. S. Miller,1906,Flat-skulled Woolly Bat,
Kerivoula_dongduongana,"Vuong Tan Tu, Hassanin, Furey, Nguyen Truong Son, & Csorba",2018,Indochinese Woolly Bat,Indochina's Woolly Bat
Kerivoula_eriophora,von Heuglin,1877,Ethiopian Woolly Bat,
Kerivoula_flora,O. Thomas,1914,Flores Woolly Bat,
Kerivoula_furva,"Kuo Haochih, Soisook, Ho Yingyi, Csorba, Wang Chunneng, & Rossiter",2017,Dark Woolly Bat,
Kerivoula_hardwickii,Horsfield,1824,Hardwicke's Woolly Bat,Common Woolly Bat|Hardwicke's Forest Bat
Kerivoula_intermedia,J. Edwards Hill & C. M. Francis,1984,Small Woolly Bat,
Kerivoula_kachinensis,"P. J. J. Bates, Struebig, Rossiter, Kingston, Sai Sein Lin Oo, & Khin Mya Mya",2004,Kachin Woolly Bat,
Kerivoula_krauensis,"C. M. Francis, Kingston, & Zubaid",2007,Krau Woolly Bat,
Kerivoula_lanosa,A. Smith,1847,Lesser Woolly Bat,
Kerivoula_lenis,O. Thomas,1916,Lenis Woolly Bat,
Kerivoula_malpasi,W. W. A. Phillips,1932,Sri Lankan Woolly Bat,
Kerivoula_minuta,G. S. Miller,1898,Least Woolly Bat,
Kerivoula_muscina,Tate,1941,Fly River Woolly Bat,Fly River Trumpet-eared Bat
Kerivoula_myrella,O. Thomas,1914,Bismarck Woolly Bat,Bismarck Trumpet-eared Bat|Manus Island Woolly Bat
Kerivoula_papillosa,Temminck,1840,Papillose Woolly Bat,Papillose Bat
Kerivoula_pellucida,G. R. Waterhouse,1845,Clear-winged Woolly Bat,
Kerivoula_phalaena,O. Thomas,1912,Spurrell's Woolly Bat,Spurell's Trumpet-eared Bat
Kerivoula_picta,Pallas,1767,Painted Woolly Bat,Painted Bat
Kerivoula_pusilla,O. Thomas,1894,Bornean Woolly Bat,
Kerivoula_smithii,O. Thomas,1880,Smith's Woolly Bat,
Kerivoula_titania,"P. J. J. Bates, Struebig, Hayes, Furey, Khin Mya Mya, Vu Dinh Thong, Pham Duc Tien, Nguyen Truong Son, D. L. Harrison, C. M. Francis, & Csorba",2007,Titania's Woolly Bat,
Kerivoula_whiteheadi,O. Thomas,1894,Whitehead's Woolly Bat,
Phoniscus_aerosus,Tomes,1858,Dubious Trumpet-eared Bat,
Phoniscus_atrox,G. S. Miller,1905,Groove-toothed Trumpet-eared Bat,Gilded Groove-toothed Bat
Phoniscus_jagorii,W. C. H. Peters,1866,Peters's Trumpet-eared Bat,Common Trumpet-eared Bat|Frosted Groove-toothed Bat
Phoniscus_papuensis,Dobson,1878,Golden-tipped Bat,
Harpiocephalus_harpia,Temminck,1840,Hairy-winged Bat,Lesser Hairy-winged Bat
Harpiola_grisea,W. C. H. Peters,1872,Gray Tube-nosed Bat,Peters's Tube-nosed Bat
Harpiola_isodon,"Kuo Haochih, Fang Yinping, Csorba, & Lee Lingling",2006,Formosan Tube-nosed Bat,Golden-haired Tube-nosed Bat|Taiwan Tube-nosed Bat
Murina_aenea,J. Edwards Hill,1964,Bronze Tube-nosed Bat,
Murina_alvarezi,"Eger, Sedlock, B. K. Lim, & Heaney",2025,Alvarez's Tube-nosed Bat,
Murina_annamitica,C. M. Francis & Eger,2012,Annamite Tube-nosed Bat,
Murina_aurata,A. Milne-Edwards in A. David,1871,Little Tube-nosed Bat,Tibetan Tube-nosed Bat
Murina_balaensis,"Soisook, Karapan, Satasook, & P. J. J. Bates",2013,Bala Tube-nosed Bat,
Murina_baletei,"Eger, Sedlock, B. K. Lim, & Heaney",2025,Balete's Tube-nosed Bat,
Murina_beelzebub,"Nguyen Truong Son, Furey, & Csorba in Csorba, Nguyen Truong Son, Saveng, & Furey",2011,Beelzebub Tube-nosed Bat,Diabolic Tube-nosed Bat
Murina_beibengensis,"Luo Tao, Mao Mingle, & Zhou Jiang in Luo Tao, Mao Mingle, Lan Changting, Zhao Zifa, Wang Zhonglian, Yu Jing, Wang Jiajia, Yan Chenrui, Xiao Ning, & Zhou Jiang",2025,Beibeng Tube-nosed Bat,
Murina_bicolor,"Kuo Haochih, Fang Yinping, Csorba, & Lee Lingling",2009,Bicolored Tube-nosed Bat,Yellow-chested Tube-nosed Bat
Murina_chayuensis,"Luo Pengfei & Zhou Jiang in Luo Pengfei, Mao Mingle, Yan Chengrui, He Qingqing, Yang Qin, Deng Huaiqing, Xiao Ning, & Zhou Jiang",2025,Chayu Tube-nosed Bat,
Murina_chrysochaetes,Eger & B. K. Lim,2011,Golden-haired Tube-nosed Bat,
Murina_cyclotis,Dobson,1872,Round-eared Tube-nosed Bat,
Murina_eleryi,"Furey, Vu Dinh Thong, P. J. J. Bates, & Csorba",2009,Elery's Tube-nosed Bat,
Murina_feae,O. Thomas,1891,Fea's Tube-nosed Bat,Ashy Tube-nosed Bat
Murina_fionae,C. M. Francis & Eger,2012,Fiona's Tube-nosed Bat,
Murina_florium,O. Thomas,1908,Flores Tube-nosed Bat,Flute-nosed Bat|Tube-nosed Insectivorous Bat
Murina_fusca,A. de C. Sowerby,1922,Dusky Tube-nosed Bat,
Murina_gracilis,"Kuo Haochih, Fang Yinping, Csorba, & Lee Lingling",2009,Gracile Tube-nosed Bat,Delicate Tube-nosed Bat|Slender Tube-nosed Bat|Taiwanese Little Tube-nosed Bat
Murina_guilleni,"Soisook, Karapan, Satasook, Vu Dinh Thong, F. A. A. Khan, Maryanto, Csorba, Furey, Aul, & P. J. J. Bates",2013,Guillen's Tube-nosed Bat,
Murina_harpioloides,Kruskop & Eger,2008,Vietnamese Tube-nosed Bat,Da Lat Tube-nosed Bat
Murina_harrisoni,Csorba & P. J. J. Bates,2005,Harrison's Tube-nosed Bat,Harrison's Murine Bat
Murina_hilgendorfi,W. C. H. Peters,1880,Hilgendorf's Tube-nosed Bat,Greater Tube-nosed Bat
Murina_hilonghilong,"Eger, Sedlock, B. K. Lim, & Heaney",2025,Hilong-hilong Tube-nosed Bat,
Murina_hkakaboraziensis,"Soisook, Win Naing Thaw, Myint Kyaw, Sai Sein Lin Oo, Pimsai, Suarez-Rubio, & Renner",2017,Hkakabo Razi Tube-nosed Bat,
Murina_huanglianensis,"Li Song & Mou Xin in Mou Xin, Qian Yishun, Ke Chunping, Bai Lihong, Li Laniang, & Li Song",2026,Huanglianshan Tube-nosed Bat,
Murina_huttonii,W. C. H. Peters,1872,Hutton's Tube-nosed Bat,White-bellied Tube-nosed Bat
Murina_jaintiana,"Ruedi, J. Biswas, & Csorba",2012,Jaintia Tube-nosed Bat,
Murina_jinchui,"Yu Wenhua, Csorba, & Wu Yi",2020,Jinchu's Tube-nosed Bat,
Murina_kontumensis,"Nguyen Truong Son, Csorba, Vuong Tan Tu, & Motokawa in Nguyen Truong Son, Csorba, Vuong Tan Tu, Vu Dinh Thong, Wu Yi, M. Harada, Oshida, Endo, & Motokawa",2015,Kon Tum Tube-nosed Bat,
Murina_leucogaster,A. Milne-Edwards in A. David,1871,Rufous Tube-nosed Bat,Greater Tube-nosed Bat
Murina_liboensis,"Zeng Xiang, Chen Jian, Deng Huaiqing, Xiao Ning, & Zhou Jiang",2018,Libo Tube-nosed Bat,
Murina_lorelieae,Eger & B. K. Lim,2011,Lorelie's Tube-nosed Bat,Lorelia's Tube-nosed Bat
Murina_luzonensis,"Eger, Sedlock, B. K. Lim, & Heaney",2025,Luzon Tube-nosed Bat,
Murina_medogensis,"Mao Mingle, Lan Changting, & Zhou Jiang in Luo Tao, Mao Mingle, Lan Changting, Zhao Zifa, Wang Zhonglian, Yu Jing, Wang Jiajia, Yan Chenrui, Xiao Ning, & Zhou Jiang",2025,Medog Tube-nosed Bat,
Murina_milinensis,"Luo Tao, Mao Mingle, & Zhou Jiang in Luo Tao, Mao Mingle, Lan Changting, Zhao Zifa, Wang Zhonglian, Yu Jing, Wang Jiajia, Yan Chenrui, Xiao Ning, & Zhou Jiang",2025,Milin Tube-nosed Bat,
Murina_mindorensis,"Eger, Sedlock, B. K. Lim, & Heaney",2025,Mindoro Tube-nosed Bat,
Murina_peninsularis,J. Edwards Hill,1964,Peninsular Tube-nosed Bat,
Murina_philippinensis,"Eger, Sedlock, B. K. Lim, & Heaney",2025,Philippine Tube-nosed Bat,
Murina_pluvialis,"Ruedi, J. Biswas, & Csorba",2012,Rainforest Tube-nosed Bat,
Murina_puta,Kishida,1924,Taiwan Tube-nosed Bat,Taiwanese Tube-nosed Bat
Murina_recondita,"Kuo Haochih, Fang Yinping, Csorba, & Lee Lingling",2009,Hidden Tube-nosed Bat,Dun Tube-nosed Bat|Faint-colored Tube-nosed Bat
Murina_rozendaali,J. Edwards Hill & C. M. Francis,1984,Gilded Tube-nosed Bat,
Murina_rubella,O. Thomas,1914,Fujian Tube-nosed Bat,
Murina_ryukyuana,K. Maeda & Matsumura,1998,Ryukyu Tube-nosed Bat,
Murina_shuipuensis,Eger & B. K. Lim,2011,Shuipu Tube-nosed Bat,Shiipu Tube-nosed Bat|Rongjiang Tube-nosed Bat
Murina_suilla,Temminck,1840,Brown Tube-nosed Bat,Lesser Tube-nosed Bat
Murina_tenebrosa,Yoshiyuki,1970,Gloomy Tube-nosed Bat,Tsushima Tube-nosed Bat
Murina_tubinaris,Scully,1881,Scully's Tube-nosed Bat,
Murina_ussuriensis,Ognev,1913,Ussuri Tube-nosed Bat,Lesser Tube-nosed Bat|Ussurian Tube-nosed Bat
Murina_walstoni,"Furey, Csorba, & Nguyen Truong Son in Csorba, Nguyen Truong Son, Saveng, & Furey",2011,Walston's Tube-nosed Bat,
Murina_yadongensis,"Mao Mingle, Zhao Zifa, & Zhou Jiang in Luo Tao, Mao Mingle, Lan Changting, Zhao Zifa, Wang Zhonglian, Yu Jing, Wang Jiajia, Yan Chenrui, Xiao Ning, & Zhou Jiang",2025,Yadong Tube-nosed Bat,
Murina_yuanyang,"Mou Xin, Qian Yishun, Li Mei, Li Biao, Luo Xiong, & Li Song",2024,Yuanyang Tube-nosed Bat,
Murina_yushuensis,"Han Xuesong, Csorba, & Wu Yi in Wang Xiaoyun, Han Xuesong, Csorba, Wu Yi, Chen Huaiqing, Zhao Xiang, Dong Zhengyi, Yu Wenhua, & Lu Zhi",2024,Yushu Tube-nosed Bat,
Eudiscopus_denticulus,Osgood,1932,Disk-footed Bat,
Myotis_adversus,Horsfield,1824,Gray Large-footed Myotis,Gray Large-footed Bat|Large-footed Bat|Large-footed Mouse-eared Bat
Myotis_albescens,É. Geoffroy Saint-Hilaire,1806,Silver-tipped Myotis,
Myotis_alcathoe,"von Helversen & K.-G. Heller in von Helversen, K.-G. Heller, F. Mayer, Nemeth, Volleth, & Gombkötő",2001,Alcathoe Whiskered Myotis,Alcathoe Bat|Alcathoe Myotis|Alcathoe Whiskered Bat
Myotis_altarium,O. Thomas,1911,Sichuan Myotis,Southwestern Mouse-eared Bat|Szechwan Myotis
Myotis_alticraniatus,Osgood,1932,Indochinese Whiskered Myotis,Small-toothed Myotis
Myotis_ancricola,"Kruskop, Borisenko, Dudorova, & Artyushin",2018,Valley Myotis,Valley-dwelling Myotis
Myotis_anjouanensis,Dorst,1960,Anjouan Myotis,
Myotis_annatessae,Kruskop & Borisenko,2013,Anna Tess's Myotis,Anna Tess's Bat
Myotis_annectans,Dobson,1871,Hairy-faced Myotis,Hairy-faced Bat|Intermediate Bat
Myotis_arescens,Osgood,1943,Valparaíso Myotis,
Myotis_armiensis,C. A. Carrión-Bonilla & J. A. Cook,2020,Armién's Myotis,
Myotis_atacamensis,Lataste,1892,Atacama Myotis,Atacaman Myotis
Myotis_ater,W. C. H. Peters,1866,Peters's Myotis,Small Black Myotis
Myotis_attenboroughi,"Moratelli, D. E. Wilson, Novaes, K. M. Helgen, & Gutiérrez",2017,Sir David Attenborough's Myotis,
Myotis_auriculus,R. H. Baker & Stains,1955,Southwestern Myotis,
Myotis_australis,Dobson,1878,Australian Myotis,
Myotis_austroriparius,Rhoads,1897,Southeastern Myotis,
Myotis_badius,"M. P. Tiunov, Kruskop, & Feng Jiang",2011,Chestnut Myotis,
Myotis_bakeri,"Moratelli, Novaes, Bonilla, & D. E. Wilson",2019,Baker's Myotis,
Myotis_barquezi,"Novaes, Cláudio, M. M. Díaz, D. E. Wilson, Weksler, & Moratelli",2022,Barquez's Myotis,
Myotis_bartelsii,Jentink,1910,Bartels's Myotis,
Myotis_bechsteinii,Kuhl,1817,Bechstein's Myotis,Bechstein's Bat
Myotis_blythii,Tomes,1857,Lesser Myotis,Lesser Mouse-eared Bat|Lesser Mouse-eared Myotis
Myotis_bocagii,W. C. H. Peters,1870,Bocage's Myotis,Bocage's Banana Bat|Bocage's Hairy Bat|Bocage's Mouse-eared Bat|Rufous Hairy Bat|Rufous Mouse-eared Bat|Rufous Mouse-eared Myotis|Rufous Myotis
Myotis_bombinus,O. Thomas,1906,Far Eastern Myotis,
Myotis_borneoensis,J. Edwards Hill & C. M. Francis,1984,Bornean Whiskered Myotis,
Myotis_brandtii,Eversmann,1845,Brandt's Myotis,Brandt's Bat
Myotis_bucharensis,Kuzyakin,1950,Bokhara Myotis,Bocharic Myotis|Bokhara Whiskered Bat
Myotis_californicus,Audubon & Bachman,1842,California Myotis,Californian Myotis
Myotis_capaccinii,Bonaparte,1837,Long-fingered Myotis,Long-fingered Bat|Long-fringed Bat
Myotis_carteri,LaVal,1973,Carter's Myotis,Black Myotis
Myotis_caucensis,J. A. Allen,1914,Colombian Black Myotis,Cauca River Myotis|Black Myotis
Myotis_chiloensis,G. R. Waterhouse,1838,Chilean Myotis,
Myotis_chinensis,Tomes,1857,Large Myotis,
Myotis_ciliolabrum,C. H. Merriam,1886,Western Small-footed Myotis,
Myotis_clydejonesi,"Moratelli, D. E. Wilson, A. L. Gardner, R. D. Fisher, & Gutiérrez",2016,Clyde Jones's Myotis,
Myotis_cobanensis,G. G. Goodwin,1955,Guatemalan Myotis,
Myotis_crypticus,"Ruedi, Ibáñez, Salicini, Juste, & Puechmaille in Juste, Ruedi, Puechmaille, Salicini, & Ibáñez",2019,Cryptic Myotis,Cryptic Bat|Hidden Myotis
Myotis_dasycneme,F. Boie,1825,Pond Myotis,Pond Bat
Myotis_daubentonii,Kuhl,1817,Daubenton's Myotis,Daubenton's Bat
Myotis_davidii,W. C. H. Peters,1869,David's Myotis,
Myotis_dieteri,M. Happold,2005,Kock's Myotis,Dieter's Myotis|Kock's Bat
Myotis_diminutus,Moratelli & D. E. Wilson,2011,Diminutive Myotis,Diminutive Bat
Myotis_dominicensis,G. S. Miller,1902,Dominican Myotis,
Myotis_elegans,E. R. Hall,1962,Elegant Myotis,
Myotis_emarginatus,É. Geoffroy Saint-Hilaire,1806,Geoffroy's Myotis,Geoffroy's Bat
Myotis_escalerai,Cabrera,1904,Escalera's Myotis,Iberian Natterer's Bat|Iberian Natterer's Myotis
Myotis_evotis,H. Allen,1864,Long-eared Myotis,Western Long-eared Bat|Western Long-eared Myotis
Myotis_extremus,G. S. Miller & G. M. Allen,1928,Mexican Black Myotis,Black Myotis
Myotis_federatus,O. Thomas,1916,Malaysian Whiskered Myotis,Malayan Whiskered Myotis
Myotis_fimbriatus,W. C. H. Peters in Swinhoe,1871,Fringed Long-footed Myotis,Hairy-legged Myotis
Myotis_findleyi,Bogan,1978,Findley's Myotis,
Myotis_formosus,B. H. Hodgson,1835,Black-and-orange Myotis,Hodgson's Bat|Hodgson's Myotis
Myotis_fortidens,G. S. Miller & G. M. Allen,1928,Cinnamon Myotis,
Myotis_frater,G. M. Allen,1923,Fraternal Myotis,Long-tailed Whiskered Bat
Myotis_gomantongensis,C. M. Francis & J. Edwards Hill,1998,Gomantong Myotis,Gomantong Bat
Myotis_goudotii,A. Smith,1834,Malagasy Myotis,Malagasy Mouse-eared Bat
Myotis_grisescens,A. H. Howell,1909,Gray Myotis,Gray Bat
Myotis_guarani,"Novaes, Cláudio, Bertocchi, de Oliveira, Semedo, Saldanha, D. E. Wilson, & Moratelli",2025,Guaraní Myotis,
Myotis_handleyi,"Moratelli, A. L. Gardner, J. A. de Oliveira, & D. E. Wilson",2013,Handley's Myotis,
Myotis_hasseltii,Temminck,1840,Lesser Large-footed Myotis,Brown Bat|Hasselt's Large-footed Myotis|Lesser Large-toothed Bat|Van Hasselt's Bat
Myotis_hayesi,Csorba & Furey,2022,Hayes's Thick-thumbed Myotis,
Myotis_hermani,O. Thomas,1923,Herman's Myotis,Herman's Bat|Herman's Mouse-eared Bat
Myotis_himalaicus,"Ruedi, Chakravarty, Saikia, & Csorba in Saikia, Chakravarty, Csorba, Laskar, & Ruedi",2025,Himalayan Long-tailed Myotis,
Myotis_horsfieldii,Temminck,1840,Horsfield's Myotis,Common Asiatic Myotis|Horsfield's Bat|Lesser Large-tooth Bat
Myotis_hoveli,D. L. Harrison,1964,Hovel's Myotis,
Myotis_huariorum,"D. R. Díaz, Medina, Arias, E. López, & Carrión Bonilla",2025,Huari Myotis,Huariorum Myotis
Myotis_hyrcanicus,"Benda, Reiter, & Vallo in Benda, Faizolâhi, Andreas, Obuch, Reiter, Ševčík, Uhrin, Vallo, & Ashrafi",2012,Hyrcanian Myotis,Hyrcanian Bat|Hyrcanian Forest Myotis
Myotis_ikonnikovi,Ognev,1912,Ikonnikov's Myotis,Ikonnikov's Bat|Ikonnikov's Whiskered Bat
Myotis_indochinensis,"Nguyen Truong Son, T. Görföl, C. M. Francis, Motokawa, Estók, Endo, Vu Dinh Thong, Nguyen Xuan Dang, Oshida, & Csorba",2013,Indochinese Myotis,
Myotis_insularum,Dobson,1878,Insular Myotis,
Myotis_izecksohni,"Moratelli, A. L. Peracchi, D. Dias, & J. A. de Oliveira",2011,Izecksohn's Myotis,
Myotis_kalkoae,"M. P. Tiunov, Jiang Tinglei, & Liu Sen in M. P. Tiunov, Liu Sen, Feng Jiang, Soisook, & Jiang Tinglei",2025,Kalko's Myotis,
Myotis_keaysi,J. A. Allen,1914,Southern Hairy-legged Myotis,Hairy-legged Myotis
Myotis_keenii,C. H. Merriam,1895,Keen's Myotis,
Myotis_laniger,W. C. H. Peters in Swinhoe,1871,Chinese Water Myotis,Chinese Water Bat|Chinese Myotis|Indochinese Myotis
Myotis_larensis,LaVal,1973,Lara Myotis,
Myotis_lavali,"Moratelli, A. L. Peracchi, D. Dias, & J. A. de Oliveira",2011,LaVal's Myotis,
Myotis_leibii,Audubon & Bachman,1842,Eastern Small-footed Myotis,
Myotis_levis,I. Geoffroy Saint-Hilaire,1824,Yellowish Myotis,Dinelli's Myotis
Myotis_longicaudatus,Ognev,1927,Long-tailed Myotis,
Myotis_longipes,Dobson,1873,Kashmir Cave Myotis,Kashmir Cave Bat
Myotis_lucifugus,Le Conte in McMurtrie,1831,Little Brown Myotis,Little Brown Bat
Myotis_macrodactylus,Temminck,1840,Big-footed Myotis,Japanese Large-footed Bat
Myotis_macropus,J. Gould,1855,Southern Myotis,Australian Large-footed Myotis|Gould's Large-footed Myotis
Myotis_macrotarsus,G. R. Waterhouse,1845,Pallid Large-footed Myotis,Philippine Large-footed Myotis
Myotis_martiniquensis,LaVal,1973,Schwartz's Myotis,
Myotis_midastactus,Moratelli & D. E. Wilson,2014,Golden Myotis,Midas Myotis
Myotis_moluccarum,O. Thomas,1915,Maluku Myotis,Arafura Large-footed Bat
Myotis_montivagus,Dobson,1874,Burmese Whiskered Myotis,Burmese Whiskered Bat|Large Brown Myotis
Myotis_moratellii,"Novaes, Cláudio, C. Carrión-Bonilla, de Abreu-Júnior, D. E. Wilson, Maldonado, & Weksler",2021,Moratelli's Myotis,
Myotis_morrisi,J. Edwards Hill in J. Edwards Hill & P. Morris,1971,Morris's Myotis,Morris's Bat|Morris's Hairy Bat
Myotis_muricola,J. E. Gray,1847,Nepalese Whiskered Myotis,Nepalese Whiskered Bat|Whiskered Bat
Myotis_myotis,Borkhausen,1797,Greater Myotis,Greater Mouse-eared Bat|Large Mouse-eared Bat|Mouse-eared Bat|Mouse-eared Myotis
Myotis_mystacinus,Kuhl,1817,Common Whiskered Myotis,Common Whiskered Bat|Whiskered Bat|Whiskered Myotis
Myotis_nattereri,Kuhl,1817,Natterer's Myotis,Natterer's Bat
Myotis_nesopolus,G. S. Miller,1900,Curaçao Myotis,
Myotis_nigricans,H. R. Schinz,1821,Common Black Myotis,Black Myotis
Myotis_nimbaensis,"Simmons, Flanders, Bakwo Fils, Parker, Suter, Bamba, Douno, Keita, A. E. Morales, & W. F. Frick",2021,Nimba Myotis,
Myotis_nipalensis,Dobson,1871,Nepal Myotis,
Myotis_nustrale,"Ruedi, Beuneux, & Puechmaille in Puechmaille, Dool, Beuneux, & Ruedi",2023,Corsican Myotis,
Myotis_nyctor,LaVal & A. Schwartz,1975,Barbados Myotis,Silky Cave Myotis
Myotis_occultus,Hollister,1909,Arizona Myotis,
Myotis_oxyotus,W. C. H. Peters,1866,Montane Myotis,
Myotis_pampa,"Novaes, D. E. Wilson, & Moratelli",2021,Pampas Myotis,
Myotis_pequinius,O. Thomas,1908,Peking Myotis,
Myotis_petax,Hollister,1912,Russian Myotis,Eastern Water Myotis|Sakhalin Myotis
Myotis_peytoni,Wroughton & Ryley,1913,Peyton's Myotis,Peyton's Whiskered Bat|Peyton's Whiskered Myotis
Myotis_phanluongi,"Borisenko, Kruskop, & N. V. Ivanova",2009,Phan Luong's Myotis,
Myotis_pilosatibialis,LaVal,1973,Northern Hairy-legged Myotis,
Myotis_pilosus,W. C. H. Peters,1869,Rickett's Big-footed Myotis,Rickett's Big-footed Bat
Myotis_planiceps,R. H. Baker,1955,Flat-headed Myotis,
Myotis_pruinosus,Yoshiyuki,1971,Frosted Myotis,Blackish Whiskered Bat
Myotis_punicus,"Felten in Felten, Spitzenberger, & Storch",1977,Maghreb Myotis,Felten's Myotis|Maghreb Mouse-eared Bat|Maghrebian Myotis
Myotis_ridleyi,O. Thomas,1898,Ridley's Myotis,Ridley's Bat
Myotis_riparius,Handley,1960,Riparian Myotis,
Myotis_rosseti,Oei Hong Peng,1951,Thick-thumbed Myotis,
Myotis_ruber,É. Geoffroy Saint-Hilaire,1806,Red Myotis,
Myotis_rufoniger,Tomes,1858,Reddish-black Myotis,Black-winged Myotis
Myotis_rufopictus,G. R. Waterhouse,1845,Orange-fingered Myotis,Red-painted Myotis
Myotis_schaubi,Kormos,1934,Schaub's Myotis,
Myotis_scotti,O. Thomas,1927,Scott's Myotis,Scott's Hairy Bat|Scott's Mouse-eared Bat
Myotis_secundus,"Ruedi, Csorba, Lin Liangkong, & Chou Chenghan",2015,Long-toed Myotis,Taiwan Long-toed Myotis|Taiwan Myotis
Myotis_septentrionalis,Trouessart,1897,Northern Myotis,Northern Bat|Northern Long-eared Bat|Northern Long-eared Myotis
Myotis_sibiricus,Kastschenko,1905,Siberian Whiskered Myotis,Siberian Myotis
Myotis_sicarius,O. Thomas,1915,Mandelli's Myotis,Mandelli's Mouse-eared Myotis|Sikkim Myotis
Myotis_siligorensis,Horsfield,1855,Himalayan Whiskered Myotis,Himalayan Whiskered Bat|Siliguri Bat|Small-toothed Myotis
Myotis_simus,O. Thomas,1901,Velvety Myotis,
Myotis_sodalis,G. S. Miller & G. M. Allen,1928,Indiana Myotis,Cluster Bat|Indiana Bat|Social Bat
Myotis_soror,"Ruedi, Csorba, Lin Liangkong, & Chou Chenghan",2015,Reddish Myotis,
Myotis_sowerbyi,A. B. Howell,1926,Sowerby's Whiskered Myotis,
Myotis_stalkeri,O. Thomas,1910,Stalker's Myotis,Kei Myotis|Moluccan Mouse-eared Bat
Myotis_thysanodes,G. S. Miller,1897,Fringed Myotis,
Myotis_tricolor,Smuts,1832,Temminck's Myotis,Cape Hairy Bat|Cape Myotis|Temminck's Hairy Bat|Temminck's Mouse-eared Bat|Three-colored Bat
Myotis_tschuliensis,Kuzyakin,1935,Tschuli Myotis,
Myotis_velifer,J. A. Allen,1890,Cave Myotis,
Myotis_vivesi,Menegaux,1901,Fish-eating Myotis,Fish-eating Bat
Myotis_volans,H. Allen,1866,Long-legged Myotis,Hairy-winged Myotis
Myotis_weberi,Jentink,1890,Weber's Myotis,
Myotis_welwitschii,J. E. Gray,1866,Welwitsch's Myotis,Welwitsch's Bat|Welwitsch's Hairy Bat|Welwitsch's Mouse-eared Bat
Myotis_yanbarensis,K. Maeda & Matsumura,1998,Yanbaru Whiskered Myotis,Yanbaru Myotis
Myotis_yumanensis,H. Allen,1864,Yuma Myotis,
Myotis_zenatius,"Ibáñez, Juste, Salicini, Puechmaille, & Ruedi in Juste, Ruedi, Puechmaille, Salicini, & Ibáñez",2019,Zenati Myotis,Zenati Bat
Submyotodon_caliginosus,Tomes,1859,Himalayan Broad-muzzled Bat,Mustached Myotis
Submyotodon_latirostris,Kishida,1932,Taiwan Broad-muzzled Bat,Broad-muzzled Bat|Taiwan Broad-muzzled Myotis
Submyotodon_moupinensis,A. Milne-Edwards in A. David,1871,Moupin Broad-muzzled Bat,Moupin Myotis
Antrozous_koopmani,Orr & Silva Taboada,1960,Cuban Pallid Bat,Koopman's Bat
Antrozous_pallidus,Le Conte,1856,Common Pallid Bat,Pallid Bat
Baeodon_alleni,O. Thomas,1892,Allen's Yellow Bat,
Baeodon_gracilis,G. S. Miller,1897,Slender Yellow Bat,
Bauerus_dubiaquercus,Van Gelder,1959,Van Gelder's Bat,
Rhogeessa_aenea,G. G. Goodwin,1958,Yucatán Yellow Bat,Yucatan Yellow Bat
Rhogeessa_bickhami,"A. B. Baird, M. R. Marchán-Rivadeneira, S. G. Pérez, & R. J. Baker",2012,Bickham's Yellow Bat,Bickham's Little Yellow Bat
Rhogeessa_genowaysi,R. J. Baker,1984,Genoways's Yellow Bat,
Rhogeessa_hussoni,Genoways & R. J. Baker,1996,Husson's Yellow Bat,Eastern Little Yellow Bat
Rhogeessa_io,O. Thomas,1903,Thomas's Yellow Bat,Southern Little Yellow Bat
Rhogeessa_menchuae,"A. B. Baird, M. R. Marchán-Rivadeneira, S. G. Pérez, & R. J. Baker",2012,Menchu's Yellow Bat,Menchu's Little Yellow Bat
Rhogeessa_minutilla,G. S. Miller,1897,Tiny Yellow Bat,Little Desert Bat
Rhogeessa_mira,LaVal,1973,Least Yellow Bat,
Rhogeessa_parvula,H. Allen,1866,Northern Little Yellow Bat,Little Yellow Bat
Rhogeessa_permutandis,"A. B. Baird, Light, & Bickham",2019,Nicaraguan Little Yellow Bat,
Rhogeessa_tumida,H. Allen,1866,Black-winged Little Yellow Bat,Central American Yellow Bat
Rhogeessa_velilla,O. Thomas,1903,Ecuadorian Little Yellow Bat,Ecuadorian Yellow Bat
Parastrellus_hesperus,H. Allen,1864,Canyon Bat,Western Pipistrelle
Perimyotis_subflavus,F. Cuvier,1832,Tricolored Bat,Eastern Pipistrelle
Rhyneptesicus_nasutus,Dobson,1877,Sind Bat,Persian Serotine|Sind Serotine
Lasiurus_arequipae,"Málaga, D. R. Díaz, Arias, & Medina",2020,Arequipa Red Bat,
Lasiurus_atratus,Handley,1996,Greater Red Bat,Handley's Red Bat|Black-winged Red Bat
Lasiurus_blossevillii,Lesson,1826,Southern Red Bat,Red Bat
Lasiurus_borealis,P. L. S. Müller,1776,Eastern Red Bat,Red Bat
Lasiurus_castaneus,Handley,1960,Tacarcunan Bat,Red-faced Red Bat
Lasiurus_cinereus,Palisot de Beauvois,1796,Northern Hoary Bat,
Lasiurus_degelidus,G. S. Miller,1931,Jamaican Red Bat,
Lasiurus_ebenus,Fazzolari-Corrêa,1994,Hairy-tailed Bat,Blackish Red Bat|Black Hairy-tailed Bat
Lasiurus_ega,P. Gervais,1855,Southern Yellow Bat,
Lasiurus_egregius,W. C. H. Peters,1871,Big Red Bat,Giant Red Bat
Lasiurus_frantzii,W. C. H. Peters,1871,Desert Red Bat,Western Red Bat
Lasiurus_insularis,E. R. Hall & J. K. Jones,1961,Cuban Yellow Bat,
Lasiurus_intermedius,H. Allen,1862,Northern Yellow Bat,Big Yellow Bat|Eastern Yellow Bat|Florida Yellow Bat|Greater Yellow Bat
Lasiurus_minor,G. S. Miller,1931,Minor Red Bat,
Lasiurus_pfeifferi,J. Gundlach in W. C. H. Peters,1861,Pfeiffer's Red Bat,
Lasiurus_seminolus,Rhoads,1895,Seminole Bat,Mahogany Bat
Lasiurus_semotus,H. Allen,1890,Hawaiian Hoary Bat,
Lasiurus_varius,Poeppig,1835,Cinnamon Red Bat,Chilean Red Bat
Lasiurus_villosissimus,É. Geoffroy Saint-Hilaire,1806,Southern Hoary Bat,
Lasiurus_xanthinus,O. Thomas,1897,Western Yellow Bat,
Arielulus_aureocollaris,Kock & Storch,1996,Collared Sprite,Collared Pipistrelle|Siam Goldnecklet|Thai Golden-throated Bat
Arielulus_circumdatus,Temminck,1840,Bronze Sprite,Black-gilded Pipistrelle
Arielulus_cuprosus,J. Edwards Hill & C. M. Francis,1984,Southern Coppery Sprite,Coppery Pipistrelle|Coppery Sprite
Arielulus_drungicus,Wang Yingxiang,1982,Northern Coppery Sprite,
Arielulus_societatis,J. Edwards Hill,1972,Social Sprite,Benom-gilded Pipistrelle|Social Pipistrelle
Arielulus_torquatus,Csorba & Lee Lingling,1999,Necklace Sprite,Formosan Yellow-throated Bat|Necklace Pipistrelle|Yellow-necked Sprite
Cnephaeus_anatolicus,Felten,1971,Anatolian Serotine,Anatolian Serotine Bat
Cnephaeus_bottae,W. C. H. Peters,1869,Botta's Serotine,Botta's Serotine Bat
Cnephaeus_floweri,de Winton,1901,Horn-skinned Serotine,Flower's Serotine|Sudan Horn-skinned Bat
Cnephaeus_gobiensis,Bobrinski,1926,Gobi Serotine,Gobi Big Brown Bat
Cnephaeus_hottentotus,A. Smith,1833,Long-tailed Serotine,Hottentot Bat|Long-tailed House Bat
Cnephaeus_isabellinus,Temminck,1840,Meridional Serotine,Isabelle's Serotine|Isabelline Serotine Bat
Cnephaeus_japonensis,Imaizumi,1953,Japanese Serotine,Japanese Northern Bat|Japanese Short-tailed Bat
Cnephaeus_kobayashii,Mori,1928,Kobayashi's Serotine,
Cnephaeus_nilssonii,von Keyserling & J. H. Blasius,1839,Northern Serotine,Northern Bat
Cnephaeus_ognevi,Bobrinski,1918,Ognev's Serotine,
Cnephaeus_pachyomus,Tomes,1857,Oriental Serotine,Mouse-like Serotine|Thick-muzzled Serotine
Cnephaeus_pachyotis,Dobson,1871,Thick-eared Serotine,Thick-eared Bat
Cnephaeus_platyops,O. Thomas,1901,Lagos Serotine,
Cnephaeus_serotinus,von Schreber,1774,Eurasian Serotine,Big Brown Bat|Common Serotine Bat|European Serotine Bat|Silky Bat
Cnephaeus_tatei,Ellerman & Morrison-Scott,1951,Sombre Serotine,Sombre Bat
Eptesicus_dutertreus,P. Gervais,1837,Caribbean Brown Bat,Guadeloupe Brown Bat
Eptesicus_fuscus,Palisot de Beauvois,1796,Big Brown Bat,
Glauconycteris_alboguttata,"J. A. Allen in J. A. Allen, H. Lang, & Chapin",1917,Striped Butterfly Bat,Allen's Butterfly Bat|Allen's Striped Bat|White-spotted Butterfly Bat
Glauconycteris_argentata,Dobson,1875,Common Butterfly Bat,Silvered Butterfly Bat|Silvery Butterfly Bat|Silvered Bat
Glauconycteris_atra,"Hassanin, R. Colombo, Gembu, Merle, Vuong Tan Tu, T. Görföl, Akawa, Csorba, Kearney, Monadjem, & Ing",2018,Blackish Butterfly Bat,
Glauconycteris_baka,"Gomeh-Djame, P. J. J. Bates, Juste, Suarez-Rubio, Torrent, García-Mudarra, Agodigo Ayangma, Yettore, C. F. Bilong Bilong, & Bakwo-Fils",2026,Baka Butterfly Bat,
Glauconycteris_beatrix,O. Thomas,1901,Beatrix's Butterfly Bat,Beatrix's Bat
Glauconycteris_curryae,Eger & Schlitter,2001,Curry's Butterfly Bat,Curry's Bat
Glauconycteris_egeria,O. Thomas,1913,Bibundi Butterfly Bat,Bibundi Bat
Glauconycteris_gleni,R. L. Peterson & D. A. Smith,1973,Glen's Butterfly Bat,Glen's Wattled Bat
Glauconycteris_humeralis,"J. A. Allen in J. A. Allen, H. Lang, & Chapin",1917,Spotted Butterfly Bat,Allen's Spotted Bat
Glauconycteris_kenyacola,R. L. Peterson,1982,Kenyan Butterfly Bat,Kenyacola Butterfly Bat|Kenyan Wattled Bat
Glauconycteris_lobeke,"Gomeh-Djame, P. J. J. Bates, Juste, Suarez-Rubio, Torrent, García-Mudarra, Agodigo Ayangma, Yettore, C. F. Bilong Bilong, & Bakwo-Fils",2026,Lobéké Butterfly Bat,
Glauconycteris_machadoi,Hayman,1963,Machado's Butterfly Bat,
Glauconycteris_poensis,J. E. Gray,1842,Abo Butterfly Bat,Abo Bat
Glauconycteris_superba,Hayman,1939,Pied Butterfly Bat,Badger Bat|Pied Bat|Superb Butterfly Bat
Glauconycteris_variegata,Tomes,1861,Variegated Butterfly Bat,Butterfly Bat|Leaf-winged Bat
Hesperoptenus_blanfordi,Dobson,1877,Blanford's False Serotine,Blanford's Bat|Least False Serotine
Hesperoptenus_doriae,W. C. H. Peters,1868,Doria's False Serotine,False Serotine Bat|Peters's False Serotine
Hesperoptenus_gaskelli,J. Edwards Hill,1983,Gaskell's False Serotine,
Hesperoptenus_tickelli,E. Blyth,1851,Tickell's False Serotine,Tickell's Bat
Hesperoptenus_tomesi,O. Thomas,1905,Large False Serotine,Tomes's False Serotine
Histiotus_alienus,O. Thomas,1916,Strange Big-eared Brown Bat,
Histiotus_cadenai,"Rodríguez-Posada, Ramírez-Chaves, & D. M. Morales-Martínez in Rodríguez-Posada, D. M. Morales-Martínez, Ramírez-Chaves, Martínez-Medina, & Calderón-Acevedo",2021,Cadena-García's Big-eared Brown Bat,
Histiotus_colombiae,O. Thomas,1916,Colombian Big-eared Brown Bat,
Histiotus_diaphanopterus,"Feijó, P. A. da Rocha, & S. L. Althoff",2015,Transparent-winged Big-eared Brown Bat,
Histiotus_humboldti,Handley,1996,Humboldt's Big-eared Brown Bat,Humboldt's Leaf-eared Bat
Histiotus_laephotis,O. Thomas,1916,Thomas's Big-eared Brown Bat,
Histiotus_macrotus,Poeppig,1835,Common Big-eared Brown Bat,Greater Leaf-eared Bat
Histiotus_magellanicus,R. A. Philippi,1866,Southern Big-eared Brown Bat,
Histiotus_mochica,"Velazco, F. C. Almeida, Cláudio, A. L. Giménez, & Giannini",2021,Moche Big-eared Brown Bat,Moche's Leaf-eared Bat
Histiotus_montanus,R. A. Philippi & Landbeck,1861,Small Big-eared Brown Bat,Common Leaf-eared Bat
Histiotus_velatus,I. Geoffroy Saint-Hilaire,1824,Tropical Big-eared Brown Bat,Tropical Leaf-eared Bat
Ia_io,O. Thomas,1902,Great Evening Bat,
Lasionycteris_noctivagans,Le Conte in McMurtrie,1831,Silver-haired Bat,Black Bat|Silver Bat|Silver-black Bat
Neoeptesicus_andinus,J. A. Allen,1914,Little Black Serotine,Andean Brown Bat
Neoeptesicus_brasiliensis,A. G. Desmarest,1819,Brazilian Serotine,Brazilian Brown Bat
Neoeptesicus_chiriquinus,O. Thomas,1920,Chiriquinan Serotine,Chiriqui Brown Bat
Neoeptesicus_diminutus,Osgood,1915,Diminutive Serotine,Little Serotine
Neoeptesicus_furinalis,d'Orbigny & P. Gervais,1847,Argentine Serotine,Argentine Brown Bat|Argentinian Brown Bat
Neoeptesicus_innoxius,P. Gervais,1841,Harmless Serotine,Pacific Serotine
Neoeptesicus_langeri,"Acosta, Poma-Urey, Ossa-López, Rivera-Páez, & Ramírez-Chaves",2021,Langer's Serotine,
Neoeptesicus_orinocensis,"Ramírez-Chaves, D. M. Morales-Martínez, W. A. Pérez, Velásquez-Guarín, Mejía-Fontecha, Ortiz-Giraldo, Ossa-López, & Rivera-Páez",2021,Orinoco Serotine,Orinoco Brown Bat
Neoeptesicus_taddeii,"J. M. D. Miranda, Bernardi, & Passos",2006,Taddei's Serotine,
Neoeptesicus_ulapesensis,"R. T. Sánchez, Montani, I. H. Tomasco, M. M. Díaz, & Barquez",2019,Ulapes Serotine,
Nycticeius_aenobarbus,Temminck,1840,Temminck's Mysterious Bat,
Nycticeius_cubanus,J. Gundlach in W. C. H. Peters,1861,Cuban Evening Bat,
Nycticeius_humeralis,Rafinesque,1818,North American Evening Bat,Black-shouldered Bat|Twilight Bat
Scoteanax_rueppellii,W. C. H. Peters,1866,Rüppell's Broad-nosed Bat,Greater Broad-nosed Bat
Scotomanes_ornatus,E. Blyth,1851,Harlequin Bat,
Scotorepens_balstoni,O. Thomas,1906,Inland Broad-nosed Bat,Western Broad-nosed Bat
Scotorepens_greyii,J. E. Gray,1844,Little Broad-nosed Bat,Grey's Broad-nosed Bat
Scotorepens_orion,Troughton,1937,Eastern Broad-nosed Bat,Orion Broad-nosed Bat
Scotorepens_sanborni,Troughton,1937,Northern Broad-nosed Bat,
Alionoctula_abramus,Temminck,1840,Japanese Pipistrelle,Japanese House Bat
Alionoctula_adamsi,"D. J. Kitchener, Caputi, & B. Jones",1986,Forest Pipistrelle,Adams's Pipistrelle|Cape York Pipistrelle
Alionoctula_angulata,W. C. H. Peters,1880,New Guinea Pipistrelle,Angulate Pipistrelle
Alionoctula_babu,O. Thomas,1915,Babu's Pipistrelle,
Alionoctula_ceylonica,Kelaart,1852,Kelaart's Pipistrelle,Black Gilded Pipistrelle
Alionoctula_collina,O. Thomas,1920,Greater Papuan Pipistrelle,Mountain Pipistrelle
Alionoctula_coromandra,J. E. Gray,1838,Indian Pipistrelle,Coromandel Pipistrelle|Little Indian Bat
Alionoctula_dhofarensis,"Benda, Reiter, Uhrin, & Varadínová",2016,Dhofar Pipistrelle,
Alionoctula_endoi,Imaizumi,1959,Endo's Pipistrelle,
Alionoctula_javanica,J. E. Gray,1838,Javan Pipistrelle,Java Pipistrelle
Alionoctula_minahassae,A. B. Meyer,1899,Minahassa Pipistrelle,
Alionoctula_murrayi,C. W. Andrews,1900,Christmas Island Pipistrelle,
Alionoctula_papuana,W. C. H. Peters & Doria,1881,Lesser Papuan Pipistrelle,Papuan Pipistrelle
Alionoctula_paterculus,O. Thomas,1915,Mount Popa Pipistrelle,Paternal Pipistrelle
Alionoctula_stenoptera,Dobson,1875,Narrow-winged Pipistrelle,Malayan Noctule
Alionoctula_sturdeei,O. Thomas,1915,Sturdee's Pipistrelle,Bonin Pipistrelle
Alionoctula_tenuis,Temminck,1840,Least Pipistrelle,Indian Pygmy Bat
Alionoctula_wattsi,"D. J. Kitchener, Caputi, & B. Jones",1986,Watts's Pipistrelle,
Alionoctula_westralis,Koopman,1984,Northern Pipistrelle,Koopman's Pipistrelle|Mangrove Pipistrelle|Northwestern Pipistrelle|Western Pipistrelle
Glischropus_aquilus,"Csorba, T. Görföl, Wiantoro, Kingston, P. J. J. Bates, & J. C.-C. Huang",2015,Dark Thick-thumbed Bat,
Glischropus_bucephalus,Csorba,2011,Indochinese Thick-thumbed Bat,
Glischropus_javanus,Chasen,1939,Javan Thick-thumbed Bat,
Glischropus_meghalayanus,"Saikia, Ruedi, & Csorba",2022,Meghalaya Thick-thumbed Bat,
Glischropus_tylopus,Dobson,1875,Common Thick-thumbed Bat,
Nyctalus_aviator,O. Thomas,1911,Bird-like Noctule,Japanese Large Noctule
Nyctalus_azoreum,O. Thomas,1901,Azores Noctule,Azorean Bat
Nyctalus_furvus,Imaizumi & Yoshiyuki,1968,Japanese Noctule,Japanese Lesser Noctule
Nyctalus_lasiopterus,von Schreber in E. A. W. von Zimmermann,1780,Greater Noctule,Giant Noctule|Greater Noctule Bat
Nyctalus_leisleri,Kuhl,1817,Leisler's Noctule,Leisler's Bat|Lesser Noctule
Nyctalus_montanus,Barrett-Hamilton,1906,Mountain Noctule,Himalayan Noctule
Nyctalus_noctula,von Schreber,1774,Common Noctule,Noctule|Noctule Bat
Nyctalus_plancyi,Z. Gerbe,1880,Chinese Noctule,Chinese Mountain Bat|Mountain Noctule|Villus Noctule
Pipistrellus_aero,E. Heller,1912,Mount Gargues Pipistrelle,Aerial Pipistrelle Bat|Kenya Pipistrelle|Mount Gargues Pipistrelle Bat
Pipistrellus_creticus,"Benda in Benda, Georgiakakis, Dietz, Hanák, Galanaki, Markantonatou, Chudárková, Hulva, & Horáček",2008,Crete Pipistrelle,
Pipistrellus_etula,"Torrent, Juste, Garin, Aihartza, D. L. Dalton, M. Mamba, Tanshi, L. L. Powell, Padidar, García-Mudarra, L. Richards, & Monadjem",2025,Bioko Pipistrelle,
Pipistrellus_hanaki,"Hulva & Benda in Benda, Hulva, & Gaisler",2004,Hanak's Pipistrelle,Hanak's Dwarf Bat
Pipistrellus_hesperidus,Temminck,1840,Dusky Pipistrelle,African Pipistrelle
Pipistrellus_inexspectatus,Aellen,1959,Aellen's Pipistrelle,Aellen's Pipistrelle Bat|Central Africa Pipistrelle
Pipistrellus_kuhlii,Kuhl,1817,Kuhl's Pipistrelle,Kuhl's Bat|Kuhl's Pipistrelle Bat|Great Pipistrelle|White Stripe Bat
Pipistrellus_maderensis,Dobson,1878,Madeira Pipistrelle,Madeiran Pipistrelle
Pipistrellus_nanulus,O. Thomas,1904,Tiny Pipistrelle,Dwarf Pipistrelle Bat|Tiny Pipistrelle Bat
Pipistrellus_nathusii,von Keyserling & J. H. Blasius,1839,Nathusius's Pipistrelle,
Pipistrellus_permixtus,Aellen,1957,Dar-es-Salaam Pipistrelle,Dar-es-Salaam Pipistrelle Bat|Tanzania Pipistrelle
Pipistrellus_pipistrellus,von Schreber,1774,Common Pipistrelle,Common Pipistrelle Bat|Small House Bat
Pipistrellus_pygmaeus,Leach,1825,Soprano Pipistrelle,Brown Pipistrelle|Pygmy Pipistrelle
Pipistrellus_raceyi,"P. J. J. Bates, F. H. Ratrimomanarivo, D. L. Harrison, & S. M. Goodman",2006,Racey's Pipistrelle,Racey's Pipistrelle Bat
Pipistrellus_rusticus,Tomes,1861,Rusty Pipistrelle,Rustic Pipistrelle|Rusty Bat|Rusty Pipistrelle Bat
Pipistrellus_simandouensis,"Monadjem, L. R. Richards, Decher, & Hutterer in Monadjem, L. R. Richards, Decher, Hutterer, M. L. Mamba, J. Guyton, Naskrecki, Markotter, Wipfler, Kropff, & D. L. Dalton",2020,Simandou Pipistrelle,Simandou Serotine
Scotoecus_albigula,O. Thomas,1909,White-throated Lesser House Bat,White-bellied Lesser House Bat
Scotoecus_albofuscus,O. Thomas,1890,Light-winged Lesser House Bat,Thomas' House Bat|Thomas's Lesser House Bat
Scotoecus_hindei,O. Thomas,1901,Hinde's Lesser House Bat,
Scotoecus_hirundo,de Winton,1899,Dark-winged Lesser House Bat,White-bellied Lesser House Bat|Hinde's Lesser House Bat
Scotoecus_pallidus,Dobson,1876,Desert Yellow Lesser House Bat,Desert Yellow Bat|Desert Yellow House Bat
Scotozous_dormeri,Dobson,1875,Dormer's Bat,Dormer's Pipistrelle
Vansonia_rueppellii,J. B. Fischer,1829,Rüppell's Bat,Rüppell's Pipistrelle|Rüppell's Pipistrelle Bat
Barbastella_barbastellus,von Schreber,1774,Western Barbastelle,Barbastelle
Barbastella_beijingensis,"Zhang Jinshuo, Han Naijian, G. Jones, Lin Liangkong, Zhang Junpeng, Zhu Guanjian, Huang Dawei, & Zhang Shuyi",2007,Beijing Barbastelle,Beijing Wide-eared Barbastelle
Barbastella_caspica,Satunin,1908,Caspian Barbastelle,
Barbastella_darjelingensis,B. H. Hodgson in Horsfield,1855,Eastern Barbastelle,Asian Barbastelle
Barbastella_leucomelas,Cretzschmar,1830,Arabian Barbastelle,
Barbastella_pacifica,"Kruskop, Kawai, & M. P. Tiunov",2019,Japanese Barbastelle,
Corynorhinus_leonpaniaguae,"López-Cuamatzi, J. Ortega, Ospina-Garcés, Zúñiga, & MacSwiney G.",2024,Paniagua's Big-eared Bat,
Corynorhinus_mexicanus,G. M. Allen,1916,Mexican Big-eared Bat,
Corynorhinus_rafinesquii,Lesson,1827,Rafinesque's Big-eared Bat,
Corynorhinus_townsendii,W. Cooper,1837,Townsend's Big-eared Bat,
Euderma_maculatum,J. A. Allen,1891,Spotted Bat,Pinto Bat
Idionycteris_phyllotis,G. M. Allen,1916,Allen's Big-eared Bat,Lappet-browed Bat|Mexican Big-eared Bat
Otonycteris_hemprichii,W. C. H. Peters,1859,Desert Long-eared Bat,Common Desert Long-eared Bat|Hemprich's Desert Bat|Hemprich's Long-eared Bat
Otonycteris_leucophaea,Severtzov,1873,Turkestani Long-eared Bat,Eastern Desert Long-eared Bat|Turkestan Long-eared Bat
Plecotus_auritus,Linnaeus,1758,Brown Long-eared Bat,Brown Big-eared Bat|Common Long-eared Bat
Plecotus_austriacus,J. B. Fischer,1829,Gray Long-eared Bat,Gray Big-eared Bat
Plecotus_balensis,Kruskop & Lavrenchenko,2000,Ethiopian Long-eared Bat,Bale Long-eared Bat|Ethiopian Big-eared Bat
Plecotus_christii,J. E. Gray,1838,Christie's Long-eared Bat,Christie's Big-eared Bat|Egyptian Long-eared Bat|Gray Long-eared Bat
Plecotus_gaisleri,"Benda, Kiefer, Hanák, & Veith",2004,Gaisler's Long-eared Bat,Gaisler's Big-eared Bat
Plecotus_gobiensis,"Dolch, M. Stubbe, Gärtner, K. Thiele, Ariunbold, Batsaikhan, Lkhagvasuren, A. Stubbe, & Steinhauser",2021,Gobi Long-eared Bat,
Plecotus_homochrous,B. H. Hodgson,1847,Himalayan Long-eared Bat,
Plecotus_kolombatovici,Đulić,1980,Mediterranean Long-eared Bat,Balkan Long-eared Bat|Kolombatovic's Long-eared Bat
Plecotus_kozlovi,Bobrinski,1926,Kozlov's Long-eared Bat,
Plecotus_macrobullaris,Kuzyakin,1965,Alpine Long-eared Bat,Mountain Long-eared Bat
Plecotus_ognevi,Kishida,1927,Ognev's Long-eared Bat,
Plecotus_sacrimontis,G. M. Allen,1908,Japanese Long-eared Bat,
Plecotus_sardus,"Mucedda, Kiefer, Pidinchedda, & Veith",2002,Sardinian Long-eared Bat,
Plecotus_strelkovi,"Spitzenberger in Spitzenberger, Strelkov, Winkler, & Haring",2006,Strelkov's Long-eared Bat,
Plecotus_taivanus,Yoshiyuki,1991,Taiwan Long-eared Bat,Formosan Long-eared Bat|Taiwan Big-eared Bat|Taiwanese Long-eared Bat
Plecotus_teneriffae,Barrett-Hamilton,1907,Canary Long-eared Bat,Canary Big-eared Bat|Tenerife Long-eared Bat
Plecotus_turkmenicus,Strelkov,1988,Turkmen Long-eared Bat,Turkmenian Long-eared Bat
Plecotus_wardi,O. Thomas,1911,Ward's Long-eared Bat,
Scotophilus_altilis,G. M. Allen,1914,East African Yellow Bat,
Scotophilus_andrewreborii,Brooks & Bickham,2014,Andrew Rebori's Yellow Bat,Andrew Rebori's House Bat
Scotophilus_borbonicus,É. Geoffroy Saint-Hilaire,1803,Réunion Yellow Bat,Réunion House Bat
Scotophilus_colias,O. Thomas,1904,Eritrean Yellow Bat,Eritrean House Bat
Scotophilus_collinus,Sody,1936,Sody's Yellow Bat,Sody's Yellow House Bat
Scotophilus_dinganii,A. Smith,1833,African Yellow Bat,African Yellow House Bat|Dingan's Bat|Yellow-bellied House Bat
Scotophilus_ejetai,Brooks & Bickham,2014,Ejeta's Yellow Bat,Ejeta's House Bat
Scotophilus_heathii,Horsfield,1831,Greater Asian Yellow Bat,Common Yellow Bat|Greater Asiatic Yellow House Bat
Scotophilus_kuhlii,Leach,1821,Lesser Asian Yellow Bat,Lesser Asian House Bat|Lesser Asiatic Yellow House Bat
Scotophilus_leucogaster,Cretzschmar,1830,White-bellied Yellow Bat,Cretzschmar's Brown Bat|Lesser Yellow House Bat|White-bellied House Bat
Scotophilus_livingstonii,Brooks & Bickham,2014,Livingstone's Yellow Bat,Livingstone's House Bat
Scotophilus_marovaza,"S. M. Goodman, F. H. Ratrimomanarivo, & Randrianandrianina",2006,Marovaza Yellow Bat,Marovaza House Bat
Scotophilus_nigrita,von Schreber,1774,Schreber's Yellow Bat,Giant House Bat|Giant Brown House Bat|Giant Yellow House Bat|Giant Brown Bat|Schreber's Brown Bat
Scotophilus_nigritellus,de Winton,1899,Western Greenish Yellow Bat,Western Greenish House Bat
Scotophilus_nucella,C. B. Robbins,1983,Robbins's Yellow Bat,Robbins's House Bat|Lesser Nut-colored House Bat|Rainforest House Bat|Nucella House Bat
Scotophilus_nux,O. Thomas,1904,Nut-colored Yellow Bat,Dark House Bat|Nut-colored House Bat|Nux Yellow House Bat
Scotophilus_robustus,A. Milne-Edwards,1881,Robust Yellow Bat,
Scotophilus_tandrefana,"S. M. Goodman, R. K. B. Jenkins, & F. H. Ratrimomanarivo",2005,Malagasy Yellow Bat,Western Yellow Bat
Scotophilus_trujilloi,Brooks & Bickham,2014,Trujillo's Yellow Bat,Trujillo's House Bat
Scotophilus_viridis,W. C. H. Peters,1851,Eastern Greenish Yellow Bat,Green House Bat|Lesser Yellow House Bat
Afronycteris_helios,E. Heller,1912,Heller's Serotine,Helios Pipistrelle Bat|Heller's Pipistrelle|Samburu Pipistrelle
Afronycteris_nanus,W. C. H. Peters,1851,Banana Serotine,Banana Bat|Banana Pipistrelle
Afronycteris_rautenbachi,"Kearney, De Vries, & Markotter",2026,Kruger Serotine,Kruger Tail-gland Bat
Afropipistrellus_bellieri,De Vree,1972,Bellier's Serotine,Bellier's Pipistrelle
Afropipistrellus_crassulus,O. Thomas,1904,Broad-headed Serotine,Broad-headed Pipistrelle
Afropipistrellus_eisentrauti,J. Edwards Hill,1968,Eisentraut's Serotine,Eisentraut's Pipistrelle
Afropipistrellus_grandidieri,Dobson,1876,Grandidier's Serotine,Grandidier's Pipistrelle|Dobson's Pipistrelle|Yellow Pipistrelle
Afropipistrellus_happoldorum,"Hutterer, Decher, Monadjem, & J. Astrin",2019,Happolds' Serotine,Happolds's Pipistrelle
Afropipistrellus_macrocephalus,Hutterer & Kerbis Peterhans,2019,Large-headed Serotine,Large-headed Pipistrelle
Afropipistrellus_musciculus,O. Thomas,1913,Mouse-like Pipistrelle,Least Pipistrelle Bat|Western Africa Pipistrelle
Cassistrellus_dimissus,O. Thomas,1916,Surat Helmeted Bat,Surat Serotine
Cassistrellus_yokdonensis,"Ruedi, Eger, B. K. Lim, & Csorba",2017,Yok Don Helmeted Bat,
Chalinolobus_dwyeri,R. M. Ryan,1966,Large-eared Pied Bat,Large Pied Bat
Chalinolobus_gouldii,J. E. Gray,1841,Gould's Wattled Bat,
Chalinolobus_morio,J. E. Gray,1841,Chocolate Wattled Bat,Chocolate Bat|Chocolate Lobe-lipped Bat
Chalinolobus_neocaledonicus,Revilliod,1914,New Caledonian Wattled Bat,
Chalinolobus_nigrogriseus,J. Gould,1856,Hoary Wattled Bat,Eastern Wattled Bat|Hoary Bat|Pied Bat|Blackish-gray Bat|Frosted Bat
Chalinolobus_orarius,"Parnaby, A. G. King, S. Hamilton, & Eldridge",2024,Coastal Wattled Bat,Coast Lobe-lipped Bat
Chalinolobus_picatus,J. Gould,1852,Little Pied Bat,Pied Bat
Chalinolobus_tuberculatus,J. R. Forster,1844,New Zealand Long-tailed Bat,Long-tailed Bat|Long-tailed Wattled Bat
Falsistrellus_mackenziei,"D. J. Kitchener, Caputi, & B. Jones",1986,Western False Pipistrelle,Mackenzie's False Pipistrelle|Western Falsistrelle
Falsistrellus_tasmaniensis,J. Gould,1858,Eastern False Pipistrelle,Eastern Falsistrelle|Great Pipistrelle|Tasmanian Pipistrelle
Hypsugo_affinis,Dobson,1871,Chocolate Pipistrelle,Grizzled Pipistrelle|Highland Pipistrelle
Hypsugo_alashanicus,Bobrinski,1926,Alashanian Pipistrelle,Korean Pipistrelle
Hypsugo_arabicus,D. L. Harrison,1979,Arabian Pipistrelle,
Hypsugo_ariel,O. Thomas,1904,Fairy Pipistrelle,Ariel Pipistrelle|Bodenheimer's Pipistrelle|Desert Pipistrelle|Egyptian Desert Pipistrelle
Hypsugo_cadornae,O. Thomas,1916,Cadorna's Pipistrelle,Thomas's Pipistrelle
Hypsugo_dolichodon,"T. Görföl, Csorba, Eger, Nguyen Truong Son, & C. M. Francis",2014,Long-toothed Pipistrelle,
Hypsugo_imbricatus,Horsfield,1824,Brown Pipistrelle,
Hypsugo_kitcheneri,O. Thomas,1915,Red-brown Pipistrelle,
Hypsugo_lanzai,"Benda, M. M. Al-Jumaily, Reiter, & Nasher",2011,Lanza's Pipistrelle,
Hypsugo_lophurus,O. Thomas,1915,Burmese Pipistrelle,Burma Pipistrelle|Myanmar Pipistrelle
Hypsugo_macrotis,Temminck,1840,Big-eared Pipistrelle,
Hypsugo_mordax,W. C. H. Peters,1866,Pungent Pipistrelle,Fungus Pipistrelle
Hypsugo_petersi,A. B. Meyer,1899,Peters's Pipistrelle,North Wallacean Pipistrelle|Wallacean Chocolate Pipistrelle|Woolly Pipistrelle
Hypsugo_pulveratus,W. C. H. Peters in Swinhoe,1871,Chinese Pipistrelle,
Hypsugo_savii,Bonaparte,1837,Savi's Pipistrelle,Stubbe's Pipistrelle
Hypsugo_vordermanni,Jentink,1890,Vordermann's Pipistrelle,White-winged Pipistrelle
Laephotis_angolensis,Monard,1935,Angolan Long-eared Serotine,Angolan Long-eared Bat
Laephotis_capensis,A. Smith,1829,Cape Serotine,Cape Bat|Cape House Bat|Cape Pipistrelle Bat
Laephotis_kirinyaga,"Monadjem, B. D. Patterson, Webala, & Demos in Monadjem, Demos, D. L. Dalton, Webala, Musila, Kerbis Peterhans, & B. D. Patterson",2020,East African Serotine,
Laephotis_malagasyensis,"R. L. Peterson, Eger, & L. Mitchell",1995,Isalo Serotine,
Laephotis_matroka,O. Thomas & Schwann,1905,Malagasy Serotine,Matroka Bat
Laephotis_namibensis,Setzer,1971,Namib Long-eared Serotine,Namibian Long-eared Bat
Laephotis_robertsi,"S. M. Goodman, P. J. Taylor, F. Ratrimomanarivo, & Hoofer",2012,Roberts's Serotine,
Laephotis_stanleyi,"S. M. Goodman, Kearney, M. M. Ratsimbazafy, & Hassanin",2017,Stanley's Serotine,
Laephotis_wintoni,O. Thomas,1901,De Winton's Long-eared Serotine,De Winton's Long-eared Bat
Mimetillus_moloneyi,O. Thomas,1891,Moloney's Mimic Bat,Moloney's Flat-headed Bat|Moloney's Flat-headed Vesper Bat|Thomas's Mimic Bat
Mirostrellus_joffrei,O. Thomas,1915,Joffre's Bat,Anthony's Pipistrelle|Joffre's Pipistrelle
Neoromicia_anchietae,de Seabra,1900,Anchieta's Serotine,Anchieta's Bat|Miombo Pipistrelle|Anchieta's Pipistrelle
Neoromicia_bemainty,"S. M. Goodman, Rakotondramanana, Ramasindrazana, Kearney, Monadjem, M. C. Schoeman, P. J. Taylor, K. Naughton, & B. Appleton",2015,Kirindy Serotine,Kirindy Pipistrelle|Dark Madagascar Pipistrelle
Neoromicia_guineensis,du Bocage,1889,Tiny Serotine,Guinean Pipistrelle Bat|Guinea Serotine
Neoromicia_hlandzeni,"P. J. Taylor, Strydom, L. Richards, Markotter, Toussaint, Kearney, Cotterill, A. Howard, Weier, M. Keith, Neef, M. L. Mamba, Magagula, & Monadjem",2022,Lowveld Serotine,
Neoromicia_somalica,O. Thomas,1901,Somali Serotine,Somali Pipistrelle Bat|Somali Serotine Bat
Neoromicia_zuluensis,A. Roberts,1924,Zulu Serotine,Aloe Bat|Aloe Serotine|Zulu Pipistrelle Bat
Nycticeinops_schlieffenii,W. C. H. Peters,1859,Schlieffen's Serotine,Schlieffen's Twilight Bat|Schlieffen's Bat
Nyctophilus_arnhemensis,D. H. Johnson,1959,Northern Long-eared Bat,
Nyctophilus_bifax,O. Thomas,1915,Eastern Long-eared Bat,Bifax Long-eared Bat
Nyctophilus_corbeni,Parnaby,2009,Corben's Long-eared Bat,Southeastern Long-eared Bat
Nyctophilus_daedalus,O. Thomas,1915,Pallid Long-eared Bat,Artful Long-eared Bat|Northern Long-eared Bat
Nyctophilus_geoffroyi,Leach,1821,Lesser Long-eared Bat,
Nyctophilus_gouldi,Tomes,1858,Gould's Long-eared Bat,
Nyctophilus_heran,"D. J. Kitchener, How, & Maharadatunkamsi",1991,Sunda Long-eared Bat,Sundan Long-eared Bat
Nyctophilus_holtorum,"Parnaby, A. G. King, & Eldridge",2021,Holts' Long-eared Bat,
Nyctophilus_howensis,McKean,1975,Lord Howe Long-eared Bat,Lord Howe Island Long-eared Bat
Nyctophilus_major,J. E. Gray,1844,Western Long-eared Bat,Greater Long-eared Bat
Nyctophilus_microdon,Laurie & J. Edwards Hill,1954,Small-toothed Long-eared Bat,Small-toothed Bat
Nyctophilus_microtis,O. Thomas,1888,Papuan Long-eared Bat,New Guinea Long-eared Bat|Small-eared Nyctophilus
Nyctophilus_nebulosus,Parnaby,2002,New Caledonian Long-eared Bat,
Nyctophilus_sherrini,O. Thomas,1915,Tasmanian Long-eared Bat,Tasmania Long-eared Bat
Nyctophilus_shirleyae,Parnaby,2009,Mount Missim Long-eared Bat,New Guinea Big-eared Bat|Shirley's Long-eared Bat
Nyctophilus_timoriensis,É. Geoffroy Saint-Hilaire,1806,Timor Long-eared Bat,
Nyctophilus_walkeri,O. Thomas,1892,Pygmy Long-eared Bat,
Pharotis_imogene,O. Thomas,1914,New Guinea Big-eared Bat,Thomas's Big-eared Bat
Philetor_brachypterus,Temminck,1840,Rohu's Bat,Narrow-winged Brown Bat|Narrow-winged Pipistrelle|Short-winged Pipistrelle
Pseudoromicia_brunnea,O. Thomas,1880,Dark-brown Serotine,Brown Pipistrelle Bat|Dark-brown Pipistrelle
Pseudoromicia_isabella,"Decher, Hutterer, & Monadjem in Decher, A. Hoffmann, Schaer, R. W. Norris, Kadjo, J. Astrin, Monadjem, & Hutterer",2015,Isabelline Serotine,Isabelline White-winged Serotine
Pseudoromicia_kityoi,"Monadjem, Kerbis Peterhans, Nalikka, Waswa, Demos, & B. D. Patterson in Monadjem, Demos, D. L. Dalton, Webala, Musila, Kerbis Peterhans, & B. D. Patterson",2020,Kityo's Serotine,
Pseudoromicia_mbamminkom,"Grunwald, Demos, Nguéagni, Tchamba, Monadjem, Webala, Kerbis Peterhans, B. D. Patterson, & Ruedas",2023,Mbam Minkom Serotine,
Pseudoromicia_nyanza,"Monadjem, B. D. Patterson, Webala, & Demos in Monadjem, Demos, D. L. Dalton, Webala, Musila, Kerbis Peterhans, & B. D. Patterson",2020,Nyanza Serotine,
Pseudoromicia_principis,"Juste, Torrent, Méndez-Rodríguez, K. Howard, García-Mudarra, Nogueras, & Ibáñez",2023,Principe Serotine,Principe Pipistrelle
Pseudoromicia_rendalli,O. Thomas,1889,Rendall's Serotine,Rendall's Pipistrelle
Pseudoromicia_roseveari,"Monadjem, L. R. Richards, P. J. Taylor, & S. Stoffberg",2013,Rosevear's Serotine,
Pseudoromicia_tenuipinnis,W. C. H. Peters,1872,White-winged Serotine,Slender-winged Pipistrelle Bat|White-winged Bat
Tylonycteris_fulvida,E. Blyth,1859,Indomalayan Lesser Bamboo Bat,Amber Bamboo Bat
Tylonycteris_malayana,Chasen,1940,Malayan Greater Bamboo Bat,Malayan Bamboo Bat
Tylonycteris_pachypus,Temminck,1840,Sunda Lesser Bamboo Bat,Club-footed Bat|Flat-headed Bat|Lesser Bamboo Bat|Lesser Flat-headed Bat
Tylonycteris_pygmaea,"Feng Qing, Li Song, & Wang Yingxiang",2008,Pygmy Bamboo Bat,
Tylonycteris_robustula,O. Thomas,1915,Sumatran Greater Bamboo Bat,Greater Bamboo Bat|Greater Flat-headed Bat
Tylonycteris_tonkinensis,"Vuong Tan Tu, Csorba, Ruedi, Furey, Nguyen Truong Son, Vu Dinh Thong, Bonillo, & Hassanin",2017,Tonkin Greater Bamboo Bat,Tonkin Bamboo Bat
Vespadelus_baverstocki,"D. J. Kitchener, B. Jones, & Caputi",1987,Inland Forest Bat,Baverstock's Forest Bat
Vespadelus_caurinus,O. Thomas,1914,Northern Cave Bat,Little Brown Bat|Little Northern Cave Bat|Northern Brown Bat|Western Cave Bat
Vespadelus_darlingtoni,G. M. Allen,1933,Large Forest Bat,Large Forest Eptesicus|Large Forest Vespadelus
Vespadelus_douglasorum,D. J. Kitchener,1976,Yellow-lipped Cave Bat,Kimberley Cave Bat|Yellow-lipped Bat
Vespadelus_finlaysoni,"D. J. Kitchener, B. Jones, & Caputi",1987,Finlayson's Cave Bat,Inland Cave Bat|Little Brown Bat|Little Cave Eptesicus
Vespadelus_pumilus,J. E. Gray,1841,Eastern Forest Bat,Little Brown Bat
Vespadelus_regulus,O. Thomas,1906,Southern Forest Bat,King River Little Bat|King River Pipistrelle|Little Bat
Vespadelus_troughtoni,"D. J. Kitchener, B. Jones, & Caputi",1987,Eastern Cave Bat,Troughton's Forest Bat|Troughton's Vespadelus
Vespadelus_vulturnus,O. Thomas,1914,Little Forest Bat,Little Bat|Little Brown Bat|Small Forest Eptesicus|Vulturine Little Bat
Vespertilio_murinus,Linnaeus,1758,Eurasian Particolored Bat,Particolored Bat
Vespertilio_sinensis,W. C. H. Peters,1880,Asian Particolored Bat,
Aethalops_aequalis,G. M. Allen,1938,Bornean Pygmy Fruit Bat,Bornean Fruit Bat|Borneo Fruit Bat
Aethalops_alecto,O. Thomas,1923,Common Pygmy Fruit Bat,Pygmy Fruit Bat
Alionycteris_paucidentata,Kock,1969,Mindanao Pygmy Fruit Bat,
Balionycteris_maculata,O. Thomas,1893,Bornean Spotted-winged Fruit Bat,Spotted-winged Fruit Bat
Balionycteris_seimundi,Kloss,1921,Malayan Spotted-winged Fruit Bat,
Chironax_melanocephalus,Temminck,1825,Sundaic Black-capped Fruit Bat,Black-capped Fruit Bat
Chironax_tumulus,Bergmans & F. G. Rozendaal,1988,Sulawesi Black-capped Fruit Bat,Sulawesian Black-capped Fruit Bat
Dyacopterus_brooksi,O. Thomas,1920,Brooks's Dayak Fruit Bat,Brooks's Fruit Bat
Dyacopterus_rickarti,"K. M. Helgen, Kock, Gomez, & Ingle in K. M. Helgen, Kock, Gomez, Ingle, & M. H. Sinaga",2007,Philippine Large-headed Fruit Bat,Rickart's Dayak Fruit Bat
Dyacopterus_spadiceus,O. Thomas,1890,Common Dayak Fruit Bat,Dayak Fruit Bat
Haplonycteris_fischeri,B. Lawrence,1939,Fischer's Pygmy Fruit Bat,Philippine Pygmy Fruit Bat|Pygmy Bat|Pygmy Fruit Bat
Latidens_salimalii,Thonglongya,1972,Salim Ali's Fruit Bat,
Otopteropus_cartilagonodus,Kock,1969,Luzon Pygmy Fruit Bat,Luzon Fruit Bat
Penthetor_lucasii,Dobson,1880,Lucas's Short-nosed Fruit Bat,Dusky Fruit Bat
Sphaerias_blanfordi,O. Thomas,1891,Blanford's Fruit Bat,
Thoopterus_nigrescens,J. E. Gray,1871,Common Swift Fruit Bat,Swift Fruit Bat
Thoopterus_suhaniahae,"Maryanto, Yani, Prijono, & Wiantoro",2012,Suhaniah's Swift Fruit Bat,Suhaniah's Fruit Bat
Cynopterus_brachyotis,S. Müller,1838,Lesser Short-nosed Fruit Bat,Common Short-nosed Fruit Bat|Lesser Dog-faced Fruit Bat|Sunda Short-nosed Fruit Bat
Cynopterus_horsfieldii,J. E. Gray,1843,Horsfield's Short-nosed Fruit Bat,Codot Horsfield|Horsfield's Fruit Bat
Cynopterus_luzoniensis,W. C. H. Peters,1861,Peters's Short-nosed Fruit Bat,Peters's Fruit Bat
Cynopterus_minutus,G. S. Miller,1906,Minute Short-nosed Fruit Bat,Forest Short-nosed Fruit Bat|Minute Fruit Bat
Cynopterus_nusatenggara,D. J. Kitchener & Maharadatunkamsi,1991,Nusatenggara Short-nosed Fruit Bat,
Cynopterus_sphinx,Vahl,1797,Greater Short-nosed Fruit Bat,Short-nosed Indian Fruit Bat|Sphinx Fruit Bat
Cynopterus_titthaecheilus,Temminck,1825,Indonesian Short-nosed Fruit Bat,
Megaerops_albicollis,C. M. Francis,1989,White-collared Fruit Bat,
Megaerops_ecaudatus,Temminck,1837,Temminck's Tailless Fruit Bat,Sunda Tailless Fruit Bat|Temminck's Fruit Bat
Megaerops_kusnotoi,J. Edwards Hill & Boeadi,1979,Javan Tailless Fruit Bat,
Megaerops_niphanae,Yenbutra & Felten,1983,Ratanaworabhan's Tailless Fruit Bat,Northern Tailless Fruit Bat|Ratanaworabhan's Fruit Bat
Ptenochirus_jagorii,W. C. H. Peters,1861,Greater Musky Fruit Bat,
Ptenochirus_minor,Yoshiyuki,1979,Lesser Musky Fruit Bat,
Ptenochirus_wetmorei,E. H. Taylor,1934,Mindanao Fruit Bat,White-collared Fruit Bat
Eidolon_dupreanum,Pollen in Schlegel,1867,Madagascan Straw-colored Fruit Bat,Madagascar Straw Colored Fruit Bat|Malagasy Straw-colored Fruit Bat
Eidolon_helvum,Kerr,1792,African Straw-colored Fruit Bat,Pale Xantharpy|Straw-colored Flying Fox|Straw-colored Fruit Bat
Eonycteris_major,Andersen,1910,Greater Dawn Bat,
Eonycteris_robusta,G. S. Miller,1913,Philippine Dawn Bat,Philippine Nectar Bat
Eonycteris_spelaea,Dobson,1871,Lesser Dawn Bat,Cave Nectar Bat|Common Dawn Bat|Common Nectar Bat|Dobson's Long-tongued Fruit Bat
Epomophorus_angolensis,J. E. Gray,1871,Angolan Epauletted Fruit Bat,
Epomophorus_anselli,Bergmans & Van Strien,2004,Ansell's Epauletted Fruit Bat,Ansell's Dawn Bat
Epomophorus_crypturus,W. C. H. Peters,1851,Peters's Epauletted Fruit Bat,Smaller Epauletted Fruit Bat
Epomophorus_dobsonii,du Bocage,1889,Dobson's Epauletted Fruit Bat,
Epomophorus_gambianus,W. Ogilby,1835,Gambian Epauletted Fruit Bat,
Epomophorus_grandis,Sanborn,1950,Sanborn's Epauletted Fruit Bat,
Epomophorus_intermedius,Hayman,1963,Hayman's Epauletted Fruit Bat,Hayman's Dwarf Epauletted Fruit Bat|Hayman's Lesser Epauletted Fruit Bat
Epomophorus_labiatus,Temminck,1837,Little Epauletted Fruit Bat,Ethiopian Epauletted Fruit Bat
Epomophorus_minor,Dobson,1880,Minor Epauletted Fruit Bat,
Epomophorus_pusillus,W. C. H. Peters,1868,Lesser Epauletted Fruit Bat,Peter's Dwarf Epauletted Fruit Bat|Peters's Lesser Epauletted Fruit Bat
Epomophorus_wahlbergi,Sundevall,1847,Wahlberg's Epauletted Fruit Bat,
Epomops_buettikoferi,Matschie,1899,Büttikofer's Epauletted Fruit Bat,
Epomops_franqueti,Tomes,1860,Franquet's Epauletted Fruit Bat,
Hypsignathus_monstrosus,H. Allen,1861,Hammer-headed Fruit Bat,
Nanonycteris_veldkampii,Jentink,1888,Veldkamp's Epauletted Fruit Bat,Veldkamp's Dwarf Epauletted Fruit Bat
Pilonycteris_celebensis,Andersen,1907,Sulawesi Fruit Bat,Sulawesian Rousette
Megaloglossus_azagnyi,"Nesi, Kadjo, & Hassanin in Nesi, Kadjo, Pourrut, Leroy, Pongombo Shongo, Cruaud, & Hassanin",2013,Western Woermann's Fruit Bat,Azagny Fruit Bat
Megaloglossus_woermanni,Pagenstecher,1885,Eastern Woermann's Fruit Bat,Woermann's Bat|Woermann's Fruit Bat|Woermann's Long-tongued Fruit Bat
Myonycteris_angolensis,du Bocage,1898,Angolan Soft-furred Fruit Bat,Angolan Fruit Bat|Angolan Rousette
Myonycteris_brachycephala,du Bocage,1889,Sao Tome Collared Fruit Bat,
Myonycteris_leptodon,Andersen,1908,Sierra Leone Collared Fruit Bat,Small-eared Collared Fruit Bat
Myonycteris_relicta,Bergmans,1980,Bergmans's Collared Fruit Bat,East African Little Collared Fruit Bat
Myonycteris_torquata,Dobson,1878,Little Collared Fruit Bat,
Plerotes_anchietae,de Seabra,1900,Broad-faced Fruit Bat,Anchieta's Broad-faced Fruit Bat|Benguela Fruit Bat|D'Anchieta's Fruit Bat
Rousettus_aegyptiacus,É. Geoffroy Saint-Hilaire,1810,Egyptian Rousette,Egyptian Fruit Bat
Rousettus_amplexicaudatus,É. Geoffroy Saint-Hilaire,1810,Geoffroy's Rousette,Common Rousette
Rousettus_leschenaultii,A. G. Desmarest,1821,Leschenault's Rousette,Fulvous Fruit Bat|Shortridge's Rousette
Rousettus_linduensis,Maryanto & Yani,2003,Linduan Rousette,
Rousettus_madagascariensis,G. Grandidier,1929,Malagasy Rousette,Madagascan Rousette|Madagascar Rousette
Rousettus_obliviosus,Kock,1978,Comoro Rousette,Comoros Rousette
Rousettus_spinalatus,Bergmans & J. Edwards Hill,1980,Bare-backed Rousette,
Casinycteris_argynnis,O. Thomas,1910,Short-palated Fruit Bat,Golden Short-palated Fruit Bat
Casinycteris_campomaanensis,Hassanin,2014,Campo-Ma'an Fruit Bat,
Casinycteris_ophiodon,Pohle,1943,Pohle's Fruit Bat,Snake-toothed Fruit Bat
Scotonycteris_bergmansi,"Hassanin, Khouider, Gembu, S. M. Goodman, Kadjo, Nesi, Pourrut, Nakouné, & Bonillo",2015,Bergmans's Fruit Bat,
Scotonycteris_occidentalis,Hayman,1947,Hayman's Fruit Bat,Hayman's Tear-drop Fruit Bat
Scotonycteris_zenkeri,Matschie,1894,Zenker's Fruit Bat,
Stenonycteris_lanosa,O. Thomas,1906,Long-haired Fruit Bat,Long-haired Rousette
Aproteles_bulmerae,Menzies,1977,Bulmer's Fruit Bat,
Dobsonia_anderseni,O. Thomas,1914,Andersen's Naked-backed Fruit Bat,Andersen's Bare-backed Fruit Bat
Dobsonia_beauforti,Bergmans,1975,Beaufort's Naked-backed Fruit Bat,Beaufort's Bare-backed Fruit Bat
Dobsonia_chapmani,Rabor,1952,Philippine Naked-backed Fruit Bat,Negros Naked-backed Fruit Bat|Philippine Bare-backed Fruit Bat
Dobsonia_crenulata,Andersen,1909,Halmahera Naked-backed Fruit Bat,
Dobsonia_emersa,Bergmans & Sarbini,1985,Biak Naked-backed Fruit Bat,Biak Bare-backed Fruit Bat
Dobsonia_exoleta,Andersen,1909,Sulawesi Naked-backed Fruit Bat,
Dobsonia_inermis,Andersen,1909,Solomons Naked-backed Fruit Bat,Solomons Bare-backed Fruit Bat
Dobsonia_magna,O. Thomas,1905,New Guinea Naked-backed Fruit Bat,
Dobsonia_minor,Dobson,1879,Lesser Naked-backed Fruit Bat,Lesser Bare-backed Fruit Bat
Dobsonia_moluccensis,Quoy & Gaimard,1830,Moluccan Naked-backed Fruit Bat,Bare-backed Fruit Bat|New Guinea Naked-backed Fruit Bat
Dobsonia_pannietensis,De Vis,1905,Panniet Naked-backed Fruit Bat,De Vis's Bare-backed Fruit Bat|Panaeati Bare-backed Fruit Bat
Dobsonia_peronii,É. Geoffroy Saint-Hilaire,1810,Western Naked-backed Fruit Bat,
Dobsonia_praedatrix,Andersen,1909,New Britain Naked-backed Fruit Bat,Bismarck Bare-backed Fruit Bat|New Britain Bare-backed Fruit Bat
Dobsonia_viridis,Heude,1897,Greenish Naked-backed Fruit Bat,
Boneia_bidens,Jentink,1879,Manado Fruit Bat,Manado Rousette
Harpyionycteris_celebensis,G. S. Miller & Hollister,1921,Sulawesi Harpy Fruit Bat,
Harpyionycteris_whiteheadi,O. Thomas,1896,Philippine Harpy Fruit Bat,Harpy Fruit Bat
Macroglossus_minimus,É. Geoffroy Saint-Hilaire,1810,Lesser Long-tongued Blossom Bat,Dagger-toothed Flower Bat|Dagger-toothed Long-nosed Fruit Bat|Dagger-toothed Long-tongued Blossom Bat|Lesser Long-nosed Fruit Bat|Lesser Long-tongued Fruit Bat|Lesser Long-tongued Nectar Bat|Northern Blossom Bat
Macroglossus_sobrinus,Andersen,1911,Greater Long-tongued Blossom Bat,Greater Long-nosed Blossom Bat|Greater Long-nosed Fruit Bat|Greater Long-tongued Fruit Bat|Greater Nectar Bat|Hill Long-tongued Blossom Bat|Hill Long-tongued Fruit Bat
Syconycteris_australis,W. C. H. Peters,1867,Southern Blossom Bat,Common Blossom Bat|Eastern Blossom Bat
Syconycteris_carolinae,F. G. Rozendaal,1984,Halmaheran Blossom Bat,Halmahera Blossom Bat|North Moluccan Blossom Bat
Syconycteris_hobbit,A. C. Ziegler,1982,Moss-forest Blossom Bat,Highland Blossom Bat
Notopteris_macdonaldii,J. E. Gray,1859,Fijian Long-tailed Fruit Bat,Fijian Blossom Bat|Long-tailed Blossom Bat|Long-tailed Fruit Bat
Notopteris_neocaledonicus,Trouessart,1908,New Caledonia Long-tailed Fruit Bat,New Caledonian Blossom Bat
Nyctimene_aello,O. Thomas,1900,Broad-striped Tube-nosed Fruit Bat,Greater Tube-nosed Bat|Dark Tube-nosed Fruit Bat
Nyctimene_albiventris,J. E. Gray,1862,Common Tube-nosed Fruit Bat,Common Tube-nosed Bat
Nyctimene_cephalotes,Pallas,1767,Pallas's Tube-nosed Fruit Bat,Northern Tube-nosed Bat|Pallas's Tube-nosed Bat|Torresian Tube-nosed Bat
Nyctimene_certans,Andersen,1912,Mountain Tube-nosed Fruit Bat,Mountain Tube-nosed Bat
Nyctimene_cyclotis,Andersen,1910,Round-eared Tube-nosed Fruit Bat,Round-eared Tube-nosed Bat
Nyctimene_draconilla,O. Thomas,1922,Dragon Tube-nosed Fruit Bat,Dragon Tube-nosed Bat
Nyctimene_keasti,"D. J. Kitchener in D. J. Kitchener, Packer, & Maryanto",1993,Keast's Tube-nosed Fruit Bat,
Nyctimene_major,Dobson,1877,Island Tube-nosed Fruit Bat,Dobson's Tube-nosed Bat|Island Tube-nosed Bat|Nendo Tube-nosed Fruit Bat
Nyctimene_malaitensis,C. J. Phillips,1968,Malaita Tube-nosed Fruit Bat,Malaita Tube-nosed Bat
Nyctimene_masalai,J. D. Smith & C. S. Hood,1983,Demonic Tube-nosed Fruit Bat,Demonic Tube-nosed Bat
Nyctimene_rabori,Heaney & R. L. Peterson,1984,Philippine Tube-nosed Fruit Bat,
Nyctimene_robinsoni,O. Thomas,1904,Queensland Tube-nosed Fruit Bat,Eastern Tube-nosed Bat|Queensland Tube-nosed Bat
Nyctimene_sanctacrucis,Troughton,1931,Nendö Tube-nosed Fruit Bat,Nendö Tube-nosed Bat
Nyctimene_varia,Andersen,1910,Lesser Tube-nosed Fruit Bat,
Nyctimene_vizcaccia,O. Thomas,1914,Umboi Tube-nosed Fruit Bat,Bismarck Tube-nosed Bat|Torresian Tube-nosed Bat|Umboi Tube-nosed Bat
Nyctimene_wrightae,Irwin,2017,Happy Tube-nosed Fruit Bat,Wright's Happy Tube-nosed Fruit Bat
Paranyctimene_raptor,Tate,1942,Unstriped Tube-nosed Fruit Bat,Green Tube-nosed Bat
Paranyctimene_tenax,Bergmans,2001,Steadfast Tube-nosed Fruit Bat,
Melonycteris_melanops,Dobson,1877,Black-bellied Blossom Bat,Bismarck Blossom Bat|Black-bellied Bat|Black-bellied Fruit Bat
Nesonycteris_fardoulisi,Flannery,1993,Fardoulis's Blossom Bat,
Nesonycteris_maccoyi,Flannery,1993,Malaita Blossom Bat,
Nesonycteris_mengermani,Flannery,1993,New Georgia Blossom Bat,
Nesonycteris_woodfordi,O. Thomas,1887,Woodford's Blossom Bat,Woodford's Fruit Bat
Desmalopex_leucoptera,Temminck,1853,White-winged Flying Fox,Mottle-winged Flying Fox
Desmalopex_microleucoptera,"Esselstyn, Garcia, Saulog, & Heaney",2008,Mindoro Pallid Flying Fox,
Mirimiri_acrodonta,J. Edwards Hill & Beckon,1978,Fijian Monkey-faced Fruit Bat,
Pteralopex_anceps,Andersen,1909,Bougainville Monkey-faced Fruit Bat,Bougainville Monkey-faced Bat
Pteralopex_atrata,O. Thomas,1888,Guadalcanal Monkey-faced Fruit Bat,Guadalcanal Monkey-faced Bat
Pteralopex_flanneryi,K. M. Helgen,2005,Greater Monkey-faced Fruit Bat,Flannery's Monkey-faced Fruit Bat|Greater Monkey-faced Bat
Pteralopex_pulchra,Flannery,1991,Montane Monkey-faced Fruit Bat,Montane Monkey-faced Bat
Pteralopex_taki,Parnaby,2002,New Georgia Monkey-faced Fruit Bat,New Georgia Monkey-faced Bat
Acerodon_celebensis,W. C. H. Peters,1867,Sulawesi Flying Fox,Sulawesi Acerodon|Sulawesi Fruit Bat
Acerodon_humilis,Andersen,1909,Talaud Flying Fox,Talaud Acerodon|Talaud Fruit Bat
Acerodon_jubatus,von Eschscholtz,1831,Golden-capped Flying Fox,Golden-capped Fruit Bat|Golden-crowned Flying Fox|Panay Golden-capped Flying Fox
Acerodon_leucotis,Sanborn,1950,Palawan Flying Fox,Palawan Fruit Bat
Acerodon_macklotii,Temminck,1837,Sunda Flying Fox,Sunda Fruit Bat
Neopteryx_frosti,Hayman,1946,Small-toothed Fruit Bat,
Pteropus_admiralitatum,O. Thomas,1894,Admiralty Flying Fox,
Pteropus_aldabrensis,F. W. True,1893,Aldabra Flying Fox,
Pteropus_alecto,Temminck,1837,Black Flying Fox,Central Flying Fox
Pteropus_allenorum,"K. M. Helgen, L. E. Helgen, & D. E. Wilson",2009,Small Samoan Flying Fox,
Pteropus_anetianus,J. E. Gray,1871,Vanuatu Flying Fox,Solomons Flying Fox|White Flying Fox
Pteropus_aruensis,W. C. H. Peters,1867,Aru Flying Fox,
Pteropus_brunneus,Dobson,1878,Percy Island Flying Fox,
Pteropus_caniceps,J. E. Gray,1871,North Moluccan Flying Fox,Ashy-headed Flying Fox
Pteropus_capistratus,W. C. H. Peters,1876,New Britain Masked Flying Fox,Bismarck Masked Flying Fox
Pteropus_chrysoproctus,Temminck,1837,South Moluccan Flying Fox,Ambon Flying Fox
Pteropus_cognatus,Andersen,1908,Makira Flying Fox,Dusky Flying Fox
Pteropus_comorensis,Nicoll,1908,Comoros Flying Fox,
Pteropus_conspicillatus,J. Gould,1850,Spectacled Flying Fox,
Pteropus_coxi,"K. M. Helgen, L. E. Helgen, & D. E. Wilson",2009,Large Samoan Flying Fox,
Pteropus_dasymallus,Temminck,1825,Ryukyu Flying Fox,Daito Flying Fox|Erabu Flying Fox|Formosan Flying Fox|Taiwanese Flying Fox|Orii's Flying Fox|Yaeyama Flying Fox
Pteropus_ennisae,Flannery & J. P. White,1991,New Ireland Masked Flying Fox,
Pteropus_faunulus,G. S. Miller,1902,Nicobar Flying Fox,
Pteropus_fundatus,Felten & Kock,1972,Banks Flying Fox,
Pteropus_gilliardi,Van Deusen,1969,Gilliards' Flying Fox,
Pteropus_griseus,É. Geoffroy Saint-Hilaire,1810,Wallacean Gray Flying Fox,
Pteropus_howensis,Troughton,1931,Ontong Java Flying Fox,
Pteropus_hypomelanus,Temminck,1853,Island Flying Fox,Small Flying Fox|Variable Flying Fox
Pteropus_intermedius,Andersen,1908,Andersen's Flying Fox,
Pteropus_keyensis,W. C. H. Peters,1867,Kai Flying Fox,Kei Flying Fox
Pteropus_livingstonii,J. E. Gray,1866,Livingstone's Flying Fox,Comoro Flying Fox|Livingstone's Fruit Bat
Pteropus_lombocensis,Dobson,1878,Lombok Flying Fox,
Pteropus_lylei,Andersen,1908,Lyle's Flying Fox,
Pteropus_macrotis,W. C. H. Peters,1867,Big-eared Flying Fox,Large-eared Flying Fox
Pteropus_mahaganus,Sanborn,1931,Sanborn's Flying Fox,Lesser Flying Fox
Pteropus_mariannus,A. G. Desmarest,1822,Marianas Flying Fox,Marianas Fruit Bat|Micronesian Flying Fox|Japanese Flying Fox|Pagan Island Flying Fox|Pagan Island Fruit Bat|Ulithi Flying Fox
Pteropus_medius,Temminck,1825,Indian Flying Fox,
Pteropus_melanopogon,W. C. H. Peters,1867,Black-bearded Flying Fox,
Pteropus_melanotus,E. Blyth,1863,Black-eared Flying Fox,Blyth's Flying Fox|Christmas Island Flying Fox
Pteropus_molossinus,Temminck,1853,Pohnpei Flying Fox,Caroline Flying Fox|Pohnpei Fruit Bat
Pteropus_neohibernicus,W. C. H. Peters,1876,Great Flying Fox,Greater Flying Fox
Pteropus_niger,Kerr,1792,Greater Mascarene Flying Fox,Black-spined Flying Fox|Black-Spined Fruit Bat|Mauritian Flying Fox|Mauritius Fruit Bat
Pteropus_nitendiensis,Sanborn,1930,Temotu Flying Fox,Makira Flying Fox
Pteropus_ocularis,W. C. H. Peters,1867,Seram Flying Fox,Ceram Fruit Bat|Moluccan Spectacled Flying Fox
Pteropus_ornatus,J. E. Gray,1871,Ornate Flying Fox,
Pteropus_pelagicus,von Kittlitz,1836,Chuuk Flying Fox,Seaside Flying Fox
Pteropus_pelewensis,Andersen,1908,Palau Flying Fox,Pelew Flying Fox|Yap Flying Fox
Pteropus_personatus,Temminck,1825,Moluccan Masked Flying Fox,Masked Flying Fox|Masked Fruit Bat
Pteropus_pilosus,Andersen,1908,Large Palau Flying Fox,
Pteropus_pohlei,G. Stein,1933,Geelvink Bay Flying Fox,Geelvink Bay Fruit Bat|Yapen Flying Fox
Pteropus_poliocephalus,Temminck,1825,Gray-headed Flying Fox,
Pteropus_pselaphon,G. T. Lay,1829,Bonin Flying Fox,Bonin Fruit Bat
Pteropus_pumilus,G. S. Miller,1910,Little Golden-mantled Flying Fox,
Pteropus_rayneri,J. E. Gray,1871,Solomons Flying Fox,
Pteropus_rennelli,Troughton,1929,Rennell Flying Fox,
Pteropus_rodricensis,Dobson,1878,Rodrigues Flying Fox,Golden Bat of Rodrigues|Rodrigues Fruit Bat
Pteropus_rufus,É. Geoffroy Saint-Hilaire,1803,Malagasy Flying Fox,Madagascar Fruit Bat
Pteropus_samoensis,T. R. Peale,1849,Common Samoan Flying Fox,
Pteropus_scapulatus,W. C. H. Peters,1862,Little Red Flying Fox,
Pteropus_seychellensis,A. Milne-Edwards,1878,Seychelles Flying Fox,
Pteropus_speciosus,Andersen,1908,Philippine Gray Flying Fox,
Pteropus_subniger,Kerr,1792,Lesser Mascarene Flying Fox,Dark Flying Fox
Pteropus_temminckii,W. C. H. Peters,1867,Temminck's Flying Fox,
Pteropus_tokudae,Tate,1934,Guam Flying Fox,Little Marianas Flying Fox
Pteropus_tonganus,Quoy & Gaimard,1830,Pacific Flying Fox,Insular Flying Fox|Tongan Flying Fox
Pteropus_tuberculatus,W. C. H. Peters,1869,Vanikoro Flying Fox,Samoan Flying Fox
Pteropus_ualanus,W. C. H. Peters,1883,Kosrae Flying Fox,Ualan Fruit Bat
Pteropus_vampyrus,Linnaeus,1758,Large Flying Fox,Andersen's Flying Fox
Pteropus_vetulus,Jouan,1863,New Caledonia Flying Fox,New Caledonian Flying Fox
Pteropus_voeltzkowi,Matschie,1909,Pemba Flying Fox,
Pteropus_woodfordi,O. Thomas,1888,Dwarf Flying Fox,Least Flying Fox|Least Fruit Bat
Styloctenium_mindorense,Esselstyn,2007,Mindoro Stripe-faced Fruit Bat,
Styloctenium_wallacei,J. E. Gray,1866,Wallace's Stripe-faced Fruit Bat,Sulawesi Stripe-faced Fruit Bat
Craseonycteris_thonglongyai,J. Edwards Hill,1974,Kitti's Hog-nosed Bat,Bumblebee Bat|Hog-nosed Bat|Kitti's Bat
Anthops_ornatus,O. Thomas,1888,Solomons Roundleaf Bat,Flower-faced Bat|Solomons Leaf-nosed Bat
Asellia_arabica,"Benda, Vallo, & Reiter",2011,Arabian Trident Roundleaf Bat,Arabian Trident Bat|Yemeni Trident Bat|Arabian Trident Leaf-nosed Bat
Asellia_italosomalica,De Beaux,1931,Somalian Trident Roundleaf Bat,Horn-of-Africa Trident Leaf-nosed Bat|Somalian Trident Bat|Somalian Trident Leaf-nosed Bat
Asellia_patrizii,De Beaux,1931,Patrizi's Trident Roundleaf Bat,Patrizi's Trident Bat|Patrizi's Trident Leaf-nosed Bat
Asellia_tridens,É. Geoffroy Saint-Hilaire,1813,Geoffroy's Trident Roundleaf Bat,Geoffroy's Trident Bat|Geoffroy's Trident Leaf-nosed Bat
Aselliscus_dongbacanus,"Vuong Tan Tu, Csorba, T. Görföl, S. Arai, Nguyen Truong Son, Thanh Trung Hoang, & Hassanin",2015,Dong Bac Trident Roundleaf Bat,Dong Bac Trident Leaf-nosed Bat|Large Trident Bat|Dong Bac Trident Bat
Aselliscus_stoliczkanus,Dobson,1871,Stoliczka's Trident Roundleaf Bat,Stoliczka's Asian Trident Bat|Stoliczka's Trident Bat
Aselliscus_tricuspidatus,Temminck,1834,Temminck's Trident Roundleaf Bat,Temminck's Asian Trident Bat|Trident Leaf-nosed Bat|Temminck's Trident Bat
Coelops_frithii,E. Blyth,1848,East Asian Tailless Roundleaf Bat,Tailless Leaf-nosed Bat|East Asian Tailless Leaf-nosed Bat
Coelops_hirsutus,G. S. Miller,1910,Philippine Tailless Roundleaf Bat,Philippine Tailless Leaf-nosed Bat
Coelops_robinsoni,Bonhote,1908,Malayan Tailless Roundleaf Bat,Malayan Tailless Leaf-nosed Bat
Doryrhina_camerunensis,Eisentraut,1956,Greater Roundleaf Bat,Cameroon Leaf-nosed Bat|Greater Leaf-nosed Bat
Doryrhina_cyclops,Temminck,1853,Cyclops Roundleaf Bat,Cyclops Leaf-nosed Bat
Hipposideros_abae,"J. A. Allen in J. A. Allen, H. Lang, & Chapin",1917,Aba Roundleaf Bat,Aba Leaf-nosed Bat
Hipposideros_alongensis,Bourret,1942,Ha Long Roundleaf Bat,Halong Bay Leaf-nosed Bat|Ha Long Leaf-nosed Bat
Hipposideros_antricola,W. C. H. Peters,1861,Philippine Dusky Roundleaf Bat,Philippine Dusky Leaf-nosed Bat
Hipposideros_armiger,B. H. Hodgson,1835,Great Himalayan Roundleaf Bat,Great Leaf-nosed Bat|Great Roundleaf Bat|Great Himalayan Leaf-nosed Bat
Hipposideros_ater,Templeton in E. Blyth,1848,Common Dusky Roundleaf Bat,Bicolored Leaf-nosed Bat|Dusky Roundleaf Bat|Common Dusky Leaf-nosed Bat|Dusky Leaf-nosed Bat
Hipposideros_beatus,Andersen,1906,Benito Roundleaf Bat,Benito Leaf-nosed Bat
Hipposideros_bicolor,Temminck,1834,Bicolored Roundleaf Bat,Bicolored Leaf-nosed Bat
Hipposideros_boeadii,"P. J. J. Bates, Rossiter, Suyanto, & Kingston",2007,Boeadi's Roundleaf Bat,Boeadi's Leaf-nosed Bat
Hipposideros_brachyotus,Dobson,1874,Dobson's Roundleaf Bat,Dobson's Leaf-nosed Bat
Hipposideros_breviceps,Tate,1941,Short-headed Roundleaf Bat,Short-headed Leaf-nosed Bat
Hipposideros_caffer,Sundevall,1847,Sundevall's Roundleaf Bat,Cape Leaf-nosed Bat|Common African Leaf-nosed Bat|Lesser Leaf-nosed bat|Sundevall's Leaf-nosed Bat
Hipposideros_calcaratus,Dobson,1877,Spurred Roundleaf Bat,Spurred Leaf-nosed Bat
Hipposideros_cervinus,J. Gould,1854,Fawn-colored Roundleaf Bat,Fawn Horseshoe Bat|Fawn Roundleaf Bat|Gould's Leaf-nosed Bat|Fawn-colored Leaf-nosed Bat
Hipposideros_cineraceus,E. Blyth,1853,Least Roundleaf Bat,Ashy Leaf-nosed Bat|Ashy Roundleaf Bat|Least Leaf-nosed Bat
Hipposideros_coronatus,W. C. H. Peters,1871,Large Mindanao Roundleaf Bat,Large Mindanao Leaf-nosed Bat
Hipposideros_corynophyllus,J. Edwards Hill,1986,Telefomin Roundleaf Bat,Telefomin Leaf-nosed Bat
Hipposideros_coxi,Shelford,1901,Cox's Roundleaf Bat,Cox's Leaf-nosed Bat
Hipposideros_crumeniferus,Lesueur & N.-M. Petit,1807,Timor Roundleaf Bat,Timor Leaf-nosed Bat
Hipposideros_curtus,G. M. Allen,1921,Short-tailed Roundleaf Bat,Short-tailed Leaf-nosed Bat
Hipposideros_demissus,Andersen,1909,Makira Roundleaf Bat,Makira Leaf-nosed Bat
Hipposideros_diadema,É. Geoffroy Saint-Hilaire,1813,Diadem Roundleaf Bat,Diadem Leaf-nosed Bat
Hipposideros_dinops,Andersen,1905,Fierce Roundleaf Bat,Giant Horseshoe Bat|Fierce Leaf-nosed Bat
Hipposideros_doriae,W. C. H. Peters,1871,Bornean Roundleaf Bat,Borneo Roundleaf Bat|Bornean Leaf-nosed Bat
Hipposideros_durgadasi,Khajuria,1970,Durga Das's Roundleaf Bat,Khajuria's Leaf-nosed Bat|Durga Das's Leaf-nosed Bat
Hipposideros_dyacorum,O. Thomas,1902,Dayak Roundleaf Bat,Dayak Leaf-nosed Bat
Hipposideros_edwardshilli,Flannery & D. J. Colgan,1993,Hill's Roundleaf Bat,Hill's Leaf-nosed Bat
Hipposideros_einnaythu,"Douangboubpha, Bumrungsri, Satasook, Soisook, Si Si Hla Bu, Aul, D. L. Harrison, Pearch, N. M. Thomas, & P. J. J. Bates",2011,House-dwelling Roundleaf Bat,House-dwelling Leaf-nosed Bat
Hipposideros_fuliginosus,Temminck,1853,Sooty Roundleaf Bat,Sooty Leaf-nosed Bat
Hipposideros_fulvus,J. E. Gray,1838,Fulvus Roundleaf Bat,Fulvus Leaf-nosed Bat
Hipposideros_galeritus,Cantor,1846,Cantor's Roundleaf Bat,Cantor's Leaf-nosed Bat
Hipposideros_gentilis,Andersen,1918,Andersen's Roundleaf Bat,Exotic Leaf-nosed Bat|Andersen's Leaf-nosed Bat
Hipposideros_grandis,G. M. Allen,1936,Grand Roundleaf Bat,Grand Leaf-nosed Bat
Hipposideros_griffini,"Vu Dinh Thong, Puechmaille, Denzinger, Dietz, Csorba, P. J. J. Bates, E. C. Teeling, & Schnitzler",2012,Griffin's Roundleaf Bat,Griffin's Leaf-nosed Bat
Hipposideros_halophyllus,J. Edwards Hill & Yenbutra,1984,Thailand Roundleaf Bat,Thailand Leaf-nosed Bat
Hipposideros_hypophyllus,Kock & Bhat,1994,Kolar Roundleaf Bat,Leafletted Leaf-nosed Bat|Kolar Leaf-nosed Bat
Hipposideros_inexpectatus,Laurie & J. Edwards Hill,1954,Crested Roundleaf Bat,Crested Leaf-nosed Bat
Hipposideros_inornatus,McKean,1970,Arnhem Roundleaf Bat,McKean's Leaf-nosed Bat|Arnhem Leaf-nosed Bat
Hipposideros_jonesi,Hayman,1947,Jones's Roundleaf Bat,Jones's Leaf-nosed Bat
Hipposideros_khaokhouayensis,Guillén-Servent & C. M. Francis,2006,Phou Khao Khouay Roundleaf Bat,Phou Khao Khouay Leaf-nosed Bat
Hipposideros_kingstonae,"Wongwaiyut, Karapan, Saekong, C. M. Francis, Guillén-Servent, Senawi, F. A. A. Khan, P. J. J. Bates, Jantarit, & Soisook",2023,Kingston's Roundleaf Bat,Kingston's Leaf-nosed Bat
Hipposideros_kunzi,"S. W. Murray, F. A. A. Khan, Kingston, Zubaid, & P. Campbell",2018,Kunz's Roundleaf Bat,Kunz's Bicolored Leaf-nosed Bat|Kunz's Bicolored Roundleaf Bat|Kunz's Leaf-nosed Bat
Hipposideros_lamottei,Brosset,1985,Lamotte's Roundleaf Bat,Lamotte's Leaf-nosed Bat
Hipposideros_lankadiva,Kelaart,1850,Indian Roundleaf Bat,Indian Leaf-nosed Bat
Hipposideros_larvatus,Horsfield,1823,Horsfield's Roundleaf Bat,Intermediate Leaf-nosed Bat|Horsfield's Leaf-nosed Bat
Hipposideros_lekaguli,Thonglongya & J. Edwards Hill,1974,Large Asian Roundleaf Bat,Large Asian Leaf-nosed Bat
Hipposideros_lylei,O. Thomas,1913,Shield-faced Roundleaf Bat,Shield-faced Leaf-nosed Bat
Hipposideros_macrobullatus,Tate,1941,Big-eared Roundleaf Bat,Big-eared Leaf-nosed Bat
Hipposideros_madurae,D. J. Kitchener & Maryanto,1993,Maduran Roundleaf Bat,Maduran Leaf-nosed Bat
Hipposideros_maggietaylorae,J. D. Smith & J. Edwards Hill,1981,Maggie Taylor's Roundleaf Bat,Maggie Taylor's Leaf-nosed Bat
Hipposideros_marisae,Aellen,1954,Aellen's Roundleaf Bat,Aellen's Leaf-nosed Bat
Hipposideros_megalotis,von Heuglin,1861,Large-eared Roundleaf Bat,Ethiopian Large-eared Leaf-nosed Bat|Ethiopian Large-eared Roundleaf Bat|Large-eared Leaf-nosed Bat
Hipposideros_muscinus,O. Thomas & Doria,1886,Fly River Roundleaf Bat,Fly River Leaf-nosed Bat
Hipposideros_nequam,Andersen,1918,Malayan Roundleaf Bat,Malayan Leaf-nosed Bat
Hipposideros_nicobarulae,G. S. Miller,1902,Nicobar Roundleaf Bat,Nicobar Leaf-nosed Bat
Hipposideros_obscurus,W. C. H. Peters,1861,Philippine Forest Roundleaf Bat,Philippines Forest Roundleaf Bat|Philippine Forest Leaf-nosed Bat
Hipposideros_orbiculus,"C. M. Francis, Kock, & Habersetzer",1999,Orbiculus Roundleaf Bat,Orbiculus Leaf-nosed Bat
Hipposideros_papua,O. Thomas & Doria,1886,Biak Roundleaf Bat,Geelvink Bay Leaf-nosed Bat|Biak Leaf-nosed Bat
Hipposideros_pelingensis,Shamel,1940,Peleng Roundleaf Bat,Peleng Leaf-nosed Bat
Hipposideros_pendleburyi,Chasen,1936,Pendlebury's Roundleaf Bat,Pendlebury's Leaf-nosed Bat
Hipposideros_pomona,Andersen,1918,Pomona Roundleaf Bat,Pomona Leaf-nosed Bat
Hipposideros_poutensis,J. A. Allen,1906,Allen's Roundleaf Bat,Allen's Leaf-nosed Bat
Hipposideros_pygmaeus,G. R. Waterhouse,1843,Philippine Pygmy Roundleaf Bat,Philippine Pygmy Leaf-nosed Bat
Hipposideros_ridleyi,H. C. Robinson & Kloss,1911,Ridley's Roundleaf Bat,Singapore Roundleaf Horseshoe Bat|Ridley's Leaf-nosed Bat
Hipposideros_rotalis,"C. M. Francis, Kock, & Habersetzer",1999,Laotian Roundleaf Bat,Laotian Leaf-nosed Bat
Hipposideros_ruber,Noack,1893,Noack's Roundleaf Bat,Noack's Leaf-nosed Bat
Hipposideros_scutinares,"M. F. Robinson, P. D. Jenkins, C. M. Francis, & Fulford",2003,Shield-nosed Roundleaf Bat,Shield-nosed Leaf-nosed Bat
Hipposideros_semoni,Matschie,1903,Semon's Roundleaf Bat,Semon's Leaf-nosed Bat
Hipposideros_sorenseni,D. J. Kitchener & Maryanto,1993,Sorensen's Roundleaf Bat,Sorensen's Leaf-nosed Bat
Hipposideros_speoris,J. G. T. Schneider in von Schreber,1797,Schneider's Roundleaf Bat,Schneider's Leaf-nosed Bat
Hipposideros_srilankaensis,"Kusuminda, B. Srinivasulu, Amarasinghe, A. Srinivasulu, C. Srinivasulu, & W. B. Yapa in B. Srinivasulu, Kusuminda, A. Srinivasulu, Ukuwela, Amarasinghe, Siriwardana, Kaur, Mannakkara, Soisook, Kamalakannan, W. B. Yapa, & C. Srinivasulu",2025,Sri Lankan Roundleaf Bat,Sri Lankan Leaf-nosed Bat
Hipposideros_stenotis,O. Thomas,1913,Northern Roundleaf Bat,Narrow-eared Leaf-nosed Bat|Narrow-eared Roundleaf Bat|Northern Leaf-nosed Bat
Hipposideros_sumbae,Oei Hong Peng,1960,Sumban Roundleaf Bat,Sumba Roundleaf Bat|Sumban Leaf-nosed Bat
Hipposideros_swinhoii,W. C. H. Peters in Swinhoe,1871,Swinhoe's Roundleaf Bat,Pratt's Roundleaf Bat|Pratt's Leaf-nosed Bat|Swinhoe's Leaf-nosed Bat
Hipposideros_tephrus,Cabrera,1906,Maghreb Roundleaf Bat,Ash Gray Leaf-nosed Bat|Maghreb Leaf-nosed Bat
Hipposideros_turpis,Bangs,1901,Lesser Roundleaf Bat,Lesser Great Leaf-nosed Bat|Lesser Leaf-nosed Bat
Hipposideros_wollastoni,O. Thomas,1913,Wollaston's Roundleaf Bat,Wollaston's Leaf-nosed Bat
Macronycteris_commersonii,É. Geoffroy Saint-Hilaire,1813,Commerson's Roundleaf Bat,Commerson's Leaf-nosed Bat
Macronycteris_cryptovalorona,"S. M. Goodman, M. C. Schoeman, A. Rakotoarivelo, & Willows-Munro",2016,Madagascar Cryptic Roundleaf Bat,Cryptic Leaf-nosed Bat|Madagascar Cryptic Leaf-nosed Bat
Macronycteris_gigas,J. A. Wagner,1845,Giant Roundleaf Bat,Giant Leaf-nosed Bat
Macronycteris_thomensis,du Bocage,1891,Sao Tome Roundleaf Bat,Sao Tome Leaf-nosed Bat
Macronycteris_vittata,W. C. H. Peters,1851,Striped Roundleaf Bat,Striped Leaf-nosed Bat
Cardioderma_cor,W. C. H. Peters,1872,Heart-nosed False-vampire,African False Vampire Bat|African Heart-nosed Bat|Heart-nosed Bat|Heart-nosed Big-eared Bat
Eudiscoderma_thongareeae,"Soisook, Prajakjitr, Karapan, C. M. Francis, & P. J. J. Bates",2015,Thongaree's False-vampire,Thongaree's Disc-nosed Bat
Lavia_frons,É. Geoffroy Saint-Hilaire,1810,Yellow-winged False-vampire,African Yellow-winged Bat|Yellow-winged Bat
Lyroderma_lyra,É. Geoffroy Saint-Hilaire,1810,Indian Greater False-vampire,Greater Asian False-vampire|Greater False-vampire|Indian False-vampire
Lyroderma_sinense,Andersen & Wroughton,1907,Eastern Greater False-vampire,Greater Asian False-vampire|Greater False-vampire
Macroderma_gigas,Dobson,1880,Ghost False-vampire,Australian False-vampire|Ghost Bat
Megaderma_spasma,Linnaeus,1758,Lesser Asian False-vampire,Common Asian Ghost Bat|Lesser False Vampire|Malayan False-vampire
Rhinolophus_achilles,O. Thomas,1900,Queensland Horseshoe Bat,
Rhinolophus_acrotis,von Heuglin,1861,Heuglin's Horseshoe Bat,
Rhinolophus_acuminatus,W. C. H. Peters,1871,Acuminate Horseshoe Bat,
Rhinolophus_adami,Aellen & Brosset,1968,Adam's Horseshoe Bat,Congo Horseshoe Bat
Rhinolophus_affinis,Horsfield,1823,Intermediate Horseshoe Bat,
Rhinolophus_alcyone,Temminck,1853,Halcyon Horseshoe Bat,
Rhinolophus_alticolus,Sanborn,1936,Cameroon Horseshoe Bat,
Rhinolophus_andamanensis,Dobson,1872,Homfray's Horseshoe Bat,Andaman Intermediate Horseshoe Bat
Rhinolophus_arcuatus,W. C. H. Peters,1871,Arcuate Horseshoe Bat,
Rhinolophus_axillaris,"J. A. Allen in J. A. Allen, H. Lang, & Chapin",1917,Aba Horseshoe Bat,
Rhinolophus_beddomei,Andersen,1905,Beddome's Woolly Horseshoe Bat,Bedomme's Horseshoe Bat
Rhinolophus_belligerator,"Patrick, McCulloch, & Ruedas",2013,Poso Horseshoe Bat,Belligerent Horseshoe Bat
Rhinolophus_blasii,W. C. H. Peters,1866,Blasius's Horseshoe Bat,Peak-saddle Horseshoe Bat
Rhinolophus_bocharicus,Kastschenko & Akimov,1918,Bokhara Horseshoe Bat,Central Asian Horseshoe Bat
Rhinolophus_borneensis,W. C. H. Peters,1861,Bornean Horseshoe Bat,
Rhinolophus_canuti,O. Thomas & Wroughton,1909,Knud's Horseshoe Bat,Canut's Horseshoe Bat
Rhinolophus_capensis,H. Lichtenstein,1823,Cape Horseshoe Bat,Southern Africa Horseshoe Bat
Rhinolophus_celebensis,Andersen,1905,Sulawesi Horseshoe Bat,
Rhinolophus_cervenyi,"Benda, Uvizl, Eiseb, & Avenant",2024,Červený's Horseshoe Bat,
Rhinolophus_chaseni,Sanborn,1939,Indochinese Horseshoe Bat,
Rhinolophus_chiewkweeae,Yoshiyuki & Lim Boo Liat,2005,Chiew Kwee's Horseshoe Bat,
Rhinolophus_chutamasae,Soisook & P. J. J. Bates,2022,Chutamas's Horseshoe Bat,Mountain Horseshoe Bat
Rhinolophus_clivosus,Cretzschmar,1828,Geoffroy's Horseshoe Bat,Arabian Horseshoe Bat|Cretzschmar's Horseshoe Bat
Rhinolophus_coelophyllus,W. C. H. Peters,1867,Croslet Horseshoe Bat,
Rhinolophus_cognatus,Andersen,1906,Andaman Horseshoe Bat,
Rhinolophus_cohenae,"P. J. Taylor, S. Stoffberg, Monadjem, M. C. Schoeman, Bayliss, & Cotterill",2012,Cohen's Horseshoe Bat,
Rhinolophus_convexus,Csorba,1997,Convex Horseshoe Bat,
Rhinolophus_cornutus,Temminck,1834,Little Japanese Horseshoe Bat,Japanese Lesser Horseshoe Bat
Rhinolophus_creaghi,O. Thomas,1896,Creagh's Horseshoe Bat,
Rhinolophus_damarensis,A. Roberts,1946,Damara Horseshoe Bat,
Rhinolophus_darlingi,Andersen,1905,Darling's Horseshoe Bat,
Rhinolophus_deckenii,W. C. H. Peters,1868,Decken's Horseshoe Bat,Eastern Africa Horseshoe Bat
Rhinolophus_denti,O. Thomas,1904,Dent's Horseshoe Bat,
Rhinolophus_dobsoni,O. Thomas,1904,Sudanese Horseshoe Bat,
Rhinolophus_eloquens,Andersen,1905,Eloquent Horseshoe Bat,
Rhinolophus_episcopus,G. M. Allen,1923,Allen's Horseshoe Bat,
Rhinolophus_euryale,J. H. Blasius,1853,Mediterranean Horseshoe Bat,
Rhinolophus_euryotis,Temminck,1834,New Guinea Broad-eared Horseshoe Bat,Broad-eared Horseshoe Bat|New Guinea Horseshoe Bat
Rhinolophus_ferrumequinum,von Schreber,1774,Greater Horseshoe Bat,Larger Horseshoe Bat
Rhinolophus_foetidus,Andersen,1918,Andersen's Woolly Horseshoe Bat,
Rhinolophus_formosae,Sanborn,1939,Formosan Woolly Horseshoe Bat,
Rhinolophus_francisi,"Soisook, Struebig, P. J. J. Bates, & Portela Miguez in Soisook, Struebig, Noerfahmy, H. Bernard, Maryanto, Chen Shiangfan, Rossiter, Kuo Haochih, Deshpande, P. J. J. Bates, D. Sykes, & Portela Miguez",2015,Francis's Woolly Horseshoe Bat,
Rhinolophus_fumigatus,Rüppell,1842,Rüppell's Horseshoe Bat,Abyssinian Horseshoe Bat|Smoky Horseshoe Bat
Rhinolophus_guineensis,Eisentraut,1960,Guinean Horseshoe Bat,Senegal Horseshoe Bat
Rhinolophus_hildebrandtii,W. C. H. Peters,1878,Hildebrandt's Horseshoe Bat,
Rhinolophus_hilli,Aellen,1973,Hill's Horseshoe Bat,
Rhinolophus_hillorum,Koopman,1989,Upland Horseshoe Bat,Hill's Horseshoe Bat
Rhinolophus_hipposideros,André,1797,Lesser Horseshoe Bat,
Rhinolophus_hirsutus,Andersen,1905,Philippine Horseshoe Bat,
Rhinolophus_horaceki,Benda & Vallo,2012,Horacek's Horseshoe Bat,
Rhinolophus_imaizumii,J. Edwards Hill & Yoshiyuki,1980,Imaizumi's Horseshoe Bat,
Rhinolophus_inops,Andersen,1905,Philippine Forest Horseshoe Bat,
Rhinolophus_keyensis,W. C. H. Peters,1871,Insular Horseshoe Bat,Kai Horseshoe Bat
Rhinolophus_kirghisorum,"Horáček, Uvizl, & Benda in Benda, Ševčík, Horáček, Uvizl, Reiter, & Uhrin",2024,Kyrgyzstan Horseshoe Bat,
Rhinolophus_landeri,W. C. L. Martin,1838,Lander's Horseshoe Bat,
Rhinolophus_lepidus,E. Blyth,1844,Blyth's Horseshoe Bat,
Rhinolophus_lobatus,W. C. H. Peters,1851,Peters's Horseshoe Bat,
Rhinolophus_luctoides,"Volleth, Loidl, F. Mayer, Yong Hoisen, S. Müller, & K.-G. Heller",2015,Selangor Woolly Horseshoe Bat,Luctus-like Horseshoe Bat
Rhinolophus_luctus,Temminck,1834,Great Woolly Horseshoe Bat,Typical Woolly Horseshoe Bat
Rhinolophus_mabuensis,"P. J. Taylor, S. Stoffberg, Monadjem, M. C. Schoeman, Bayliss, & Cotterill",2012,Mount Mabu Horseshoe Bat,
Rhinolophus_maclaudi,de Pousargues,1897,Maclaud's Horseshoe Bat,
Rhinolophus_macrotis,B. H. Hodgson in E. Blyth,1844,Big-eared Horseshoe Bat,Great-eared Horseshoe Bat
Rhinolophus_madurensis,Andersen,1918,Madura Horseshoe Bat,
Rhinolophus_maendeleo,"Kock, Csorba, & K. M. Howell",2000,Maendeleo Horseshoe Bat,Tanzanian Horseshoe Bat
Rhinolophus_malayanus,Bonhote,1903,Malayan Horseshoe Bat,
Rhinolophus_marshalli,Thonglongya,1973,Marshall's Horseshoe Bat,
Rhinolophus_mcintyrei,J. Edwards Hill & Schlitter,1982,McIntyre's Horseshoe Bat,
Rhinolophus_megaphyllus,J. E. Gray,1834,Eastern Horseshoe Bat,Smaller Horseshoe Bat
Rhinolophus_mehelyi,Matschie,1901,Mehely's Horseshoe Bat,
Rhinolophus_microglobosus,Csorba & P. D. Jenkins,1998,Vietnamese Brown Horseshoe Bat,Indochinese Brown Horseshoe Bat|Indochinese Lesser Brown Horseshoe Bat
Rhinolophus_midas,Andersen,1905,Gulf of Oman Horseshoe Bat,
Rhinolophus_mitratus,E. Blyth,1844,Mitred Horseshoe Bat,
Rhinolophus_monoceros,Andersen,1905,Formosan Horseshoe Bat,Formosan Lesser Horseshoe Bat
Rhinolophus_montanus,R. E. Goodwin,1979,Timorese Horseshoe Bat,
Rhinolophus_morio,J. E. Gray,1842,Malaysian Woolly Horseshoe Bat,Jester's Horseshoe Bat
Rhinolophus_mossambicus,"P. J. Taylor, S. Stoffberg, Monadjem, M. C. Schoeman, Bayliss, & Cotterill",2012,Mozambican Horseshoe Bat,
Rhinolophus_namuli,"Curran, Kopp, Ruedi, & Bayliss",2022,Namuli Horseshoe Bat,
Rhinolophus_nereis,Andersen,1905,Anamban Horseshoe Bat,Neriad Horseshoe Bat
Rhinolophus_nippon,Temminck,1835,Greater Japanese Horseshoe Bat,
Rhinolophus_osgoodi,Sanborn,1939,Osgood's Horseshoe Bat,
Rhinolophus_pearsonii,Horsfield,1851,Pearson's Horseshoe Bat,
Rhinolophus_perditus,Andersen,1918,Yaeyama Horseshoe Bat,Lost Horseshoe Bat|Ryukyu Horseshoe Bat|Yaeyama Little Horseshoe Bat|Imaizumi's Horseshoe Bat
Rhinolophus_perniger,B. H. Hodgson,1843,Northern Woolly Horseshoe Bat,Chinese Woolly Horseshoe Bat
Rhinolophus_philippinensis,G. R. Waterhouse,1843,Large-eared Horseshoe Bat,Enormous-eared Horseshoe Bat
Rhinolophus_proconsulis,J. Edwards Hill,1959,Bornean Woolly Horseshoe Bat,Proconsul's Horseshoe Bat
Rhinolophus_pumilus,Andersen,1905,Okinawa Horseshoe Bat,Okinawa Little Horseshoe Bat
Rhinolophus_pusillus,Temminck,1834,Least Horseshoe Bat,
Rhinolophus_refulgens,Andersen,1905,Glossy Horseshoe Bat,
Rhinolophus_rex,G. M. Allen,1923,King Horseshoe Bat,Bourret's Horseshoe Bat|Schnitzler's Horseshoe Bat
Rhinolophus_robinsoni,Andersen,1918,Robinson's Horseshoe Bat,Peninsular Horseshoe Bat
Rhinolophus_rouxii,Temminck,1835,Indian Rufous Horseshoe Bat,
Rhinolophus_rufus,Eydoux & P. Gervais,1836,Large Rufous Horseshoe Bat,
Rhinolophus_ruwenzorii,J. Eric Hill,1942,Ruwenzori Horseshoe Bat,
Rhinolophus_sakejiensis,Cotterill,2002,Sakeji Horseshoe Bat,
Rhinolophus_sedulus,Andersen,1905,Lesser Woolly Horseshoe Bat,
Rhinolophus_septentrionalis,Sanborn,1939,Yunnan Rufous Horseshoe Bat,
Rhinolophus_shameli,Tate,1943,Shamel's Horseshoe Bat,
Rhinolophus_shortridgei,Andersen,1918,Shortridge's Horseshoe Bat,
Rhinolophus_siamensis,Gyldenstolpe,1916,Thai Horseshoe Bat,Siamese Horseshoe Bat
Rhinolophus_silvestris,Aellen,1959,African Forest Horseshoe Bat,Forest Horseshoe Bat
Rhinolophus_simulator,Andersen,1904,Bushveld Horseshoe Bat,
Rhinolophus_sinicus,Andersen,1905,Chinese Rufous Horseshoe Bat,Chinese Horseshoe Bat|Little Nepalese Horseshoe Bat
Rhinolophus_smithersi,"P. J. Taylor, S. Stoffberg, Monadjem, M. C. Schoeman, Bayliss, & Cotterill",2012,Smithers's Horseshoe Bat,
Rhinolophus_stheno,Andersen,1905,Lesser Brown Horseshoe Bat,
Rhinolophus_subbadius,B. H. Hodgson in E. Blyth,1844,Little Nepalese Horseshoe Bat,
Rhinolophus_subrufus,Andersen,1905,Small Rufous Horseshoe Bat,
Rhinolophus_swinnyi,Gough,1908,Swinny's Horseshoe Bat,Roberts's Horseshoe Bat|Gorongosa Horseshoe Bat|Least Horseshoe Bat
Rhinolophus_tatar,Bergmans & F. G. Rozendaal,1982,Sulawesi Broad-eared Horseshoe Bat,Tatar Horseshoe Bat
Rhinolophus_thailandensis,"Wu Yi, M. Harada, & Motokawa",2009,Thailand Horseshoe Bat,Thai Horseshoe Bat
Rhinolophus_thomasi,Andersen,1905,Thomas's Horseshoe Bat,
Rhinolophus_trifoliatus,Temminck,1834,Trefoil Horseshoe Bat,
Rhinolophus_virgo,Andersen,1905,Yellow-faced Horseshoe Bat,
Rhinolophus_webalai,"B. D. Patterson, Dick, Bartonjo, & Demos in B. D. Patterson, Demos, Torrent, Grunwald, Montauban, Kerbis Peterhans, M. M. McDonough, Dick, Bartonjo, M. C. Schoeman, Ruedas, & Juste",2024,Webala's Horseshoe Bat,
Rhinolophus_willardi,"Kerbis Peterhans & Fahr in Kerbis Peterhans, Fahr, Huhndorf, Kaleme, Plumptre, Marks, & Kizungu",2013,Willard's Horseshoe Bat,
Rhinolophus_xinanzhongguoensis,"Zhou Zhaomin, Guillén-Servent, B. K. Lim, Eger, Wang Yingxiang, & Jiang Xuelong",2009,Chinese Horseshoe Bat,Southwestern China Horseshoe Bat|Wedge-sella Horseshoe Bat
Rhinolophus_yonghoiseni,"Volleth & K.-G. Heller in Volleth, F. A. A. Khan, S. Müller, R. J. Baker, Arenas-Viveros, Stevens, Trifonov, Liehr, K.-G. Heller, & Sotero-Caio",2021,Yong Hoi Sen's Woolly Horseshoe Bat,
Rhinolophus_yunanensis,Dobson,1872,Dobson's Horseshoe Bat,
Rhinolophus_ziama,"Fahr, Vierhaus, Hutterer, & Kock",2002,Ziama Horseshoe Bat,
Cloeotis_percivali,O. Thomas,1901,Percival's Trident Bat,African Trident-nosed Bat|East African Trident Bat|Percival's Short-eared Bat|Percival's Short-eared Trident Bat|Short-eared Trident Bat
Paratriaenops_auritus,G. Grandidier,1912,Grandidier's Trident Bat,Golden Trident Bat
Paratriaenops_furcula,Trouessart,1906,Trouessart's Trident Bat,
Paratriaenops_pauliani,S. M. Goodman & Ranivo,2008,Paulian's Trident Bat,Paulian's Triple Leaf-nosed Bat
Rhinonicteris_aurantia,J. E. Gray,1845,Orange Diamond-faced Bat,Golden Horseshoe Bat|Orange Horseshoe Bat|Orange Leaf-nosed Bat|Pilbara Leaf-nosed Bat
Triaenops_afer,W. C. H. Peters,1877,African Trident Bat,Chewbacca Bat
Triaenops_menamena,S. M. Goodman & Ranivo,2009,Rufous Trident Bat,
Triaenops_parvus,Benda & Vallo,2009,Yemeni Trident Bat,Yemeni Trident Leaf-nosed Bat
Triaenops_persicus,Dobson,1871,Persian Trident Bat,Rufous Trident Bat|Triple Nose-leaf Bat
Rhinopoma_cystops,O. Thomas,1903,Arabian Mouse-tailed Bat,Afro-Arabian Mouse-tailed Bat|Egyptian Mouse-tailed Bat|MacInnes's Mouse-tailed Bat
Rhinopoma_funaiolii,"Benda in Benda, Reiter, Uhrin, Vallo, & Uvizl",2026,Somali Mouse-tailed Bat,
Rhinopoma_hadramauticum,"Benda in Benda, Reiter, M. Al-Jumaily, Nasher, & Hulva",2009,Hadramaut Mouse-tailed Bat,Yemeni Mouse-tailed Bat
Rhinopoma_hardwickii,J. E. Gray,1831,Lesser Mouse-tailed Bat,Hardwicke's Lesser Mouse-tailed Bat|Lesser Rat-tailed Bat
Rhinopoma_microphyllum,Brünnich,1782,Greater Mouse-tailed Bat,Larger Rat-tailed Bat
Rhinopoma_muscatellum,O. Thomas,1903,Muscat Mouse-tailed Bat,Small Mouse-tailed Bat
Manis_aurita,B. H. Hodgson,1836,Indo-Burmese Pangolin,
Manis_crassicaudata,É. Geoffroy Saint-Hilaire,1803,Thick-tailed Pangolin,Indian Pangolin
Manis_culionensis,de Elera,1915,Palawan Pangolin,Philippine Pangolin
Manis_javanica,A. G. Desmarest,1822,Sunda Pangolin,Malayan Pangolin
Manis_pentadactyla,Linnaeus,1758,Short-tailed Pangolin,Chinese Pangolin
Phataginus_tetradactylus,Linnaeus,1766,Black-bellied Pangolin,Long-tailed Pangolin
Phataginus_tricuspis,Rafinesque,1820,White-bellied Pangolin,African White-bellied Pangolin|African Tree Pangolin|Three-cusped Pangolin|Common African Pangolin|Tree Pangolin
Smutsia_gigantea,Illiger,1815,Giant Pangolin,Giant Ground Pangolin
Smutsia_temminckii,Smuts,1832,Ground Pangolin,Temminck's Pangolin|Cape Pangolin
Ailurus_fulgens,F. Cuvier in É. Geoffroy Saint-Hilaire & F. Cuvier,1825,Western Red Panda,Lesser Panda|Fire Fox|Golden Dog|Bear Cat|Himalayan Red Panda
Ailurus_styani,O. Thomas,1902,Eastern Red Panda,Chinese Red Panda|Styan's Red Panda
Conepatus_amazonicus,H. Lichtenstein,1838,Amazon Hog-nosed Skunk,
Conepatus_chinga,G. I. Molina,1782,Molina's Hog-nosed Skunk,Humboldt's Hog-nosed Skunk
Conepatus_leuconotus,H. Lichtenstein,1832,American Hog-nosed Skunk,
Conepatus_semistriatus,Boddaert,1785,Striped Hog-nosed Skunk,
Mephitis_macroura,H. Lichtenstein,1832,Hooded Skunk,
Mephitis_mephitis,von Schreber,1776,Striped Skunk,
Spilogale_angustifrons,A. H. Howell,1902,Southern Spotted Skunk,
Spilogale_gracilis,C. H. Merriam,1890,Western Spotted Skunk,
Spilogale_interrupta,Rafinesque,1820,Plains Spotted Skunk,
Spilogale_leucoparia,C. H. Merriam,1890,Desert Spotted Skunk,
Spilogale_putorius,Linnaeus,1758,Alleghanian Spotted Skunk,Eastern Spotted Skunk
Spilogale_pygmaea,O. Thomas,1898,Pygmy Spotted Skunk,
Spilogale_yucatanensis,Burt,1938,Yucatán Spotted Skunk,
Mydaus_javanensis,A. G. Desmarest,1818,Sunda Stink Badger,Malayan Stink Badger|Sunda Skunk Badger|Teledu
Mydaus_marchei,Huet,1887,Palawan Stink Badger,Teledu|Skunk Badger
Eira_barbara,Linnaeus,1758,Tayra,
Gulo_gulo,Linnaeus,1758,Wolverine,Glutton|Skunk Bear
Martes_americana,Kerr,1792,American Marten,American Pine Marten
Martes_caurina,C. H. Merriam,1890,Pacific Marten,
Martes_flavigula,Boddaert,1785,Yellow-throated Marten,
Martes_foina,von Schreber,1776,Stone Marten,Beech Marten|House Marten|White-breasted Marten
Martes_gwatkinsii,Horsfield,1851,Nilgiri Marten,
Martes_martes,Linnaeus,1758,European Pine Marten,Pine Marten|European Marten
Martes_melampus,J. A. Wagner,1841,Japanese Marten,
Martes_zibellina,Linnaeus,1758,Sable,
Pekania_pennanti,Erxleben,1777,Fisher,Pennant Marten
Melogale_cucphuongensis,"T. Nadler, Streicher, Stefen, Schwierz, & Roos",2011,Cuc Phuong Ferret-badger,Vietnam Ferret-badger
Melogale_everetti,O. Thomas,1895,Bornean Ferret-badger,
Melogale_moschata,J. E. Gray,1831,Small-toothed Ferret-badger,Chinese Ferret-badger
Melogale_orientalis,Horsfield,1821,Javan Ferret-badger,
Melogale_personata,I. Geoffroy Saint-Hilaire,1831,Large-toothed Ferret-badger,Burmese Ferret-badger
Melogale_subaurantiaca,Swinhoe,1863,Formosan Ferret-badger,
Ictonyx_striatus,Perry,1810,Zorilla,Striped Polecat
Poecilictis_libyca,Ehrenberg,1833,Saharan Striped Polecat,Saharan Striped Weasel
Poecilogale_albinucha,J. E. Gray,1864,African Striped Weasel,
Vormela_peregusna,von Güldenstädt,1770,Marbled Polecat,
Galictis_cuja,G. I. Molina,1782,Lesser Grison,
Galictis_vittata,von Schreber,1776,Greater Grison,
Lyncodon_patagonicus,de Blainville,1842,Patagonian Weasel,
Enhydra_lutris,Linnaeus,1758,Sea Otter,
Hydrictis_maculicollis,H. Lichtenstein,1835,Spotted-necked Otter,
Lontra_annectens,Forsyth Major,1897,Mesoamerican River Otter,Northern Neotropical River Otter|Mesoamerican Otter
Lontra_canadensis,von Schreber,1776,North American River Otter,River Otter
Lontra_felina,G. I. Molina,1782,Marine Otter,
Lontra_longicaudis,I. von Olfers,1818,Neotropical River Otter,Southern Neotropical River Otter|Central Neotropical River Otter|Neotropical Otter
Lontra_provocax,O. Thomas,1908,Southern River Otter,Huillin
Lutra_capensis,H. R. Schinz,1821,African Clawless Otter,Cape Clawless Otter
Lutra_cinerea,Illiger,1815,Asian Small-clawed Otter,Oriental Small-clawed Otter
Lutra_congica,Lönnberg,1910,Congo Clawless Otter,
Lutra_lutra,Linnaeus,1758,Eurasian Otter,European Otter
Lutra_nippon,Imaizumi & Yoshiyuki,1989,Japanese Otter,
Lutra_perspicillata,I. Geoffroy Saint-Hilaire,1826,Smooth-coated Otter,
Lutra_sumatrana,J. E. Gray,1865,Hairy-nosed Otter,
Pteronura_brasiliensis,Boddaert,1785,Giant Otter,
Arctonyx_albogularis,E. Blyth,1853,Northern Hog Badger,
Arctonyx_collaris,F. Cuvier in É. Geoffroy Saint-Hilaire & F. Cuvier,1825,Greater Hog Badger,
Arctonyx_hoevenii,Hubrecht,1891,Sumatran Hog Badger,
Meles_amurensis,von Schrenck,1859,Amur Badger,
Meles_anakuma,Temminck,1843,Japanese Badger,
Meles_canescens,Blanford,1875,Caucasian Badger,
Meles_leucurus,B. H. Hodgson,1847,Asian Badger,
Meles_meles,Linnaeus,1758,European Badger,Eurasian Badger
Mellivora_capensis,von Schreber,1776,Honey Badger,Ratel
Mustela_aistoodonnivalis,Wu Jiayan & Kao Yuenting,1991,Chinese Pygmy Weasel,Lacked-teeth Pygmy Weasel|Missing-toothed Pygmy Weasel
Mustela_altaica,Pallas,1811,Altai Mountain Weasel,Mountain Weasel|Pale Weasel|Altai Weasel
Mustela_erminea,Linnaeus,1758,Beringian Ermine,Stoat|Short-tailed Weasel
Mustela_eversmanii,Lesson,1827,Steppe Polecat,
Mustela_furo,Linnaeus,1758,Domestic Ferret,Ferret
Mustela_haidarum,Preble,1898,Haida Ermine,
Mustela_itatsi,Temminck,1843,Japanese Weasel,
Mustela_kathiah,B. H. Hodgson,1835,Yellow-bellied Weasel,
Mustela_lutreola,Linnaeus,1761,European Mink,
Mustela_lutreolina,H. C. Robinson & O. Thomas,1917,Indonesian Mountain Weasel,
Mustela_mopbie,"Wei Qiujin, Cao Lei, He Xingcheng, Abramov, Wang Jin, Fu Jie, Li Rui, Yang Qisen, Fu Liqiang, Huang Yaohua, Zhou Caiquan, Wen Zhixin, & Ge Deyan",2025,Hengduan Mountain Weasel,
Mustela_nigripes,Audubon & Bachman,1851,Black-footed Ferret,
Mustela_nivalis,Linnaeus,1766,Least Weasel,Weasel
Mustela_nudipes,A. G. Desmarest,1822,Malay Weasel,
Mustela_putorius,Linnaeus,1758,European Polecat,
Mustela_richardsonii,Bonaparte,1838,American Ermine,
Mustela_sibirica,Pallas,1773,Siberian Weasel,
Mustela_strigidorsa,J. E. Gray,1855,Back-striped Weasel,Stripe-backed Weasel
Neogale_africana,A. G. Desmarest,1818,Amazon Weasel,Tropical Weasel
Neogale_felipei,Izor & de la Torre,1978,Colombian Weasel,
Neogale_frenata,H. Lichtenstein,1831,Long-tailed Weasel,
Neogale_macrodon,Prentiss,1903,Sea Mink,
Neogale_vison,von Schreber,1777,American Mink,
Taxidea_taxus,von Schreber,1778,American Badger,
Bassaricyon_alleni,O. Thomas,1880,Eastern Lowland Olingo,
Bassaricyon_gabbii,J. A. Allen,1876,Northern Olingo,
Bassaricyon_medius,O. Thomas,1909,Western Lowland Olingo,
Bassaricyon_neblina,"K. M. Helgen, C. M. Pinto, Kays, L. E. Helgen, M. T. N. Tsuchiya, A. Quinn, D. E. Wilson, & Maldonado",2013,Olinguito,
Bassariscus_astutus,H. Lichtenstein,1830,Ringtail,
Bassariscus_sumichrasti,de Saussure,1860,Cacomistle,
Nasua_narica,Linnaeus,1766,White-nosed Coati,Coatimundi
Nasua_nasua,Linnaeus,1766,South American Coati,
Nasua_olivacea,J. E. Gray,1865,Mountain Coati,Dwarf Coati|Eastern Mountain Coati|Western Mountain Coati
Potos_flavus,von Schreber,1774,Kinkajou,
Procyon_cancrivorus,Brongniart,1792,Crab-eating Raccoon,Southern Raccoon
Procyon_lotor,Linnaeus,1758,Northern Raccoon,Common Raccoon
Procyon_pygmaeus,C. H. Merriam,1901,Cozumel Raccoon,Pygmy Raccoon
Odobenus_rosmarus,Linnaeus,1758,Walrus,Atlantic Walrus|Laptev Walrus|Pacific Walrus
Arctocephalus_australis,E. A. W. von Zimmermann,1783,South American Fur Seal,Falkland Fur Seal|Peruvian Fur Seal|Southern Fur Seal
Arctocephalus_forsteri,Lesson,1828,New Zealand Fur Seal,Antipodean Fur Seal|Australasian Fur Seal|Black Fur Seal|South Australian Fur Seal
Arctocephalus_galapagoensis,E. Heller,1904,Galapagos Fur Seal,Galapagos Islands Fur Seal
Arctocephalus_gazella,W. C. H. Peters,1875,Antarctic Fur Seal,Kerguelen Fur Seal
Arctocephalus_philippii,W. C. H. Peters,1866,Juan Fernandez Fur Seal,
Arctocephalus_pusillus,von Schreber,1775,Afro-Australian Fur Seal,Brown Fur Seal|Cape Fur Seal|South African Fur Seal|Australian Fur Seal|Tasmanian Fur Seal|Victorian Fur Seal
Arctocephalus_townsendi,C. H. Merriam,1897,Guadalupe Fur Seal,Lower Californian Fur Seal
Arctocephalus_tropicalis,J. E. Gray,1872,Subantarctic Fur Seal,Amsterdam Island Fur Seal
Callorhinus_ursinus,Linnaeus,1758,Northern Fur Seal,Alaskan Fur Seal|Pribilof Fur Seal
Eumetopias_jubatus,von Schreber,1776,Steller Sea Lion,Northern Sea Lion|Steller's Sea Lion|Loughlin's Northern Sea Lion|Western Steller Sea Lion
Neophoca_cinerea,Péron,1816,Australian Sea Lion,Australian Sealion|Counselor Seal|Hair Seal|White-capped Sea Lion|White-necked Sea Lion
Otaria_flavescens,G. K. Shaw,1800,South American Sea Lion,South American Sealion|Southern Sea Lion
Phocarctos_hookeri,J. E. Gray,1844,New Zealand Sea Lion,Hooker's Sea Lion|Hooker's Sealion|New Zealand Sealion
Zalophus_californianus,Lesson,1828,California Sea Lion,California Sealion|Californian Sea Lion
Zalophus_japonicus,W. C. H. Peters,1866,Japanese Sea Lion,
Zalophus_wollebaeki,Sivertsen,1953,Galapagos Sea Lion,Galapagos Sealion
Hydrurga_leptonyx,de Blainville,1820,Leopard Seal,Sea Leopard
Leptonychotes_weddellii,Lesson,1826,Weddell Seal,Weddell's Seal
Lobodon_carcinophaga,Hombron & Jacquinot,1842,Crabeater Seal,
Ommatophoca_rossii,J. E. Gray,1844,Ross Seal,Bigeyed Seal|Ross's Seal|Singing Seal
Mirounga_angustirostris,Gill,1866,Northern Elephant Seal,Northern Sea Elephant
Mirounga_leonina,Linnaeus,1758,Southern Elephant Seal,South Atlantic Elephant Seal|Southern Sea Elephant
Monachus_monachus,Hermann,1779,Mediterranean Monk Seal,Monk Seal
Neomonachus_schauinslandi,Matschie,1906,Hawaiian Monk Seal,Common Hawaiian Monk Seal
Neomonachus_tropicalis,J. E. Gray,1850,Caribbean Monk Seal,
Cystophora_cristata,Erxleben,1777,Hooded Seal,Bladdernose Seal|Crested Seal
Erignathus_barbatus,Erxleben,1777,Bearded Seal,Squareflipper|Atlantic Bearded Seal|Pacific Bearded Seal
Histriophoca_fasciata,E. A. W. von Zimmermann,1783,Ribbon Seal,
Pagophilus_groenlandicus,Erxleben,1777,Harp Seal,Greenland Seal|Saddleback Seal
Halichoerus_grypus,O. Fabricius,1791,Gray Seal,Atlantic Seal|Horsehead
Phoca_largha,Pallas,1811,Spotted Seal,Largha Seal
Phoca_vitulina,Linnaeus,1758,Harbor Seal,Common Seal|Harbour Seal|Eastern Atlantic Harbor Seal|Western Atlantic Harbor Seal|Eastern Pacific Harbor Seal|Kuril Seal|Western Pacific Harbor Seal
Pusa_caspica,J. F. Gmelin,1788,Caspian Seal,
Pusa_hispida,von Schreber,1775,Ringed Seal,Fjord Seal|Jar Seal|Arctic Ringed Seal|Baltic Sea Ringed Seal|Lake Ladoga Ringed Seal|Sea of Okhotsk Ringed Seal
Pusa_saimensis,Nordqvist,1899,Saimaa Seal,Lake Saimaa Ringed Seal
Pusa_sibirica,J. F. Gmelin,1788,Baikal Seal,Lake Baikal Seal|Nerpa
Ailuropoda_melanoleuca,A. David,1869,Giant Panda,Da Xiong Mao
Tremarctos_ornatus,I. Geoffroy Saint-Hilaire,1827,Andean Bear,Spectacled Bear|Ucumari
Helarctos_malayanus,Raffles,1821,Sun Bear,Malayan Sun Bear|Dog Bear|Honey Bear
Melursus_ursinus,G. K. Shaw,1791,Sloth Bear,Honey Bear|Lip Bear
Ursus_americanus,Pallas,1780,American Black Bear,
Ursus_arctos,Linnaeus,1758,Brown Bear,Grizzly Bear|Kodiak Bear
Ursus_maritimus,Phipps,1774,Polar Bear,White Bear|Nanook|Iceland
Ursus_thibetanus,G. Cuvier,1823,Asian Black Bear,Himalayan Black Bear|Moon Bear|White-breasted Bear
Canis_aureus,Linnaeus,1758,Golden Jackal,Asiatic Jackal|Common Jackal
Canis_familiaris,Linnaeus,1758,Domestic Dog,Dog|Dingo|Feral Dog|New Guinea Singing Dog|Village Dog
Canis_latrans,Say in James,1823,Coyote,Brush Wolf|Prairie Wolf
Canis_lupaster,Hemprich & Ehrenberg in Ehrenberg,1833,African Golden Wolf,Golden Wolf|African Wolf|Egyptian Wolf
Canis_lupus,Linnaeus,1758,Gray Wolf,Wolf|Timber Wolf|Tundra Wolf|Arctic Wolf
Canis_lycaon,von Schreber,1775,Eastern Wolf,Algonquin Wolf|Eastern Timber Wolf|Great Lakes Wolf
Canis_rufus,Audubon & Bachman,1851,Red Wolf,
Canis_simensis,Rüppell,1840,Ethiopian Wolf,Simien Fox|Simien Jackal|Abyssinian Wolf|Abyssinian Red Fox
Cuon_alpinus,Pallas,1811,Dhole,Asiatic Wild Dog
Lupulella_adusta,Sundevall,1847,Side-striped Jackal,
Lupulella_mesomelas,von Schreber,1775,Black-backed Jackal,Silver-backed Jackal
Lycaon_pictus,Temminck,1820,African Wild Dog,Painted Hunting Dog|Painted Dog
Atelocynus_microtis,P. L. Sclater,1883,Short-eared Dog,Short-eared Fox
Cerdocyon_thous,Linnaeus,1766,Crab-eating Fox,Savannah Fox
Chrysocyon_brachyurus,Illiger,1815,Maned Wolf,
Dusicyon_australis,Kerr,1792,Warrah,Falklands Wolf|Argentinean Warrah
Lycalopex_culpaeus,G. I. Molina,1782,Culpeo,Andean Fox
Lycalopex_fulvipes,W. C. L. Martin,1837,Darwin's Fox,
Lycalopex_grisea,J. E. Gray,1837,South American Gray Fox,Chilla|Small Gray Fox
Lycalopex_gymnocerca,G. Fischer,1814,Pampas Fox,Azara's Fox
Lycalopex_sechurae,O. Thomas,1900,Sechuran Fox,Sechura Desert Fox|Peruvian Desert Fox
Lycalopex_vetula,P. W. Lund,1842,Hoary Fox,Small-toothed Dog
Speothos_venaticus,P. W. Lund,1842,Bush Dog,Vinegar Dog|Savannah Dog
Urocyon_cinereoargenteus,von Schreber,1775,Northern Gray Fox,Tree Fox
Urocyon_littoralis,S. F. Baird,1857,Island Fox,Island Gray Fox|Channel Islands Fox
Nyctereutes_procyonoides,J. E. Gray,1834,Common Raccoon Dog,Chinese Raccoon Dog|Raccoon Dog
Nyctereutes_viverrinus,Temminck,1839,Japanese Raccoon Dog,Tanuki|Racoon Dog
Otocyon_megalotis,A. G. Desmarest,1822,Bat-eared Fox,
Vulpes_bengalensis,G. K. Shaw,1800,Indian Fox,Bengal Fox
Vulpes_cana,Blanford,1877,Blanford's Fox,Royal Fox|King Fox|Afghan Fox
Vulpes_chama,A. Smith,1833,Cape Fox,Silver Fox
Vulpes_corsac,Linnaeus,1768,Corsac Fox,Corsac
Vulpes_ferrilata,B. H. Hodgson,1842,Tibetan Fox,Sand Fox|Tibetan Sand Fox
Vulpes_lagopus,Linnaeus,1758,Arctic Fox,Polar Fox
Vulpes_macrotis,C. H. Merriam,1888,Kit Fox,Desert Fox
Vulpes_pallida,Cretzschmar,1827,Pale Fox,Pallid Fox|African Sand Fox
Vulpes_rueppellii,H. R. Schinz,1825,Rüppell's Fox,Sand Fox|Rüppell's Sand Fox
Vulpes_velox,Say in James,1823,Swift Fox,
Vulpes_vulpes,Linnaeus,1758,Red Fox,Silver Fox|Cross Fox
Vulpes_zerda,E. A. W. von Zimmermann,1780,Fennec Fox,Fennec
Acinonyx_jubatus,von Schreber,1775,Cheetah,
Caracal_auratus,Temminck,1825,African Golden Cat,
Caracal_caracal,von Schreber,1776,Caracal,Red Lynx|Caracal Lynx
Catopuma_badia,J. E. Gray,1874,Bay Cat,Bornean Bay Cat
Catopuma_temminckii,Vigors & Horsfield,1827,Asian Golden Cat,Temminck's Cat
Felis_bieti,A. Milne-Edwards,1892,Chinese Mountain Cat,Chinese Desert Cat|Pale Desert Cat
Felis_catus,Linnaeus,1758,Domestic Cat,Cat
Felis_chaus,von Schreber,1777,Jungle Cat,Swamp Cat|Reed Cat
Felis_lybica,G. Forster,1780,African Wildcat,Desert Cat|Asiatic (Asian) Steppe Wildcat|Indian Desert Cat
Felis_margarita,Loche,1858,Sand Cat,
Felis_nigripes,Burchell,1824,Black-footed Cat,Small Spotted Cat|Anthill Tiger
Felis_silvestris,von Schreber,1777,European Wildcat,Caucasian Wildcat
Herpailurus_yagouaroundi,É. Geoffroy Saint-Hilaire,1803,Jaguarundi,
Leopardus_braccatus,Cope,1889,Pantanal Cat,Brazilian Pampas Cat|Brazilian Colocolo
Leopardus_colocola,G. I. Molina,1782,Central Chilean Colocolo,Central Chilean Pampas Cat|Grass Cat
Leopardus_fasciatus,Larrañaga,1923,Uruguayan Colocolo,Uruguayan Pampas Cat|Muñoa's Pampas Cat|Muñoa's Colocolo
Leopardus_garleppi,Matschie,1912,Northern Colocolo,Northern Pampas Cat|Garlepp's Colocolo|Garlepp's Pampas Cat
Leopardus_geoffroyi,d'Orbigny & P. Gervais,1844,Geoffroy's Cat,
Leopardus_guigna,G. I. Molina,1782,Kodkod,Guigna
Leopardus_guttulus,Hensel,1872,Atlantic Forest Oncilla,Southern Tigrina|Southern Tiger Cat|Atlantic Forest Tiger Cat|Southern Oncilla
Leopardus_jacobita,Cornalia,1865,Andean Mountain Cat,Andean Cat|Mountain Cat|Andean Highland Cat
Leopardus_pajeros,A. G. Desmarest,1816,Southern Colocolo,Southern Pampas Cat
Leopardus_pardalis,Linnaeus,1758,Ocelot,
Leopardus_pardinoides,J. E. Gray,1867,Clouded Oncilla,Clouded Tiger-cat|Nariño Cat
Leopardus_tigrinus,von Schreber,1775,Savanna Oncilla,Little Tiger Cat|Little Spotted Cat|Northern Tigrina|Northern Oncilla|Savanna Tiger Cat|Snethlage's Tigrina|Eastern Tigrina|Eastern Oncilla
Leopardus_wiedii,H. R. Schinz,1821,Margay,
Leptailurus_serval,von Schreber,1776,Serval,
Lynx_canadensis,Kerr,1792,Canadian Lynx,
Lynx_lynx,Linnaeus,1758,Eurasian Lynx,
Lynx_pardinus,Temminck,1825,Iberian Lynx,Pardel Lynx|Spanish Lynx
Lynx_rufus,von Schreber,1777,Bobcat,Red Lynx|Bay Lynx|Cat Lynx
Otocolobus_manul,Pallas,1776,Pallas's Cat,Manul|Steppe Cat
Pardofelis_marmorata,W. C. L. Martin,1837,Marbled Cat,
Prionailurus_bengalensis,Kerr,1792,Mainland Leopard Cat,Leopard Cat|Common Leopard Cat
Prionailurus_javanensis,A. G. Desmarest,1816,Sunda Leopard Cat,Leopard Cat|Common Leopard Cat
Prionailurus_planiceps,Vigors & Horsfield,1827,Flat-headed Cat,
Prionailurus_rubiginosus,I. Geoffroy Saint-Hilaire,1831,Rusty-spotted Cat,
Prionailurus_viverrinus,E. T. Bennett,1833,Fishing Cat,
Puma_concolor,Linnaeus,1771,Puma,Cougar|Mountain Lion|Catamount|Panther|Florida Panther
Neofelis_diardi,G. Cuvier,1823,Sunda Clouded Leopard,Diard's Clouded Leopard|Clouded Leopard
Neofelis_nebulosa,Griffith,1822,Mainland Clouded Leopard,Indochinese Clouded Leopard|Clouded Leopard
Panthera_leo,Linnaeus,1758,Lion,
Panthera_onca,Linnaeus,1758,Jaguar,
Panthera_pardus,Linnaeus,1758,Leopard,Panther
Panthera_tigris,Linnaeus,1758,Tiger,
Panthera_uncia,Boddaert,1772,Snow Leopard,Ounce
Prionodon_linsang,Hardwicke,1821,Banded Linsang,
Prionodon_pardicolor,B. H. Hodgson,1841,Spotted Linsang,
Cryptoprocta_ferox,E. T. Bennett in Telfair,1833,Fossa,Fosa
Cryptoprocta_spelea,G. Grandidier,1902,Giant Fosa,
Eupleres_goudotii,Doyère,1835,Falanouc,Fanaloka|Ridarida|Amboa Laolo
Fossa_fossana,P. L. S. Müller,1776,Spotted Fanaloka,Malagasy Civet|Tombokatosody|Tomkasodina|Tambosadina|Kavahy|Fanaloka
Galidia_elegans,I. Geoffroy Saint-Hilaire,1837,Ring-tailed Vontsira,Ring-tailed Mongoose|Vontsira|Vontsira Mena|Kokia|Vontsika
Galidictis_fasciata,J. F. Gmelin,1788,Broad-striped Vontsira,Broad-striped Malagasy Mongoose|Vontsira Fotsy|Bakiaka Betanimena|Bakiaka Belemboka
Mungotictis_decemlineata,A. Grandidier,1867,Narrow-striped Boky,Narrow-striped Mongoose|Boky|Boky-boky
Salanoia_concolor,I. Geoffroy Saint-Hilaire,1837,Brown-tailed Vontsira,Brown-tailed Mongoose|Salano|Vontsira Boko|Tabiboala|Fanaloka
Atilax_paludinosus,G. Cuvier,1829,Marsh Mongoose,Water Mongoose
Bdeogale_crassicauda,W. C. H. Peters,1852,Bushy-tailed Mongoose,
Bdeogale_jacksoni,O. Thomas,1894,Jackson's Mongoose,
Bdeogale_nigripes,Pucheran,1855,Black-footed Mongoose,Black-legged Mongoose
Bdeogale_omnivora,E. Heller,1913,Sokoke Mongoose,Sokoke Dog Mongoose; Sokoke Bushy-tailed Mongoose
Cynictis_penicillata,G. Cuvier,1829,Yellow Mongoose,
Herpestes_flavescens,du Bocage,1889,Angolan Slender Mongoose,Kaokoveld Slender Mongoose|Black Mongoose|Larger Red Mongoose
Herpestes_ichneumon,Linnaeus,1758,Egyptian Mongoose,Large Gray Mongoose|Ichneumon
Herpestes_ochraceus,J. E. Gray,1849,Somalian Slender Mongoose,
Herpestes_pulverulentus,J. A. Wagner,1839,Cape Gray Mongoose,
Herpestes_sanguineus,Rüppell,1836,Common Slender Mongoose,
Ichneumia_albicauda,G. Cuvier,1829,White-tailed Mongoose,
Paracynictis_selousi,de Winton,1896,Selous's Mongoose,
Rhynchogale_melleri,J. E. Gray,1865,Meller's Mongoose,
Urva_auropunctata,B. H. Hodgson,1836,Small Indian Mongoose,
Urva_brachyurus,J. E. Gray,1837,Short-tailed Mongoose,
Urva_edwardsii,É. Geoffroy Saint-Hilaire,1813,Indian Gray Mongoose,
Urva_fusca,G. R. Waterhouse,1838,Indian Brown Mongoose,
Urva_javanica,É. Geoffroy Saint-Hilaire,1813,Javan Mongoose,Small Asian Mongoose
Urva_semitorquata,J. E. Gray,1846,Collared Mongoose,
Urva_smithii,J. E. Gray,1837,Ruddy Mongoose,
Urva_urva,B. H. Hodgson,1836,Crab-eating Mongoose,
Urva_vitticollis,E. T. Bennett,1835,Stripe-necked Mongoose,
Xenogale_naso,de Winton,1901,Long-nosed Mongoose,
Crossarchus_alexandri,O. Thomas & Wroughton,1907,Alexander's Cusimanse,
Crossarchus_ansorgei,O. Thomas,1910,Angolan Cusimanse,Angolan Mongoose|Ansorge's Cusimanse
Crossarchus_obscurus,F. Cuvier in É. Geoffroy Saint-Hilaire & F. Cuvier,1825,Common Cusimanse,Cusimanse|Long-nosed Cusimanse
Crossarchus_platycephalus,C. A. Goldman,1984,Flat-headed Cusimanse,Cameroon Cusimanse
Dologale_dybowskii,de Pousargues,1893,Pousargues's Mongoose,Savannah Mongoose
Helogale_hirtula,O. Thomas,1904,Ethiopian Dwarf Mongoose,Somali Dwarf Mongoose|Desert Dwarf Mongoose.
Helogale_parvula,Sundevall,1847,Common Dwarf Mongoose,Dwarf Mongoose
Liberiictis_kuhni,Hayman,1958,Liberian Mongoose,
Mungos_gambianus,W. Ogilby,1835,Gambian Mongoose,
Mungos_mungo,J. F. Gmelin,1788,Banded Mongoose,
Suricata_suricatta,von Schreber,1776,Meerkat,Suricate|Slender-tailed Meerkat|Gray Meerkat
Crocuta_crocuta,Erxleben,1777,Spotted Hyena,
Hyaena_hyaena,Linnaeus,1758,Striped Hyena,
Parahyaena_brunnea,Thunberg,1820,Brown Hyena,
Proteles_cristatus,Sparrman,1783,Southern Aardwolf,Aardwolf
Proteles_septentrionalis,W. Rothschild,1902,Eastern Aardwolf,Aardwolf
Genetta_abyssinica,Rüppell,1836,Abyssinian Genet,Ethiopian Genet
Genetta_angolensis,du Bocage,1882,Angolan Genet,Miombo Genet
Genetta_bourloni,Gaubert,2003,Bourlon's Genet,
Genetta_cristata,Hayman in I. T. Sanderson,1940,Crested Genet,
Genetta_felina,Thunberg,1811,Feline Genet,South African Small-spotted Genet
Genetta_fieldiana,Du Chaillu,1860,Rusty-spotted Genet,Central African Large-spotted Genet
Genetta_genetta,Linnaeus,1758,Common Genet,Common Small-spotted Genet
Genetta_johnstoni,Pocock,1908,Johnston's Genet,
Genetta_pardina,I. Geoffroy Saint-Hilaire,1832,Pardine Genet,West African Large-spotted Genet
Genetta_piscivora,J. A. Allen,1919,Aquatic Genet,
Genetta_poensis,G. R. Waterhouse,1838,King Genet,
Genetta_servalina,Pucheran,1855,Servaline Genet,
Genetta_thierryi,Matschie,1902,Hausa Genet,Thierry's Genet|Villiers's Genet
Genetta_tigrina,von Schreber,1776,Cape Genet,South African Large-spotted Genet
Genetta_victoriae,O. Thomas,1901,Giant Genet,
Poiana_leightoni,Pocock,1908,Leighton's Oyan,West African Linsang|Leighton's Linsang
Poiana_richardsonii,T. R. H. Thomson,1842,Central African Oyan,African Linsang|Richardson's Linsang
Chrotogale_owstoni,O. Thomas,1912,Owston's Palm Civet,
Cynogale_bennettii,J. E. Gray,1837,Otter Civet,
Diplogale_hosei,O. Thomas,1892,Hose's Palm Civet,
Hemigalus_derbyanus,J. E. Gray,1837,Banded Palm Civet,
Macrogalidia_musschenbroekii,Schlegel,1877,Sulawesi Palm Civet,Giant Palm Civet
Arctictis_binturong,Raffles,1821,Binturong,
Arctogalidia_trivirgata,J. E. Gray,1832,Small-toothed Palm Civet,Three-striped Palm Civet
Paguma_larvata,Griffith,1822,Masked Palm Civet,
Paradoxurus_hermaphroditus,Pallas in von Schreber,1777,Northern Palm Civet,Common Palm Civet
Paradoxurus_jerdoni,Blanford,1885,Brown Palm Civet,Jerdon's Palm Civet
Paradoxurus_musanga,Raffles,1821,Southern Palm Civet,Sumatran Palm Civet|Indochinese Palm Civet
Paradoxurus_philippinensis,Jourdan,1837,Philippine Palm Civet,
Paradoxurus_zeylonensis,Pallas in von Schreber,1778,Golden Palm Civet,
Civettictis_civetta,von Schreber,1776,African Civet,
Viverra_civettina,E. Blyth,1862,Malabar Civet,Malabar Large-spotted Civet
Viverra_megaspila,E. Blyth,1862,Large-spotted Civet,
Viverra_tangalunga,J. E. Gray,1832,Malay Civet,Malayan Civet|Oriental Civet
Viverra_zibetha,Linnaeus,1758,Large Indian Civet,
Viverricula_indica,É. Geoffroy Saint-Hilaire,1803,Small Indian Civet,Lesser Oriental Civet
Nandinia_binotata,J. E. Gray,1830,African Palm Civet,
Dicerorhinus_sumatrensis,G. Fischer,1814,Sumatran Rhinoceros,Asiatic Two-horned Rhinoceros|Hairy Rhinoceros
Ceratotherium_simum,Burchell,1817,White Rhinoceros,Square-lipped Rhinoceros|Northern White Rhinoceros|Southern While Rhinoceros
Diceros_bicornis,Linnaeus,1758,Black Rhinoceros,Hook-lipped Rhinoceros|Prehensile-lipped Rhinoceros
Rhinoceros_sondaicus,A. G. Desmarest,1822,Lesser One-horned Rhinoceros,Javan Rhinoceros
Rhinoceros_unicornis,Linnaeus,1758,Greater One-horned Rhinoceros,Indian Rhinoceros
Tapirus_bairdii,Gill,1865,Central American Tapir,Baird's Tapir
Tapirus_indicus,A. G. Desmarest,1819,Malayan Tapir,Asian Tapir|Indian Tapir|Malay Tapir
Tapirus_pinchaque,Roulin,1829,Mountain Tapir,Andean Tapir|Woolly Tapir
Tapirus_terrestris,Linnaeus,1758,Lowland Tapir,Brazilian Tapir|South American Tapir
Equus_africanus,von Heuglin & Fitzinger,1866,African Wild Ass,Atlas Wild Ass|Nubian Wild Ass|Somali Wild Ass
Equus_asinus,Linnaeus,1758,Domestic Ass,Ass|Donkey|Burro
Equus_caballus,Linnaeus,1758,Domestic Horse,Horse|Feral Horse
Equus_ferus,Boddaert,1785,Wild Horse,Eurasian Wild Horse|Tarpan|Przewalski's Horse
Equus_grevyi,Oustalet,1882,Grevy's Zebra,Imperial Zebra
Equus_hemionus,Pallas,1775,Onager,Asian Wild Ass|Gobi Kulan|Mongolian Kulan|Persian Onager|Syrian Onager
Equus_kiang,Moorcroft in H. H. Wilson,1841,Kiang,Tibetan Wild Ass|Eastern Kiang|Southern Kiang|Western Kiang
Equus_quagga,Boddaert,1785,Plains Zebra,Common Zebra|Painted Quagga|Burchell's Zebra|Chapman's Zebra|Crawshay's Zebra|Damara Zebra|Grant's Zebra|Quagga|Zambezi Zebra
Equus_zebra,Linnaeus,1758,Mountain Zebra,Cape Mountain Zebra |Hartmann's Mountain Zebra
Choeropsis_liberiensis,Morton,1849,Pygmy Hippopotamus,Heslop's Pygmy Hippopotamus|Niger Delta Pygmy Hippopotamus
Hippopotamus_amphibius,Linnaeus,1758,Common Hippopotamus,
Hippopotamus_lemerlei,A. Grandidier in H. Milne-Edwards,1868,Lemerle's Dwarf Hippopotamus,
Hippopotamus_madagascariensis,Guldberg,1884,Madagascan Dwarf Hippopotamus,
Balaena_mysticetus,Linnaeus,1758,Bowhead Whale,Arctic Right Whale|Bowhead|Bunch-back Whale|Great Polar Whale|Greenland Right Whale|Greenland Whale|Steeple-top
Eubalaena_australis,Desmoulins,1822,Southern Right Whale,
Eubalaena_glacialis,O. F. Müller,1776,North Atlantic Right Whale,Biscayan Right Whale|Black Right Whale|Nordcaper|Northern Right Whale
Eubalaena_japonica,de Lacépède,1818,North Pacific Right Whale,Japanese Whale|Northwest Whale|Pacific Right Whale
Balaenoptera_acutorostrata,de Lacépède,1804,Common Minke Whale,Lesser Rorqual|Little Piked Whale|Sharp-headed Finner Whale|North Atlantic Minke Whale|North Pacific Minke Whale
Balaenoptera_bonaerensis,Burmeister,1867,Antarctic Minke Whale,Southern Minke Whale
Balaenoptera_borealis,Lesson,1828,Sei Whale,Coalfish Whale|Northern Rorqual|Pollack Whale|Rudophi's Rorqual|Northern Sei Whale|Southern Sei Whale
Balaenoptera_brydei,Ø. Olsen,1912,Bryde's Whale,Ordinary Bryde's Whale|Large Bryde's Whale
Balaenoptera_edeni,J. Anderson,1879,Eden's Whale,Tropical Whale|Small-form Bryde's Whale|Sittang Whale
Balaenoptera_musculus,Linnaeus,1758,Blue Whale,Blue Rorqual|Sibbald's Rorqual|Sulphur-bottom Whale|Northern Blue Whale|Pygmy Blue Whale|Antarctic Blue Whale|Southern Blue Whale|Northern Indian Ocean Blue Whale
Balaenoptera_omurai,"Wada, Oishi, & T. K. Yamada",2003,Omura's Whale,Pygmy Bryde's Whale
Balaenoptera_physalus,Linnaeus,1758,Fin Whale,Common Rorqual|Finback|Fin-backed Whale|Finner|Herring Whale|Razorback|Northern Fin Whale|Southern Fin Whale
Balaenoptera_ricei,"Rosel, Wilcox, T. K. Yamada, & K. D. Mullin",2021,Rice's Whale,Gulf of Mexico Whale
Eschrichtius_robustus,Lilljeborg,1861,Gray Whale,California Gray Whale|Devilfish|Hard-head|Mussel Digger|Rip Sack|Scrag Whale
Megaptera_novaeangliae,Borowski,1781,Humpback Whale,Bunch Whale|Hump Whale|Hunchback Whale
Caperea_marginata,J. E. Gray,1847,Pygmy Right Whale,Western Australian Whale
Delphinus_bairdii,Dall,1873,Eastern Pacific Long-beaked Common Dolphin,Common Dolphin|Long-beaked Common Dolphin
Delphinus_delphis,Linnaeus,1758,Panglobal Common Dolphin,Atlantic Dolphin|Common Dolphin|Criss-cross Dolphin|Pacific Dolphin|Saddle-backed Dolphin|Short-beaked Saddleback Dolphin|White-bellied Porpoise|Black Sea Common Dolphin|Short-beaked Common Dolphin|Long-beaked Common Dolphin
Lagenodelphis_hosei,F. C. Fraser,1956,Fraser's Dolphin,Bornean Dolphin|Fraser's Porpoise|Hose's Dolphin|Sarawak Dolphin|Shortsnout Dolphin
Sotalia_fluviatilis,P. Gervais & Deville in P. Gervais,1853,Tucuxi,Brazilian Dolphin|Gray River Dolphin
Sotalia_guianensis,P. J. Van Beneden,1864,Guiana Dolphin,Costero|Guiana River Dolphin
Sousa_chinensis,Osbeck,1765,Indo-Pacific Humpback Dolphin,Borneo White Dolphin|Chinese White Dolphin|Lead-colored Dolphin|Plumbeous Dolphin|Ridge-backed Dolphin|Speckled Dolphin|White Dolphin|Pacific Humpback Dolphin|Indian Humpback Dolphin
Sousa_plumbea,G. Cuvier,1829,Indian Humpback Dolphin,
Sousa_sahulensis,Jefferson & Rosenbaum,2014,Australian Humpback Dolphin,
Sousa_teuszii,Kükenthal,1892,Atlantic Humpback Dolphin,Atlantic Humpbacked Dolphin|Teusz's Dolphin
Stenella_attenuata,J. E. Gray,1847,Pantropical Spotted Dolphin,Bridled Dolphin|Narrow-snouted Dolphin|Slender-beaked Dolphin|Spotted Porpoise|White-spotted Dolphin|Offshore Pantropical Spotted Dolphin|Coastal Pantropical Spotted Dolphin|Graffman's Dolphin
Stenella_clymene,J. E. Gray,1850,Clymene Dolphin,Atlantic Spinner Dolphin|Helmet Dolphin|Senegal Dolphin|Short-snouted Spinner Dolphin
Stenella_coeruleoalba,Meyen,1833,Striped Dolphin,Blue-white Dolphin|Euphrosyne Dolphin|Gray's Dolphin|Meyen's Dolphin|Streaker Porpoise|Whitebelly
Stenella_frontalis,G. Cuvier,1829,Atlantic Spotted Dolphin,Bridled Dolphin|Cuvier's Porpoise|Spotted Porpoise
Stenella_longirostris,J. E. Gray,1828,Spinner Dolphin,Long-beaked Dolphin|Long-snouted Dolphin|Pantropical Spinner Dolphin|Gray's Spinner Dolphin|Central American Spinner Dolphin|Eastern Spinner Dolphin|Dwarf Spinner Dolphin
Tursiops_aduncus,Hemprich & Ehrenberg in Ehrenberg,1833,Indo-Pacific Bottlenose Dolphin,Indian Ocean Bottlenose Dolphin|Bottlenose Dolphin
Tursiops_erebennus,Cope,1865,Tamanend's Bottlenose Dolphin,Bottlenose Dolphin
Tursiops_truncatus,G. Montagu,1821,Common Bottlenose Dolphin,Black Porpoise|Bottlenose Dolphin|Black Sea Bottlenose Dolphin
Feresa_attenuata,J. E. Gray,1874,Pygmy Killer Whale,Slender Blackfish|Slender Pilot Whale
Globicephala_macrorhynchus,J. E. Gray,1847,Short-finned Pilot Whale,Pacific Pilot Whale|Southern Blackfish|Southern Pothead Whale
Globicephala_melas,Traill,1809,Long-finned Pilot Whale,Atlantic Pilot Whale|Caaing Whale|Common Blackfish|Common Pilot Whale|Northern Pilot Whale|Pothead Whale|North Atlantic Long-finned Pilot Whale|Southern Long-finned Pilot Whale
Grampus_griseus,G. Cuvier,1812,Risso's Dolphin,Grampus|Gray Dolphin|Gray Grampus|Risso's Grampus|White-headed Grampus
Orcaella_brevirostris,R. Owen in J. E. Gray,1866,Irrawaddy Dolphin,Larger Indian Porpoise|Snubfin Dolphin
Orcaella_heinsohni,"I. Beasley, K. M. Robertson, & Arnold",2005,Australian Snubfin Dolphin,
Peponocephala_electra,J. E. Gray,1847,Melon-headed Whale,Electra Dolphin|Little Killer Whale|Many-toothed Blackfish
Pseudorca_crassidens,R. Owen,1846,False Killer Whale,False Pilot Whale
Steno_bredanensis,Lesson,1828,Rough-toothed Dolphin,Slopehead
Lagenorhynchus_albirostris,J. E. Gray,1846,White-beaked Dolphin,White-beaked Porpoise|White-nosed Dolphin
Leucopleurus_acutus,J. E. Gray,1828,Atlantic White-sided Dolphin,Atlantic White-sided Porpoise|Jumper|Skunk Porpoise
Orcinus_ater,Cope,1869,Resident Killer Whale,Orca
Orcinus_orca,Linnaeus,1758,Common Killer Whale,Orca
Orcinus_rectipinnus,Cope,1869,Bigg's Killer Whale,Orca|Transient Killer Whale
Aethalodelphis_obliquidens,Gill,1865,Pacific White-sided Dolphin,Hook-finned Porpoise|Pacific Striped Porpoise|Pacific White-striped Dolphin
Aethalodelphis_obscurus,J. E. Gray,1828,Dusky Dolphin,Beakless Dolphin|African Dusky Dolphin|Fitzroy's Dolphin|South American Dusky Dolphin|Chilean Dusky Dolphin|Peruvian Dusky Dolphin|New Zealand Dusky Dolphin
Cephalorhynchus_australis,T. R. Peale,1849,Peale's Dolphin,Black-chinned Dolphin|Southern White-sided Dolphin
Cephalorhynchus_commersonii,de Lacépède,1804,Commerson's Dolphin,Black-and-white Dolphin|Piebald Dolphin|Skunk Dolphin|Kerguelen Islands Commerson's Dolphin
Cephalorhynchus_cruciger,Quoy & Gaimard,1824,Hourglass Dolphin,Sea Skunk|Springer|Wilson's Dolphin
Cephalorhynchus_eutropia,J. E. Gray,1849,Chilean Dolphin,Black Dolphin|Chilean Black Dolphin|White-bellied Dolphin
Cephalorhynchus_heavisidii,J. E. Gray,1828,Heaviside's Dolphin,Benguela Dolphin|Haviside's Dolphin|South African Dolphin
Cephalorhynchus_hectori,P. J. Van Beneden,1881,Hector's Dolphin,Little Pied Dolphin|New Zealand Dolphin|White-headed Dolphin|South Island Hector's Dolphin|Maui's Dolphin|North Island Hector's Dolphin
Lissodelphis_borealis,T. R. Peale,1849,Northern Right-whale Dolphin,White-bellied Right-whale Dolphin
Lissodelphis_peronii,de Lacépède,1804,Southern Right-whale Dolphin,Mealy-mouthed Porpoise|Peron's Dolphin
Delphinapterus_leucas,Pallas,1776,Beluga,Sea Canary|White Whale
Monodon_monoceros,Linnaeus,1758,Narwhal,Horned Whale|Sea Unicorn|Unicorn Whale
Neophocaena_asiaeorientalis,Pilleri & Gihr,1972,Yangtze Finless Porpoise,Finless Porpoise
Neophocaena_phocaenoides,G. Cuvier,1829,Indo-Pacific Finless Porpoise,Black Finless Porpoise|Finless Black Porpoise|Finless-backed Black Porpoise|Indian Dolphin|Indian Finless Porpoise|Little Indian Porpoise|Wide-ridged Finless Porpoise|Finless Porpoise
Neophocaena_sunameri,Pilleri & Gihr,1976,East Asian Finless Porpoise,West Pacific Finless Porpoise|Finless Porpoise
Phocoena_dioptrica,Lahille,1912,Spectacled Porpoise,Spectacled Dolphin
Phocoena_phocoena,Linnaeus,1758,Harbor Porpoise,Common Porpoise|Sea-hog|Sea-pig|Atlantic Harbor Porpoise|North Atlantic Harbor Porpoise|Black Sea Harbor Porpoise|Eastern North Pacific Harbor Porpoise|Eastern Pacific Harbor Porpoise
Phocoena_sinus,K. S. Norris & McFarland,1958,Vaquita,Cochito|Gulf of California Porpoise|Gulf Porpoise
Phocoena_spinipinnis,Burmeister,1865,Burmeister's Porpoise,Black Porpoise
Phocoenoides_dalli,F. W. True,1885,Dall's Porpoise,Dall Porpoise|True Porpoise|Dalli-type Dall's Porpoise|Truei-type Dall's Porpoise|True's Porpoise
Inia_araguaiaensis,"Hrbek, Farias, Dutra, & V. M. F. da Silva in Hrbek, V. M. F. da Silva, Dutra, Gravena, A. R. Martin, & Farias",2014,Araguaian River Dolphin,Araguaian Boto
Inia_boliviensis,d'Orbigny,1834,Bolivian River Dolphin,Bolivian Bufeo|Bolivian Boto
Inia_geoffrensis,de Blainville in A. G. Desmarest,1817,Amazon River Dolphin,Boto|Bufeo|Pink River Dolphin
Inia_humboldtiana,Pilleri & Gihr,1978,Orinoco River Dolphin,Orinoco Boto
Pontoporia_blainvillei,P. Gervais & d'Orbigny,1844,Franciscana,La Plata River Dolphin
Lipotes_vexillifer,G. S. Miller,1918,Baiji,Changjiang Dolphin|Chinese Lake Dolphin|Chinese River Dolphin|White Flag Dolphin|Whitefin Dolphin|Yangtze River Dolphin
Kogia_breviceps,de Blainville,1838,Pygmy Sperm Whale,Lesser Cachalot|Lesser Sperm Whale|Short-headed Sperm Whale
Kogia_sima,R. Owen,1866,Dwarf Sperm Whale,Owen's Pygmy Whale|Snub-nosed Cachalot
Physeter_macrocephalus,Linnaeus,1758,Sperm Whale,Cachalot|Pot Whale|Spermacet Whale
Platanista_gangetica,Lebeck,1801,Ganges River Dolphin,Blind River Dolphin|Indian River Dolphin|South Asian River Dolphin|Susu
Platanista_minor,R. Owen,1853,Indus River Dolphin,Blind River Dolphin|Susu|Bhulan|South Asian River Dolphin
Berardius_arnuxii,Duvernoy,1851,Arnoux's Beaked Whale,New Zealand Beaked Whale|Southern Four-toothed Whale
Berardius_bairdii,Stejneger,1883,Baird's Beaked Whale,Giant Bottle-nosed Whale|North Pacific Bottlenose Whale|Northern Four-toothed Whale
Berardius_minimus,"T. K. Yamada, Kitamura, S. Abe, Tajima, Matsuda, Mead, & Matsuishi",2019,Least Beaked Whale,
Hyperoodon_ampullatus,J. R. Forster in Kalm,1770,Northern Bottlenose Whale,Bottlehead|Bottlie|Common Bottlenose Whale|Flounder's Head|North Atlantic Bottlenose Whale
Hyperoodon_planifrons,W. H. Flower,1882,Southern Bottlenose Whale,Antarctic Bottlenose|Flatheaded Bottlenosed Whale|Flower's Bottle-nosed Whale|Pacific Beaked Whale
Indopacetus_pacificus,H. A. Longman,1926,Longman's Beaked Whale,Indo-Pacific Beaked Whale|Tropical Bottlenose Whale
Mesoplodon_bidens,J. Sowerby,1804,Sowerby's Beaked Whale,North Atlantic Beaked Whale|North Sea Beaked Whale
Mesoplodon_bowdoini,R. C. Andrews,1908,Andrews's Beaked Whale,Splaytooth Beaked Whale
Mesoplodon_carlhubbsi,J. C. Moore,1963,Hubbs's Beaked Whale,Arch-beaked Whale
Mesoplodon_densirostris,de Blainville in A. G. Desmarest,1817,Blainville's Beaked Whale,Cow-fish|Dense-beaked Whale|Tropical Beaked Whale
Mesoplodon_eueu,"E. L. Carroll, McGowen, M. L. McCarthy, Marx, Aguilar, Dalebout, S. Dreyer, Gaggiotti, S. S. Hansen, van Helden, Onoufriou, R. W. Baird, C. S. Baker, Berrow, Cholewiak, Claridge, Constantine, N. J. Davison, Eira, Fordyce, Gatesy, Hofmeyr, Martín, Mead, Mignucci-Giannoni, Morin, C. Reyes, Rogan, Rosso, M. A. Silva, M. S. Springer, Steel, & M. T. Olsen",2021,Ramari's Beaked Whale,
Mesoplodon_europaeus,P. Gervais,1855,Gervais's Beaked Whale,European Beaked Whale|Gulf Stream Beaked Whale
Mesoplodon_ginkgodens,Nishiwaki & Kamiya,1958,Ginkgo-toothed Beaked Whale,Japanese Beaked Whale
Mesoplodon_grayi,von Haast,1876,Gray's Beaked Whale,Scamperdown Whale|Southern Beaked Whale
Mesoplodon_hectori,J. E. Gray,1871,Hector's Beaked Whale,Skew-beaked Whale
Mesoplodon_hotaula,Deraniyagala,1963,Deraniyagala's Beaked Whale,
Mesoplodon_layardii,J. E. Gray,1865,Strap-toothed Whale,Layard's Beaked Whale|Strap-toothed Beaked Whale
Mesoplodon_mirus,F. W. True,1913,True's Beaked Whale,
Mesoplodon_perrini,"Dalebout, Mead, C. S. Baker, A. N. Baker, & Van Helden",2002,Perrin's Beaked Whale,California Beaked Whale
Mesoplodon_peruvianus,"J. C. Reyes, Mead, & Van Waerebeek",1991,Pygmy Beaked Whale,Lesser Beaked Whale|Peruvian Beaked Whale
Mesoplodon_stejnegeri,F. W. True,1885,Stejneger's Beaked Whale,Bering Sea Beaked Whale|Saber-toothed Beaked Whale
Mesoplodon_traversii,J. E. Gray,1874,Spade-toothed Whale,Bahamondi's Beaked Whale|Spade-toothed Beaked Whale|Traver's Beaked Whale
Tasmacetus_shepherdi,W. R. B. Oliver,1937,Shepherd's Beaked Whale,Tasman Beaked Whale|Tasman Whale|Tasmanian Beaked Whale
Ziphius_cavirostris,G. Cuvier,1823,Cuvier's Beaked Whale,Goose-beaked Whale|Goosebeak Whale
Aepyceros_melampus,H. Lichtenstein,1812,Impala,McDonald's Antelope|Black-faced Impala
Alcelaphus_buselaphus,Pallas,1766,Hartebeest,Red Hartebeest|Lelwel Hartebeest|Western Hartebeest|Coke's Hartebeest|Swayne's Hartebeest|Tora Hartebeest|Kongoni|Kanki|Korkay|Bubal Hartebeest|Lichtenstein's Hartebeest
Beatragus_hunteri,P. L. Sclater,1889,Hirola,Herola|Hunter's Hartebeest
Connochaetes_gnou,E. A. W. von Zimmermann,1780,Black Wildebeest,White-tailed Gnu|Swartwildebees
Connochaetes_taurinus,Burchell,1824,Blue Wildebeest,Blouwildebees|Brindled Gnu|Gnu|White-bearded Wildebeest|Johnston's Wildebeest
Damaliscus_lunatus,Burchell,1824,Tsessebe,Sassaby|Basterhartebeest|Topi|Serengeti Topi|Ruaha Topi|Common Tsessebe|Bangweulu Tsessebe|Tiang|Korrigum|Coastal Topi|Uganda Topi
Damaliscus_pygargus,Pallas,1767,Bontebok,Blesbok
Ammodorcas_clarkei,O. Thomas,1891,Dibatag,Clarke's Gazelle
Antidorcas_marsupialis,E. A. W. von Zimmermann,1780,Springbok,Cape Springbok|Kalahari Springbok|Angolan Springbok
Antilope_cervicapra,Linnaeus,1758,Blackbuck,Indian Antelope
Eudorcas_albonotata,W. Rothschild,1903,Mongalla Gazelle,
Eudorcas_rufifrons,J. E. Gray,1846,Red-fronted Gazelle,
Eudorcas_rufina,O. Thomas,1894,Red Gazelle,
Eudorcas_thomsonii,A. Günther,1884,Thomson's Gazelle,
Eudorcas_tilonura,von Heuglin,1869,Eritrean Gazelle,Heuglin's Gazelle
Gazella_arabica,H. Lichtenstein,1827,Arabian Gazelle,Acacia Gazelle|Arava Gazelle|Arabian Mountain Gazelle|Arabian Coastal Gazelle|Arabian Desert Gazelle|Muscat Gazelle|Farrar Gazelle
Gazella_bennettii,W. H. Sykes,1831,Chinkara,Indian Gazelle|Jebeer|Salt Range Gazelle|Western Jebeer|Eastern Jebeer|Deccan Chinkara|Gujarat Chinkara
Gazella_cuvieri,W. Ogilby,1841,Cuvier's Gazelle,Edmi Gazelle
Gazella_dorcas,Linnaeus,1758,Dorcas Gazelle,Pelzeln's Gazelle|Saudi Gazelle
Gazella_gazella,Pallas,1766,Mountain Gazelle,Northern Mountain Gazelle
Gazella_leptoceros,F. Cuvier in É. Geoffroy Saint-Hilaire & F. Cuvier,1842,Slender-horned Gazelle,Loder's Gazelle|Rhim
Gazella_marica,O. Thomas,1897,Sand Gazelle,Reem|Arabian Sand Gazelle|Bushehr Gazelle
Gazella_spekei,E. Blyth,1863,Speke's Gazelle,Dhero
Gazella_subgutturosa,von Güldenstädt,1780,Goitered Gazelle,Turkmen Gazelle|Yarkand Gazelle|Persian Gazelle
Litocranius_walleri,Brooke,1879,Gerenuk,
Nanger_dama,Pallas,1766,Dama Gazelle,Ariel|Mhorr
Nanger_granti,Brooke,1872,Grant's Gazelle,
Nanger_notatus,O. Thomas,1897,Bright's Gazelle,
Nanger_petersii,A. Günther,1884,Peters's Gazelle,
Nanger_soemmerringii,Cretzschmar,1828,Soemmerring's Gazelle,
Saiga_tatarica,Linnaeus,1766,Saiga,Western Saiga|Mongolian Saiga
Ourebia_ourebi,E. A. W. von Zimmermann,1783,Oribi,Oorbietjie|Western Oribi|Sudan Oribi|Central Oribi|Southern Oribi
Procapra_gutturosa,Pallas,1777,Mongolian Gazelle,Dzeren|Zeren
Procapra_picticaudata,B. H. Hodgson,1846,Tibetan Gazelle,Goa
Procapra_przewalskii,Büchner,1891,Przewalski's Gazelle,Chinese Gazelle|Qinghai Gazelle
Dorcatragus_megalotis,Menges,1894,Beira,Beira Antelope
Madoqua_cavendishi,O. Thomas,1898,Naivasha Dik-dik,Cavendish's Dik-dik|Hinde's Dik-dik
Madoqua_damarensis,A. Günther,1880,Damara Dik-dik,Neusbokkie|Bloubokkie
Madoqua_guentheri,O. Thomas,1894,Guenther's Dik-dik,
Madoqua_kirkii,A. Günther,1880,Kirk's Dik-dik,
Madoqua_piacentinii,Drake-Brockman,1911,Silver Dik-dik,
Madoqua_saltiana,de Blainville,1816,Salt's Dik-dik,Phillip's Dik-dik|Harrar Dik-dik|Swayne's Dik-dik|Lawrance's Dik-dik
Madoqua_thomasi,O. R. Neumann,1905,Ugogo Dik-dik,Thomas's Dik-dik
Raphicerus_campestris,Thunberg,1811,Steenbok,
Raphicerus_melanotis,Thunberg,1811,Cape Grysbok,Southern Grysbok
Raphicerus_sharpei,O. Thomas,1897,Sharpe's Grysbok,Northern Grysbok|Limpopo Grysbok
Ammotragus_lervia,Pallas,1777,Aoudad,Arrui|Audad|Barbary Sheep
Arabitragus_jayakari,O. Thomas,1894,Arabian Tahr,
Budorcas_taxicolor,B. H. Hodgson,1850,Himalayan Takin,Takin|Mishmi Takin|Bhutan Takin|White's Takin
Budorcas_tibetana,A. Milne-Edwards,1874,Chinese Takin,Golden Takin
Capra_aegagrus,Erxleben,1777,Wild Goat,Bezoar|Bezoar Ibex|Chiltan Goat
Capra_caucasica,von Güldenstädt & Pallas in Pallas,1783,Kuban Tur,Caucasian Ibex|Severtzov's Tur|West Caucasian Tur|Western Tur
Capra_cylindricornis,E. Blyth,1841,Daghestan Tur,East Caucasian Tur|Eastern Tur
Capra_falconeri,J. A. Wagner,1839,Markhor,Astor Markhor|Flare-horned Markhor|Kabul Markhor|Pir Panjal Markhor|Straight-horned Markhor|Sulaiman Markhor
Capra_hircus,Linnaeus,1758,Domestic Goat,Goat|Cretan Goat|Cretan Ibex|Kri-kri|Agrimi
Capra_ibex,Linnaeus,1758,Alpine Ibex,European Ibex
Capra_nubiana,F. Cuvier in É. Geoffroy Saint-Hilaire & F. Cuvier,1825,Nubian Ibex,Middle Eastern Ibex
Capra_pyrenaica,H. R. Schinz,1838,Iberian Ibex,Spanish Ibex|Spanish Wild Goat
Capra_sibirica,Pallas,1776,Siberian Ibex,Asiatic Ibex|Himalayan Ibex
Capra_walie,Rüppell,1835,Walia Ibex,Abyssinian Ibex|Ethiopian Ibex
Hemitragus_jemlahicus,C. H. Smith,1827,Himalayan Tahr,
Nilgiritragus_hylocrius,W. Ogilby,1838,Nilgiri Tahr,Nilgiri Ibex
Oreamnos_americanus,de Blainville,1816,Rocky Mountain Goat,Mountain Goat|Snow Goat|White Goat
Ovis_ammon,Linnaeus,1758,Argali,Siberian Argali|Mountain Sheep|Altai Argali|Karaganda Argali|Gobi Argali|Tibetan Argali|North China Argali|Tian Shan Argali|Kara Tau Argali|Marco Polo Argali|Severtzov Argali
Ovis_aries,Linnaeus,1758,Domestic Sheep,Sheep|Mouflon|European Mouflon
Ovis_canadensis,G. K. Shaw,1804,Bighorn Sheep,"Mountain Sheep|Audubon Bighorn|California Bighorn|Desert Bighorn Sheep|Rocky Mountain Bighorn Sheep|Nelson's Bighorn Sheep|Mexican, Peninsular Bighorn Sheep|Weems's Bighorn Sheep|Sierra Nevada Bighorn Sheep"
Ovis_dalli,E. W. Nelson,1884,Thinhorn Sheep,Alaskan White Sheep|Dall's Sheep|Stone's Sheep|Fannin's Sheep
Ovis_gmelinii,E. Blyth,1841,Asian Mouflon,Anatolian Sheep|Armenian Wild Sheep|Red Sheep|Mouflon|Asiatic Mouflon
Ovis_nivicola,von Eschscholtz,1829,Snow Sheep,Siberian Bighorn Sheep|Putoran Snow Sheep
Ovis_vignei,E. Blyth,1841,Urial,Shapo|Arkars|Shapu|Ladakh Urial|Transcaspian Urial|Blandford's Urial|Baluchistan Urial|Bukhara Urial|Afghan Urial|Turkmenian Sheep|Punjab Urial
Pseudois_nayaur,B. H. Hodgson,1833,Blue Sheep,Bharal|Chinese Blue Sheep|Himalayan Blue Sheep|Tibetan Blue Sheep|Greater Blue Sheep|Lesser Blue Sheep|Dwarf Bharal|Sichuan Blue Sheep
Rupicapra_pyrenaica,Bonaparte,1845,Southern Chamois,Pyrenean Chamois|Cantabrian Chamois|Abruzzi Chamois|Apennine Chamois
Rupicapra_rupicapra,Linnaeus,1758,Northern Chamois,Alpine Chamois|Balkan Chamois|Chartreuse Chamois|Tatra Chamois|Carpathian Chamois|Asia Minor Chamois|Anatolian Chamois|Turkish Chamois
Capricornis_crispus,Temminck,1836,Japanese Serow,
Capricornis_rubidus,E. Blyth,1863,Red Serow,Arakan Serow|Burmese Red Serow
Capricornis_sumatraensis,Bechstein,1799,Maned Serow,"Indochinese Serow|Southern Serow|Sumatran Serow|Mainland Serow|Himalayan Serow, Nepalese Serow|Western Serow|Chinese Serow|White-maned Serow"
Capricornis_swinhoei,J. E. Gray,1862,Formosan Serow,
Naemorhedus_baileyi,Pocock,1914,Red Goral,
Naemorhedus_caudatus,A. Milne-Edwards,1867,Long-tailed Goral,Manchurian Long-tailed Goral
Naemorhedus_cranbrooki,Hayman,1961,Cranbrook's Goral,
Naemorhedus_evansi,Lydekker,1905,Burmese Goral,
Naemorhedus_goral,Hardwicke,1825,Himalayan Goral,Brown Goral
Naemorhedus_griseus,A. Milne-Edwards in A. David,1871,Chinese Goral,Eastern Gray Goral
Ovibos_moschatus,E. A. W. von Zimmermann,1780,Muskox,
Pantholops_hodgsonii,C. Abel in Anonymous,1826,Chiru,Tibetan Antelope
Cephalophorus_brookei,O. Thomas,1903,Brooke's Duiker,
Cephalophorus_callipygus,W. C. H. Peters,1876,Peters's Duiker,
Cephalophorus_kivuensis,Lönnberg,1919,Kivu Duiker,
Cephalophorus_leucogaster,J. E. Gray,1873,White-bellied Duiker,Gaboon Duiker|Eastern White-bellied Duiker|Western White-bellied Duiker|Uele White-bellied Duiker
Cephalophorus_natalensis,A. Smith,1834,Natal Red Duiker,Harvey's Duiker
Cephalophorus_niger,J. E. Gray,1846,Black Duiker,
Cephalophorus_nigrifrons,J. E. Gray,1871,Black-fronted Duiker,
Cephalophorus_ogilbyi,G. R. Waterhouse,1838,Ogilby's Duiker,White-legged Duiker
Cephalophorus_rubidus,O. Thomas,1901,Rwenzori Red Duiker,
Cephalophorus_rufilatus,J. E. Gray,1846,Red-flanked Duiker,
Cephalophorus_weynsi,O. Thomas,1901,Weyns's Duiker,Johnston's Duiker|Lestrade's Duiker
Cephalophula_zebra,J. E. Gray,1838,Banded Duiker,Striped Duiker|Zebra Antelope|Zebra Duiker
Cephalophus_dorsalis,J. E. Gray,1846,Bay Duiker,Western Black-backed Duiker|Eastern Black-backed Duiker|Eastern Bay Duiker|Western Bay Duiker
Cephalophus_jentinki,O. Thomas,1892,Jentink's Duiker,
Cephalophus_silvicultor,Afzelius,1815,Yellow-backed Duiker,Western Yellow-backed Duiker|Eastern Yellow-backed Duiker
Cephalophus_spadix,F. W. True,1890,Abbott's Duiker,
Leucocephalophus_adersi,O. Thomas,1918,Aders's Duiker,Zanzibar Duiker
Philantomba_maxwellii,C. H. Smith,1827,Maxwell's Duiker,
Philantomba_monticola,Thunberg,1789,Blue Duiker,
Philantomba_walteri,"Colyn, J. Hulselmans, Sonet, Oudé, De Winter, Natta, Nagy, & E. Verheyen",2010,Walter's Duiker,Verheyen's Duiker
Sylvicapra_grimmia,Linnaeus,1758,Bush Duiker,Common Duiker|Gray Duiker|Grimm's Duiker|Sahel Duiker|Chad Crowned Duiker|Crowned Duiker
Addax_nasomaculatus,de Blainville,1816,Addax,
Hippotragus_equinus,É. Geoffroy Saint-Hilaire,1803,Roan Antelope,Bastergemsbok|Gwanki|Korongo|Kwalataseta
Hippotragus_leucophaeus,Pallas,1766,Bluebuck,Blue Antelope|Blaaubok
Hippotragus_niger,W. C. Harris,1838,Sable Antelope,Swartwitpens|Black-black Sable|Giant Sable|Southern Sable Antelope|Roosevelt's Sable Antelope
Oryx_beisa,Rüppell,1835,Beisa Oryx,East African Oryx|Beisa|Galla Oryx|Fringe-eared Oryx
Oryx_dammah,Cretzschmar,1827,Scimitar-horned Oryx,
Oryx_gazella,Linnaeus,1758,Gemsbok,Southern Oryx
Oryx_leucoryx,Pallas,1777,Arabian Oryx,White Oryx
Neotragus_pygmaeus,Linnaeus,1758,Royal Antelope,
Nesotragus_batesi,de Winton,1903,Dwarf Antelope,Bates's Pygmy Antelope
Nesotragus_moschatus,von Düben in Sundevall,1847,Suni,Zanzibar Suni|Coastal Suni|Mountain Suni|Livingstone's Suni
Oreotragus_oreotragus,E. A. W. von Zimmermann,1783,Klipspringer,
Kobus_ellipsiprymnus,W. Ogilby,1833,Waterbuck,Common Waterbuck|Ellipsen Waterbuck|Defassa Waterbuck
Kobus_kob,Erxleben,1777,Kob,Senegal Kob|Western Kob|Buffon's Kob|Loder's Kob|Uganda Kob|Thomas's Kob|White-eared Kob
Kobus_leche,J. E. Gray,1850,Southern Lechwe,Upemba Lechwe|Kafue Flats Lechwe|Kafue Lechwe|Black Lechwe|Red Lechwe
Kobus_megaceros,Fitzinger,1855,Nile Lechwe,Mrs. Gray's Lechwe|Mrs. Gray's Waterbuck
Kobus_vardonii,Livingstone,1857,Puku,
Pelea_capreolus,J. R. Forster,1790,Rhebok,Gray Ribbok|Vaal Rhebuck
Redunca_arundinum,Boddaert,1785,Southern Reedbuck,Common Reedbuck|Zambian Reedbuck
Redunca_fulvorufula,Afzelius,1815,Mountain Reedbuck,Southern Mountain Reedbuck|Chandler's Mountain Reedbuck|East African Mountain Reedbuck|Western Mountain Reedbuck|Adamawa Reedbuck|Adamaoua Mountain Reedbuck
Redunca_redunca,Pallas,1767,Bohor Reedbuck,Nagor Reedbuck|Senegal Reedbuck|Western Reedbuck|Nigerian Reedbuck|Sudan Reedbuck|Common Reedbuck|Western Bohor Reedbuck|Sudan Bohor Reedbuck|Eastern Bohor Reedbuck|Abyssinian Bohor Reedbuck|Sudan Bohor Reedbuck|Nigerian Bohor Reedbuck
Boselaphus_tragocamelus,Pallas,1766,Nilgai,Blue Bull|Bluebuck|White-footed Antelope
Tetracerus_quadricornis,de Blainville,1816,Chowsingha,Four-horned Antelope
Bos_bison,Linnaeus,1758,American Bison,Buffalo|Plains Bison|Wood Bison
Bos_bonasus,Linnaeus,1758,Wisent,European Bison|European Wisent|Caucasian Wisent|Caucasian Bison|Dombay
Bos_frontalis,A. B. Lambert,1804,Gayal,Domestic Gaur|Mithan
Bos_gaurus,C. H. Smith,1827,Gaur,Indian Bison|Guar
Bos_grunniens,Linnaeus,1766,Domestic Yak,
Bos_javanicus,d'Alton,1823,Banteng,Bali Cattle|Tembadau|Domestic Banteng
Bos_mutus,Przewalski,1883,Wild Yak,
Bos_primigenius,von Bojanus,1827,Aurochs,Ure|Urus
Bos_sauveli,Urbain,1937,Kouprey,Gray Ox|Indochinese Forest Ox
Bos_taurus,Linnaeus,1758,Domestic Cattle,Cattle|Cow|Bull|European Cattle|Zebu|Zebu Cattle|Humped Cattle|Indicine Cattle|Brahma|Brahman|Brahman Cattle|Indicine Cattle|Taurine Cattle|Sanga Cattle
Bubalus_arnee,Kerr,1792,Asian Wild Buffalo,Asiatic Buffalo|Indian Buffalo|Water Buffalo
Bubalus_bubalis,Linnaeus,1758,Water Buffalo,River Buffalo|Swamp Buffalo
Bubalus_depressicornis,C. H. Smith,1827,Lowland Anoa,
Bubalus_mindorensis,Heude,1888,Tamaraw,Mindoro Dwarf Buffalo
Bubalus_quarlesi,Ouwens,1910,Mountain Anoa,
Syncerus_caffer,Sparrman,1779,Cape Buffalo,East African Buffalo|Lake Chad Buffalo|Virunga Buffalo|Mountain Buffalo|Dwarf Forest Buffalo|Red Buffalo|Forest Buffalo
Pseudoryx_nghetinhensis,"Vũ Văn Dũng, Pham Mong Giao, Nguyen Ngoc Chinh, Đỗ Tước, Arctander, & J. MacKinnon",1993,Saola,Spindlehorn|Vu Quang Ox
Tragelaphus_angasii,Angas,1849,Nyala,
Tragelaphus_buxtoni,Lydekker,1910,Gedemsa,Mountain Nyala
Tragelaphus_derbianus,J. E. Gray,1847,Giant Eland,Derby Eland|Lord Derby's Eland|Eastern Giant Eland|Western Giant Eland
Tragelaphus_eurycerus,W. Ogilby,1837,Bongo,Lowland Bongo|Western Bongo|Mountain Bongo|Eastern Bongo
Tragelaphus_imberbis,E. Blyth,1869,Lesser Kudu,Northern Lesser Kudu|Southern Lesser Kudu
Tragelaphus_oryx,Pallas,1766,Common Eland,Cape Eland|East African Eland|Livingstone's Eland
Tragelaphus_scriptus,Pallas,1766,Northern Bushbuck,Western Bushbuck|Harnessed Bushbuck|Harnessed Antelope|Central Bushbuck|Nile Bushbuck|Lake Tana Bushbuck|Senegal Bushbuck|Kabinda Bushbuck|Abyssinian Bushbuck|Kewel
Tragelaphus_spekii,Speke,1863,Sitatunga,East African Sitatunga|Marsh Buck|Lake Victoria Sitatunga|Nkosi Island Sitatunga|Western Sitatunga|Western Marsh Buck|Nile Sitatunga|Nile Marsh Buck|Zambezi Sitatunga|Selous's Sitatunga|Zambezi Marsh Buck
Tragelaphus_strepsiceros,Pallas,1766,Greater Kudu,Cape Kudu|Zambezi Kudu|Northern Kudu|Western Kudu
Tragelaphus_sylvaticus,Sparrman,1780,Southern Bushbuck,Ethiopian Highlands Bushbuck|Eastern Coastal Bushbuck|Chobe Bushbuck|Cape Bushbuck|Limpopo Bushbuck|Zambezi Bushbuck|Uganda Bushbuck|Kavirondo Bushbuck|Maasai Bushbuck|Somali Bushbuck|Menelik's Bushbuck|Imbabala
Moschus_anhuiensis,"Wang Qishan, Hu Xiaolun, & Yan Yuhong",1982,Anhui Musk-deer,
Moschus_berezovskii,Flerov,1928,Forest Musk-deer,
Moschus_chrysogaster,B. H. Hodgson,1839,Alpine Musk-deer,
Moschus_cupreus,Grubb,1982,Kashmir Musk-deer,
Moschus_fuscus,Li Zhixiang,1981,Black Musk-deer,
Moschus_leucogaster,B. H. Hodgson,1839,Himalayan Musk-deer,
Moschus_moschiferus,Linnaeus,1758,Siberian Musk-deer,
Alces_alces,Linnaeus,1758,Moose,Elk|Eurasian Elk|Caucasian Moose
Capreolus_capreolus,Linnaeus,1758,Western Roe Deer,European Roe Deer
Capreolus_pygargus,Pallas,1771,Eastern Roe Deer,Siberian Roe Deer
Hydropotes_inermis,Swinhoe,1870,Water Deer,Chinese Water Deer|Vampire Deer
Andinocervus_rufinus,Pucheran,1851,Northern Andean Red Brocket,Ecuador Red Brocket|Little Red Brocket|Swamp Brocket|Mérida Brocket
Bisbalus_citus,Osgood,1912,Gray Brocket,
Blastocerus_dichotomus,Illiger,1815,Marsh Deer,
Hippocamelus_antisensis,d'Orbigny in I. Geoffroy Saint-Hilaire & de Blainville,1834,Northern Huemul,Peruvian Heumul|Taruca|Heumul|Geumul|North Andean Huemul
Hippocamelus_bisulcus,G. I. Molina,1782,Southern Huemul,Chilean Huemul|Patagonian Huemul|Heumul|Geumul|South Andean Huemul
Mazama_americana,Erxleben,1777,Northwestern Red Brocket,Red Brocket|Common Red Brocket
Mazama_jucunda,O. Thomas,1913,Atlantic Forest Red Brocket,São Paulo Bororó|Small Red Brocket
Mazama_nanus,Hensel,1872,Pygmy Red Brocket,Brazilian Dwarf Brocket|Dwarf Red Brocket|Pygmy Brocket|Lesser Brocket|Southern Bororó|Lesser Red Brocket
Mazama_reperticia,E. A. Goldman,1913,Central American Red Brocket,
Mazama_rufa,Illiger,1815,Southeastern Red Brocket,
Mazama_temama,Kerr,1792,Mexican Red Brocket,Central American Red Brocket
Mazama_tschudii,J. A. Wagner,1855,Peruvian Brown Brocket,
Mazama_zetta,O. Thomas,1913,Colombian Red Brocket,
Odocoileus_hemionus,Rafinesque,1817,Mule Deer,Black-tailed Deer
Odocoileus_pandora,C. H. Merriam,1901,Yucatan Brown Brocket,
Odocoileus_virginianus,E. A. W. von Zimmermann,1780,White-tailed Deer,Florida Key Deer
Ozotoceros_bezoarticus,Linnaeus,1758,Pampas Deer,
Passalites_nemorivagus,F. Cuvier,1817,Northern Brown Brocket,Amazonian Gray Brocket|Amazonian Brown Brocket
Pudella_carlae,"Barrio, Gutiérrez, & D'Elía",2024,Peruvian Yungas Pudu,
Pudella_mephistophiles,de Winton,1896,Northern Pudu,
Pudu_puda,G. I. Molina,1782,Southern Pudu,Chilean Pudu
Rangifer_tarandus,Linnaeus,1758,Caribou,Reindeer
Subulo_chunyi,Hershkovitz,1959,South Andean Red Brocket,Peruvian Dwarf Brocket|Andean Brocket|Common Dwarf Brocket|Dwarf Red Brocket
Subulo_gouazoubira,G. Fischer,1814,Southern Brown Brocket,Brown Brocket|Gray Brocket|Common Brown Brocket
Axis_axis,Erxleben,1777,Chital,Axis Deer|Indian Spotted Deer
Axis_calamianensis,Heude,1887,Calamian Deer,
Axis_kuhlii,Temminck,1836,Bawean Deer,
Axis_porcinus,E. A. W. von Zimmermann,1780,Hog Deer,
Cervus_albirostris,Przewalski,1883,White-lipped Deer,Thorold's Deer
Cervus_canadensis,Erxleben,1777,Wapiti,Elk|Alashan Wapiti (Elk)|Izubra|Manchurian Wapiti (Elk)|Merriam's Wapiti (Elk)|Tule Elk|Sichuan Shou|Macneill's Red Deer|Tibetan Shou|Rocky Mountain Wapiti (Elk)|Roosevelt's Wapiti (Elk)|Altai Wapiti (Elk)
Cervus_elaphus,Linnaeus,1758,Western Red Deer,Stag|Barbary Red Deer|Bukhara Red Deer|Caspian Red Deer|Maral|Thyrrenian Red Deer|Persian Red Deer|Turkish Red Deer|Mesola Red Deer|Barbary Stag|Central European Red Deer|Common Red Deer|Norwegian Red Deer|Scottish Red Deer|Spanish Red Deer|Corsican Red Deer|Crimean Red Deer
Cervus_hanglu,J. A. Wagner,1844,Central Asian Red Deer,Hangul|Tarim Red Deer|Bactrian Red Deer|Bukhara Red Deer|Kashmir Stag|Yarkand Stag|Bactrian Stag
Cervus_nippon,Temminck,1836,Sika Deer,Spotted Deer|Japanese Deer
Dama_dama,Linnaeus,1758,Common Fallow Deer,European Fallow Deer
Dama_mesopotamica,Brooke,1875,Persian Fallow Deer,Mesopotamian Fallow Deer
Elaphurus_davidianus,A. Milne-Edwards,1866,Pere David's Deer,Milu
Rucervus_duvaucelii,G. Cuvier,1823,Barasingha,Swamp Deer|Eastern Barasingha|Hard-ground Barasingha|Wetland Barasingha
Rucervus_eldii,McClelland in Eld,1842,Brow-antlered Deer,Eld's Deer|Sangai|Thamin
Rucervus_schomburgki,E. Blyth,1863,Schomburgk's Deer,
Rusa_alfredi,P. L. Sclater,1870,Philippine Spotted Deer,Prince Alfred's Sambar|Visayan Spotted Deer
Rusa_marianna,A. G. Desmarest,1822,Philippine Brown Deer,Philippine Deer|Philippine Sambar
Rusa_timorensis,de Blainville,1822,Javan Deer,Maned Sambar|Rusa Deer|Sunda Sambar|Timor Deer
Rusa_unicolor,Kerr,1792,Sambar,
Elaphodus_cephalophus,A. Milne-Edwards in A. David,1871,Tufted Deer,
Muntiacus_atherodes,Groves & Grubb,1982,Bornean Yellow Muntjac,
Muntiacus_crinifrons,P. L. Sclater,1885,Black Muntjac,Hairy-fronted Muntjac
Muntiacus_feae,O. Thomas & Doria,1889,Fea's Muntjac,
Muntiacus_gongshanensis,"Ma Shilai in Ma Shilai, Wang Yingxiang, & Shi Liming",1990,Gongshan Muntjac,
Muntiacus_montanus,H. C. Robinson & Kloss,1918,Sumatran Mountain Muntjac,
Muntiacus_muntjak,E. A. W. von Zimmermann,1780,Southern Red Muntjac,Sundaic Red Muntjak
Muntiacus_puhoatensis,Le Trong Trai in Binh Chau,1997,Puhoat Muntjac,
Muntiacus_putaoensis,"Amato, Egan, & Rabinowitz",1999,Leaf Muntjac,
Muntiacus_reevesi,W. Ogilby,1839,Reeves's Muntjac,
Muntiacus_rooseveltorum,Osgood,1932,Roosevelts' Muntjac,
Muntiacus_truongsonensis,Nguyễn Quý Hoài,1997,Annamite Muntjac,Annamite Dark Muntjac
Muntiacus_vaginalis,Boddaert,1785,Northern Red Muntjac,Himalayan Red Muntjac|Himalayan Red Muntjak|Northern Red Muntjak|Malabar Red Muntjac
Muntiacus_vuquangensis,"Đỗ Tước, Vũ Văn Dũng, S. Dawson, Arctander, & J. MacKinnon",1994,Giant Muntjac,Large-antlered Muntjac
Giraffa_camelopardalis,Linnaeus,1758,Northern Giraffe,Giraffe|Nubian Giraffe|Baringo Giraffe|Ugandan Giraffe|Kordofan Giraffe|Rothschild Giraffe|Nigerian Giraffe|West African Giraffe
Giraffa_giraffa,von Schreber,1784,Southern Giraffe,South African Giraffe|Angolan Giraffe|Smoky Giraffe|Cape Giraffe
Giraffa_reticulata,de Winton,1899,Reticulated Giraffe,Somali Giraffe
Giraffa_tippelskirchi,Matschie,1898,Maasai Giraffe,Kilimanjaro Giraffe|Rhodesian Giraffe|Thornicroft Giraffe
Okapia_johnstoni,P. L. Sclater,1901,Okapi,
Antilocapra_americana,Ord,1815,Pronghorn,Prongbuck|Antelope|Sonoran Pronghorn
Hyemoschus_aquaticus,W. Ogilby,1841,Water Chevrotain,
Moschiola_indica,B. H. Hodgson,1847,Indian Chevrotain,
Moschiola_kathygre,Groves & Meijaard,2005,Yellow-striped Chevrotain,
Moschiola_meminna,Erxleben,1777,White-spotted Chevrotain,
Tragulus_javanicus,Osbeck,1765,Javan Chevrotain,
Tragulus_kanchil,Raffles,1821,Lesser Indo-Malayan Chevrotain,Kancil
Tragulus_napu,F. Cuvier in É. Geoffroy Saint-Hilaire & F. Cuvier,1822,Greater Indo-Malayan Chevrotain,
Tragulus_nigricans,O. Thomas,1892,Balabac Chevrotain,Pilandok
Tragulus_versicolor,O. Thomas,1910,Silver-backed Chevrotain,
Tragulus_williamsoni,Kloss,1916,Northern Chevrotain,
Babyrousa_babyrussa,Linnaeus,1758,Moluccan Babirusa,
Babyrousa_celebensis,Deninger,1911,Sulawesi Babirusa,
Babyrousa_togeanensis,Sody,1949,Togian Babirusa,
Phacochoerus_aethiopicus,Pallas,1766,Desert Warthog,
Phacochoerus_africanus,J. F. Gmelin,1788,Common Warthog,
Hylochoerus_meinertzhageni,O. Thomas,1904,Giant Forest Hog,
Potamochoerus_larvatus,F. Cuvier in G. Cuvier,1816,Bushpig,
Potamochoerus_porcus,Linnaeus,1758,Red River Hog,
Porcula_salvania,B. H. Hodgson,1847,Pygmy Hog,
Sus_ahoenobarbus,Huet,1888,Palawan Bearded Pig,
Sus_barbatus,S. Müller,1838,Bearded Pig,
Sus_cebifrons,Heude,1888,Visayan Warty Pig,
Sus_celebensis,S. Müller & Schlegel in Temminck,1843,Sulawesi Warty Pig,
Sus_domesticus,Erxleben,1777,Domestic Pig,Hog|Pig|Swine
Sus_oliveri,Groves,1997,Mindoro Warty Pig,
Sus_philippensis,Nehring,1886,Philippine Warty Pig,
Sus_scrofa,Linnaeus,1758,Eurasian Wild Pig,Wild Boar|Indochinese Pig|Indonesian Banded Pig
Sus_verrucosus,H. Boie,1832,Javan Warty Pig,
Dicotyles_tajacu,Linnaeus,1758,Collared Peccary,Javelina
Parachoerus_wagneri,Rusconi,1930,Chacoan Peccary,Giant Peccary
Tayassu_pecari,Link,1795,White-lipped Peccary,
Camelus_bactrianus,Linnaeus,1758,Domestic Bactrian Camel,Two-Humped Camel|Double-Humped Camel|Asiatic Camel
Camelus_dromedarius,Linnaeus,1758,Dromedary Camel,Arabian Camel|One-Humped Camel|Single-Humped Camel
Camelus_ferus,Przewalski,1878,Wild Bactrian Camel,
Lama_glama,Linnaeus,1758,Llama,
Lama_guanicoe,P. L. S. Müller,1776,Guanaco,
Lama_pacos,Linnaeus,1758,Alpaca,
Lama_vicugna,G. I. Molina,1782,Vicuña,Argentine Vicuña|Peruvian Vicuña
